source_frame_index,analysis_frame_index,timestamp_ms,frame_status,frame_rejection_reason,valid_segment_id,raw_pelvis_mid_x,raw_pelvis_mid_y,path_input_center_x,path_input_center_y,center_status,roi_center_x,roi_center_y,roi_x,roi_y,roi_width,roi_height,translation_camera_motion_status,translation_camera_motion_method,translation_background_dx_px,translation_background_dy_px,translation_background_feature_count,translation_camera_motion_residual_px,translation_affine_scale,translation_affine_inlier_fraction,affine_camera_motion_status,affine_camera_motion_method,affine_background_dx_px,affine_background_dy_px,affine_background_feature_count,affine_camera_motion_residual_px,affine_affine_scale,affine_affine_inlier_fraction,translation_raw_dx,translation_raw_dy,translation_compensated_dx,translation_compensated_dy,translation_compensated_x,translation_compensated_y,translation_projected_heading_deg,translation_normalized_projected_speed_per_s,translation_path_segment_id,translation_path_status,translation_path_rejection_reason,affine_raw_dx,affine_raw_dy,affine_compensated_dx,affine_compensated_dy,affine_compensated_x,affine_compensated_y,affine_projected_heading_deg,affine_normalized_projected_speed_per_s,affine_path_segment_id,affine_path_status,affine_path_rejection_reason,chosen_raw_dx,chosen_raw_dy,chosen_compensated_dx,chosen_compensated_dy,chosen_compensated_x,chosen_compensated_y,chosen_projected_heading_deg,chosen_normalized_projected_speed_per_s,chosen_path_segment_id,chosen_path_status,chosen_path_rejection_reason,chosen_path_validation_status,chosen_path_validation_reason
120,0,4000.0,VALID_TARGET,,1.0,255.8308258056641,508.9051742553711,263.3666534423828,492.0883255004883,SUPPORTED,246.03891050583658,514.7058823529412,88.65369649805447,317.6470588235294,314.7704280155642,394.11764705882354,INSUFFICIENT_EVIDENCE,translation_median_sparse_flow,0.0,0.0,0.0,,,,INSUFFICIENT_EVIDENCE,partial_affine_ransac_sparse_flow,0.0,0.0,0.0,,,,,,,,0.0,0.0,,,path_segment_001,INSUFFICIENT_EVIDENCE,Continuous path run is shorter than the configured minimum sample count.,,,,,0.0,0.0,,,path_segment_001,SUPPORTED,,,,,,0.0,0.0,,,path_segment_001,INSUFFICIENT_EVIDENCE,Continuous path run is shorter than the configured minimum sample count.,SUPPORTED,
121,1,4033.333333333333,VALID_TARGET,,1.0,263.3666534423828,492.0883255004883,260.6749687194824,490.65163803100586,SUPPORTED,249.52529182879377,498.2352941176471,94.63035019455253,277.6470588235294,309.78988326848247,441.17647058823536,UNSTABLE_TRANSFORM,translation_median_sparse_flow,-16.528427124023438,0.43691253662109375,220.0,8.67333984375,,,SUPPORTED,partial_affine_ransac_sparse_flow,-13.280257344717613,-0.0366454811221638,67.0,1.212001441186358,0.9996379388556342,0.30454545454545456,,,,,,,,,,UNSTABLE_TRANSFORM,Camera compensation was not supported.,-2.6916847229003906,-1.4366874694824219,15.611456270025514,-3.8275182971878507,15.611456270025514,-3.8275182971878507,13.775688338840764,4.1121214356327,path_segment_001,SUPPORTED,,,,,,,,,,,UNSTABLE_TRANSFORM,Camera compensation was not supported.,SUPPORTED,
122,2,4066.6666666666665,VALID_TARGET,,1.0,266.2818298339844,489.21495056152344,257.98328399658203,489.21495056152344,SUPPORTED,254.63035019455253,495.44117647058823,100.23346303501945,272.7941176470588,308.79377431906613,445.2941176470589,SUPPORTED,translation_median_sparse_flow,0.0,0.0,248.0,0.00044223672011867166,,,SUPPORTED,partial_affine_ransac_sparse_flow,-0.01808632249106431,-0.0009702054868978349,248.0,0.003944372178364702,1.00001452175066,1.0,,,,,0.0,0.0,,,path_segment_002,SUPPORTED,,-2.6916847229003906,-1.4366874694824219,-2.6803847371283496,-1.4412480559654455,12.931071532897164,-5.268766353153296,151.73299458187935,0.7785587641068603,path_segment_001,SUPPORTED,,,,,,0.0,0.0,,,path_segment_002,SUPPORTED,,SUPPORTED,
123,3,4100.0,VALID_TARGET,,1.0,268.19732666015625,481.4988784790039,271.2063903808594,481.4988784790039,SUPPORTED,259.73540856031127,492.64705882352945,105.83657587548637,267.94117647058823,307.7976653696498,449.41176470588243,SUPPORTED,translation_median_sparse_flow,-8.35089111328125,-9.918212890625e-05,243.0,5.365318775177002,,,SUPPORTED,partial_affine_ransac_sparse_flow,-26.99634399404206,-3.8280603405054587,77.0,0.980696264403532,1.022186843889794,0.3168724279835391,13.223106384277344,-7.716072082519531,21.573997497558594,-7.715972900390625,21.573997497558594,-7.715972900390625,19.67966703972882,5.86159428763616,path_segment_002,SUPPORTED,,13.223106384277344,-7.716072082519531,35.42908068013517,-15.233289848755305,48.360152213032336,-20.5020562019086,23.266046724789224,9.86602814109331,path_segment_001,SUPPORTED,,13.223106384277344,-7.716072082519531,21.573997497558594,-7.715972900390625,21.573997497558594,-7.715972900390625,19.67966703972882,5.86159428763616,path_segment_002,SUPPORTED,,SUPPORTED,
124,4,4133.333333333334,VALID_TARGET,,1.0,269.09293365478516,463.82564544677734,270.3439712524414,463.82564544677734,SUPPORTED,264.84046692607,489.8529411764706,111.43968871595331,263.0882352941176,306.80155642023345,453.52941176470597,SUPPORTED,translation_median_sparse_flow,-8.3740234375,-0.618804931640625,251.0,5.875813961029053,,,SUPPORTED,partial_affine_ransac_sparse_flow,-25.630116314441505,-4.971661854871264,96.0,1.0446094451411905,1.0207299232422178,0.38247011952191234,-0.8624191284179688,-17.673233032226562,7.511604309082031,-17.054428100585938,29.085601806640625,-24.770401000976562,66.22896015614384,4.767442676793059,path_segment_002,SUPPORTED,,-0.8624191284179688,-17.673233032226562,20.502128862445517,-23.44460939425369,68.86228107547785,-43.94666559616229,48.83055632192558,7.967645026278104,path_segment_001,SUPPORTED,,-0.8624191284179688,-17.673233032226562,7.511604309082031,-17.054428100585938,29.085601806640625,-24.770401000976562,66.22896015614384,4.767442676793059,path_segment_002,SUPPORTED,,SUPPORTED,
125,5,4166.666666666667,VALID_TARGET,,1.0,273.0627136230469,456.1633529663086,270.3439712524414,457.7708206176758,SUPPORTED,269.9455252918288,487.0588235294118,117.04280155642023,258.2352941176471,305.80544747081717,457.6470588235295,SUPPORTED,translation_median_sparse_flow,-8.19390869140625,-1.2182159423828125,239.0,6.212740898132324,,,SUPPORTED,partial_affine_ransac_sparse_flow,-26.525638215682907,-5.322270580475591,88.0,1.7908609074562665,1.0207912341732461,0.3682008368200837,0.0,-6.0548248291015625,8.19390869140625,-4.83660888671875,37.279510498046875,-29.607009887695312,30.552029035205837,2.4341665902926493,path_segment_002,SUPPORTED,,0.0,-6.0548248291015625,21.578816159978402,-10.768243589486246,90.44109723545625,-54.71490918564854,26.520077007929647,6.169633421294915,path_segment_001,SUPPORTED,,0.0,-6.0548248291015625,8.19390869140625,-4.83660888671875,37.279510498046875,-29.607009887695312,30.552029035205837,2.4341665902926493,path_segment_002,SUPPORTED,,SUPPORTED,
126,6,4200.0,VALID_TARGET,,1.0,272.44244384765625,450.8075866699219,271.2063903808594,456.1633529663086,SUPPORTED,275.0505836575876,484.2647058823529,122.64591439688715,253.38235294117646,304.80933852140083,461.764705882353,SUPPORTED,translation_median_sparse_flow,-0.0081787109375,-0.71368408203125,267.0,0.1635136902332306,,,SUPPORTED,partial_affine_ransac_sparse_flow,-0.08884031732712747,-0.7632101898016658,267.0,0.15977867366402546,1.0000899158075462,1.0,0.8624191284179688,-1.6074676513671875,0.8705978393554688,-0.8937835693359375,38.150108337402344,-30.50079345703125,45.752880304882744,0.31919934462836375,path_segment_002,SUPPORTED,,0.8624191284179688,-1.6074676513671875,0.9928574036908913,-0.9243338434905013,91.43395463914715,-55.63924302913904,42.95302619921174,0.34703612194228356,path_segment_001,SUPPORTED,,0.8624191284179688,-1.6074676513671875,0.8705978393554688,-0.8937835693359375,38.150108337402344,-30.50079345703125,45.752880304882744,0.31919934462836375,path_segment_002,SUPPORTED,,SUPPORTED,
127,7,4233.333333333333,VALID_TARGET,,1.0,275.99224853515625,457.7708206176758,275.7380790710449,450.88059997558594,SUPPORTED,280.15564202334633,481.47058823529414,128.24902723735408,248.52941176470586,303.8132295719845,465.8823529411765,SUPPORTED,translation_median_sparse_flow,-8.575897216796875,-0.7735443115234375,262.0,5.3787407875061035,,,SUPPORTED,partial_affine_ransac_sparse_flow,-26.49973328395984,-6.884180638320668,99.0,1.9789685700515673,1.0205581421591747,0.37786259541984735,4.531688690185547,-5.282752990722656,13.107585906982422,-4.509208679199219,51.257694244384766,-35.01000213623047,18.983995375597992,3.546156644400329,path_segment_002,SUPPORTED,,4.531688690185547,-5.282752990722656,26.247350923999505,-8.246068022380655,117.68130556314665,-63.88531105151969,17.44103067398224,7.038373633156289,path_segment_001,SUPPORTED,,4.531688690185547,-5.282752990722656,13.107585906982422,-4.509208679199219,51.257694244384766,-35.01000213623047,18.983995375597992,3.546156644400329,path_segment_002,SUPPORTED,,SUPPORTED,
128,8,4266.666666666667,VALID_TARGET,,1.0,281.7379684448242,450.0345306396485,280.24105072021484,449.9615173339844,SUPPORTED,285.26070038910507,478.6764705882353,133.852140077821,243.67647058823528,302.81712062256815,470.00000000000006,SUPPORTED,translation_median_sparse_flow,-8.1864013671875,-1.14764404296875,217.0,4.3123040199279785,,,SUPPORTED,partial_affine_ransac_sparse_flow,-18.49443115140886,1.4103945082310774,69.0,1.0751011334430651,1.0104796212922935,0.31797235023041476,4.502971649169922,-0.9190826416015625,12.689373016357422,0.2285614013671875,63.94706726074219,-34.78144073486328,-1.0319018678026621,3.246815595157349,path_segment_002,SUPPORTED,,4.502971649169922,-0.9190826416015625,16.91216575026135,-5.084782535097929,134.593471313408,-68.97009358661762,16.73384000204639,4.517917039503163,path_segment_001,SUPPORTED,,4.502971649169922,-0.9190826416015625,12.689373016357422,0.2285614013671875,63.94706726074219,-34.78144073486328,-1.0319018678026621,3.246815595157349,path_segment_002,SUPPORTED,,SUPPORTED,
129,9,4300.0,VALID_TARGET,,1.0,277.1422996520996,443.5968780517578,281.0214157104492,443.5968780517578,SUPPORTED,290.3657587548638,475.88235294117646,139.45525291828793,238.8235294117647,301.8210116731518,474.1176470588236,SUPPORTED,translation_median_sparse_flow,0.0,0.4532012939453125,244.0,0.11453887820243835,,,SUPPORTED,partial_affine_ransac_sparse_flow,-0.15995403370362493,0.28091616231099087,244.0,0.13447060225010446,1.000186460027456,1.0,0.780364990234375,-6.3646392822265625,0.780364990234375,-6.817840576171875,64.72743225097656,-41.599281311035156,83.47038317703057,1.7555783562577003,path_segment_002,SUPPORTED,,0.780364990234375,-6.3646392822265625,0.9012698091659104,-6.7376789468528955,135.4947411225739,-75.70777253347052,82.38102237927016,1.7390355057999656,path_segment_001,SUPPORTED,,0.780364990234375,-6.3646392822265625,0.780364990234375,-6.817840576171875,64.72743225097656,-41.599281311035156,83.47038317703057,1.7555783562577003,path_segment_002,SUPPORTED,,SUPPORTED,
130,10,4333.333333333333,VALID_TARGET,,1.0,282.40875244140625,430.8521728515625,281.0214157104492,430.8521728515625,SUPPORTED,300.127626459144,469.2941176470589,139.25603112840466,234.58823529411765,321.74319066147865,469.41176470588243,SUPPORTED,translation_median_sparse_flow,-7.62286376953125,-1.721893310546875,233.0,4.1425395011901855,,,SUPPORTED,partial_affine_ransac_sparse_flow,-21.194234278236433,-16.112115115758012,113.0,1.2480917007033627,1.018598167715736,0.48497854077253216,0.0,-12.744705200195312,7.62286376953125,-11.022811889648438,72.35029602050781,-52.622093200683594,55.334069426971375,3.42856827312427,path_segment_002,SUPPORTED,,0.0,-12.744705200195312,21.336027706566654,-8.239160285016737,156.83076882914057,-83.94693281848726,21.11465948130257,5.8511800977582,path_segment_001,SUPPORTED,,0.0,-12.744705200195312,7.62286376953125,-11.022811889648438,72.35029602050781,-52.622093200683594,55.334069426971375,3.42856827312427,path_segment_002,SUPPORTED,,SUPPORTED,
131,11,4366.666666666666,VALID_TARGET,,1.0,281.07969665527344,428.4741516113281,281.0214157104492,428.4741516113281,SUPPORTED,309.88949416342416,462.7058823529412,139.0568093385214,230.35294117647058,341.6653696498055,464.7058823529412,SUPPORTED,translation_median_sparse_flow,-0.0001220703125,-9.1552734375e-05,240.0,0.0006137930322438478,,,SUPPORTED,partial_affine_ransac_sparse_flow,-0.06606268854577448,0.015272710527533422,240.0,0.03935433351309704,1.0000202868758836,1.0,0.0,-2.378021240234375,0.0001220703125,-2.3779296875,72.35041809082031,-55.000022888183594,89.9970587382206,0.6083395194079011,path_segment_002,SUPPORTED,,0.0,-2.378021240234375,0.0357933667273187,-2.3860090484489547,156.86656219586789,-86.33294186693621,89.140550187056,0.6104751195992939,path_segment_001,SUPPORTED,,0.0,-2.378021240234375,0.0001220703125,-2.3779296875,72.35041809082031,-55.000022888183594,89.9970587382206,0.6083395194079011,path_segment_002,SUPPORTED,,SUPPORTED,
132,12,4400.0,VALID_TARGET,,1.0,294.84261322021484,421.2901916503906,294.84261322021484,423.8203811645508,SUPPORTED,319.6513618677043,456.11764705882354,138.85758754863812,226.11764705882354,361.5875486381324,460.00000000000006,SUPPORTED,translation_median_sparse_flow,-7.09222412109375,-0.357086181640625,238.0,3.4969043731689453,,,SUPPORTED,partial_affine_ransac_sparse_flow,-17.659853944518126,-15.863311637877088,130.0,1.0305239669730115,1.0155884208853574,0.5462184873949579,13.821197509765625,-4.653770446777344,20.913421630859375,-4.296684265136719,93.26383972167969,-59.29670715332031,11.609924580444023,5.461975645083533,path_segment_002,SUPPORTED,,13.821197509765625,-4.653770446777344,32.31976142695146,1.1515070494668294,189.18632362281934,-85.18143481746938,-2.0405038773032103,8.27352603870827,path_segment_001,SUPPORTED,,13.821197509765625,-4.653770446777344,20.913421630859375,-4.296684265136719,93.26383972167969,-59.29670715332031,11.609924580444023,5.461975645083533,path_segment_002,SUPPORTED,,SUPPORTED,
133,13,4433.333333333334,VALID_TARGET,,1.0,289.41966247558594,423.8203811645508,293.46083068847656,421.2901916503906,SUPPORTED,329.41322957198446,449.52941176470586,138.65836575875485,221.88235294117646,381.5097276264592,455.29411764705884,SUPPORTED,translation_median_sparse_flow,-6.103515625e-05,6.103515625e-05,275.0,0.0010628707241266966,,,SUPPORTED,partial_affine_ransac_sparse_flow,-0.05709021606016003,-0.011097241504801443,275.0,0.027118982681465252,1.0000456067614265,1.0,-1.3817825317382812,-2.5301895141601562,-1.3817214965820312,-2.5302505493164062,91.88211822509766,-61.82695770263672,118.63811086978873,0.7375340554182486,path_segment_002,SUPPORTED,,-1.3817825317382812,-2.5301895141601562,-1.3341664320512905,-2.5411850411891237,187.85215719076805,-87.7226198586585,117.70025555438808,0.7342567319646046,path_segment_001,SUPPORTED,,-1.3817825317382812,-2.5301895141601562,-1.3817214965820312,-2.5302505493164062,91.88211822509766,-61.82695770263672,118.63811086978873,0.7375340554182486,path_segment_002,SUPPORTED,,SUPPORTED,
134,14,4466.666666666667,VALID_TARGET,,1.0,293.46083068847656,405.398193359375,294.7710952758789,411.0756607055664,SUPPORTED,339.17509727626464,442.9411764705883,138.4591439688716,217.64705882352942,401.43190661478604,450.5882352941177,SUPPORTED,translation_median_sparse_flow,-5.29351806640625,-0.9288330078125,259.0,2.7910752296447754,,,SUPPORTED,partial_affine_ransac_sparse_flow,-6.706661294005235,-10.290029774805058,132.0,1.6628070291416646,1.004573169432327,0.5096525096525096,1.3102645874023438,-10.214530944824219,6.603782653808594,-9.285697937011719,98.48590087890625,-71.11265563964844,54.580405347964835,2.915019467466223,path_segment_002,SUPPORTED,,1.3102645874023438,-10.214530944824219,10.055075538968595,-4.185759381076139,197.90723272973665,-91.90837923973464,22.601143275011115,2.7863480456766894,path_segment_001,SUPPORTED,,1.3102645874023438,-10.214530944824219,6.603782653808594,-9.285697937011719,98.48590087890625,-71.11265563964844,54.580405347964835,2.915019467466223,path_segment_002,SUPPORTED,,SUPPORTED,
135,15,4500.0,VALID_TARGET,,1.0,293.0692672729492,411.0756607055664,295.74513244628906,405.398193359375,SUPPORTED,350.8082267926626,441.26050420168065,148.9894385769872,214.87394957983193,403.6375764313508,452.7731092436975,SUPPORTED,translation_median_sparse_flow,0.00018310546875,-0.23870849609375,217.0,0.09296087920665741,,,SUPPORTED,partial_affine_ransac_sparse_flow,0.04961572184580118,-0.25931978509685005,217.0,0.1217985969451232,0.9999938713707869,1.0,0.9740371704101562,-5.677467346191406,0.9738540649414062,-5.438758850097656,99.45975494384766,-76.5514144897461,79.84830565283318,1.4135125855095183,path_segment_002,SUPPORTED,,0.9740371704101562,-5.677467346191406,0.9701118670487858,-5.447092609355025,198.87734459678543,-97.35547184908967,79.90166290548096,1.4154430867843941,path_segment_001,SUPPORTED,,0.9740371704101562,-5.677467346191406,0.9738540649414062,-5.438758850097656,99.45975494384766,-76.5514144897461,79.84830565283318,1.4135125855095183,path_segment_002,SUPPORTED,,SUPPORTED,
136,16,4533.333333333333,VALID_TARGET,,1.0,305.94398498535156,403.3124542236328,304.3598403930664,403.3124542236328,SUPPORTED,362.4413563090606,439.5798319327731,159.51973318510284,212.10084033613447,405.84324624791554,454.95798319327736,SUPPORTED,translation_median_sparse_flow,-1.7686767578125,-0.7569122314453125,210.0,3.347414016723633,,,SUPPORTED,partial_affine_ransac_sparse_flow,2.585467211168537,-12.890049701969152,102.0,1.0035757893065391,0.9985219162407222,0.4857142857142857,8.614707946777344,-2.0857391357421875,10.383384704589844,-1.328826904296875,109.8431396484375,-77.88024139404297,7.292858917580205,2.6780185331523456,path_segment_002,SUPPORTED,,8.614707946777344,-2.0857391357421875,10.928451370408709,8.185742748333155,209.80579596719414,-89.16972910075651,-36.83432804431051,3.4931205925531037,path_segment_001,SUPPORTED,,8.614707946777344,-2.0857391357421875,10.383384704589844,-1.328826904296875,109.8431396484375,-77.88024139404297,7.292858917580205,2.6780185331523456,path_segment_002,SUPPORTED,,SUPPORTED,
137,17,4566.666666666666,VALID_TARGET,,1.0,304.3598403930664,401.9755096435547,305.94398498535156,401.9755096435547,SUPPORTED,374.0744858254586,437.8991596638656,170.05002779321845,209.32773109243698,408.0489160644803,457.14285714285717,SUPPORTED,translation_median_sparse_flow,0.0,0.0,170.0,0.0004577455692924559,,,SUPPORTED,partial_affine_ransac_sparse_flow,-0.004412952383488557,0.006496879641760767,170.0,0.004144445847065,1.0000049119642402,1.0,1.5841445922851562,-1.336944580078125,1.5841445922851562,-1.336944580078125,111.42728424072266,-79.2171859741211,40.162814221620906,0.5303058375921081,path_segment_002,SUPPORTED,,1.5841445922851562,-1.336944580078125,1.5829335711277395,-1.3423065555375615,211.38872953832188,-90.51203565629407,40.297500041596216,0.5309552614205758,path_segment_001,SUPPORTED,,1.5841445922851562,-1.336944580078125,1.5841445922851562,-1.336944580078125,111.42728424072266,-79.2171859741211,40.162814221620906,0.5303058375921081,path_segment_002,SUPPORTED,,SUPPORTED,
138,18,4600.0,VALID_TARGET,,1.0,320.24356842041016,398.7039031982422,320.24356842041016,398.7039031982422,SUPPORTED,385.7076153418566,436.21848739495795,180.58032240133406,206.5546218487395,410.25458588104505,459.327731092437,SUPPORTED,translation_median_sparse_flow,0.0076904296875,-2.456756591796875,169.0,2.9050498008728027,,,SUPPORTED,partial_affine_ransac_sparse_flow,2.541434306403644,-5.030839272728722,83.0,1.432900456577559,0.9979260434327162,0.4911242603550296,14.299583435058594,-3.2716064453125,14.291893005371094,-0.814849853515625,125.71917724609375,-80.03203582763672,3.2631763431071503,3.6621953835949257,path_segment_002,SUPPORTED,,14.299583435058594,-3.2716064453125,14.089787262243192,1.3068815113279584,225.47851680056507,-89.20515414496612,-5.299239871495507,3.6200256074507293,path_segment_001,SUPPORTED,,14.299583435058594,-3.2716064453125,14.291893005371094,-0.814849853515625,125.71917724609375,-80.03203582763672,3.2631763431071503,3.6621953835949257,path_segment_002,SUPPORTED,,SUPPORTED,
139,19,4633.333333333334,VALID_TARGET,,1.0,322.0094451904297,397.3002166748047,322.0094451904297,397.3002166748047,SUPPORTED,397.3407448582546,434.5378151260504,191.1106170094497,203.78151260504202,412.4602556976098,461.51260504201684,SUPPORTED,translation_median_sparse_flow,0.0,-0.2576751708984375,154.0,0.02903149463236332,,,SUPPORTED,partial_affine_ransac_sparse_flow,0.12267623163764972,-0.46547468851327184,154.0,0.0543023023406081,0.9999469592711233,1.0,1.7658767700195312,-1.4036865234375,1.7658767700195312,-1.1460113525390625,127.48505401611328,-81.17804718017578,32.98259672490944,0.5385553868474449,path_segment_002,SUPPORTED,,1.7658767700195312,-1.4036865234375,1.765455001572775,-1.0015943112672971,227.24397180213785,-90.20674845623341,29.567511136687326,0.5192742847068472,path_segment_001,SUPPORTED,,1.7658767700195312,-1.4036865234375,1.7658767700195312,-1.1460113525390625,127.48505401611328,-81.17804718017578,32.98259672490944,0.5385553868474449,path_segment_002,SUPPORTED,,SUPPORTED,
140,20,4666.666666666667,VALID_TARGET,,1.0,339.36678314208984,395.3354415893554,329.7437057495117,395.33544158935547,SUPPORTED,408.9738743746526,432.8571428571429,201.6409116175653,201.00840336134453,414.66592551417455,463.69747899159665,SUPPORTED,translation_median_sparse_flow,2.060546875,-2.9117889404296875,158.0,3.567836284637451,,,SUPPORTED,partial_affine_ransac_sparse_flow,7.71360767429484,-0.4468996213877817,79.0,1.3560662754166002,0.9931740823758264,0.5,7.734260559082031,-1.9647750854492188,5.673713684082031,0.9470138549804688,133.1587677001953,-80.23103332519531,-9.476027368388316,1.4715715233319466,path_segment_002,SUPPORTED,,7.734260559082031,-1.9647750854492188,2.4468330032356107,1.0092417840156713,229.69080480537346,-89.19750667221774,-22.414610000801076,0.6771244125373636,path_segment_001,SUPPORTED,,7.734260559082031,-1.9647750854492188,5.673713684082031,0.9470138549804688,133.1587677001953,-80.23103332519531,-9.476027368388316,1.4715715233319466,path_segment_002,SUPPORTED,,SUPPORTED,
141,21,4700.0,VALID_TARGET,,1.0,329.7437057495117,388.5761795043946,339.36678314208984,389.5758361816406,SUPPORTED,420.60700389105057,431.1764705882353,212.17120622568092,198.23529411764707,416.8715953307393,465.88235294117646,SUPPORTED,translation_median_sparse_flow,-0.00079345703125,0.311859130859375,159.0,0.1641717553138733,,,SUPPORTED,partial_affine_ransac_sparse_flow,-0.3811739659717447,0.4940392688251555,159.0,0.14868933254557906,1.0003139962118055,1.0,9.623077392578125,-5.759605407714844,9.623870849609375,-6.071464538574219,142.7826385498047,-86.30249786376953,32.2468242556341,2.9110589636522235,path_segment_002,SUPPORTED,,9.623077392578125,-5.759605407714844,9.782590254289914,-6.279224002198305,239.47339505966337,-95.47673067441605,32.695490082109714,2.973851343366376,path_segment_001,SUPPORTED,,9.623077392578125,-5.759605407714844,9.623870849609375,-6.071464538574219,142.7826385498047,-86.30249786376953,32.2468242556341,2.9110589636522235,path_segment_002,SUPPORTED,,SUPPORTED,
142,22,4733.333333333333,VALID_TARGET,,1.0,364.16542053222656,389.05169677734375,356.9908866882324,388.05204010009766,SUPPORTED,432.2401334074486,429.4957983193277,222.70150083379656,195.46218487394958,419.07726514730405,468.06722689075633,SUPPORTED,translation_median_sparse_flow,3.69677734375,-3.4326171875,146.0,5.044719696044922,,,SUPPORTED,partial_affine_ransac_sparse_flow,9.984308292238628,0.15222320232730793,64.0,1.2394860433515937,0.991460000521071,0.4383561643835616,17.624103546142578,-1.5237960815429688,13.927326202392578,1.9088211059570312,156.70996475219727,-84.3936767578125,-7.804097575438143,3.596299808020392,path_segment_002,SUPPORTED,,17.624103546142578,-1.5237960815429688,10.56134807325708,1.6306094824693105,250.03474313292045,-93.84612119194674,-8.77682699581455,2.733895429789527,path_segment_001,SUPPORTED,,17.624103546142578,-1.5237960815429688,13.927326202392578,1.9088211059570312,156.70996475219727,-84.3936767578125,-7.804097575438143,3.596299808020392,path_segment_002,SUPPORTED,,SUPPORTED,
143,23,4766.666666666667,VALID_TARGET,,1.0,358.66651916503906,386.7070999145508,365.8410530090332,386.7070999145508,SUPPORTED,443.8732629238466,427.8151260504202,233.2317954419122,192.6890756302521,421.2829349638688,470.25210084033614,SUPPORTED,translation_median_sparse_flow,0.0,-3.0517578125e-05,162.0,0.0006121698534116149,,,SUPPORTED,partial_affine_ransac_sparse_flow,-0.04739048882543345,0.012997927000490718,162.0,0.02587852084071547,1.0000515948329824,1.0,8.850166320800781,-1.344940185546875,8.850166320800781,-1.34490966796875,165.56013107299805,-85.73858642578125,8.64080544089422,2.290108422063118,path_segment_002,SUPPORTED,,8.850166320800781,-1.344940185546875,8.860036078855273,-1.3603858631084336,258.8947792117757,-95.20650705505517,8.729126333312841,2.293202275131088,path_segment_001,SUPPORTED,,8.850166320800781,-1.344940185546875,8.850166320800781,-1.34490966796875,165.56013107299805,-85.73858642578125,8.64080544089422,2.290108422063118,path_segment_002,SUPPORTED,,SUPPORTED,
144,24,4800.0,VALID_TARGET,,1.0,382.6333694458008,365.8168258666992,380.9483184814453,372.53185272216797,SUPPORTED,455.50639244024455,426.1344537815126,243.76209005002778,189.9159663865546,423.48860478043355,472.436974789916,SUPPORTED,translation_median_sparse_flow,4.47430419921875,-4.5972900390625,159.0,4.740067481994629,,,SUPPORTED,partial_affine_ransac_sparse_flow,-8.324861581691875,-10.269532359345837,63.0,0.9829972032392252,1.0165477057094308,0.39622641509433965,15.10726547241211,-14.175247192382812,10.63296127319336,-9.577957153320312,176.1930923461914,-95.31654357910156,42.01188885653567,3.6610777541584874,path_segment_002,SUPPORTED,,15.10726547241211,-14.175247192382812,16.67139916098847,-9.634868807164878,275.56617837276417,-104.84137586222005,30.024821057373124,4.926030724436702,path_segment_001,SUPPORTED,,15.10726547241211,-14.175247192382812,10.63296127319336,-9.577957153320312,176.1930923461914,-95.31654357910156,42.01188885653567,3.6610777541584874,path_segment_002,SUPPORTED,,SUPPORTED,
145,25,4833.333333333333,VALID_TARGET,,1.0,380.9483184814453,372.531852722168,382.6333694458008,367.7001037597656,SUPPORTED,467.13952195664257,424.453781512605,254.29238465814342,187.14285714285714,425.6942745969983,474.6218487394958,SUPPORTED,translation_median_sparse_flow,0.0001220703125,0.0029449462890625,195.0,0.029064789414405823,,,SUPPORTED,partial_affine_ransac_sparse_flow,-0.0006057237508798812,0.12771105280093892,195.0,0.08544890270644735,0.9999933320592226,1.0,1.6850509643554688,-4.831748962402344,1.6849288940429688,-4.834693908691406,177.87802124023438,-100.15123748779297,70.78615180650505,1.3098074620521722,path_segment_002,SUPPORTED,,1.6850509643554688,-4.831748962402344,1.6690055200892289,-4.937350093022303,277.2351838928534,-109.77872595524235,71.32285972881029,1.333324718541453,path_segment_001,SUPPORTED,,1.6850509643554688,-4.831748962402344,1.6849288940429688,-4.834693908691406,177.87802124023438,-100.15123748779297,70.78615180650505,1.3098074620521722,path_segment_002,SUPPORTED,,SUPPORTED,
146,26,4866.666666666666,VALID_TARGET,,1.0,400.8094024658203,367.6148681640625,399.4060707092285,367.3412170410156,SUPPORTED,478.7726514730405,422.7731092436975,264.822679266259,184.36974789915965,427.89994441356305,476.8067226890756,SUPPORTED,translation_median_sparse_flow,4.27801513671875,-5.538360595703125,189.0,4.598944187164307,,,SUPPORTED,partial_affine_ransac_sparse_flow,-3.7622957306795715,5.1951546316214925,71.0,0.9136673005351748,1.002259175799903,0.37566137566137564,16.772701263427734,-0.35888671875,12.494686126708984,5.179473876953125,190.37270736694336,-94.97176361083984,-22.515675717213913,3.4602403143482268,path_segment_002,SUPPORTED,,16.772701263427734,-0.35888671875,15.09485427972811,-1.5632565406488652,292.3300381725815,-111.34198249589122,5.912600133936654,3.882330270587116,path_segment_001,SUPPORTED,,16.772701263427734,-0.35888671875,12.494686126708984,5.179473876953125,190.37270736694336,-94.97176361083984,-22.515675717213913,3.4602403143482268,path_segment_002,SUPPORTED,,SUPPORTED,
147,27,4900.0,VALID_TARGET,,1.0,401.5540657043457,366.7719497680664,402.9573974609375,366.7719497680664,SUPPORTED,490.4057809894386,421.09243697478996,275.3529738743747,181.5966386554622,430.1056142301278,478.9915966386555,SUPPORTED,translation_median_sparse_flow,0.00048828125,-0.5012054443359375,212.0,0.1702892929315567,,,SUPPORTED,partial_affine_ransac_sparse_flow,0.3493434121969506,-0.7716433173057061,212.0,0.18817874871174572,0.999804160102482,1.0,3.5513267517089844,-0.5692672729492188,3.5508384704589844,-0.06806182861328125,193.92354583740234,-95.03982543945312,1.0981006538311242,0.9085685584307387,path_segment_002,SUPPORTED,,3.5513267517089844,-0.5692672729492188,3.4324224082714068,0.10887840755083289,295.7624605808529,-111.23310408834038,-1.8168457862263612,0.8785492897713628,path_segment_001,SUPPORTED,,3.5513267517089844,-0.5692672729492188,3.5508384704589844,-0.06806182861328125,193.92354583740234,-95.03982543945312,1.0981006538311242,0.9085685584307387,path_segment_002,SUPPORTED,,SUPPORTED,
148,28,4933.333333333334,VALID_TARGET,,1.0,421.936637878418,364.1078338623047,420.0168266296387,364.16285705566406,SUPPORTED,502.03891050583655,419.4117647058823,285.8832684824903,178.8235294117647,432.31128404669255,481.1764705882353,SUPPORTED,translation_median_sparse_flow,3.86187744140625,-7.2159423828125,215.0,4.42707633972168,,,SUPPORTED,partial_affine_ransac_sparse_flow,2.957749443111699,-27.983465888496642,81.0,0.808884748447383,1.0079877241567992,0.3767441860465116,17.059429168701172,-2.6090927124023438,13.197551727294922,4.606849670410156,207.12109756469727,-90.43297576904297,-19.24248618201237,3.5760827677274083,path_segment_002,SUPPORTED,,17.059429168701172,-2.6090927124023438,17.78820961925709,14.997682957423024,313.55067020011,-96.23542113091736,-40.13507274888831,5.952322461081736,path_segment_001,SUPPORTED,,17.059429168701172,-2.6090927124023438,13.197551727294922,4.606849670410156,207.12109756469727,-90.43297576904297,-19.24248618201237,3.5760827677274083,path_segment_002,SUPPORTED,,SUPPORTED,
149,29,4966.666666666667,VALID_TARGET,,1.0,423.6069869995117,363.06288146972656,421.4900779724121,363.0078582763672,SUPPORTED,505.1102464332036,419.3627450980392,292.1919584954604,178.52941176470588,425.83657587548635,481.6666666666667,SUPPORTED,translation_median_sparse_flow,-0.0009765625,-0.25262451171875,231.0,0.033609263598918915,,,SUPPORTED,partial_affine_ransac_sparse_flow,0.1127673100818008,-0.31723522858647035,231.0,0.05540690610653119,0.9999258599594508,1.0,1.4732513427734375,-1.154998779296875,1.4742279052734375,-0.902374267578125,208.5953254699707,-91.3353500366211,31.47078252252026,0.44219133267470384,path_segment_002,SUPPORTED,,1.4732513427734375,-1.154998779296875,1.4432211870430365,-0.8702668476482245,314.99389138715304,-97.10568797856558,31.09010721300715,0.4311470721947475,path_segment_001,SUPPORTED,,1.4732513427734375,-1.154998779296875,1.4742279052734375,-0.902374267578125,208.5953254699707,-91.3353500366211,31.47078252252026,0.44219133267470384,path_segment_002,SUPPORTED,,SUPPORTED,
150,30,5000.0,VALID_TARGET,,1.0,421.0010681152344,357.87760162353516,425.0377883911133,357.87760162353516,SUPPORTED,508.1815823605707,419.3137254901961,298.50064850843063,178.23529411764704,419.3618677042801,482.15686274509807,SUPPORTED,translation_median_sparse_flow,-0.000396728515625,-0.485015869140625,238.0,0.051182590425014496,,,SUPPORTED,partial_affine_ransac_sparse_flow,0.16273431496472748,-0.5099444124516455,238.0,0.1125049595792781,0.999863063715757,1.0,3.547710418701172,-5.130256652832031,3.548107147216797,-4.645240783691406,212.1434326171875,-95.9805908203125,52.62684615088803,1.4953832724441345,path_segment_002,SUPPORTED,,3.547710418701172,-5.130256652832031,3.5034012600780216,-4.6410795597399215,318.49729264723106,-101.7467675383055,52.952022232154924,1.487618936164534,path_segment_001,SUPPORTED,,3.547710418701172,-5.130256652832031,3.548107147216797,-4.645240783691406,212.1434326171875,-95.9805908203125,52.62684615088803,1.4953832724441345,path_segment_002,SUPPORTED,,SUPPORTED,
151,31,5033.333333333333,VALID_TARGET,,1.0,444.8764877319336,340.675537109375,444.8764877319336,343.09276580810547,SUPPORTED,511.25291828793775,419.2647058823529,304.8093385214008,177.94117647058823,412.8871595330739,482.64705882352945,SUPPORTED,translation_median_sparse_flow,1.5120849609375,-7.30682373046875,249.0,5.214479446411133,,,SUPPORTED,partial_affine_ransac_sparse_flow,0.297097487096145,-25.596400089941252,121.0,1.0925364004619584,1.0090880754153293,0.4859437751004016,19.838699340820312,-14.784835815429688,18.326614379882812,-7.4780120849609375,230.4700469970703,-103.45860290527344,22.19747881907377,5.06373742499482,path_segment_002,SUPPORTED,,19.838699340820312,-14.784835815429688,21.46217095126042,0.8000467973851642,339.9594635984915,-100.94672074092034,-2.1348301732960278,5.494424431560249,path_segment_001,SUPPORTED,,19.838699340820312,-14.784835815429688,18.326614379882812,-7.4780120849609375,230.4700469970703,-103.45860290527344,22.19747881907377,5.06373742499482,path_segment_002,SUPPORTED,,SUPPORTED,
152,32,5066.666666666666,VALID_TARGET,,1.0,457.5010986328125,343.09276580810547,456.54261016845703,343.09276580810547,SUPPORTED,514.3242542153048,419.21568627450984,311.118028534371,177.6470588235294,406.4124513618676,483.13725490196083,SUPPORTED,translation_median_sparse_flow,0.0009765625,-7.76348876953125,197.0,4.993560314178467,,,SUPPORTED,partial_affine_ransac_sparse_flow,-1.9841280886757446,-24.967952182482975,101.0,1.0447830131536862,1.009638083951047,0.5126903553299492,11.666122436523438,0.0,11.665145874023438,7.76348876953125,242.13519287109375,-95.69511413574219,-33.64490283783063,3.584755856382073,path_segment_002,SUPPORTED,,11.666122436523438,0.0,14.75403334020939,14.780468927857441,354.71349693870087,-86.1662518130629,-45.051283992631504,5.342713097342339,path_segment_001,SUPPORTED,,11.666122436523438,0.0,11.665145874023438,7.76348876953125,242.13519287109375,-95.69511413574219,-33.64490283783063,3.584755856382073,path_segment_002,SUPPORTED,,SUPPORTED,
153,33,5100.0,VALID_TARGET,,1.0,456.54261016845703,339.00465393066406,457.5010986328125,343.09276580810547,SUPPORTED,517.3955901426718,419.1666666666667,317.4267185473411,177.35294117647058,399.9377431906614,483.6274509803922,SUPPORTED,translation_median_sparse_flow,0.0,0.2715034484863281,248.0,0.05354545637965202,,,SUPPORTED,partial_affine_ransac_sparse_flow,-0.07780901625361317,0.4252059635063324,248.0,0.07430097908779248,1.0000153218404115,1.0,0.9584884643554688,0.0,0.9584884643554688,-0.2715034484863281,243.09368133544922,-95.96661758422852,15.815415429262053,0.25485521136662453,path_segment_002,SUPPORTED,,0.9584884643554688,0.0,0.9692350987266991,-0.3505185504845372,355.68273203742757,-86.51677036354744,19.882245643511723,0.2636735152533565,path_segment_001,SUPPORTED,,0.9584884643554688,0.0,0.9584884643554688,-0.2715034484863281,243.09368133544922,-95.96661758422852,15.815415429262053,0.25485521136662453,path_segment_002,SUPPORTED,,SUPPORTED,
154,34,5133.333333333334,VALID_TARGET,,1.0,458.90926361083984,350.6239471435547,458.90926361083984,347.7137680053711,SUPPORTED,520.4669260700389,419.11764705882354,323.73540856031127,177.05882352941177,393.4630350194552,484.11764705882354,SUPPORTED,translation_median_sparse_flow,0.00286865234375,0.23223876953125,241.0,0.05650840327143669,,,SUPPORTED,partial_affine_ransac_sparse_flow,-0.029817160658572928,0.18161641814952903,240.0,0.1011608485903757,1.0000510712572954,0.995850622406639,1.4081649780273438,4.621002197265625,1.4052963256835938,4.388763427734375,244.4989776611328,-91.57785415649414,-72.24476519909324,1.1789202407168684,path_segment_002,SUPPORTED,,1.4081649780273438,4.621002197265625,1.4030558436265892,4.437280478260163,357.08578788105416,-82.07948988528727,-72.45318937232908,1.1905741082695918,path_segment_001,SUPPORTED,,1.4081649780273438,4.621002197265625,1.4052963256835938,4.388763427734375,244.4989776611328,-91.57785415649414,-72.24476519909324,1.1789202407168684,path_segment_002,SUPPORTED,,SUPPORTED,
155,35,5166.666666666667,VALID_TARGET,,1.0,472.8183822631836,348.4898986816406,472.8183822631836,347.88365936279297,SUPPORTED,523.5382619974059,419.0686274509804,330.0440985732815,176.76470588235293,386.98832684824896,484.6078431372549,SUPPORTED,translation_median_sparse_flow,-0.00714111328125,-6.987457275390625,250.0,5.901791572570801,,,SUPPORTED,partial_affine_ransac_sparse_flow,-2.9697529445319186,-25.71367571492303,115.0,1.6531512650015492,1.0094943594885097,0.46,13.90911865234375,0.169891357421875,13.916259765625,7.1573486328125,258.4152374267578,-84.42050552368164,-27.21746290928636,4.003432221397833,path_segment_002,SUPPORTED,,13.90911865234375,0.169891357421875,18.700129791270342,14.573904292620853,375.7859176723245,-67.50558559266642,-37.9309889357059,6.065286473194364,path_segment_001,SUPPORTED,,13.90911865234375,0.169891357421875,13.916259765625,7.1573486328125,258.4152374267578,-84.42050552368164,-27.21746290928636,4.003432221397833,path_segment_002,SUPPORTED,,SUPPORTED,
156,36,5200.0,VALID_TARGET,,1.0,473.1829071044922,347.85231018066406,473.1829071044922,347.88365936279297,SUPPORTED,526.609597924773,419.01960784313724,336.3527885862516,176.47058823529412,380.51361867704276,485.0980392156863,SUPPORTED,translation_median_sparse_flow,0.00128173828125,0.2635955810546875,238.0,0.03977653756737709,,,SUPPORTED,partial_affine_ransac_sparse_flow,-0.1711314180592659,0.4536834456162188,238.0,0.06837125791708287,1.0001152842493721,1.0,0.36452484130859375,0.0,0.36324310302734375,-0.2635955810546875,258.77848052978516,-84.68410110473633,35.96736515425338,0.11481724915572768,path_segment_002,SUPPORTED,,0.36452484130859375,0.0,0.3904854544300065,-0.3705336574637954,376.1764031267545,-67.87611925013022,43.498208602885356,0.1377135867923139,path_segment_001,SUPPORTED,,0.36452484130859375,0.0,0.36324310302734375,-0.2635955810546875,258.77848052978516,-84.68410110473633,35.96736515425338,0.11481724915572768,path_segment_002,SUPPORTED,,SUPPORTED,
157,37,5233.333333333333,VALID_TARGET,,1.0,494.7143859863281,346.2739715576172,494.7143859863281,346.1040802001953,SUPPORTED,529.68093385214,418.97058823529414,342.6614785992218,176.17647058823528,374.0389105058365,485.5882352941177,SUPPORTED,translation_median_sparse_flow,-0.002685546875,-5.351356506347656,246.0,5.475584030151367,,,SUPPORTED,partial_affine_ransac_sparse_flow,0.16087148149402736,-26.530991605176194,88.0,1.347939581412759,1.0052871806645725,0.35772357723577236,21.531478881835938,-1.7795791625976562,21.534164428710938,3.57177734375,280.3126449584961,-81.11232376098633,-9.417659777748389,5.584295229549713,path_segment_002,SUPPORTED,,21.531478881835938,-1.7795791625976562,26.31686859834872,13.001157564856953,402.4932717251032,-54.87496168527326,-26.290464796287086,7.509340535367692,path_segment_001,SUPPORTED,,21.531478881835938,-1.7795791625976562,21.534164428710938,3.57177734375,280.3126449584961,-81.11232376098633,-9.417659777748389,5.584295229549713,path_segment_002,SUPPORTED,,SUPPORTED,
158,38,5266.666666666667,VALID_TARGET,,1.0,495.9423294067383,345.4056854248047,495.9423294067383,345.4056854248047,SUPPORTED,532.7522697795071,418.921568627451,348.97016861219197,175.88235294117646,367.5642023346303,486.07843137254906,SUPPORTED,translation_median_sparse_flow,0.000701904296875,-0.24756622314453125,246.0,0.06434488296508789,,,SUPPORTED,partial_affine_ransac_sparse_flow,0.023211435580993294,-0.19218678376800022,246.0,0.08021507858186186,0.9999711722157053,1.0,1.2279434204101562,-0.698394775390625,1.2272415161132812,-0.45082855224609375,281.5398864746094,-81.56315231323242,20.17086477320925,0.3344758924374478,path_segment_002,SUPPORTED,,1.2279434204101562,-0.698394775390625,1.2147539306134263,-0.49017053513898645,403.70802565571665,-55.36513222041225,21.974778476298912,0.33511377669971576,path_segment_001,SUPPORTED,,1.2279434204101562,-0.698394775390625,1.2272415161132812,-0.45082855224609375,281.5398864746094,-81.56315231323242,20.17086477320925,0.3344758924374478,path_segment_002,SUPPORTED,,SUPPORTED,
159,39,5300.0,VALID_TARGET,,1.0,512.5720520019531,343.7716979980469,510.6197814941406,343.7716979980469,SUPPORTED,535.8236057068741,418.87254901960785,355.2788586251621,175.58823529411762,361.0894941634241,486.56862745098044,SUPPORTED,translation_median_sparse_flow,-0.6239166259765625,-2.8143157958984375,251.0,5.404243469238281,,,SUPPORTED,partial_affine_ransac_sparse_flow,-3.130372006793171,2.9478899001420076,96.0,1.3028975099094122,1.0041409754410553,0.38247011952191234,14.677452087402344,-1.6339874267578125,15.301368713378906,1.180328369140625,296.8412551879883,-80.3828239440918,-4.410989297389127,3.9261381938130953,path_segment_002,SUPPORTED,,14.677452087402344,-1.6339874267578125,13.070913716869086,-2.127414999913583,416.77893937258574,-57.49254722032583,9.24436976121066,3.387899093277284,path_segment_001,SUPPORTED,,14.677452087402344,-1.6339874267578125,15.301368713378906,1.180328369140625,296.8412551879883,-80.3828239440918,-4.410989297389127,3.9261381938130953,path_segment_002,SUPPORTED,,SUPPORTED,
160,40,5333.333333333333,VALID_TARGET,,1.0,510.6197814941406,341.42286682128906,512.5720520019531,341.42286682128906,SUPPORTED,538.8949416342413,418.82352941176475,361.5875486381323,175.2941176470588,354.61478599221783,487.0588235294118,SUPPORTED,translation_median_sparse_flow,0.0,-6.103515625e-05,234.0,0.00068762490991503,,,SUPPORTED,partial_affine_ransac_sparse_flow,0.01125453820337512,-0.006267672600126009,234.0,0.020817115941119124,0.9999738616311535,1.0,1.9522705078125,-2.3488311767578125,1.9522705078125,-2.3487701416015625,298.7935256958008,-82.73159408569336,50.267033855020266,0.7813456209064542,path_segment_002,SUPPORTED,,1.9522705078125,-2.3488311767578125,1.9541270352356719,-2.3332277726916573,418.7330664078214,-59.82577499301749,50.053122077587524,0.7785968439907108,path_segment_001,SUPPORTED,,1.9522705078125,-2.3488311767578125,1.9522705078125,-2.3487701416015625,298.7935256958008,-82.73159408569336,50.267033855020266,0.7813456209064542,path_segment_002,SUPPORTED,,SUPPORTED,
161,41,5366.666666666666,VALID_TARGET,,1.0,526.2628479003906,334.3411560058594,525.8180770874023,334.3447265625,SUPPORTED,541.4682230869001,413.4313725490196,360.9234760051881,164.50980392156862,361.0894941634241,497.843137254902,SUPPORTED,translation_median_sparse_flow,-1.28900146484375,-0.350128173828125,250.0,4.2648844718933105,,,SUPPORTED,partial_affine_ransac_sparse_flow,-2.819614531124221,2.016377487484615,121.0,0.9288924442479566,1.0031885023247864,0.484,13.246025085449219,-7.0781402587890625,14.535026550292969,-6.7280120849609375,313.32855224609375,-89.4596061706543,24.838601144727264,4.0974981132959005,path_segment_002,SUPPORTED,,13.246025085449219,-7.0781402587890625,13.484903463291971,-8.758061303198133,432.2179698711134,-68.58383629621562,33.00257783230518,4.113544029206997,path_segment_001,SUPPORTED,,13.246025085449219,-7.0781402587890625,14.535026550292969,-6.7280120849609375,313.32855224609375,-89.4596061706543,24.838601144727264,4.0974981132959005,path_segment_002,SUPPORTED,,SUPPORTED,
162,42,5400.0,VALID_TARGET,,1.0,525.8180770874023,332.26087951660156,526.2628479003906,333.23443603515625,SUPPORTED,544.041504539559,408.03921568627453,360.25940337224387,153.72549019607843,367.5642023346303,508.6274509803922,SUPPORTED,translation_median_sparse_flow,-0.0001220703125,-0.16849136352539062,248.0,0.1670297533273697,,,SUPPORTED,partial_affine_ransac_sparse_flow,0.00811127871981198,-0.20172550942722306,248.0,0.14644578511089168,1.0000051795441014,1.0,0.44477081298828125,-1.11029052734375,0.44489288330078125,-0.9417991638183594,313.77344512939453,-90.40140533447266,64.71459832173771,0.26646792883724624,path_segment_002,SUPPORTED,,0.44477081298828125,-1.11029052734375,0.4506634321683123,-0.9366021994258062,432.6686333032817,-69.52043849564143,64.30460783716084,0.2659031437703852,path_segment_001,SUPPORTED,,0.44477081298828125,-1.11029052734375,0.44489288330078125,-0.9417991638183594,313.77344512939453,-90.40140533447266,64.71459832173771,0.26646792883724624,path_segment_002,SUPPORTED,,SUPPORTED,
163,43,5433.333333333334,VALID_TARGET,,1.0,528.9479675292969,333.2380065917969,528.9479675292969,332.26087951660156,SUPPORTED,546.6147859922178,402.64705882352945,359.5953307392996,142.94117647058823,374.0389105058365,519.4117647058824,SUPPORTED,translation_median_sparse_flow,0.00106048583984375,0.4433746337890625,256.0,0.12632174789905548,,,SUPPORTED,partial_affine_ransac_sparse_flow,-0.05019081914629708,0.5515362262807463,256.0,0.13050044891464843,0.9999981284018702,1.0,2.68511962890625,-0.9735565185546875,2.6840591430664062,-1.41693115234375,316.45750427246094,-91.8183364868164,27.829845896185475,0.7764631673963196,path_segment_002,SUPPORTED,,2.68511962890625,-0.9735565185546875,2.6640237860158322,-1.4103062109658708,435.3326570892975,-70.9307447066073,27.89627446430538,0.7711396973561504,path_segment_001,SUPPORTED,,2.68511962890625,-0.9735565185546875,2.6840591430664062,-1.41693115234375,316.45750427246094,-91.8183364868164,27.829845896185475,0.7764631673963196,path_segment_002,SUPPORTED,,SUPPORTED,
164,44,5466.666666666667,VALID_TARGET,,1.0,537.2159576416016,327.6927795410156,537.2159576416016,327.6927795410156,SUPPORTED,549.1880674448768,397.2549019607843,358.93125810635536,132.15686274509804,380.51361867704276,530.1960784313726,SUPPORTED,translation_median_sparse_flow,0.0,0.4805908203125,235.0,2.891348361968994,,,SUPPORTED,partial_affine_ransac_sparse_flow,-1.512400349593394,1.6700151129410343,124.0,1.1668314274021734,1.0019802900751027,0.5276595744680851,8.267990112304688,-4.5680999755859375,8.267990112304688,-5.0486907958984375,324.7254943847656,-96.86702728271484,31.40953140682092,2.4783446714944333,path_segment_002,SUPPORTED,,8.267990112304688,-4.5680999755859375,8.281628329184628,-6.176563591684896,443.61428541848215,-77.1073082982922,36.71613237109324,2.643023774853656,path_segment_001,SUPPORTED,,8.267990112304688,-4.5680999755859375,8.267990112304688,-5.0486907958984375,324.7254943847656,-96.86702728271484,31.40953140682092,2.4783446714944333,path_segment_002,SUPPORTED,,SUPPORTED,
165,45,5500.0,VALID_TARGET,,1.0,551.7537384033203,324.85826110839844,548.2383346557617,324.85826110839844,SUPPORTED,551.7613488975356,391.8627450980392,358.26718547341113,121.37254901960785,386.988326848249,540.9803921568628,SUPPORTED,translation_median_sparse_flow,0.0,1.3284912109375,231.0,3.5506980419158936,,,SUPPORTED,partial_affine_ransac_sparse_flow,-1.8853507419106101,-0.1747606621813933,107.0,0.98664770660715,1.0053335378827182,0.46320346320346323,11.022377014160156,-2.8345184326171875,11.022377014160156,-4.1630096435546875,335.7478713989258,-101.03003692626953,20.690904168784602,3.0142441629523846,path_segment_002,SUPPORTED,,11.022377014160156,-2.8345184326171875,10.708937454280203,-5.4976476978031315,454.32322287276236,-82.60495599609533,27.174605845708538,3.079565269983457,path_segment_001,SUPPORTED,,11.022377014160156,-2.8345184326171875,11.022377014160156,-4.1630096435546875,335.7478713989258,-101.03003692626953,20.690904168784602,3.0142441629523846,path_segment_002,SUPPORTED,,SUPPORTED,
166,46,5533.333333333333,VALID_TARGET,,1.0,548.2383346557617,324.5917205810547,551.7537384033203,324.5917205810547,SUPPORTED,554.3346303501945,386.47058823529414,357.6031128404669,110.58823529411765,393.4630350194552,551.7647058823529,SUPPORTED,translation_median_sparse_flow,-0.00177001953125,-0.24510955810546875,235.0,0.07225506752729416,,,SUPPORTED,partial_affine_ransac_sparse_flow,-0.0026583796623300586,-0.19953883932133604,235.0,0.07790561718494253,0.9999749106671597,1.0,3.5154037475585938,-0.26654052734375,3.5171737670898438,-0.02143096923828125,339.2650451660156,-101.05146789550781,0.34911237645132265,0.899806048468863,path_segment_002,SUPPORTED,,3.5154037475585938,-0.26654052734375,3.5269527372205403,-0.0506419247619192,457.8501756099829,-82.65559792085725,0.822627744866664,0.9023840803952619,path_segment_001,SUPPORTED,,3.5154037475585938,-0.26654052734375,3.5171737670898438,-0.02143096923828125,339.2650451660156,-101.05146789550781,0.34911237645132265,0.899806048468863,path_segment_002,SUPPORTED,,SUPPORTED,
167,47,5566.666666666666,VALID_TARGET,,1.0,564.0545883178711,317.9479217529297,563.7391662597656,320.2164764404297,SUPPORTED,559.0902472699887,380.94876660341555,365.79691226308523,108.69070208728654,386.5866700138069,544.516129032258,SUPPORTED,translation_median_sparse_flow,0.1506195068359375,1.1231575012207031,212.0,3.3298020362854004,,,SUPPORTED,partial_affine_ransac_sparse_flow,-1.527995876603951,-1.4396381257375146,117.0,1.0429232340537755,1.0047895134327909,0.5518867924528302,11.985427856445312,-4.375244140625,11.834808349609375,-5.498401641845703,351.099853515625,-106.54986953735352,24.919380610237926,3.3384748484084197,path_segment_002,SUPPORTED,,11.985427856445312,-4.375244140625,12.34311352886698,-6.98012521735518,470.1932891388499,-89.63572313821243,29.48849175160423,3.627652071722403,path_segment_001,SUPPORTED,,11.985427856445312,-4.375244140625,11.834808349609375,-5.498401641845703,351.099853515625,-106.54986953735352,24.919380610237926,3.3384748484084197,path_segment_002,SUPPORTED,,SUPPORTED,
168,48,5600.0,VALID_TARGET,,1.0,565.1072006225586,320.08453369140625,565.4226226806641,319.28321838378906,SUPPORTED,563.8458641897828,375.426944971537,373.9907116857035,106.79316888045541,379.7103050081586,537.2675521821632,SUPPORTED,translation_median_sparse_flow,-6.103515625e-05,0.3180694580078125,224.0,0.15039044618606567,,,SUPPORTED,partial_affine_ransac_sparse_flow,-0.1048070474143791,0.4847043947983032,224.0,0.0885943879807855,1.0000739087818393,1.0,1.6834564208984375,-0.933258056640625,1.6835174560546875,-1.2513275146484375,352.7833709716797,-107.80119705200195,36.622742385317835,0.5366311816813033,path_segment_002,SUPPORTED,,1.6834564208984375,-0.933258056640625,1.6692487888493588,-1.3054177938884663,471.86253792769924,-90.9411409321009,38.02679704797228,0.5421191095132114,path_segment_001,SUPPORTED,,1.6834564208984375,-0.933258056640625,1.6835174560546875,-1.2513275146484375,352.7833709716797,-107.80119705200195,36.622742385317835,0.5366311816813033,path_segment_002,SUPPORTED,,SUPPORTED,
169,49,5633.333333333334,VALID_TARGET,,1.0,575.6239624023438,318.8474578857422,573.409049987793,318.9035186767578,SUPPORTED,568.601481109577,369.9051233396584,382.18451110832183,104.8956356736243,372.8339400025103,530.0189753320683,SUPPORTED,translation_median_sparse_flow,-0.37640380859375,1.389678955078125,241.0,3.826207160949707,,,SUPPORTED,partial_affine_ransac_sparse_flow,-3.1365570280179402,-2.8581180319978654,136.0,1.2068818344191155,1.0061840386802046,0.5643153526970954,7.986427307128906,-0.37969970703125,8.362831115722656,-1.769378662109375,361.14620208740234,-109.57057571411133,11.946264082861179,2.186802573229657,path_segment_002,SUPPORTED,,7.986427307128906,-0.37969970703125,9.835594388206346,-3.3773090183709655,481.6981323159056,-94.31844995047186,18.951251705360352,2.6604218789197613,path_segment_001,SUPPORTED,,7.986427307128906,-0.37969970703125,8.362831115722656,-1.769378662109375,361.14620208740234,-109.57057571411133,11.946264082861179,2.186802573229657,path_segment_002,SUPPORTED,,SUPPORTED,
170,50,5666.666666666667,VALID_TARGET,,1.0,573.409049987793,317.6871032714844,575.1057891845703,318.71551513671875,SUPPORTED,573.3570980293712,364.3833017077799,390.3783105309401,102.99810246679317,365.95757499686204,522.7703984819734,SUPPORTED,translation_median_sparse_flow,-0.0025634765625,0.09283447265625,269.0,0.0929754227399826,,,SUPPORTED,partial_affine_ransac_sparse_flow,-0.09677618014128635,0.149200218680885,269.0,0.10911620144577087,1.0000839837648239,1.0,1.6967391967773438,-0.1880035400390625,1.6993026733398438,-0.2808380126953125,362.8455047607422,-109.85141372680664,9.384255903483682,0.44062503147107834,path_segment_002,SUPPORTED,,1.6967391967773438,-0.1880035400390625,1.7272908585043751,-0.3314978407829585,483.42542317440996,-94.64994779125482,10.863982340523753,0.4499526182161769,path_segment_001,SUPPORTED,,1.6967391967773438,-0.1880035400390625,1.6993026733398438,-0.2808380126953125,362.8455047607422,-109.85141372680664,9.384255903483682,0.44062503147107834,path_segment_002,SUPPORTED,,SUPPORTED,
171,51,5700.0,VALID_TARGET,,1.0,575.5991592407227,319.72511291503906,576.1173324584961,318.08453369140625,SUPPORTED,578.1127149491653,358.86148007590134,398.5721099535584,101.10056925996206,359.0812099912137,515.5218216318785,SUPPORTED,translation_median_sparse_flow,-0.003631591796875,0.48973846435546875,262.0,0.15352928638458252,,,SUPPORTED,partial_affine_ransac_sparse_flow,-0.0846899263596755,0.46722782234872845,262.0,0.15917931239059185,1.000078644320536,1.0,1.0115432739257812,-0.6309814453125,1.0151748657226562,-1.1207199096679688,363.86067962646484,-110.97213363647461,47.8289645543422,0.38684899011281637,path_segment_002,SUPPORTED,,1.0115432739257812,-0.6309814453125,1.0402917502400442,-1.103943246645315,484.46571492465,-95.75389103790013,46.70032270047824,0.3880571305912693,path_segment_001,SUPPORTED,,1.0115432739257812,-0.6309814453125,1.0151748657226562,-1.1207199096679688,363.86067962646484,-110.97213363647461,47.8289645543422,0.38684899011281637,path_segment_002,SUPPORTED,,SUPPORTED,
172,52,5733.333333333333,VALID_TARGET,,1.0,584.7654571533203,314.83656311035156,584.7654571533203,316.7159652709961,SUPPORTED,582.8683318689594,353.33965844402275,406.7659093761767,99.20303605313093,352.20484498556544,508.27324478178366,SUPPORTED,translation_median_sparse_flow,-1.2838134765625,0.97491455078125,274.0,4.505352973937988,,,SUPPORTED,partial_affine_ransac_sparse_flow,-4.069795196821103,-3.834566157622453,143.0,1.084325118047909,1.0064983246646124,0.5218978102189781,8.648124694824219,-1.3685684204101562,9.931938171386719,-2.3434829711914062,373.79261779785156,-113.31561660766602,13.276353008484636,2.61063420774468,path_segment_002,SUPPORTED,,8.648124694824219,-1.3685684204101562,11.90659430060657,-4.855781755035537,496.3723092252566,-100.60967279293567,22.18675972455805,3.2896019294677936,path_segment_001,SUPPORTED,,8.648124694824219,-1.3685684204101562,9.931938171386719,-2.3434829711914062,373.79261779785156,-113.31561660766602,13.276353008484636,2.61063420774468,path_segment_002,SUPPORTED,,SUPPORTED,
173,53,5766.666666666667,VALID_TARGET,,1.0,597.3731231689453,317.01314544677734,591.4389038085938,317.54649353027344,SUPPORTED,587.6239487887535,347.8178368121442,414.959708798795,97.30550284629982,345.3284799799171,501.0246679316888,SUPPORTED,translation_median_sparse_flow,-2.06597900390625,2.397308349609375,275.0,4.635601997375488,,,SUPPORTED,partial_affine_ransac_sparse_flow,-6.416860404028816,-2.5532370297402727,155.0,1.5487981515290432,1.0078689411659405,0.5636363636363636,6.6734466552734375,0.8305282592773438,8.739425659179688,-1.5667800903320312,382.53204345703125,-114.88239669799805,10.163857053986627,2.271429631038254,path_segment_002,SUPPORTED,,6.6734466552734375,0.8305282592773438,10.884998328250504,-3.493497999863223,507.2573075535071,-104.10317079279889,17.793831541925698,2.9245860647157,path_segment_001,SUPPORTED,,6.6734466552734375,0.8305282592773438,8.739425659179688,-1.5667800903320312,382.53204345703125,-114.88239669799805,10.163857053986627,2.271429631038254,path_segment_002,SUPPORTED,,SUPPORTED,
174,54,5800.0,VALID_TARGET,,1.0,593.6907272338867,318.3235549926758,593.5863876342773,317.97428131103516,SUPPORTED,592.3795657085477,342.2960151802656,423.1535082214133,95.40796963946869,338.45211497426885,493.7760910815939,SUPPORTED,translation_median_sparse_flow,0.0003662109375,-0.35546875,247.0,0.10069228708744049,,,SUPPORTED,partial_affine_ransac_sparse_flow,0.04587498682765597,-0.4677392955530035,247.0,0.10491678704861376,1.0000020479504463,1.0,2.1474838256835938,0.42778778076171875,2.1471176147460938,0.7832565307617188,384.67916107177734,-114.09914016723633,-20.041687484028937,0.5846987681365329,path_segment_002,SUPPORTED,,2.1474838256835938,0.42778778076171875,2.1615975990952165,0.7809164575515979,509.4189051526023,-103.3222543352473,-19.863175833852367,0.587976513104139,path_segment_001,SUPPORTED,,2.1474838256835938,0.42778778076171875,2.1471176147460938,0.7832565307617188,384.67916107177734,-114.09914016723633,-20.041687484028937,0.5846987681365329,path_segment_002,SUPPORTED,,SUPPORTED,
175,55,5833.333333333333,VALID_TARGET,,1.0,592.0301895141602,319.09864044189453,594.2461776733398,319.09864044189453,SUPPORTED,597.1351826283419,336.7741935483871,431.3473076440316,93.51043643263758,331.5757499686205,486.527514231499,SUPPORTED,translation_median_sparse_flow,-7.62939453125e-05,-0.26027679443359375,248.0,0.14215722680091858,,,SUPPORTED,partial_affine_ransac_sparse_flow,-0.05429411955407454,-0.18839597295615024,248.0,0.14467026110157424,1.0000460600192183,1.0,0.6597900390625,1.124359130859375,0.6598663330078125,1.3846359252929688,385.33902740478516,-112.71450424194336,-64.51925592300162,0.3923961880867455,path_segment_002,SUPPORTED,,0.6597900390625,1.124359130859375,0.661318855521472,1.3455759566672896,510.08022400812376,-101.97667837858,-63.826971377493095,0.38356342160772355,path_segment_001,SUPPORTED,,0.6597900390625,1.124359130859375,0.6598663330078125,1.3846359252929688,385.33902740478516,-112.71450424194336,-64.51925592300162,0.3923961880867455,path_segment_002,SUPPORTED,,SUPPORTED,
176,56,5866.666666666666,VALID_TARGET,,1.0,603.7270889282227,319.8860397338867,604.1273651123047,319.09864044189453,SUPPORTED,601.8907995481361,331.25237191650854,439.54110706664994,91.61290322580646,324.69938496297226,479.27893738140415,SUPPORTED,translation_median_sparse_flow,-3.800201416015625,1.8511505126953125,252.0,4.47072696685791,,,SUPPORTED,partial_affine_ransac_sparse_flow,-8.796375521642988,-2.5932107448621187,128.0,1.0691495143927066,1.0097708951255848,0.5079365079365079,9.881187438964844,0.0,13.681388854980469,-1.8511505126953125,399.0204162597656,-114.56565475463867,7.705569173678994,3.531966902612886,path_segment_002,SUPPORTED,,9.881187438964844,0.0,15.329390690500759,-5.061075354801744,525.4096146986245,-107.03775373338175,18.270899522946397,4.129886773766611,path_segment_001,SUPPORTED,,9.881187438964844,0.0,13.681388854980469,-1.8511505126953125,399.0204162597656,-114.56565475463867,7.705569173678994,3.531966902612886,path_segment_002,SUPPORTED,,SUPPORTED,
177,57,5900.0,VALID_TARGET,,1.0,605.3630218505859,323.0768814086914,604.1273651123047,318.9270553588867,SUPPORTED,606.6464164679302,325.73055028463,447.7349064892682,89.71537001897534,317.82301995732394,472.03036053130927,SUPPORTED,translation_median_sparse_flow,-0.0021209716796875,-0.26800537109375,259.0,0.11088038980960846,,,SUPPORTED,partial_affine_ransac_sparse_flow,0.056624245815303266,-0.38658063228317796,258.0,0.11693398183752847,0.9999688310786145,0.9961389961389961,0.0,-0.1715850830078125,0.0021209716796875,0.0964202880859375,399.0225372314453,-114.46923446655273,-88.73985928455772,0.024672916685602522,path_segment_002,SUPPORTED,,0.0,-0.1715850830078125,0.009326675426450493,0.13574667409733365,525.418941374051,-106.90200705928441,-86.0695858206976,0.03480958676562353,path_segment_001,SUPPORTED,,0.0,-0.1715850830078125,0.0021209716796875,0.0964202880859375,399.0225372314453,-114.46923446655273,-88.73985928455772,0.024672916685602522,path_segment_002,SUPPORTED,,SUPPORTED,
178,58,5933.333333333334,VALID_TARGET,,1.0,616.7437362670898,312.9357147216797,606.7619667053223,316.4108772277832,SUPPORTED,611.4020333877243,320.2087286527514,455.9287059118865,87.81783681214422,310.94665495167567,464.7817836812144,SUPPORTED,translation_median_sparse_flow,-6.167022705078125,1.2508697509765625,256.0,5.678722381591797,,,SUPPORTED,partial_affine_ransac_sparse_flow,-10.04558960599134,-2.107246150273372,130.0,0.857639769365682,1.0109630416927375,0.5078125,2.634601593017578,-2.5161781311035156,8.801624298095703,-3.767047882080078,407.824161529541,-118.23628234863281,23.170664426775474,2.449261449441738,path_segment_002,SUPPORTED,,2.634601593017578,-2.5161781311035156,7.613313493917985,-6.836090021558107,533.032254867969,-113.73809708084252,41.92106657389629,2.617636303868781,path_segment_001,SUPPORTED,,2.634601593017578,-2.5161781311035156,8.801624298095703,-3.767047882080078,407.824161529541,-118.23628234863281,23.170664426775474,2.449261449441738,path_segment_002,SUPPORTED,,SUPPORTED,
179,59,5966.666666666667,VALID_TARGET,,1.0,605.4457702636719,309.85010528564453,609.3965682983398,312.9357147216797,SUPPORTED,616.1576503075185,314.68690702087287,464.1225053345048,85.9203036053131,304.07028994602734,457.5332068311195,SUPPORTED,translation_median_sparse_flow,-0.00049591064453125,0.2491455078125,230.0,0.05521758645772934,,,SUPPORTED,partial_affine_ransac_sparse_flow,-0.02551925219077384,0.21408525669605113,230.0,0.06534396835714372,1.0000024620315748,1.0,2.634601593017578,-3.4751625061035156,2.6350975036621094,-3.7243080139160156,410.4592590332031,-121.96059036254883,54.7190596876188,1.1671508127276498,path_segment_002,SUPPORTED,,2.634601593017578,-3.4751625061035156,2.6621999358233097,-3.69687832656507,535.6944548037923,-117.43497540740759,54.24154492660078,1.1654676049813615,path_segment_001,SUPPORTED,,2.634601593017578,-3.4751625061035156,2.6350975036621094,-3.7243080139160156,410.4592590332031,-121.96059036254883,54.7190596876188,1.1671508127276498,path_segment_002,SUPPORTED,,SUPPORTED,
180,60,6000.0,TARGET_IDENTITY_UNCERTAIN,TARGET_OVERLAP_AMBIGUOUS: multiple pose candidates plus a target-continuity jump.,,615.0086441040039,307.0675964355469,,,,620.9132672273126,309.16508538899427,472.31630475712313,84.02277039848198,297.1939249403791,450.28462998102464,,,,,,,,,,,,,,,,,,,,,,,,,,,,,,,,,,,,,,,,,,,,,,,,,,,
181,61,6033.333333333333,VALID_TARGET,,2.0,616.9976272583008,305.5066604614258,620.0024909973145,305.5066604614258,SUPPORTED,625.6688841471068,303.64326375711573,480.5101041797414,82.12523719165085,290.31755993473075,443.03605313092976,SUPPORTED,translation_median_sparse_flow,-2.223876953125,0.4563751220703125,238.0,3.9506096839904785,,,SUPPORTED,partial_affine_ransac_sparse_flow,-11.23040261381909,-0.7488204924622113,151.0,1.3679598395917802,1.0110785668310898,0.634453781512605,,,,,0.0,0.0,,,path_segment_003,SUPPORTED,,,,,,0.0,0.0,,,path_segment_002,SUPPORTED,,,,,,0.0,0.0,,,path_segment_003,SUPPORTED,,SUPPORTED,
182,62,6066.666666666666,VALID_TARGET,,2.0,620.8086090087891,300.89781188964844,621.1531276702881,303.2022361755371,SUPPORTED,630.4245010669009,298.1214421252372,488.7039036023597,80.22770398481974,283.4411949290825,435.7874762808349,SUPPORTED,translation_median_sparse_flow,-2.1441650390625,-0.00556182861328125,235.0,4.796430587768555,,,SUPPORTED,partial_affine_ransac_sparse_flow,-10.808811363244699,-0.5852298538385722,113.0,1.0039438361270887,1.0115372368295064,0.4808510638297872,1.1506366729736328,-2.304424285888672,3.294801712036133,-2.2988624572753906,3.294801712036133,-2.2988624572753906,34.90440898143498,1.0277922461229771,path_segment_003,SUPPORTED,,1.1506366729736328,-2.304424285888672,3.8017440487653857,-3.1967480665370545,3.8017440487653857,-3.1967480665370545,40.05925656261281,1.2707297936382478,path_segment_002,SUPPORTED,,1.1506366729736328,-2.304424285888672,3.294801712036133,-2.2988624572753906,3.294801712036133,-2.2988624572753906,34.90440898143498,1.0277922461229771,path_segment_003,SUPPORTED,,SUPPORTED,
183,63,6100.0,VALID_TARGET,,2.0,621.4976463317871,330.1299743652344,622.3037643432617,301.18621826171875,SUPPORTED,635.1801179866951,292.59962049335866,496.897703024978,78.33017077798863,276.5648299234342,428.53889943074006,SUPPORTED,translation_median_sparse_flow,-0.0001220703125,0.23028564453125,211.0,0.1373332440853119,,,SUPPORTED,partial_affine_ransac_sparse_flow,-0.05950718707127676,0.20807884232918342,211.0,0.12422957933910389,1.0000401575167495,1.0,1.1506366729736328,-2.0160179138183594,1.1507587432861328,-2.2463035583496094,4.445560455322266,-4.545166015625,62.87439255207009,0.645685465460986,path_segment_003,SUPPORTED,,1.1506366729736328,-2.0160179138183594,1.164546812103481,-2.193958160411114,4.966290860868867,-5.3907062269481685,62.04076333436363,0.6354425438032207,path_segment_002,SUPPORTED,,1.1506366729736328,-2.0160179138183594,1.1507587432861328,-2.2463035583496094,4.445560455322266,-4.545166015625,62.87439255207009,0.645685465460986,path_segment_003,SUPPORTED,,SUPPORTED,
184,64,6133.333333333334,VALID_TARGET,,2.0,627.0822334289551,298.4670639038086,626.2667846679688,300.0315628051758,SUPPORTED,639.9357349064892,287.07779886148006,505.0915024475963,76.4326375711575,269.68846491778584,421.2903225806451,SUPPORTED,translation_median_sparse_flow,-0.213836669921875,-0.00070953369140625,204.0,4.8307695388793945,,,SUPPORTED,partial_affine_ransac_sparse_flow,-10.26869288055756,0.36834341137286136,127.0,1.353175755935988,1.0125573970428619,0.6225490196078431,3.9630203247070312,-1.1546554565429688,4.176856994628906,-1.1539459228515625,8.622417449951172,-5.6991119384765625,15.443950787418105,1.1085837657608184,path_segment_003,SUPPORTED,,3.9630203247070312,-1.1546554565429688,4.6480162368792435,-1.6223046768545828,9.61430709774811,-7.013010903802751,19.240602709960385,1.2594381436761906,path_segment_002,SUPPORTED,,3.9630203247070312,-1.1546554565429688,4.176856994628906,-1.1539459228515625,8.622417449951172,-5.6991119384765625,15.443950787418105,1.1085837657608184,path_segment_003,SUPPORTED,,SUPPORTED,
185,65,6166.666666666667,VALID_TARGET,,2.0,626.4363555908203,300.3199691772461,627.2518043518066,298.4670639038086,SUPPORTED,644.6913518262834,281.55597722960147,513.2853018702147,74.53510436432637,262.81209991213757,414.04174573055025,SUPPORTED,translation_median_sparse_flow,6.103515625e-05,-4.57763671875e-05,247.0,0.0013925682287663221,,,SUPPORTED,partial_affine_ransac_sparse_flow,0.043905414016250525,-0.0065531626442392795,247.0,0.03083943143759279,0.99995800485811,1.0,0.9850196838378906,-1.5644989013671875,0.9849586486816406,-1.564453125,9.607376098632812,-7.2635650634765625,57.80603357966686,0.4729456829919368,path_segment_003,SUPPORTED,,0.9850196838378906,-1.5644989013671875,0.9729401614490598,-1.556879653342321,10.58724725919717,-8.569890557145072,57.99751793123642,0.4696705583868811,path_segment_002,SUPPORTED,,0.9850196838378906,-1.5644989013671875,0.9849586486816406,-1.564453125,9.607376098632812,-7.2635650634765625,57.80603357966686,0.4729456829919368,path_segment_003,SUPPORTED,,SUPPORTED,
186,66,6200.0,VALID_TARGET,,2.0,639.8035125732422,283.9895477294922,639.8035125732422,288.32843017578125,SUPPORTED,649.4469687460775,276.03415559772293,521.4791012928329,72.63757115749526,255.93573490648927,406.79316888045537,SUPPORTED,translation_median_sparse_flow,-0.78131103515625,-0.162078857421875,262.0,5.935764312744141,,,SUPPORTED,partial_affine_ransac_sparse_flow,-9.210391825181807,2.447552135325035,114.0,1.15447988568005,1.0131833188789674,0.4351145038167939,12.551708221435547,-10.138633728027344,13.333019256591797,-9.976554870605469,22.94039535522461,-17.24011993408203,36.806011883505676,4.260129269530113,path_segment_003,SUPPORTED,,12.551708221435547,-10.138633728027344,11.023373701037599,-11.275622467667574,21.61062096023477,-19.845513024812647,45.64810869398817,4.034085709743808,path_segment_002,SUPPORTED,,12.551708221435547,-10.138633728027344,13.333019256591797,-9.976554870605469,22.94039535522461,-17.24011993408203,36.806011883505676,4.260129269530113,path_segment_003,SUPPORTED,,SUPPORTED,
187,67,6233.333333333333,VALID_TARGET,,2.0,640.4815139770508,285.95796966552734,640.4815139770508,288.32843017578125,SUPPORTED,654.2025856658717,270.5123339658444,529.6729007154512,70.74003795066415,249.059369900841,399.54459203036055,SUPPORTED,translation_median_sparse_flow,0.00054931640625,0.249481201171875,327.0,0.03509389981627464,,,SUPPORTED,partial_affine_ransac_sparse_flow,-0.0069418232838332075,0.2229499952419123,327.0,0.05514530108517273,1.0000053706919076,1.0,0.6780014038085938,0.0,0.6774520874023438,-0.249481201171875,23.617847442626953,-17.489601135253906,20.216934931245508,0.1846893311229325,path_segment_003,SUPPORTED,,0.6780014038085938,0.0,0.6764672392909006,-0.21331489305691775,22.28708819952567,-20.058827917869564,17.501971563888837,0.1814592035655396,path_segment_002,SUPPORTED,,0.6780014038085938,0.0,0.6774520874023438,-0.249481201171875,23.617847442626953,-17.489601135253906,20.216934931245508,0.1846893311229325,path_segment_003,SUPPORTED,,SUPPORTED,
188,68,6266.666666666667,VALID_TARGET,,2.0,647.0724945068359,288.32843017578125,647.0724945068359,288.32843017578125,SUPPORTED,658.9582025856658,264.99051233396585,537.8667001380695,68.84250474383302,242.18300489519268,392.2960151802656,SUPPORTED,translation_median_sparse_flow,-0.38134765625,-6.103515625e-05,339.0,5.9784321784973145,,,SUPPORTED,partial_affine_ransac_sparse_flow,-8.392667611301308,2.709937440232067,124.0,1.0481869195871916,1.0152120405014313,0.36578171091445427,6.590980529785156,0.0,6.972328186035156,6.103515625e-05,30.59017562866211,-17.489540100097656,-0.0005015622847417652,1.7837124431041127,path_segment_003,SUPPORTED,,6.590980529785156,0.0,3.0402685633965802,-2.158316214669128,25.32735676292225,-22.217144132538692,35.37131278198273,0.9538472205431673,path_segment_002,SUPPORTED,,6.590980529785156,0.0,6.972328186035156,6.103515625e-05,30.59017562866211,-17.489540100097656,-0.0005015622847417652,1.7837124431041127,path_segment_003,SUPPORTED,,SUPPORTED,
189,69,6300.0,VALID_TARGET,,2.0,647.5495185852051,290.7467956542969,647.5495185852051,290.7467956542969,SUPPORTED,663.71381950546,259.46869070208726,546.0604995606878,66.94497153700189,235.30663988954439,385.04743833017073,SUPPORTED,translation_median_sparse_flow,0.0003662109375,-0.465789794921875,319.0,0.13492360711097717,,,SUPPORTED,partial_affine_ransac_sparse_flow,0.014539705001981193,-0.4545284012056758,319.0,0.13432718457089277,1.0000257594900033,1.0,0.4770240783691406,2.418365478515625,0.4766578674316406,2.8841552734375,31.06683349609375,-14.605384826660156,-80.61568090399003,0.7478545521677414,path_segment_003,SUPPORTED,,0.4770240783691406,2.418365478515625,0.4551448380251486,2.844531890469,25.7825016009474,-19.372612242069692,-80.90933548023872,0.7369657488521478,path_segment_002,SUPPORTED,,0.4770240783691406,2.418365478515625,0.4766578674316406,2.8841552734375,31.06683349609375,-14.605384826660156,-80.61568090399003,0.7478545521677414,path_segment_003,SUPPORTED,,SUPPORTED,
190,70,6333.333333333333,VALID_TARGET,,2.0,654.2283325195312,300.00655364990234,652.5222854614258,298.0763397216797,SUPPORTED,668.4694364252542,253.94686907020875,554.2542989833062,65.04743833017079,228.4302748838961,377.7988614800759,SUPPORTED,translation_median_sparse_flow,0.2308197021484375,-0.000102996826171875,350.0,5.028643608093262,,,SUPPORTED,partial_affine_ransac_sparse_flow,-5.409949758740558,2.2171320060827346,153.0,1.319361352153921,1.0145725399568246,0.43714285714285717,4.972766876220703,7.3295440673828125,4.741947174072266,7.329647064208984,35.808780670166016,-7.275737762451172,-57.098975930321664,2.233327433587928,path_segment_003,SUPPORTED,,4.972766876220703,7.3295440673828125,-0.95848663054187,5.15495913199112,24.82401497040553,-14.217653110078572,-100.533000736274,1.3413822654562453,path_segment_002,SUPPORTED,,4.972766876220703,7.3295440673828125,4.741947174072266,7.329647064208984,35.808780670166016,-7.275737762451172,-57.098975930321664,2.233327433587928,path_segment_003,SUPPORTED,,SUPPORTED,
191,71,6366.666666666666,VALID_TARGET,,2.0,653.5296745300293,303.73531341552734,653.5296745300293,298.10132598876953,SUPPORTED,673.2250533450483,248.42504743833018,562.4480984059244,63.149905123339664,221.55390987824782,370.55028462998104,SUPPORTED,translation_median_sparse_flow,-3.814697265625e-05,-0.23712158203125,308.0,0.06517979502677917,,,SUPPORTED,partial_affine_ransac_sparse_flow,0.037694901038167694,-0.19824510056975836,308.0,0.08631096056713691,0.9999558780536063,1.0,1.0073890686035156,0.02498626708984375,1.0074272155761719,0.26210784912109375,36.81620788574219,-7.013629913330078,-14.583632880660863,0.2663075915223313,path_segment_003,SUPPORTED,,1.0073890686035156,0.02498626708984375,1.0078170824220933,0.21595434391514345,25.83183205282762,-14.001698766163429,-12.09440596961486,0.2636799215279624,path_segment_002,SUPPORTED,,1.0073890686035156,0.02498626708984375,1.0074272155761719,0.26210784912109375,36.81620788574219,-7.013629913330078,-14.583632880660863,0.2663075915223313,path_segment_003,SUPPORTED,,SUPPORTED,
192,72,6400.0,VALID_TARGET,,2.0,654.1466941833496,298.10132598876953,655.8527412414551,298.10132598876953,SUPPORTED,677.9806702648425,242.9032258064516,570.6418978285427,61.25237191650854,214.6775448725995,363.3017077798861,SUPPORTED,translation_median_sparse_flow,0.00018310546875,-0.48333740234375,317.0,0.06219036132097244,,,SUPPORTED,partial_affine_ransac_sparse_flow,0.06768796991948399,-0.43776331818542513,317.0,0.11871852643820813,0.9999539567207906,1.0,2.3230667114257812,0.0,2.3228836059570312,0.48333740234375,39.13909149169922,-6.530292510986328,-11.754182779808508,0.6069853402129051,path_segment_003,SUPPORTED,,2.3230667114257812,0.0,2.3149155047128716,0.3869423967443595,28.146747557540493,-13.61475636941907,-9.489367412178835,0.6004349898878683,path_segment_002,SUPPORTED,,2.3230667114257812,0.0,2.3228836059570312,0.48333740234375,39.13909149169922,-6.530292510986328,-11.754182779808508,0.6069853402129051,path_segment_003,SUPPORTED,,SUPPORTED,
193,73,6433.333333333334,VALID_TARGET,,2.0,676.8801040649414,299.65612030029297,676.7330551147461,297.9032669067383,SUPPORTED,682.7362871846367,237.38140417457305,578.835697251161,59.35483870967742,207.8011798669512,356.0531309297913,SUPPORTED,translation_median_sparse_flow,6.103515625e-05,-0.445037841796875,296.0,3.9532861709594727,,,SUPPORTED,partial_affine_ransac_sparse_flow,-1.6146389640610768,2.5853942449073464,125.0,1.1074174988487202,1.0012334327515997,0.4222972972972973,20.880313873291016,-0.19805908203125,20.880252838134766,0.246978759765625,60.019344329833984,-6.283313751220703,-0.6776824391255033,5.342114016944662,path_segment_003,SUPPORTED,,20.880313873291016,-0.19805908203125,20.86743675039827,-1.3436188943508114,49.01418430793876,-14.95837526376988,3.684092540278382,5.349516438305968,path_segment_002,SUPPORTED,,20.880313873291016,-0.19805908203125,20.880252838134766,0.246978759765625,60.019344329833984,-6.283313751220703,-0.6776824391255033,5.342114016944662,path_segment_003,SUPPORTED,,SUPPORTED,
194,74,6466.666666666667,VALID_TARGET,,2.0,680.0282745361328,286.21390533447266,679.7183113098145,286.21390533447266,SUPPORTED,687.4919041044307,231.8595825426945,587.0294966737792,57.4573055028463,200.9248148613029,348.8045540796964,SUPPORTED,translation_median_sparse_flow,1.194427490234375,-2.13446044921875,257.0,3.5054664611816406,,,SUPPORTED,partial_affine_ransac_sparse_flow,-2.7277793626100464,-0.22198056375952283,103.0,1.2542863194178173,1.0042546842397404,0.40077821011673154,2.9852561950683594,-11.689361572265625,1.7908287048339844,-9.554901123046875,61.81017303466797,-15.838214874267578,79.38448813245903,2.4869685018077954,path_segment_003,SUPPORTED,,2.9852561950683594,-11.689361572265625,1.098697186045797,-8.762015948542512,50.11288149398456,-23.720391212312393,82.85280282777425,2.259117399876616,path_segment_002,SUPPORTED,,2.9852561950683594,-11.689361572265625,1.7908287048339844,-9.554901123046875,61.81017303466797,-15.838214874267578,79.38448813245903,2.4869685018077954,path_segment_003,SUPPORTED,,SUPPORTED,
195,75,6500.0,VALID_TARGET,,2.0,681.3786964416504,280.8107376098633,680.1753234863281,282.8848342895508,SUPPORTED,692.2475210242249,226.33776091081594,595.2232960963976,55.55977229601518,194.0484498556546,341.5559772296015,SUPPORTED,translation_median_sparse_flow,0.001922607421875,0.283599853515625,247.0,0.17943687736988068,,,SUPPORTED,partial_affine_ransac_sparse_flow,-0.06083319140977773,0.37726973596376834,247.0,0.14288702483003146,1.0000332032495154,1.0,0.4570121765136719,-3.329071044921875,0.4550895690917969,-3.6126708984375,62.265262603759766,-19.450885772705078,82.82024621635428,0.9315242752936335,path_segment_003,SUPPORTED,,0.4570121765136719,-3.329071044921875,0.45195863172921236,-3.6129482862402256,50.56484012571377,-27.33333949855262,82.86967329150136,0.93149492032465,path_segment_002,SUPPORTED,,0.4570121765136719,-3.329071044921875,0.4550895690917969,-3.6126708984375,62.265262603759766,-19.450885772705078,82.82024621635428,0.9315242752936335,path_segment_003,SUPPORTED,,SUPPORTED,
196,76,6533.333333333333,VALID_TARGET,,2.0,679.650520324707,282.8848342895508,681.3786964416504,280.8107376098633,SUPPORTED,697.003137944019,220.81593927893738,603.4170955190159,53.66223908918406,187.1720848500063,334.30740037950665,SUPPORTED,translation_median_sparse_flow,0.0,0.2207489013671875,279.0,0.1313266158103943,,,SUPPORTED,partial_affine_ransac_sparse_flow,-0.016203216365181437,0.13639677211751963,279.0,0.12879242903117932,1.0000377589354144,1.0,1.2033729553222656,-2.0740966796875,1.2033729553222656,-2.2948455810546875,63.46863555908203,-21.745731353759766,62.328346296967744,0.66290510022132,path_segment_003,SUPPORTED,,1.2033729553222656,-2.0740966796875,1.2044339711902694,-2.246517380020805,51.76927409690404,-29.579856878573423,61.80273528758411,0.652109032973376,path_segment_002,SUPPORTED,,1.2033729553222656,-2.0740966796875,1.2033729553222656,-2.2948455810546875,63.46863555908203,-21.745731353759766,62.328346296967744,0.66290510022132,path_segment_003,SUPPORTED,,SUPPORTED,
197,77,6566.666666666666,VALID_TARGET,,2.0,693.8793525695801,260.9712829589844,691.2977390289307,264.78285217285156,SUPPORTED,701.7587548638132,215.29411764705884,611.6108949416342,51.76470588235294,180.29571984435802,327.05882352941177,SUPPORTED,translation_median_sparse_flow,0.9138717651367188,-3.4993896484375,260.0,3.624307632446289,,,SUPPORTED,partial_affine_ransac_sparse_flow,-4.15811228473643,-1.5203342941886433,97.0,1.3560923395392284,1.0058950965020095,0.3730769230769231,9.919042587280273,-16.02788543701172,9.005170822143555,-12.528495788574219,72.47380638122559,-34.274227142333984,54.29236032958171,3.947179422058064,path_segment_003,SUPPORTED,,9.919042587280273,-16.02788543701172,7.751255014396634,-10.493648628444816,59.520529111300675,-40.07350550701824,53.54814226198576,3.3375288828764678,path_segment_002,SUPPORTED,,9.919042587280273,-16.02788543701172,9.005170822143555,-12.528495788574219,72.47380638122559,-34.274227142333984,54.29236032958171,3.947179422058064,path_segment_003,SUPPORTED,,SUPPORTED,
198,78,6600.0,VALID_TARGET,,2.0,691.2977390289307,264.78285217285156,693.8793525695801,260.9712829589844,SUPPORTED,713.7120622568093,214.9019607843137,619.5797665369649,50.19607843137255,188.26459143968876,329.4117647058823,SUPPORTED,translation_median_sparse_flow,0.00074005126953125,0.384490966796875,302.0,0.11549939215183258,,,SUPPORTED,partial_affine_ransac_sparse_flow,-0.027007307605417738,0.3890853758837371,302.0,0.12334672004400374,1.0000248329751176,1.0,2.581613540649414,-3.8115692138671875,2.580873489379883,-4.1960601806640625,75.05467987060547,-38.47028732299805,58.40554705528114,1.2602667665051963,path_segment_003,SUPPORTED,,2.581613540649414,-3.8115692138671875,2.5729521809857943,-4.158920489683396,62.09348129228647,-44.232425996701636,58.256634155715226,1.2511162707918912,path_segment_002,SUPPORTED,,2.581613540649414,-3.8115692138671875,2.580873489379883,-4.1960601806640625,75.05467987060547,-38.47028732299805,58.40554705528114,1.2602667665051963,path_segment_003,SUPPORTED,,SUPPORTED,
199,79,6633.333333333334,VALID_TARGET,,2.0,703.0446586608887,258.7306900024414,700.1091728210449,258.7306900024414,SUPPORTED,725.6653696498055,214.50980392156862,627.5486381322958,48.627450980392155,196.23346303501947,331.7647058823529,SUPPORTED,translation_median_sparse_flow,1.2144927978515625,-4.90924072265625,280.0,4.822805404663086,,,SUPPORTED,partial_affine_ransac_sparse_flow,-4.789618342855887,-6.161330897074678,105.0,1.4899672006922633,1.0096786277268714,0.375,6.229820251464844,-2.2405929565429688,5.015327453613281,2.6686477661132812,80.07000732421875,-35.801639556884766,-28.017371943499096,1.453387521538931,path_segment_003,SUPPORTED,,6.229820251464844,-2.2405929565429688,2.4079887312357187,6.4912157942276,64.50147002352219,-37.741210202474036,-69.64710397634805,1.7712105093932908,path_segment_002,SUPPORTED,,6.229820251464844,-2.2405929565429688,5.015327453613281,2.6686477661132812,80.07000732421875,-35.801639556884766,-28.017371943499096,1.453387521538931,path_segment_003,SUPPORTED,,SUPPORTED,
200,80,6666.666666666667,VALID_TARGET,,2.0,701.9504013061523,243.41151428222656,704.8858871459961,246.13219451904297,SUPPORTED,737.6186770428016,214.11764705882354,635.5175097276265,47.05882352941177,204.2023346303502,334.11764705882354,SUPPORTED,translation_median_sparse_flow,0.00042724609375,-0.25501251220703125,318.0,0.07365736365318298,,,SUPPORTED,partial_affine_ransac_sparse_flow,0.07823357463471944,-0.24211401387582118,318.0,0.08871737027359894,0.999906394594573,1.0,4.776714324951172,-12.598495483398438,4.776287078857422,-12.343482971191406,84.84629440307617,-48.14512252807617,68.84614969165024,3.385964901039175,path_segment_003,SUPPORTED,,4.776714324951172,-12.598495483398438,4.780379284159835,-12.376439975716266,69.28184930768202,-50.1176501781903,68.88102948408469,3.3942064865310253,path_segment_002,SUPPORTED,,4.776714324951172,-12.598495483398438,4.776287078857422,-12.343482971191406,84.84629440307617,-48.14512252807617,68.84614969165024,3.385964901039175,path_segment_003,SUPPORTED,,SUPPORTED,
201,81,6700.0,VALID_TARGET,,2.0,714.4871444702148,246.13219451904297,714.4871444702148,243.41151428222656,SUPPORTED,749.5719844357976,213.72549019607843,643.4863813229572,45.490196078431374,212.17120622568095,336.4705882352941,SUPPORTED,translation_median_sparse_flow,0.76629638671875,-5.44036865234375,306.0,5.064168930053711,,,SUPPORTED,partial_affine_ransac_sparse_flow,-3.1998772935436413,-6.319982694375909,105.0,1.2166735966973978,1.00329607327467,0.3431372549019608,9.60125732421875,-2.7206802368164062,8.8349609375,2.7196884155273438,93.68125534057617,-45.42543411254883,-17.110068204322587,2.36489186519694,path_segment_003,SUPPORTED,,9.60125732421875,-2.7206802368164062,10.054920109677255,4.002385584633288,79.33676941735928,-46.115264593557015,-21.705149765450408,2.7686209191938214,path_segment_002,SUPPORTED,,9.60125732421875,-2.7206802368164062,8.8349609375,2.7196884155273438,93.68125534057617,-45.42543411254883,-17.110068204322587,2.36489186519694,path_segment_003,SUPPORTED,,SUPPORTED,
202,82,6733.333333333333,VALID_TARGET,,2.0,716.3444442749023,235.95301818847656,716.3444442749023,235.95301818847656,SUPPORTED,761.5252918287938,213.33333333333331,651.455252918288,43.92156862745098,220.1400778210117,338.82352941176464,SUPPORTED,translation_median_sparse_flow,0.0,-6.103515625e-05,318.0,0.00042791099986061454,,,SUPPORTED,partial_affine_ransac_sparse_flow,0.00787579297647874,-0.0184138922859394,318.0,0.018086603895342338,0.999989425414189,1.0,1.8572998046875,-7.45849609375,1.8572998046875,-7.45843505859375,95.53855514526367,-52.88386917114258,76.01661342021302,1.9663428217737682,path_segment_003,SUPPORTED,,1.8572998046875,-7.45849609375,1.8610046983349093,-7.44932333475046,81.19777411569419,-53.564587928307475,75.97335679017614,1.9643104613434783,path_segment_002,SUPPORTED,,1.8572998046875,-7.45849609375,1.8572998046875,-7.45843505859375,95.53855514526367,-52.88386917114258,76.01661342021302,1.9663428217737682,path_segment_003,SUPPORTED,,SUPPORTED,
203,83,6766.666666666667,VALID_TARGET,,2.0,741.2066802978516,232.7458648681641,737.4744834899902,235.36282348632812,SUPPORTED,773.4785992217899,212.9411764705882,659.4241245136187,42.35294117647059,228.1089494163424,341.17647058823525,SUPPORTED,translation_median_sparse_flow,0.1237335205078125,-5.186920166015625,312.0,5.07357120513916,,,SUPPORTED,partial_affine_ransac_sparse_flow,-6.4284663925777865,-8.603769733476165,113.0,1.4170600419858883,1.0169998361401302,0.36217948717948717,21.13003921508789,-0.5901947021484375,21.006305694580078,4.5967254638671875,116.54486083984375,-48.28714370727539,-12.343241833564292,5.501149843101004,path_segment_003,SUPPORTED,,21.13003921508789,-0.5901947021484375,15.444029095571295,3.8104375056209676,96.64180321126548,-49.75415042268651,-13.859534985201277,4.069484869050279,path_segment_002,SUPPORTED,,21.13003921508789,-0.5901947021484375,21.006305694580078,4.5967254638671875,116.54486083984375,-48.28714370727539,-12.343241833564292,5.501149843101004,path_segment_003,SUPPORTED,,SUPPORTED,
204,84,6800.0,VALID_TARGET,,2.0,738.240665435791,234.72660064697263,738.7115592956543,233.73623275756836,SUPPORTED,775.3712062256809,217.88235294117646,665.0023346303502,41.17647058823529,220.73774319066146,353.4117647058823,SUPPORTED,translation_median_sparse_flow,0.0001068115234375,-0.245697021484375,310.0,0.04642551392316818,,,SUPPORTED,partial_affine_ransac_sparse_flow,0.05765546943900042,-0.21136797134431248,310.0,0.08052345781741846,0.9999389356967979,1.0,1.2370758056640625,-1.6265907287597656,1.236968994140625,-1.3808937072753906,117.78182983398438,-49.66803741455078,48.14683628380073,0.4742793786811855,path_segment_003,SUPPORTED,,1.2370758056640625,-1.6265907287597656,1.2402961291619476,-1.450484619293178,97.88209934042743,-51.204635041979685,49.46655046678098,0.48823769625626223,path_segment_002,SUPPORTED,,1.2370758056640625,-1.6265907287597656,1.236968994140625,-1.3808937072753906,117.78182983398438,-49.66803741455078,48.14683628380073,0.4742793786811855,path_segment_003,SUPPORTED,,SUPPORTED,
205,85,6833.333333333333,VALID_TARGET,,2.0,739.1824531555176,224.8718414306641,739.9486351013184,232.1096420288086,SUPPORTED,777.263813229572,222.8235294117647,670.5805447470817,40.0,213.36653696498053,365.6470588235294,SUPPORTED,translation_median_sparse_flow,0.00091552734375,-4.622520446777344,350.0,4.669496536254883,,,SUPPORTED,partial_affine_ransac_sparse_flow,-7.276765013949748,-7.846992142038059,128.0,1.1823508894196788,1.0170739414647714,0.3657142857142857,1.2370758056640625,-1.6265907287597656,1.2361602783203125,2.995929718017578,119.01799011230469,-46.6721076965332,-67.57830786203641,0.8291209882773206,path_segment_003,SUPPORTED,,1.2370758056640625,-1.6265907287597656,-4.25352439434414,2.7189114789225926,93.62857494608329,-48.48572356305709,-147.4127249991736,1.291483638914801,path_segment_002,SUPPORTED,,1.2370758056640625,-1.6265907287597656,1.2361602783203125,2.995929718017578,119.01799011230469,-46.6721076965332,-67.57830786203641,0.8291209882773206,path_segment_003,SUPPORTED,,SUPPORTED,
206,86,6866.666666666666,TARGET_IDENTITY_UNCERTAIN,Temporal/body-scale discontinuity suggests target identity uncertainty.,,735.5614624023438,263.2934875488281,,,,779.156420233463,227.76470588235293,676.1587548638132,38.8235294117647,205.99533073929962,377.88235294117646,,,,,,,,,,,,,,,,,,,,,,,,,,,,,,,,,,,,,,,,,,,,,,,,,,,
207,87,6900.0,TARGET_IDENTITY_UNCERTAIN,Temporal/body-scale discontinuity suggests target identity uncertainty.,,745.1776371002197,199.23889923095703,,,,781.049027237354,232.7058823529412,681.7369649805447,37.64705882352941,198.62412451361868,390.11764705882354,,,,,,,,,,,,,,,,,,,,,,,,,,,,,,,,,,,,,,,,,,,,,,,,,,,
208,88,6933.333333333334,TARGET_IDENTITY_UNCERTAIN,Temporal/body-scale discontinuity suggests target identity uncertainty.,,750.5668563842773,217.64432525634768,,,,782.9416342412451,237.64705882352942,687.3151750972762,36.470588235294116,191.25291828793775,402.3529411764706,,,,,,,,,,,,,,,,,,,,,,,,,,,,,,,,,,,,,,,,,,,,,,,,,,,
209,89,6966.666666666667,INVALID_TRACK_SEGMENT,Valid-looking pose segment is too short to establish target identity continuity.,,761.0781059265137,217.38037109375,,,,794.6814897165091,235.96638655462186,692.722623679822,32.94117647058823,203.91773207337408,406.05042016806726,,,,,,,,,,,,,,,,,,,,,,,,,,,,,,,,,,,,,,,,,,,,,,,,,,,
210,90,7000.0,INVALID_TRACK_SEGMENT,Valid-looking pose segment is too short to establish target identity continuity.,,753.4006633758545,219.42527770996097,,,,806.4213451917732,234.28571428571428,698.130072262368,29.41176470588235,216.58254585881042,409.74789915966386,,,,,,,,,,,,,,,,,,,,,,,,,,,,,,,,,,,,,,,,,,,,,,,,,,,
211,91,7033.333333333333,LOW_POSE_CONFIDENCE,Frame/core landmark confidence below threshold.,,775.5236854553223,209.46240234375,,,,818.1612006670372,232.60504201680672,703.5375208449138,25.88235294117647,229.24735964424676,413.4453781512605,,,,,,,,,,,,,,,,,,,,,,,,,,,,,,,,,,,,,,,,,,,,,,,,,,,
212,92,7066.666666666666,VALID_TARGET,,3.0,773.5770816802979,220.1055908203125,774.496940612793,218.09532928466797,SUPPORTED,829.9010561423013,230.92436974789916,708.9449694274597,22.352941176470587,241.9121734296831,417.14285714285717,UNSTABLE_TRANSFORM,translation_median_sparse_flow,-0.113311767578125,-12.471206665039062,344.0,13.118036270141602,,,SUPPORTED,partial_affine_ransac_sparse_flow,-15.46145123670982,-13.08832302093752,58.0,0.7547113880456978,1.0109841125109176,0.1686046511627907,,,,,0.0,0.0,,,path_segment_004,SUPPORTED,,,,,,0.0,0.0,,,path_segment_003,SUPPORTED,,,,,,0.0,0.0,,,path_segment_004,SUPPORTED,,SUPPORTED,
213,93,7100.0,VALID_TARGET,,3.0,769.6162376403809,218.16751098632812,779.8092222213745,214.46400833129883,SUPPORTED,841.6409116175653,229.2436974789916,714.3524180100055,18.823529411764707,254.57698721511946,420.8403361344538,SUPPORTED,translation_median_sparse_flow,-0.00193023681640625,0.30062103271484375,328.0,0.12841661274433136,,,SUPPORTED,partial_affine_ransac_sparse_flow,-0.08303667925822682,0.34220592181706205,328.0,0.13396425956447003,1.0000731285296023,1.0,5.312281608581543,-3.6313209533691406,5.314211845397949,-3.9319419860839844,5.314211845397949,-3.9319419860839844,36.49743661599894,1.69119148936457,path_segment_004,SUPPORTED,,5.312281608581543,-3.6313209533691406,5.319234960708286,-3.9204094723759795,5.319234960708286,-3.9204094723759795,36.39114515293649,1.6904726100236718,path_segment_003,SUPPORTED,,5.312281608581543,-3.6313209533691406,5.314211845397949,-3.9319419860839844,5.314211845397949,-3.9319419860839844,36.49743661599894,1.69119148936457,path_segment_004,SUPPORTED,,SUPPORTED,
214,94,7133.333333333334,VALID_TARGET,,3.0,785.121503829956,210.8326873779297,785.121503829956,210.8326873779297,SUPPORTED,853.3807670928294,227.56302521008405,719.7598665925515,15.294117647058826,267.24180100055577,424.5378151260504,SUPPORTED,translation_median_sparse_flow,-1.69354248046875,-2.98974609375,343.0,3.2063791751861572,,,SUPPORTED,partial_affine_ransac_sparse_flow,-4.792663964232292,-2.9574737400981,152.0,1.5011059876097272,1.0036428794412577,0.44314868804664725,5.312281608581543,-3.6313209533691406,7.005824089050293,-0.6415748596191406,12.320035934448242,-4.573516845703125,5.232401646097786,1.7997813274339838,path_segment_004,SUPPORTED,,5.312281608581543,-3.6313209533691406,6.701607574073819,0.6010562834570408,12.020842534782105,-3.3193531889189387,-5.125052647528646,1.7213364276069696,path_segment_003,SUPPORTED,,5.312281608581543,-3.6313209533691406,7.005824089050293,-0.6415748596191406,12.320035934448242,-4.573516845703125,5.232401646097786,1.7997813274339838,path_segment_004,SUPPORTED,,SUPPORTED,
215,95,7166.666666666667,VALID_TARGET,,3.0,793.0092544555664,192.5902328491211,792.8415260314941,192.5902328491211,SUPPORTED,865.1206225680934,225.88235294117646,725.1673151750973,11.764705882352942,279.90661478599213,428.2352941176471,SUPPORTED,translation_median_sparse_flow,-2.116180419921875,-1.1970977783203125,316.0,2.6866931915283203,,,SUPPORTED,partial_affine_ransac_sparse_flow,-3.9734950273728096,-0.5648839602348634,144.0,1.0912755412087147,1.0009421619356675,0.45569620253164556,7.720022201538086,-18.242454528808594,9.836202621459961,-17.04535675048828,22.156238555908203,-21.618873596191406,60.012452133693635,5.0346351612336875,path_segment_004,SUPPORTED,,7.720022201538086,-18.242454528808594,10.659167995145594,-16.77593167973808,22.6800105299277,-20.095284868657018,57.568753177740746,5.084788746365081,path_segment_003,SUPPORTED,,7.720022201538086,-18.242454528808594,9.836202621459961,-17.04535675048828,22.156238555908203,-21.618873596191406,60.012452133693635,5.0346351612336875,path_segment_004,SUPPORTED,,SUPPORTED,
216,96,7200.0,VALID_TARGET,,3.0,793.1418190002441,192.1183090209961,793.3095474243164,192.1183090209961,SUPPORTED,865.1206225680934,225.88235294117646,725.1673151750973,11.764705882352942,279.90661478599213,428.2352941176471,SUPPORTED,translation_median_sparse_flow,0.0002899169921875,-0.36834716796875,318.0,0.11386489868164062,,,SUPPORTED,partial_affine_ransac_sparse_flow,0.10545114118769239,-0.40263724765660125,318.0,0.11152907449412995,0.999908587627631,1.0,0.4680213928222656,-0.471923828125,0.4677314758300781,-0.10357666015625,22.62397003173828,-21.722450256347656,12.486348840445972,0.12255729801328798,path_segment_004,SUPPORTED,,0.4680213928222656,-0.471923828125,0.4618140257957748,-0.16184567013308993,23.141824555723474,-20.257130538790108,19.313337738054667,0.1251898577888794,path_segment_003,SUPPORTED,,0.4680213928222656,-0.471923828125,0.4677314758300781,-0.10357666015625,22.62397003173828,-21.722450256347656,12.486348840445972,0.12255729801328798,path_segment_004,SUPPORTED,,SUPPORTED,
217,97,7233.333333333333,VALID_TARGET,,3.0,794.5146903991699,191.2064208984375,793.8232460021973,191.2064208984375,SUPPORTED,865.1206225680934,225.88235294117646,725.1673151750973,11.764705882352942,279.90661478599213,428.2352941176471,SUPPORTED,translation_median_sparse_flow,0.00615692138671875,-0.2547149658203125,333.0,0.1070726290345192,,,SUPPORTED,partial_affine_ransac_sparse_flow,0.03253970396688019,-0.22334007812087162,333.0,0.12323863988139994,0.9999949848795953,1.0,0.5136985778808594,-0.9118881225585938,0.5075416564941406,-0.6571731567382812,23.131511688232422,-22.379623413085938,52.320718126968856,0.21242533473584474,path_segment_004,SUPPORTED,,0.5136985778808594,-0.9118881225585938,0.4892652472494774,-0.7046286992732007,23.63108980297295,-20.96175923806331,55.22547332155629,0.21945785813112892,path_segment_003,SUPPORTED,,0.5136985778808594,-0.9118881225585938,0.5075416564941406,-0.6571731567382812,23.131511688232422,-22.379623413085938,52.320718126968856,0.21242533473584474,path_segment_004,SUPPORTED,,SUPPORTED,
218,98,7266.666666666667,VALID_TARGET,,3.0,795.5378074645996,189.0702362060547,796.2292518615723,189.0702362060547,SUPPORTED,865.1206225680934,225.88235294117646,725.1673151750973,11.764705882352942,279.90661478599213,428.2352941176471,SUPPORTED,translation_median_sparse_flow,-2.508880615234375,-0.3133697509765625,335.0,2.683074951171875,,,SUPPORTED,partial_affine_ransac_sparse_flow,-3.3452590531918553,-0.1418705684995933,167.0,1.1884716829903341,1.00150211124883,0.49850746268656715,2.406005859375,-2.1361846923828125,4.914886474609375,-1.82281494140625,28.046398162841797,-24.202438354492188,20.34862387756652,1.3410519839003914,path_segment_004,SUPPORTED,,2.406005859375,-2.1361846923828125,4.485966551362139,-1.9786701233315682,28.11705635433509,-22.940429361394877,23.801316509495415,1.2543117852845322,path_segment_003,SUPPORTED,,2.406005859375,-2.1361846923828125,4.914886474609375,-1.82281494140625,28.046398162841797,-24.202438354492188,20.34862387756652,1.3410519839003914,path_segment_004,SUPPORTED,,SUPPORTED,
219,99,7300.0,VALID_TARGET,,3.0,797.3824462890625,183.59358978271484,797.3824462890625,183.59358978271484,SUPPORTED,865.1206225680934,225.88235294117646,725.1673151750973,11.764705882352942,279.90661478599213,428.2352941176471,SUPPORTED,translation_median_sparse_flow,-0.00548553466796875,-0.472808837890625,312.0,0.08883396536111832,,,SUPPORTED,partial_affine_ransac_sparse_flow,0.016980665097346193,-0.45403037667128665,312.0,0.12067118532773266,0.9999827485754289,1.0,1.1531944274902344,-5.476646423339844,1.1586799621582031,-5.003837585449219,29.205078125,-29.206275939941406,76.9624679822182,1.3139900308876549,path_segment_004,SUPPORTED,,1.1531944274902344,-5.476646423339844,1.1709199929283614,-5.107643848104232,29.287976347263452,-28.04807320949911,77.08813343446751,1.3405715751498892,path_segment_003,SUPPORTED,,1.1531944274902344,-5.476646423339844,1.1586799621582031,-5.003837585449219,29.205078125,-29.206275939941406,76.9624679822182,1.3139900308876549,path_segment_004,SUPPORTED,,SUPPORTED,
220,100,7333.333333333333,VALID_TARGET,,3.0,805.7460594177246,180.34327697753903,805.6815910339355,181.60488891601562,SUPPORTED,865.1206225680934,225.88235294117646,725.1673151750973,11.764705882352942,279.90661478599213,428.2352941176471,SUPPORTED,translation_median_sparse_flow,-2.532135009765625,-0.5089111328125,343.0,3.1670708656311035,,,SUPPORTED,partial_affine_ransac_sparse_flow,-2.79633193108522,1.0640285363468045,148.0,0.9395630498455887,0.9983864343849451,0.4314868804664723,8.299144744873047,-1.9887008666992188,10.831279754638672,-1.4797897338867188,40.03635787963867,-30.686065673828125,7.779691313609274,2.7966788664931674,path_segment_004,SUPPORTED,,8.299144744873047,-1.9887008666992188,12.318866177039013,-2.481611161571408,41.606842524302465,-30.529684371070516,11.389684498862376,3.214813382398982,path_segment_003,SUPPORTED,,8.299144744873047,-1.9887008666992188,10.831279754638672,-1.4797897338867188,40.03635787963867,-30.686065673828125,7.779691313609274,2.7966788664931674,path_segment_004,SUPPORTED,,SUPPORTED,
221,101,7366.666666666666,VALID_TARGET,,3.0,806.245677947998,181.6048889160156,806.3101463317871,180.34327697753906,SUPPORTED,865.1206225680934,225.88235294117646,725.1673151750973,11.764705882352942,279.90661478599213,428.2352941176471,SUPPORTED,translation_median_sparse_flow,1.52587890625e-05,0.23320770263671875,346.0,0.10394810885190964,,,SUPPORTED,partial_affine_ransac_sparse_flow,-0.04976886082318649,0.15083453255643903,346.0,0.12289220892303873,1.0000660886582968,1.0,0.6285552978515625,-1.2616119384765625,0.6285400390625,-1.4948196411132812,40.66489791870117,-32.180885314941406,67.19427633602541,0.4148466624095105,path_segment_004,SUPPORTED,,0.6285552978515625,-1.2616119384765625,0.6277224518512412,-1.436181221932145,42.234564976153706,-31.96586559300266,66.3909453664852,0.4009764247044291,path_segment_003,SUPPORTED,,0.6285552978515625,-1.2616119384765625,0.6285400390625,-1.4948196411132812,40.66489791870117,-32.180885314941406,67.19427633602541,0.4148466624095105,path_segment_004,SUPPORTED,,SUPPORTED,
222,102,7400.0,VALID_TARGET,,3.0,814.6787452697754,179.06598663330078,813.9502029418945,180.34327697753906,SUPPORTED,865.1206225680934,225.88235294117646,725.1673151750973,11.764705882352942,279.90661478599213,428.2352941176471,SUPPORTED,translation_median_sparse_flow,-1.1682891845703125,-1.573516845703125,350.0,4.359466552734375,,,SUPPORTED,partial_affine_ransac_sparse_flow,0.05080217262765775,0.32314572468725394,135.0,0.9437914700665853,0.9966356205387484,0.38571428571428573,7.640056610107422,0.0,8.808345794677734,1.573516845703125,49.473243713378906,-30.60736846923828,-10.12844093490057,2.2890891604739703,path_segment_004,SUPPORTED,,7.640056610107422,0.0,10.613053705292941,-1.1015638229177966,52.84761868144665,-33.06742941592046,5.925699300252615,2.7296955348181617,path_segment_003,SUPPORTED,,7.640056610107422,0.0,8.808345794677734,1.573516845703125,49.473243713378906,-30.60736846923828,-10.12844093490057,2.2890891604739703,path_segment_004,SUPPORTED,,SUPPORTED,
223,103,7433.333333333334,VALID_TARGET,,3.0,814.3605308532715,179.76121520996094,815.0890731811523,180.9540786743164,SUPPORTED,865.1206225680934,225.88235294117646,725.1673151750973,11.764705882352942,279.90661478599213,428.2352941176471,SUPPORTED,translation_median_sparse_flow,-0.0001220703125,-0.00029754638671875,326.0,0.022471195086836815,,,SUPPORTED,partial_affine_ransac_sparse_flow,-0.01545702069221349,-0.057582030729155166,326.0,0.06191461270230925,0.9999975770788532,1.0,1.1388702392578125,0.6108016967773438,1.1389923095703125,0.6110992431640625,50.61223602294922,-29.99626922607422,-28.21472475601832,0.3306756420800061,path_segment_004,SUPPORTED,,1.1388702392578125,0.6108016967773438,1.1617496454409775,0.6442236307549365,54.009368326887625,-32.42320578516552,-29.00963022497541,0.33984491884243345,path_segment_003,SUPPORTED,,1.1388702392578125,0.6108016967773438,1.1389923095703125,0.6110992431640625,50.61223602294922,-29.99626922607422,-28.21472475601832,0.3306756420800061,path_segment_004,SUPPORTED,,SUPPORTED,
224,104,7466.666666666667,VALID_TARGET,,3.0,823.3031692504883,180.9540786743164,823.3031692504883,179.76121520996094,SUPPORTED,865.1206225680934,225.88235294117646,725.1673151750973,11.764705882352942,279.90661478599213,428.2352941176471,SUPPORTED,translation_median_sparse_flow,-0.207275390625,-2.22613525390625,325.0,4.4380292892456055,,,SUPPORTED,partial_affine_ransac_sparse_flow,3.365670298405881,-0.8056599000900677,120.0,0.9753392743126235,0.9945595286340478,0.36923076923076925,8.214096069335938,-1.1928634643554688,8.421371459960938,1.0332717895507812,59.033607482910156,-28.962997436523438,-6.995022570597572,2.1705735394468544,path_segment_004,SUPPORTED,,8.214096069335938,-1.1928634643554688,10.006155102811363,-2.6301881495461714,64.01552342969899,-35.05339393471169,14.727439497558708,2.6468063009820137,path_segment_003,SUPPORTED,,8.214096069335938,-1.1928634643554688,8.421371459960938,1.0332717895507812,59.033607482910156,-28.962997436523438,-6.995022570597572,2.1705735394468544,path_segment_004,SUPPORTED,,SUPPORTED,
225,105,7500.0,VALID_TARGET,,3.0,823.6279067993164,181.44558715820312,823.6279067993164,179.76121520996094,SUPPORTED,865.1206225680934,225.88235294117646,725.1673151750973,11.764705882352942,279.90661478599213,428.2352941176471,SUPPORTED,translation_median_sparse_flow,6.866455078125e-05,0.1775970458984375,350.0,0.16775581240653992,,,SUPPORTED,partial_affine_ransac_sparse_flow,0.005425634876219907,0.18974320781166693,350.0,0.12993967274494445,0.9999727550027863,1.0,0.324737548828125,0.0,0.32466888427734375,-0.1775970458984375,59.3582763671875,-29.140594482421875,28.67908941348103,0.0946736198683836,path_segment_004,SUPPORTED,,0.324737548828125,0.0,0.33267621495554067,-0.14331575986869893,64.34819964465453,-35.19670969458039,23.306209965609792,0.09266916290354886,path_segment_003,SUPPORTED,,0.324737548828125,0.0,0.32466888427734375,-0.1775970458984375,59.3582763671875,-29.140594482421875,28.67908941348103,0.0946736198683836,path_segment_004,SUPPORTED,,SUPPORTED,
226,106,7533.333333333333,VALID_TARGET,,3.0,832.8993835449219,171.55107879638672,832.8993835449219,172.91305541992188,SUPPORTED,865.1206225680934,225.88235294117646,725.1673151750973,11.764705882352942,279.90661478599213,428.2352941176471,SUPPORTED,translation_median_sparse_flow,-0.0582275390625,-3.2514801025390625,346.0,4.88688850402832,,,SUPPORTED,partial_affine_ransac_sparse_flow,4.821029901680997,-3.4867572895928194,131.0,1.6623256261345998,0.9961794895209932,0.3786127167630058,9.271476745605469,-6.8481597900390625,9.329704284667969,-3.5966796875,68.68798065185547,-32.737274169921875,21.082071829170538,2.5580113814748993,path_segment_004,SUPPORTED,,9.271476745605469,-6.8481597900390625,8.421983105179834,-6.413022764932322,72.77018274983436,-41.60973245951271,37.28790545672485,2.7081072412344387,path_segment_003,SUPPORTED,,9.271476745605469,-6.8481597900390625,9.329704284667969,-3.5966796875,68.68798065185547,-32.737274169921875,21.082071829170538,2.5580113814748993,path_segment_004,SUPPORTED,,SUPPORTED,
227,107,7566.666666666666,VALID_TARGET,,3.0,837.2756767272949,168.70347595214844,837.2756767272949,172.91305541992188,SUPPORTED,865.1206225680934,225.88235294117646,725.1673151750973,11.764705882352942,279.90661478599213,428.2352941176471,SUPPORTED,translation_median_sparse_flow,0.0,1.9073486328125e-05,350.0,0.0003948279481846839,,,SUPPORTED,partial_affine_ransac_sparse_flow,0.0029265610453166387,0.00878822990454196,350.0,0.007787892645549155,0.9999932138433915,1.0,4.376293182373047,0.0,4.376293182373047,-1.9073486328125e-05,73.06427383422852,-32.7372932434082,0.00024971596318017545,1.1195756131331365,path_segment_004,SUPPORTED,,4.376293182373047,0.0,4.3788878670623035,-0.006984093298768812,77.14907061689667,-41.61671655281148,0.09138364410743156,1.1202408293676296,path_segment_003,SUPPORTED,,4.376293182373047,0.0,4.376293182373047,-1.9073486328125e-05,73.06427383422852,-32.7372932434082,0.00024971596318017545,1.1195756131331365,path_segment_004,SUPPORTED,,SUPPORTED,
228,108,7600.0,VALID_TARGET,,3.0,847.2407722473145,172.91305541992188,847.1500205993652,171.55107879638672,SUPPORTED,865.1206225680934,225.88235294117646,725.1673151750973,11.764705882352942,279.90661478599213,428.2352941176471,SUPPORTED,translation_median_sparse_flow,0.5405044555664062,-3.3748130798339844,350.0,5.175502777099609,,,SUPPORTED,partial_affine_ransac_sparse_flow,7.846287539233063,-4.9306178110001255,124.0,1.4296814758190095,0.996064713109934,0.35428571428571426,9.874343872070312,-1.3619766235351562,9.333839416503906,2.012836456298828,82.39811325073242,-30.724456787109375,-12.169436931013845,2.4427438343218797,path_segment_004,SUPPORTED,,9.874343872070312,-1.3619766235351562,7.056650140588658,-3.9421422945873985,84.20572075748532,-45.55885884739888,29.1895667520004,2.067882896916837,path_segment_003,SUPPORTED,,9.874343872070312,-1.3619766235351562,9.333839416503906,2.012836456298828,82.39811325073242,-30.724456787109375,-12.169436931013845,2.4427438343218797,path_segment_004,SUPPORTED,,SUPPORTED,
229,109,7633.333333333334,VALID_TARGET,,3.0,847.1997222900391,173.0211410522461,847.2904739379883,169.23052215576172,SUPPORTED,865.1206225680934,225.88235294117646,725.1673151750973,11.764705882352942,279.90661478599213,428.2352941176471,SUPPORTED,translation_median_sparse_flow,0.000843048095703125,0.2456512451171875,350.0,0.05490932613611221,,,SUPPORTED,partial_affine_ransac_sparse_flow,0.0063421259433688055,0.20491855414191829,350.0,0.08264432379759645,1.0000045102213015,1.0,0.14045333862304688,-2.320556640625,0.13961029052734375,-2.5662078857421875,82.53772354125977,-33.29066467285156,86.88598777858304,0.6574770572942001,path_segment_004,SUPPORTED,,0.14045333862304688,-2.320556640625,0.1280656607717674,-2.5152625058484546,84.33378641825709,-48.074121353247335,87.08527795654373,0.6443065371404841,path_segment_003,SUPPORTED,,0.14045333862304688,-2.320556640625,0.13961029052734375,-2.5662078857421875,82.53772354125977,-33.29066467285156,86.88598777858304,0.6574770572942001,path_segment_004,SUPPORTED,,SUPPORTED,
230,110,7666.666666666667,VALID_TARGET,,3.0,854.6763458251953,169.16688537597656,854.475341796875,169.23052215576172,SUPPORTED,865.1206225680934,225.88235294117646,725.1673151750973,11.764705882352942,279.90661478599213,428.2352941176471,SUPPORTED,translation_median_sparse_flow,1.624267578125,-3.4624786376953125,350.0,5.274425506591797,,,SUPPORTED,partial_affine_ransac_sparse_flow,7.496250831360071,-4.250013401379577,106.0,1.1315239251775713,0.996443900340766,0.3028571428571429,7.184867858886719,0.0,5.560600280761719,3.4624786376953125,88.09832382202148,-29.82818603515625,-31.90972624586212,1.6757969227090035,path_segment_004,SUPPORTED,,7.184867858886719,0.0,4.010829761208356,-1.5752440603813795,88.34461617946545,-49.649365413628715,21.442302622420623,1.1023800108588102,path_segment_003,SUPPORTED,,7.184867858886719,0.0,5.560600280761719,3.4624786376953125,88.09832382202148,-29.82818603515625,-31.90972624586212,1.6757969227090035,path_segment_004,SUPPORTED,,SUPPORTED,
231,111,7700.0,VALID_TARGET,,3.0,854.6697196960449,169.2211456298828,854.8707237243652,169.15750885009766,SUPPORTED,865.1206225680934,225.88235294117646,725.1673151750973,11.764705882352942,279.90661478599213,428.2352941176471,SUPPORTED,translation_median_sparse_flow,0.0,-2.6702880859375e-05,350.0,0.0003657894558273256,,,SUPPORTED,partial_affine_ransac_sparse_flow,0.00530387683210003,-0.007527114880421385,350.0,0.012435215682070042,0.9999913639037755,1.0,0.3953819274902344,-0.0730133056640625,0.3953819274902344,-0.07298660278320312,88.49370574951172,-29.901172637939453,10.45893040205436,0.10285848690520422,path_segment_004,SUPPORTED,,0.3953819274902344,-0.0730133056640625,0.3971555018267736,-0.06250044563648771,88.74177168129222,-49.7118658592652,8.943302225038563,0.10285367822380594,path_segment_003,SUPPORTED,,0.3953819274902344,-0.0730133056640625,0.3953819274902344,-0.07298660278320312,88.49370574951172,-29.901172637939453,10.45893040205436,0.10285848690520422,path_segment_004,SUPPORTED,,SUPPORTED,
232,112,7733.333333333333,VALID_TARGET,,3.0,865.3207473754883,165.64978790283203,865.3207473754883,166.34308624267578,SUPPORTED,865.1206225680934,225.88235294117646,725.1673151750973,11.764705882352942,279.90661478599213,428.2352941176471,SUPPORTED,translation_median_sparse_flow,2.019805908203125,-3.8965187072753906,350.0,5.319733619689941,,,SUPPORTED,partial_affine_ransac_sparse_flow,6.1040958863986585,-13.837016893466604,128.0,1.3526472274938306,1.0043765082840457,0.3657142857142857,10.450023651123047,-2.814422607421875,8.430217742919922,1.0820960998535156,96.92392349243164,-28.819076538085938,-7.314444910168045,2.174374749488583,path_segment_004,SUPPORTED,,10.450023651123047,-2.814422607421875,2.255293811424849,2.143043712217718,90.99706549271707,-47.568822147047484,-43.53807009423081,0.7959063388116437,path_segment_003,SUPPORTED,,10.450023651123047,-2.814422607421875,8.430217742919922,1.0820960998535156,96.92392349243164,-28.819076538085938,-7.314444910168045,2.174374749488583,path_segment_004,SUPPORTED,,SUPPORTED,
233,113,7766.666666666667,VALID_TARGET,,3.0,865.463996887207,166.34308624267578,865.463996887207,165.64978790283203,SUPPORTED,865.1206225680934,225.88235294117646,725.1673151750973,11.764705882352942,279.90661478599213,428.2352941176471,SUPPORTED,translation_median_sparse_flow,0.00109100341796875,-0.250396728515625,350.0,0.041397858411073685,,,SUPPORTED,partial_affine_ransac_sparse_flow,0.06732054783263271,-0.2610832878086541,350.0,0.060666037690733046,0.9999675733727273,1.0,0.14324951171875,-0.69329833984375,0.14215850830078125,-0.442901611328125,97.06608200073242,-29.261978149414062,72.20488376829434,0.1189998531212048,path_segment_004,SUPPORTED,,0.14324951171875,-0.69329833984375,0.12359344249023252,-0.5287746245601568,91.1206589352073,-48.09759677160764,76.84412270819023,0.13892108441438408,path_segment_003,SUPPORTED,,0.14324951171875,-0.69329833984375,0.14215850830078125,-0.442901611328125,97.06608200073242,-29.261978149414062,72.20488376829434,0.1189998531212048,path_segment_004,SUPPORTED,,SUPPORTED,
234,114,7800.0,VALID_TARGET,,3.0,880.08056640625,162.52848052978516,872.7722816467285,164.80584335327148,SUPPORTED,865.1206225680934,225.88235294117646,725.1673151750973,11.764705882352942,279.90661478599213,428.2352941176471,SUPPORTED,translation_median_sparse_flow,2.76080322265625,-4.164764404296875,349.0,5.04350471496582,,,SUPPORTED,partial_affine_ransac_sparse_flow,9.281316207418733,-6.348612066218793,143.0,1.5270811234181216,0.9938323587452944,0.40974212034383956,7.308284759521484,-0.8439445495605469,4.547481536865234,3.320819854736328,101.61356353759766,-25.941158294677734,-36.13896373984068,1.4405474282104986,path_segment_004,SUPPORTED,,7.308284759521484,-0.8439445495605469,5.331207792258965,-3.434203207925009,96.45186672746627,-51.53179997953265,32.78841262629412,1.6223475954779045,path_segment_003,SUPPORTED,,7.308284759521484,-0.8439445495605469,4.547481536865234,3.320819854736328,101.61356353759766,-25.941158294677734,-36.13896373984068,1.4405474282104986,path_segment_004,SUPPORTED,,SUPPORTED,
235,115,7833.333333333333,VALID_TARGET,,3.0,880.7547073364258,163.96189880371094,880.08056640625,163.96189880371094,SUPPORTED,865.1206225680934,225.88235294117646,725.1673151750973,11.764705882352942,279.90661478599213,428.2352941176471,SUPPORTED,translation_median_sparse_flow,0.0001220703125,-3.910064697265625e-05,350.0,0.02301900088787079,,,SUPPORTED,partial_affine_ransac_sparse_flow,0.003556579165769428,-0.013693942484434792,350.0,0.05412053754200706,1.0000373406526648,1.0,7.308284759521484,-0.8439445495605469,7.308162689208984,-0.8439054489135742,108.92172622680664,-26.78506374359131,6.5870193384298,1.8820519430932918,path_segment_004,SUPPORTED,,7.308284759521484,-0.8439445495605469,7.270367021537027,-0.8270240549711332,103.7222337490033,-52.35882403450378,6.489655584262542,1.8719538978794588,path_segment_003,SUPPORTED,,7.308284759521484,-0.8439445495605469,7.308162689208984,-0.8439054489135742,108.92172622680664,-26.78506374359131,6.5870193384298,1.8820519430932918,path_segment_004,SUPPORTED,,SUPPORTED,
236,116,7866.666666666666,TARGET_IDENTITY_UNCERTAIN,TARGET_OVERLAP_AMBIGUOUS: multiple pose candidates plus a target-continuity jump.,,880.8371276855469,163.38443756103516,,,,865.1206225680934,225.88235294117646,725.1673151750973,11.764705882352942,279.90661478599213,428.2352941176471,,,,,,,,,,,,,,,,,,,,,,,,,,,,,,,,,,,,,,,,,,,,,,,,,,,
237,117,7900.0,INVALID_TRACK_SEGMENT,Valid-looking pose segment is too short to establish target identity continuity.,,880.5555953979492,162.36939239501953,,,,865.1206225680934,225.88235294117646,725.1673151750973,11.764705882352942,279.90661478599213,428.2352941176471,,,,,,,,,,,,,,,,,,,,,,,,,,,,,,,,,,,,,,,,,,,,,,,,,,,
