frame_index,source_frame_index,analysis_frame_index,timestamp_ms,observed_landmark_count,observed_fraction,median_confidence,core_observed_count,lower_limb_observed_count,core_median_confidence,lower_limb_median_confidence,human_target_unavailable,human_target_unavailable_reason,human_target_unavailable_note,human_target_unavailable_start_frame,human_target_unavailable_end_frame,human_target_accepted,human_target_accepted_note,human_target_accepted_start_frame,human_target_accepted_end_frame,pelvis_x,pelvis_y,shoulder_mid_x,shoulder_mid_y,body_scale_px,backend_pose_count,selected_pose_index,multiple_pose_candidates,competing_pose_count,competing_pose_max_iou,competing_pose_min_center_distance_fraction,pose_bbox_x,pose_bbox_y,pose_bbox_width,pose_bbox_height,pose_centroid_x,pose_centroid_y,roi_center_x,roi_center_y,roi_pose_centroid_distance_px,roi_pose_centroid_distance_fraction,pose_roi_overlap_fraction,pose_scale_px,pose_scale_relative_change,pose_centroid_consistent_with_roi,pelvis_jump_px,shoulder_jump_px,body_scale_reference_px,body_scale_relative_change,identity_jump_flag,competing_pose_proximity_flag,target_overlap_ambiguous_flag,identity_uncertain_flag,frame_status,frame_rejection_reason,valid_target_frame,valid_segment_id,automatic_frame_status,automatic_frame_rejection_reason,manual_review_decision,manual_override_applied
0,0,0,0.0,17,1.0,0.9860565662384033,4,6,0.9996365904808044,0.9990949630737305,False,,,,,False,,,,636.521858215332,331.1665954589844,606.9501800537109,179.97420501708984,154.05720715639623,1,0,False,0,0.0,,518.3031845092773,125.24587631225586,256.1175308227539,415.61975479125977,646.3619499206543,333.05575370788574,627.5486381322958,356.57948590674533,30.121531783919185,0.04415087361886141,1.0,488.19665112277363,,True,,,141.014920597077,,False,False,False,False,VALID_TARGET,,True,1,VALID_TARGET,,NOT_REVIEWED,False
1,1,1,33.333333333333336,17,1.0,0.987158477306366,4,6,0.9997084140777588,0.9990904629230499,False,,,,,False,,,,635.8548355102539,324.66185760498047,602.9269866943359,174.66542053222656,153.5681424064398,1,0,False,0,0.0,,516.7813491821289,120.77233505249023,257.0306930541992,423.07602310180664,645.2966957092285,332.31034660339355,629.2420233463035,355.4897693114446,28.196420726031516,0.04115435167194116,1.0,495.0334316948325,0.04848267504680322,True,6.538848051331448,6.661026761216636,141.014920597077,0.0034681773239716193,False,False,False,False,VALID_TARGET,,True,1,VALID_TARGET,,NOT_REVIEWED,False
2,2,2,66.66666666666667,17,1.0,0.982869565486908,4,6,0.9988303482532501,0.9961212277412415,False,,,,,False,,,,633.4503936767578,337.25672912597656,603.0619506835938,200.63666534423828,139.95892002753885,1,0,False,0,0.0,,550.4005813598633,145.26023864746094,148.75542449951172,405.0113067626953,624.7782936096191,347.7658920288086,630.9354085603113,354.4000527161439,9.051085710643893,0.01315493396683867,1.0,431.46533455615645,0.45078986584908715,True,12.822329318850944,25.971595491302455,141.014920597077,0.09650909507502878,False,False,False,False,VALID_TARGET,,True,1,VALID_TARGET,,NOT_REVIEWED,False
3,3,3,100.0,17,1.0,0.980730414390564,4,6,0.998701423406601,0.9954756796360016,False,,,,,False,,,,632.8261795043945,338.5690460205078,602.6669998168945,199.83641815185547,141.97294867250199,1,0,False,0,0.0,,548.2202072143555,145.06916046142578,160.1626968383789,402.70165252685547,628.3015556335449,346.4199867248535,632.6287937743191,353.31033612084315,8.1364552924345,0.011775953727645611,1.0,433.3828681505566,0.01359809009061618,True,1.4532098832072813,0.8924022389164195,141.014920597077,0.014282379739927185,False,False,False,False,VALID_TARGET,,True,1,VALID_TARGET,,NOT_REVIEWED,False
4,4,4,133.33333333333334,17,1.0,0.9731248617172241,4,6,0.9988232851028442,0.9965509474277496,False,,,,,False,,,,631.6665725708008,335.5246124267578,601.7736968994141,197.7145118713379,141.014920597077,1,0,False,0,0.0,,544.749641418457,143.4895248413086,163.0305404663086,403.6852493286133,626.2649116516113,345.33214950561523,634.3221789883269,352.2206195255424,10.60049886329595,0.015278003587226606,1.0,435.36276557629657,0.014040339967975116,True,3.257800507580573,2.3022763443338117,141.014920597077,0.006793806438131166,False,False,False,False,VALID_TARGET,,True,1,VALID_TARGET,,NOT_REVIEWED,False
5,5,5,166.66666666666666,17,1.0,0.9502407908439636,4,6,0.9971886575222015,0.9888952374458313,False,,,,,False,,,,632.7318267822266,350.5256042480469,581.485523223877,217.29190826416016,142.7494356343354,1,0,False,0,0.0,,526.9810180664062,160.9256591796875,223.9849853515625,337.83001708984375,638.9735107421875,329.8406677246094,636.0155642023346,351.1309029302417,21.49473337456813,0.030850228646912156,1.0,405.3373830648535,0.21292344373426142,True,15.03876730843794,28.193695050674844,141.014920597077,0.012300223479290162,False,False,False,False,VALID_TARGET,,True,1,VALID_TARGET,,NOT_REVIEWED,False
6,6,6,200.0,17,1.0,0.9497318267822266,4,6,0.9978145062923431,0.9913462102413177,False,,,,,False,,,,634.1396560668945,352.7564239501953,583.5224761962891,216.8486099243164,145.02769670427134,1,0,False,0,0.0,,532.4511260986328,164.6104965209961,229.5564727783203,338.5607681274414,647.229362487793,333.8908805847168,636.1151750972763,350.8887436868415,20.30892688918085,0.028800277846547054,1.0,409.04714631624904,0.02630759380417252,True,2.637904440699543,2.0846320610426083,141.014920597077,0.01615617028531055,False,False,False,False,VALID_TARGET,,True,1,VALID_TARGET,,NOT_REVIEWED,False
7,7,7,233.33333333333334,17,1.0,0.9622786045074463,4,6,0.9980784356594086,0.9931358397006989,False,,,,,False,,,,634.2684326171875,351.54490661621094,584.3744125366211,215.66700744628906,144.74880560001668,1,0,False,0,0.0,,531.8854675292969,162.6395034790039,234.17764282226562,345.4812240600586,648.9742889404297,335.3801155090332,636.2147859922179,350.6465844434414,19.89648182997876,0.027880239556341814,1.0,417.3684757810885,0.05901027656935704,True,1.2183421729752135,1.4567017347620252,141.014920597077,0.0019777418096878704,False,False,False,False,VALID_TARGET,,True,1,VALID_TARGET,,NOT_REVIEWED,False
8,8,8,266.6666666666667,17,1.0,0.9356479644775391,4,6,0.9960514903068542,0.9967166185379028,False,,,,,False,,,,624.4303665161133,348.80531311035156,583.0447158813477,212.7838897705078,142.17805627402515,1,0,False,0,0.0,,509.1774444580078,169.55291748046875,273.4839630126953,327.1014404296875,645.9194259643555,333.1036376953125,636.3143968871595,350.40442520004115,19.788224575680204,0.027400953017648017,1.0,426.3670136822333,0.0638126650927698,True,10.212390375737336,3.1749741302013224,141.014920597077,0.01823033559219559,False,False,False,False,VALID_TARGET,,True,1,VALID_TARGET,,NOT_REVIEWED,False
9,9,9,300.0,17,1.0,0.9472239017486572,4,6,0.9965222775936127,0.9975762665271759,False,,,,,False,,,,623.9780426025391,349.08343505859375,582.3979949951172,212.75733947753906,142.5261544258117,1,0,False,0,0.0,,506.80284881591797,169.4970474243164,277.8943862915039,331.8424301147461,645.7500419616699,335.41826248168945,636.4140077821011,350.162265956641,17.451279972296067,0.02388106798667366,1.0,432.8333263010044,0.04585552075902197,True,0.5309884564518585,0.6472656508292784,141.014920597077,0.0024685199999593104,False,False,False,False,VALID_TARGET,,True,1,VALID_TARGET,,NOT_REVIEWED,False
10,10,10,333.3333333333333,17,1.0,0.9529196619987488,4,6,0.9957617223262787,0.9966375827789307,False,,,,,False,,,,622.4809646606445,351.884521484375,587.7602767944336,214.5929718017578,141.61389684687512,1,0,False,0,0.0,,512.9749526977539,172.1061248779297,278.1349411010742,320.11888122558594,652.042423248291,332.16556549072266,636.5136186770428,349.92010671324084,23.587443808817362,0.03190103233838007,1.0,424.0697390505703,0.062146524731764526,True,3.1760553409541123,5.667769589970708,141.014920597077,0.006469227334766865,False,False,False,False,VALID_TARGET,,True,1,VALID_TARGET,,NOT_REVIEWED,False
11,11,11,366.66666666666663,17,1.0,0.9423079490661621,4,6,0.9947215020656586,0.9945884048938751,False,,,,,False,,,,633.3527603149414,364.17762756347656,590.9160919189453,226.6464614868164,143.929470460214,1,0,False,0,0.0,,537.7942199707031,184.17648315429688,104.27554321289062,373.0860290527344,589.9319915771484,370.71949768066406,636.7626459143969,349.07254936134024,51.59167139368839,0.0694513760979291,1.0,387.3842717337414,0.2601530899106101,True,16.410862190050594,12.459766558323267,141.014920597077,0.016420770252781804,False,False,False,False,VALID_TARGET,,True,1,VALID_TARGET,,NOT_REVIEWED,False
12,12,12,400.0,17,1.0,0.9407209157943726,4,6,0.9948776066303253,0.9944103360176086,False,,,,,False,,,,634.9148864746094,364.9329528808594,592.0928955078125,226.1694564819336,145.22062816010376,1,0,False,0,0.0,,537.8129272460938,184.2246856689453,104.38552856445312,373.40696716308594,590.0056915283203,370.9281692504883,637.011673151751,348.2249920094397,52.20149964532407,0.06994713640314468,1.0,387.7229703017532,0.002401863338841804,True,1.7351525793999911,1.2698033160509326,141.014920597077,0.009156177902471757,False,False,False,False,VALID_TARGET,,True,1,VALID_TARGET,,NOT_REVIEWED,False
13,13,13,433.33333333333337,17,1.0,0.9478374719619751,4,6,0.9948364794254303,0.9949731230735779,False,,,,,False,,,,633.6537399291992,365.70765686035156,591.3669357299805,225.98839569091797,145.97823725170633,1,0,False,0,0.0,,537.6367034912109,184.66709899902344,103.44721984863281,373.18482971191406,589.3603134155273,371.25951385498047,637.2607003891051,347.3774346575391,53.52383374732566,0.07138847784804961,1.0,387.25733617521263,0.003302020272528738,True,1.48008677611855,0.7481982418270815,141.014920597077,0.005372545602938691,False,False,False,False,VALID_TARGET,,True,1,VALID_TARGET,,NOT_REVIEWED,False
14,14,14,466.6666666666667,17,1.0,0.9310808181762695,4,6,0.9835047721862793,0.9509911835193634,False,,,,,False,,,,671.8728790283203,363.9032745361328,619.2203216552734,232.0859375,141.9440105859329,1,0,False,0,0.0,,554.6578063964844,186.3071746826172,126.35031127929688,348.1117401123047,617.8329620361328,360.36304473876953,637.5097276264592,346.5298773056385,24.052684368479294,0.031933505845317435,1.0,370.3325326843322,0.12002136666970017,True,38.26170917575324,28.512999204166718,141.014920597077,0.028608509288889163,False,False,False,False,VALID_TARGET,,True,1,VALID_TARGET,,NOT_REVIEWED,False
15,15,15,500.0,17,1.0,0.9247835278511047,4,6,0.9836359620094299,0.9481441676616669,False,,,,,False,,,,672.2468414306641,363.51686096191406,619.0713424682617,230.63938903808594,143.12252175939392,1,0,False,0,0.0,,554.5085906982422,186.14328002929688,127.80076599121094,345.57269287109375,618.4089736938477,358.92962646484375,637.7587548638132,345.68231995373793,23.450056740330954,0.03099111627295805,1.0,368.4474478757039,0.013367981208276144,True,0.5377390898077042,1.4541998661905498,141.014920597077,0.008357350899259812,False,False,False,False,VALID_TARGET,,True,1,VALID_TARGET,,NOT_REVIEWED,False
16,16,16,533.3333333333334,17,1.0,0.9249282479286194,4,6,0.9838497042655945,0.9483313262462616,False,,,,,False,,,,672.5493011474609,363.12730407714844,619.1661224365234,231.47357940673828,142.06500972750487,1,0,False,0,0.0,,554.4383087158203,186.24270629882812,127.60493469238281,345.8957214355469,618.2407760620117,359.19056701660156,638.0077821011673,344.8347626018373,24.429974378762218,0.03213917205468289,1.0,368.68261345670305,0.0016676645280046462,True,0.4931900716287223,0.8395575105590001,141.014920597077,0.007499291758711718,False,False,False,False,VALID_TARGET,,True,1,VALID_TARGET,,NOT_REVIEWED,False
17,17,17,566.6666666666666,17,1.0,0.9699541926383972,4,6,0.9952130019664764,0.9916273355484009,False,,,,,False,,,,704.6994934082031,366.51026916503906,643.573616027832,251.1931915283203,130.5159043189495,1,0,False,0,0.0,,535.032470703125,205.87770080566406,173.90365600585938,354.6122283935547,621.9842987060547,383.1838150024414,638.2568093385214,343.9872052499368,42.44017929243329,0.05557957959940271,1.0,394.95862327394104,0.18633496161953408,True,32.3276865115426,31.37815873558254,141.014920597077,0.08189988236460954,False,False,False,False,VALID_TARGET,,True,1,VALID_TARGET,,NOT_REVIEWED,False
18,18,18,600.0,17,1.0,0.97296142578125,4,6,0.9941997528076172,0.9894702434539795,False,,,,,False,,,,707.0916442871094,366.3799743652344,647.4696197509766,249.25144958496094,131.4301226012909,1,0,False,0,0.0,,531.9115753173828,204.33688354492188,176.13438415527344,357.1017150878906,619.9787673950195,382.8877410888672,638.5058365758755,343.1396478980362,43.85388471662698,0.05717161499869144,1.0,398.17704127745793,0.022823244447393604,True,2.3956966757726423,4.353068663064837,141.014920597077,0.0064831315613301885,False,False,False,False,VALID_TARGET,,True,1,VALID_TARGET,,NOT_REVIEWED,False
19,19,19,633.3333333333333,17,1.0,0.9699823260307312,4,6,0.9932438433170319,0.9875330924987793,False,,,,,False,,,,707.2756652832031,363.96372985839844,646.0500411987305,246.71304321289062,132.27358225804662,1,0,False,0,0.0,,532.3170013427734,202.5080108642578,175.78797912597656,358.9656219482422,620.2109909057617,381.9908218383789,638.7548638132296,342.29209054613557,43.81625826815956,0.056865640264205375,1.0,399.6970494585657,0.010779059227717372,True,2.4232418871871166,2.9083861806445652,141.014920597077,0.005981350435715594,False,False,False,False,VALID_TARGET,,True,1,VALID_TARGET,,NOT_REVIEWED,False
20,20,20,666.6666666666666,17,1.0,0.9632037878036499,4,6,0.9964786171913147,0.9896320402622223,False,,,,,False,,,,750.4310913085938,386.83338928222656,711.3259124755859,254.87284088134766,137.63284980636791,1,0,False,0,0.0,,618.1527709960938,213.39060974121094,226.76345825195312,368.9776153564453,731.5345001220703,397.8794174194336,639.0038910505837,341.444533194235,108.38270052297024,0.1400311734885413,1.0,433.08907470924987,0.23679781621191326,True,48.84068096981095,65.78390129007828,141.014920597077,0.038004968024868614,False,False,False,False,VALID_TARGET,,True,1,VALID_TARGET,,NOT_REVIEWED,False
21,21,21,700.0,17,1.0,0.9698954224586487,4,6,0.9968901872634888,0.9909799098968506,False,,,,,False,,,,754.68408203125,390.9458465576172,715.2908477783203,252.47775268554688,143.96263378207092,1,0,False,0,0.0,,634.4475402832031,212.24258422851562,213.53475952148438,366.3968811035156,741.2149200439453,395.44102478027344,644.6485084306096,341.64633256373514,110.53931772246591,0.13873327226254195,1.0,424.0799075720069,0.06388804176960061,True,5.916099638183371,4.632187325717039,141.014920597077,0.04488733496357558,False,False,False,False,VALID_TARGET,,True,1,VALID_TARGET,,NOT_REVIEWED,False
22,22,22,733.3333333333333,17,1.0,0.968819260597229,4,6,0.997713565826416,0.9928008615970612,False,,,,,False,,,,752.1830444335938,389.38258361816406,713.3103179931641,253.62001037597656,141.21814739704246,1,0,False,0,0.0,,593.2894287109375,212.72447204589844,254.60867309570312,368.71827697753906,720.5937652587891,397.08361053466797,650.2931258106355,341.8481319332353,89.4043511421486,0.10908375038270678,1.0,448.083412092927,0.17021960810448913,True,2.9494033435184432,2.28631818897476,141.014920597077,0.019462382940811686,False,False,False,False,VALID_TARGET,,True,1,VALID_TARGET,,NOT_REVIEWED,False
23,23,23,766.6666666666667,17,1.0,0.9750971794128418,4,6,0.997452974319458,0.9974205493927002,False,,,,,False,,,,773.6924285888672,380.4876251220703,751.8905639648438,234.2117156982422,147.8917272157311,1,0,False,0,0.0,,621.6401519775391,192.5802459716797,275.9039764404297,361.6110382080078,759.5921401977539,373.3857650756836,655.9377431906614,342.04993130273544,108.2874346226273,0.12854012047379895,1.0,454.84672931605706,0.047961713515798345,True,23.2760368917554,43.18700361836972,141.014920597077,0.04732534536368039,False,False,False,False,VALID_TARGET,,True,1,VALID_TARGET,,NOT_REVIEWED,False
24,24,24,800.0,17,1.0,0.9643245339393616,4,6,0.997812956571579,0.9961990416049957,False,,,,,False,,,,776.5782623291016,380.4513854980469,751.4377746582031,233.6323471069336,148.95594702603114,1,0,False,0,0.0,,619.9274749755859,190.72605895996094,273.8719024658203,344.78968811035156,756.8634262084961,363.1209030151367,675.3618677042801,345.0769218452375,83.47508188121658,0.10029859677166272,1.0,440.32459389350635,0.10298297060383366,True,2.886061275618465,0.7353136207109197,141.014920597077,0.007546859621620102,False,False,False,False,VALID_TARGET,,True,1,VALID_TARGET,,NOT_REVIEWED,False
25,25,25,833.3333333333334,17,1.0,0.974908173084259,4,6,0.9977173805236816,0.9923799932003021,False,,,,,False,,,,805.9785461425781,350.77220153808594,781.632080078125,224.52234649658203,128.5759554031325,1,0,False,0,0.0,,663.9779663085938,182.2859649658203,240.59100341796875,371.83641052246094,784.2734680175781,368.2041702270508,694.7859922178989,348.1039123877396,91.71711230847257,0.11150324723399234,1.0,442.88412380203147,0.018150773674783575,True,41.77595778485724,31.538677697584745,141.014920597077,0.1445236542105395,False,False,False,False,VALID_TARGET,,True,1,VALID_TARGET,,NOT_REVIEWED,False
26,26,26,866.6666666666667,17,1.0,0.946185827255249,4,6,0.9986134469509125,0.9916720986366272,False,,,,,False,,,,823.4764862060547,365.288818359375,797.5070495605469,226.33460235595703,141.3601279880914,1,0,False,0,0.0,,694.7534027099609,180.56869506835938,222.3567352294922,357.5507507324219,805.931770324707,359.3440704345703,714.2101167315175,351.13090293024163,92.08864131000752,0.11322653257107512,1.0,421.05232103770305,0.15481909766632845,True,22.735656366182848,15.978076460189595,141.014920597077,0.09065829722719349,False,False,False,False,VALID_TARGET,,True,1,VALID_TARGET,,NOT_REVIEWED,False
27,27,27,900.0,17,1.0,0.965008020401001,4,6,0.9985687732696533,0.9919332265853882,False,,,,,False,,,,827.9081115722656,361.8639221191406,793.4079818725586,224.04410552978516,142.07237871599176,1,0,False,0,0.0,,698.9058380126953,177.2301025390625,216.9048614501953,358.218017578125,807.358268737793,356.339111328125,733.6342412451362,354.1578934727437,73.75628746805688,0.09167182112360829,1.0,418.76946765294423,0.01618873644783758,True,5.600822943355359,4.695607694581504,141.014920597077,0.005050889117864965,False,False,False,False,VALID_TARGET,,True,1,VALID_TARGET,,NOT_REVIEWED,False
28,28,28,933.3333333333334,17,1.0,0.9485641121864319,4,6,0.9985735416412354,0.9925940036773682,False,,,,,False,,,,823.54931640625,367.52366638183594,795.8830490112305,227.66574096679688,142.56809479322976,1,0,False,0,0.0,,696.7739105224609,180.0874481201172,218.6842803955078,355.5216827392578,806.1160507202148,357.8482894897461,747.2062256809338,353.8551944184935,59.0450022813681,0.0743220828802914,1.0,417.3948746569064,0.00974785498029306,True,7.143654556205366,4.386593277197289,141.014920597077,0.003515344866621696,False,False,False,False,VALID_TARGET,,True,1,VALID_TARGET,,NOT_REVIEWED,False
29,29,29,966.6666666666666,17,1.0,0.9266847372055054,4,6,0.9967558979988098,0.9872280061244965,False,,,,,False,,,,855.3538055419922,370.4173126220703,826.6073608398438,221.7886734008789,151.38305876073701,1,0,False,0,0.0,,684.4943695068359,177.56787109375,235.2881622314453,359.3167724609375,802.1384506225586,357.22625732421875,760.7782101167315,353.5524953642433,41.52307818115631,0.05291730160725979,1.0,429.4986172946265,0.08583306352598138,True,31.935853170835525,31.281356436641794,141.014920597077,0.0625108600578113,False,False,False,False,VALID_TARGET,,True,1,VALID_TARGET,,NOT_REVIEWED,False
30,30,30,1000.0,17,1.0,0.9410598874092102,4,6,0.9974441826343536,0.9892540574073792,False,,,,,False,,,,853.8231811523438,369.8872375488281,828.6390609741211,222.32982635498047,149.69111365535832,1,0,False,0,0.0,,679.0742492675781,177.16455078125,240.04742431640625,359.2518310546875,799.0979614257812,356.79046630859375,774.350194552529,353.2497963099931,24.9997661839432,0.03224630931117662,1.0,432.0701841565633,0.01823613310597497,True,1.6198119043454897,2.102534650215169,141.014920597077,0.011998341013949157,False,False,False,False,VALID_TARGET,,True,1,VALID_TARGET,,NOT_REVIEWED,False
31,31,31,1033.3333333333335,17,1.0,0.9376934170722961,4,6,0.9972294569015503,0.9888432919979095,False,,,,,False,,,,853.0479354858398,370.78700256347656,829.8352661132812,221.19940948486328,151.37792448852147,1,0,False,0,0.0,,676.8142776489258,176.7312469482422,241.0420150756836,358.0356903076172,797.3352851867676,355.7490921020508,787.9221789883268,352.9470972557429,9.821290313490408,0.012817330114729578,1.0,431.6141894861637,0.003233662568959789,True,1.1876796390518736,1.6458277659581233,141.014920597077,0.011961931588664206,False,False,False,False,VALID_TARGET,,True,1,VALID_TARGET,,NOT_REVIEWED,False
32,32,32,1066.6666666666667,17,1.0,0.9462648034095764,4,6,0.9981228113174438,0.9958723187446594,False,,,,,False,,,,869.7721328735352,357.9258270263672,861.588249206543,222.3724594116211,135.80018933555783,1,0,False,0,0.0,,709.0009231567383,176.3524932861328,224.57061004638672,341.16465759277344,821.2862281799316,346.93482208251953,801.4941634241245,352.64439820149266,20.599152573744657,0.027189329121311587,1.0,408.44250817832443,0.16432077690592675,True,21.097597362233817,31.774643687248975,141.014920597077,0.11046870137575031,False,False,False,False,VALID_TARGET,,True,1,VALID_TARGET,,NOT_REVIEWED,False
33,33,33,1100.0,17,1.0,0.9540097713470459,4,6,0.9980293214321136,0.9962830245494843,False,,,,,False,,,,869.8611297607422,360.2772216796875,861.9651260375977,223.21761322021484,137.2868644330544,1,0,False,0,0.0,,709.3691482543945,175.56207275390625,224.47075653076172,349.49176025390625,821.6045265197754,350.3079528808594,815.0661478599222,352.3416991472425,6.847373173389217,0.009137222786499605,1.0,415.36924660218455,0.04912060648994681,True,2.3530782523315907,0.9253761969957648,141.014920597077,0.010542679393086781,False,False,False,False,VALID_TARGET,,True,1,VALID_TARGET,,NOT_REVIEWED,False
34,34,34,1133.3333333333333,17,1.0,0.9585694670677185,4,6,0.9978654086589813,0.9970172345638275,False,,,,,False,,,,869.2859420776367,361.78643798828125,862.6377792358398,223.08289337158203,138.8627788804751,1,0,False,0,0.0,,711.7252082824707,175.31504821777344,223.30991744995117,376.10670471191406,823.3801670074463,363.36840057373047,828.6381322957197,352.03900009299224,12.49005661418875,0.01684233181899643,1.0,437.40550129228933,0.15626895790034262,True,1.6151082740552047,0.6860114887675653,141.014920597077,0.011175515617411669,False,False,False,False,VALID_TARGET,,True,1,VALID_TARGET,,NOT_REVIEWED,False
35,35,35,1166.6666666666667,17,1.0,0.9418087601661682,4,6,0.9974742829799652,0.9967398941516876,False,,,,,False,,,,888.6569061279297,353.23915100097656,888.0046539306641,206.20568084716797,147.0349168680683,1,0,False,0,0.0,,758.2054214477539,153.60313415527344,191.17504119873047,410.5530548095703,853.7929420471191,358.8796615600586,842.2101167315175,351.73630103874206,13.608432746986207,0.018534694762588826,1.0,452.8815597822529,0.10974766659042723,True,21.17286856052081,30.46832181753948,141.014920597077,0.057952292941705896,False,False,False,False,VALID_TARGET,,True,1,VALID_TARGET,,NOT_REVIEWED,False
36,36,36,1200.0,17,1.0,0.9643024802207947,4,6,0.997745156288147,0.9980592131614685,False,,,,,False,,,,889.4659957885742,352.5372619628906,888.9668197631836,205.92911529541016,146.60899647012727,1,0,False,0,0.0,,758.2650527954102,153.41232299804688,192.00395965576172,419.7705383300781,854.267032623291,363.29759216308594,843.870298313878,352.34169914724254,15.103763639408927,0.02038067151105724,1.0,461.5981210678992,0.061813042540031754,True,1.0711089117111692,1.001125163846712,141.014920597077,0.003020392424699703,False,False,False,False,VALID_TARGET,,True,1,VALID_TARGET,,NOT_REVIEWED,False
37,37,37,1233.3333333333335,17,1.0,0.9417093992233276,4,6,0.9958620369434357,0.9954814612865448,False,,,,,False,,,,888.8483200073242,347.8872985839844,886.8002777099609,203.89675903320312,144.00510392821806,1,0,False,0,0.0,,760.5251007080078,157.12948608398438,182.22410583496094,407.2632751464844,851.6371536254883,360.76112365722656,845.5304798962386,352.9470972557429,9.91718067994084,0.013259001604703594,1.0,446.17149172755546,0.10939714233802528,True,4.69080833075836,2.970585202433079,141.014920597077,0.01846536898991934,False,False,False,False,VALID_TARGET,,True,1,VALID_TARGET,,NOT_REVIEWED,False
38,38,38,1266.6666666666665,17,1.0,0.9271417260169983,4,6,0.9953644573688507,0.9935906827449799,False,,,,,False,,,,875.9684448242188,353.62010192871094,865.8974685668945,204.39665985107422,149.56289723147714,1,0,False,0,0.0,,757.1525726318359,144.4212646484375,189.59120178222656,413.9334716796875,851.9481735229492,351.38800048828125,847.1906614785992,353.55249536424327,5.22675414767154,0.00692431476770328,1.0,455.28644035379267,0.06463818571569047,True,14.098092740568996,20.90878597382375,141.014920597077,0.039412803125560024,False,False,False,False,VALID_TARGET,,True,1,VALID_TARGET,,NOT_REVIEWED,False
39,39,39,1300.0,17,1.0,0.9364549517631531,4,6,0.9960781931877136,0.9946422576904297,False,,,,,False,,,,876.1168060302734,352.2687225341797,866.8815612792969,203.82543182373047,148.7302938293251,1,0,False,0,0.0,,757.6276473999023,143.4235382080078,191.3356704711914,415.2493133544922,853.295482635498,351.0481948852539,848.8508430609597,354.1578934727437,5.424485805363316,0.007121276095553512,1.0,457.2103794054085,0.013643514058438666,True,1.3594989207151469,1.137866391904794,141.014920597077,0.0059043638689202935,False,False,False,False,VALID_TARGET,,True,1,VALID_TARGET,,NOT_REVIEWED,False
40,40,40,1333.3333333333333,17,1.0,0.9531100988388062,4,6,0.9973483383655548,0.996447741985321,False,,,,,False,,,,867.339111328125,349.4164581298828,863.7627792358398,202.80535125732422,146.6547196977687,1,0,False,0,0.0,,759.9840469360352,146.1673126220703,185.99214935302734,415.8536834716797,852.9801216125488,354.09415435791016,850.5110246433203,354.7632915812441,2.558160367745658,0.003328231033051545,1.0,455.55171570077835,0.011762327685660086,True,9.229481920245782,3.2813664526458655,141.014920597077,0.014718826367934023,False,False,False,False,VALID_TARGET,,True,1,VALID_TARGET,,NOT_REVIEWED,False
41,41,41,1366.6666666666667,17,1.0,0.9564127326011658,4,6,0.9980261921882629,0.996198982000351,False,,,,,False,,,,828.9393653869629,352.7260284423828,824.8821182250977,209.9832305908203,142.80044675358863,1,0,False,0,0.0,,756.9594268798828,149.00953674316406,223.2761688232422,440.0251922607422,868.5975112915039,369.02213287353516,852.1712062256809,355.36868968974454,21.359775487782688,0.02754230777844596,1.0,493.43126916368817,0.26862088992088545,True,38.54210352327928,39.5376751005731,141.014920597077,0.02733237679999072,False,False,False,False,VALID_TARGET,,True,1,VALID_TARGET,,NOT_REVIEWED,False
42,42,42,1400.0,17,1.0,0.9633558392524719,4,6,0.998311847448349,0.9972785711288452,False,,,,,False,,,,828.7742233276367,353.49134826660156,824.6227798461914,210.73020935058594,142.82148741550603,1,0,False,0,0.0,,758.6729507446289,150.83456420898438,221.44893646240234,438.0281677246094,869.3974189758301,369.84864807128906,839.2217898832685,357.38668338474594,32.647651599778186,0.041103863158737125,1.0,490.82411022738853,0.01848853245642775,True,0.7829344372938946,0.7907171822559018,141.014920597077,0.0001492087633585687,False,False,False,False,VALID_TARGET,,True,1,VALID_TARGET,,NOT_REVIEWED,False
43,43,43,1433.3333333333333,17,1.0,0.9598105549812317,4,6,0.9982242286205292,0.9971828460693359,False,,,,,False,,,,828.0951309204102,349.83164978027344,825.0122299194336,211.18809509277344,138.67782639978037,1,0,False,0,0.0,,752.6059722900391,151.82070922851562,227.37547302246094,438.5882263183594,866.2937088012695,371.1148223876953,826.272373540856,359.40467707974733,41.69933787435565,0.05123011138033314,1.0,494.02351968026005,0.022688446295787503,True,3.7221713432330246,0.6011079041627576,141.014920597077,0.02938455730911886,False,False,False,False,VALID_TARGET,,True,1,VALID_TARGET,,NOT_REVIEWED,False
44,44,44,1466.6666666666665,17,1.0,0.9182416796684265,4,6,0.9897019863128662,0.9742051661014557,False,,,,,False,,,,753.9118576049805,336.8788299560547,769.8228645324707,202.03304290771484,135.78124475100697,1,0,False,0,0.0,,663.4870910644531,146.5824737548828,314.1891784667969,431.12608337402344,820.5816802978516,362.14551544189453,813.3229571984436,361.4226707747487,7.294625792095109,0.008741026018798196,1.0,533.4646564029018,0.27969477666364984,True,75.3056012604004,55.94355219618114,141.014920597077,0.020540958619902575,False,False,False,False,VALID_TARGET,,True,1,VALID_TARGET,,NOT_REVIEWED,False
45,45,45,1500.0,17,1.0,0.9308561086654663,4,6,0.9953877329826355,0.987472802400589,False,,,,,False,,,,750.1460571289062,340.366455078125,769.4481048583984,205.15000915527344,136.58717470743377,1,0,False,0,0.0,,652.7125625610352,147.58168029785156,325.07015228271484,425.88096618652344,815.2476387023926,360.5221633911133,801.8677042801556,359.2028777102472,13.444819070969281,0.015888139548787233,1.0,535.7659948756306,0.016319822491013998,True,5.132716845657549,3.1394144998279936,141.014920597077,0.00571521051116001,False,False,False,False,VALID_TARGET,,True,1,VALID_TARGET,,NOT_REVIEWED,False
46,46,46,1533.3333333333335,17,1.0,0.9301058650016785,4,6,0.9930653274059296,0.9844649732112885,False,,,,,False,,,,742.6595611572266,337.17494201660156,768.5229873657227,202.28113555908203,137.3508494179816,1,0,False,0,0.0,,637.4625396728516,149.98342895507812,340.88011169433594,416.7783508300781,807.9025955200195,358.3726043701172,790.4124513618676,356.9830846457457,17.545253139734196,0.02043954724495712,1.0,538.4268235047198,0.018869128300912422,True,8.138389125364483,3.0143453826957085,141.014920597077,0.005415559625281679,False,False,False,False,VALID_TARGET,,True,1,VALID_TARGET,,NOT_REVIEWED,False
47,47,47,1566.6666666666667,17,1.0,0.963746190071106,4,6,0.9982017278671265,0.9920154213905334,False,,,,,False,,,,689.667594909668,359.65252685546875,725.0669860839844,207.34563446044922,156.36657688438513,1,0,False,0,0.0,,558.7373466491699,156.2669219970703,337.3929023742676,431.6542205810547,727.4337978363037,372.09403228759766,778.9571984435797,354.7632915812442,54.36005319688998,0.062407722891997225,1.0,547.867992054628,0.06695155739501145,True,57.562056139186524,43.75012224577651,141.014920597077,0.13484904566047518,False,False,False,False,VALID_TARGET,,True,1,VALID_TARGET,,NOT_REVIEWED,False
48,48,48,1600.0,17,1.0,0.9710029363632202,4,6,0.9982874095439911,0.9942179620265961,False,,,,,False,,,,689.8719635009766,358.5393524169922,725.499267578125,203.84136962890625,158.7475060418542,1,0,False,0,0.0,,559.0636405944824,157.3157958984375,335.3604927062988,427.67913818359375,726.7438869476318,371.1553649902344,765.3437094682231,352.5434985167426,42.852629700500664,0.04866017378742465,1.0,543.485147272373,0.031080716591531058,True,1.1317790648315904,3.5308269994103822,141.014920597077,0.016884235706320153,False,False,False,False,VALID_TARGET,,True,1,VALID_TARGET,,NOT_REVIEWED,False
49,49,49,1633.3333333333333,17,1.0,0.9420251846313477,4,6,0.9978697299957275,0.9938860833644867,False,,,,,False,,,,696.066520690918,349.22499084472656,729.6725616455078,205.83855438232422,147.2719801932062,1,0,False,0,0.0,,557.053092956543,155.29527282714844,338.27140045166016,420.60951232910156,726.188793182373,365.6000289916992,751.7302204928665,350.3237054522411,29.761225948193427,0.03341681980054041,1.0,539.7591149996932,0.026422964725315495,True,11.186146355128443,4.626567876097547,141.014920597077,0.08137809672947383,False,False,False,False,VALID_TARGET,,True,1,VALID_TARGET,,NOT_REVIEWED,False
50,50,50,1666.6666666666667,17,1.0,0.917531430721283,4,6,0.9961134791374207,0.9908669888973236,False,,,,,False,,,,673.9477462768555,359.77247619628906,690.6814270019531,196.7247543334961,163.90416613148125,1,0,False,0,0.0,,520.4240036010742,151.0622100830078,320.5586929321289,417.1910858154297,680.7033500671387,359.65775299072266,738.1167315175097,348.10391238773957,58.56438851593134,0.06500647626549806,1.0,526.1238235417705,0.09669396259763814,True,24.504889896133207,40.042101994298825,141.014920597077,0.11794628446303443,False,False,False,False,VALID_TARGET,,True,1,VALID_TARGET,,NOT_REVIEWED,False
51,51,51,1700.0,17,1.0,0.9325542449951172,4,6,0.993655800819397,0.9859676957130432,False,,,,,False,,,,676.8428039550781,358.72218322753906,688.7278747558594,196.78504180908203,162.37269683884952,1,0,False,0,0.0,,523.40185546875,155.2111358642578,315.82904052734375,404.91880798339844,681.3163757324219,357.67053985595703,734.9291828793773,348.74967037014,54.349931026263675,0.06112082857682925,1.0,513.524316755418,0.08934874928840483,True,3.079687367321827,1.9544822736291216,141.014920597077,0.010860335106010555,False,False,False,False,VALID_TARGET,,True,1,VALID_TARGET,,NOT_REVIEWED,False
52,52,52,1733.3333333333335,17,1.0,0.9060059785842896,4,6,0.9942018091678619,0.9872107207775116,False,,,,,False,,,,677.8543167114258,359.2806091308594,690.8160247802734,194.77970123291016,165.01077108877348,1,0,False,0,0.0,,533.1294250488281,152.2683868408203,308.6197204589844,414.82774353027344,687.4392852783203,359.68225860595703,731.7416342412453,349.3954283525405,45.48095206012495,0.05181260417942102,1.0,517.0378986675928,0.024916384006017235,True,1.1554209387721601,2.8951271735282713,141.014920597077,0.018707766800519995,False,False,False,False,VALID_TARGET,,True,1,VALID_TARGET,,NOT_REVIEWED,False
53,53,53,1766.6666666666665,17,1.0,0.986368715763092,4,6,0.9983034431934357,0.9973949193954468,False,,,,,False,,,,678.5390396118164,336.6913299560547,674.9460144042969,185.3981475830078,151.3358413024023,1,0,False,0,0.0,,549.0638275146484,130.40245056152344,293.87840270996094,390.33534240722656,696.0030288696289,325.5701217651367,728.5540856031128,350.04118633494085,40.72351035514997,0.04699017571333572,1.0,488.596147254074,0.20169320588979092,True,22.599654401950133,18.435584564086916,141.014920597077,0.09697505574920454,False,False,False,False,VALID_TARGET,,True,1,VALID_TARGET,,NOT_REVIEWED,False
54,54,54,1800.0,17,1.0,0.9853425025939941,4,6,0.9986717402935028,0.9977017343044281,False,,,,,False,,,,680.8671798706055,334.00291442871094,673.0666122436523,184.21649932861328,149.98939630467692,1,0,False,0,0.0,,552.8445510864258,131.04751586914062,288.69371795654297,407.0061340332031,697.1914100646973,334.5505828857422,725.3665369649805,350.68694431734133,32.46875322672958,0.037941568064968005,1.0,498.99705001956244,0.07375746283761694,True,3.5563766831224974,2.2200101528031295,141.014920597077,0.009548244909292812,False,False,False,False,VALID_TARGET,,True,1,VALID_TARGET,,NOT_REVIEWED,False
55,55,55,1833.3333333333333,17,1.0,0.9710381031036377,4,6,0.9974781274795532,0.9957959353923798,False,,,,,False,,,,686.1663589477539,334.6092224121094,676.8957748413086,180.9586639404297,153.9299770945664,1,0,False,0,0.0,,553.7301864624023,131.46258544921875,282.9155960083008,412.45928955078125,695.1879844665527,337.6922302246094,722.1789883268482,351.33270229974175,30.24197030318875,0.03578247288609578,1.0,500.16387314705895,0.008274465727144478,True,5.333751799851624,5.027522015445672,141.014920597077,0.02794442441412942,False,False,False,False,VALID_TARGET,,True,1,VALID_TARGET,,NOT_REVIEWED,False
56,56,56,1866.6666666666667,17,1.0,0.972415566444397,4,6,0.9995429813861847,0.9980214834213257,False,,,,,False,,,,670.7361679077148,322.9742889404297,670.7912178039551,178.26583862304688,144.7084607884056,1,0,False,0,0.0,,546.4537467956543,130.2330322265625,299.63164138793945,415.2760009765625,696.269567489624,337.87103271484375,718.9914396887159,351.97846028214224,26.745148883459922,0.032035331364361035,1.0,512.0871776445068,0.08455349580713108,True,19.32517716406538,6.672100479776978,141.014920597077,0.0653939048940041,False,False,False,False,VALID_TARGET,,True,1,VALID_TARGET,,NOT_REVIEWED,False
57,57,57,1900.0,17,1.0,0.9614907503128052,4,6,0.9993368089199066,0.9971388578414917,False,,,,,False,,,,672.4618301391602,322.3334045410156,670.0986709594727,177.3315200805664,145.0211399017054,1,0,False,0,0.0,,547.0915489196777,130.13449096679688,297.375186920166,407.5317077636719,695.7791423797607,333.9003448486328,715.8038910505837,352.62421826454266,27.41484989972848,0.03323513139633534,1.0,504.49389949589926,0.053847338398352165,True,1.8408267029922014,1.1630014061149656,141.014920597077,0.0022173477244526066,False,False,False,False,VALID_TARGET,,True,1,VALID_TARGET,,NOT_REVIEWED,False
58,58,58,1933.3333333333333,17,1.0,0.9671976566314697,4,6,0.999388188123703,0.9973357319831848,False,,,,,False,,,,673.0917510986328,324.070068359375,670.4116859436035,176.58939361572266,147.5050242265604,1,0,False,0,0.0,,547.206413269043,129.45184326171875,297.7416458129883,406.9661865234375,696.0772361755371,332.9349365234375,712.6163424124513,353.2699762469431,26.211750717426053,0.03215347422714122,1.0,504.2534725957336,0.0017049749001568698,True,1.8473769602280732,0.8054378126906657,141.014920597077,0.017614336939225272,False,False,False,False,VALID_TARGET,,True,1,VALID_TARGET,,NOT_REVIEWED,False
59,59,59,1966.6666666666665,17,1.0,0.967875599861145,4,6,0.9991448223590851,0.9972985684871674,False,,,,,False,,,,658.9471549987793,311.58494567871094,680.4831733703613,174.81555938720703,138.45455974382259,1,0,False,0,0.0,,527.9404277801514,127.82674407958984,279.50634956359863,436.6454849243164,667.6936025619507,346.14948654174805,709.428793774319,353.9157342293435,42.451628810659685,0.052677944289000564,1.0,518.44293702505,0.10062385149909102,True,18.866581226582188,10.226502180980276,141.014920597077,0.06418089975455706,False,False,False,False,VALID_TARGET,,True,1,VALID_TARGET,,NOT_REVIEWED,False
60,60,60,2000.0,17,1.0,0.9477618336677551,4,6,0.9982390105724335,0.9952647387981415,False,,,,,False,,,,659.8767929077148,316.3709259033203,681.6640205383301,177.1160430908203,140.948947051588,1,0,False,0,0.0,,529.102861404419,129.23424530029297,285.38456535339355,434.2024612426758,671.7951440811157,346.33547592163086,706.2412451361868,354.561492211744,35.41470347047075,0.04444180778448143,1.0,519.5922704305201,0.008150438269962135,True,4.87543160674848,2.5858509826921767,141.014920597077,0.01768881829811924,False,False,False,False,VALID_TARGET,,True,1,VALID_TARGET,,NOT_REVIEWED,False
61,61,61,2033.3333333333333,17,1.0,0.9383935928344727,4,6,0.9980482757091522,0.9946200251579285,False,,,,,False,,,,660.5832977294922,314.6362762451172,680.7463569641113,176.91067504882812,139.19371459436672,1,0,False,0,0.0,,533.1055698394775,128.01358032226562,277.8226833343506,435.3268737792969,672.0169115066528,345.67701721191406,703.0536964980545,355.2072501941444,32.467019624506435,0.04118923485170695,1.0,516.4251450206068,0.022459505678571048,True,1.8730078750231818,0.9403629448886405,141.014920597077,0.012447139989083192,False,False,False,False,VALID_TARGET,,True,1,VALID_TARGET,,NOT_REVIEWED,False
62,62,62,2066.666666666667,17,1.0,0.9424341320991516,4,6,0.9983570277690887,0.9940129518508911,False,,,,,False,,,,665.8866806030273,302.72479248046875,695.8629913330078,163.5193328857422,142.396415635926,1,0,False,0,0.0,,544.4761028289795,120.55261993408203,256.7243061065674,429.5470504760742,672.8382558822632,335.32614517211914,699.8661478599222,355.8530081765449,33.93904903733261,0.04351328804423124,1.0,500.41786330884867,0.11351480853218267,True,13.038762033981191,20.19506572338267,141.014920597077,0.022711788426349345,False,False,False,False,VALID_TARGET,,True,1,VALID_TARGET,,NOT_REVIEWED,False
63,63,63,2100.0,17,1.0,0.9312508702278137,4,6,0.9978936016559601,0.9926737844944,False,,,,,False,,,,664.8902053833008,304.15611267089844,695.681037902832,163.81049346923828,143.68356968123817,1,0,False,0,0.0,,547.2279176712036,120.05048370361328,256.11491680145264,428.73754119873047,675.2853760719299,334.4192543029785,696.6785992217899,356.4987661589453,30.743695947909085,0.03981942005747346,1.0,499.4103821921888,0.007144500116682899,True,1.7440299169053202,0.34333880662476635,141.014920597077,0.009127786193561553,False,False,False,False,VALID_TARGET,,True,1,VALID_TARGET,,NOT_REVIEWED,False
64,64,64,2133.3333333333335,17,1.0,0.9179030060768127,4,6,0.9977100789546967,0.9928496479988098,False,,,,,False,,,,665.3862686157227,299.0992431640625,695.2916297912598,164.3310317993164,138.046374170031,1,0,False,0,0.0,,548.931079864502,119.4428482055664,249.78007125854492,421.5091781616211,673.8211154937744,330.19743728637695,693.4910505836576,357.14452414134576,33.36243151224819,0.04363516733128252,1.0,489.95925470635717,0.0670221806728979,True,5.081142385303523,0.6500760189691672,141.014920597077,0.03997587976746363,False,False,False,False,VALID_TARGET,,True,1,VALID_TARGET,,NOT_REVIEWED,False
65,65,65,2166.6666666666665,17,1.0,0.918260395526886,4,6,0.9937595129013062,0.985765129327774,False,,,,,False,,,,675.2682266235352,290.64320373535156,736.8343200683594,156.09183502197266,147.96774879919093,1,0,False,0,0.0,,592.6313591003418,104.74821472167969,203.59482192993164,411.52684020996094,694.4287700653076,310.51163482666016,690.3035019455253,357.7902821237462,47.458279860339985,0.06265304829306673,1.0,459.13526517778536,0.21858672400096887,True,13.006063850684557,42.351853312397296,141.014920597077,0.0703569139148641,False,False,False,False,VALID_TARGET,,True,1,VALID_TARGET,,NOT_REVIEWED,False
66,66,66,2200.0,17,1.0,0.8938150405883789,4,6,0.9928976595401764,0.983786553144455,False,,,,,False,,,,677.3586845397949,286.8937683105469,734.6304550170898,153.2780990600586,145.3726341608345,1,0,False,0,0.0,,594.4623336791992,105.5512924194336,201.82205963134766,411.7389602661133,695.373363494873,311.42077255249023,688.4923947647683,357.95539069879175,47.040603914987884,0.062249887474900616,1.0,458.54238098005646,0.0042044075564382655,True,4.292817292225868,3.5740916646856875,141.014920597077,0.018403120941871545,False,False,False,False,VALID_TARGET,,True,1,VALID_TARGET,,NOT_REVIEWED,False
67,67,67,2233.3333333333335,17,1.0,0.8882324695587158,4,6,0.990933358669281,0.9801110029220581,False,,,,,False,,,,675.3414688110352,287.22303771972656,733.7584915161133,152.9856719970703,146.39746889165735,1,0,False,0,0.0,,595.1048583984375,103.72509002685547,201.57940673828125,406.53955841064453,695.8945617675781,306.99486923217773,686.6812875840113,358.12049927383737,51.94915272011882,0.06890725050067431,1.0,453.771605296849,0.033831708467496585,True,2.043912336715382,0.91969230409048,141.014920597077,0.007267562372006818,False,False,False,False,VALID_TARGET,,True,1,VALID_TARGET,,NOT_REVIEWED,False
68,68,68,2266.6666666666665,17,1.0,0.9781067967414856,4,6,0.994937926530838,0.9940608143806458,False,,,,,False,,,,673.7783088684082,310.2161102294922,726.4540634155273,173.12649536132812,146.86149128280664,1,0,False,0,0.0,,632.8577651977539,120.87277221679688,160.90734100341797,408.6645812988281,713.3114356994629,325.20506286621094,684.8701804032544,358.28560784888293,43.62599522274184,0.05800128833614999,1.0,439.20144853692904,0.10332351142863355,True,23.046146151701226,21.424458818529416,141.014920597077,0.003290590734544609,False,False,False,False,VALID_TARGET,,True,1,VALID_TARGET,,NOT_REVIEWED,False
69,69,69,2300.0,17,1.0,0.9794325828552246,4,6,0.9949718415737152,0.9945982992649078,False,,,,,False,,,,673.1936149597168,308.44085693359375,726.9726181030273,172.72442626953125,145.98332346977682,1,0,False,0,0.0,,635.7843399047852,121.96443176269531,158.5101547241211,406.6714324951172,715.0394172668457,325.3001480102539,683.0590732224973,358.45071642392844,46.06194298273364,0.061379765599980166,1.0,436.4712168726541,0.019361296327471873,True,1.869061591135803,0.6561695806013766,141.014920597077,0.006227481526859235,False,False,False,False,VALID_TARGET,,True,1,VALID_TARGET,,NOT_REVIEWED,False
70,70,70,2333.3333333333335,17,1.0,0.9774808883666992,4,6,0.9945969581604004,0.993870735168457,False,,,,,False,,,,672.3069152832031,308.9927673339844,726.1229248046875,172.96034240722656,146.2907499203914,1,0,False,0,0.0,,634.3541030883789,121.39238739013672,160.11592864990234,403.94617462158203,714.4120674133301,323.36547470092773,681.2479660417405,358.61582499897406,48.39881006719117,0.06463874937834056,1.0,434.52229240722534,0.013820696825390917,True,1.0444335337343351,0.8818362236088493,141.014920597077,0.0021800987392886096,False,False,False,False,VALID_TARGET,,True,1,VALID_TARGET,,NOT_REVIEWED,False
71,71,71,2366.6666666666665,17,1.0,0.9701970815658569,4,6,0.9961494207382202,0.9948026239871979,False,,,,,False,,,,665.4227333068848,307.7740783691406,706.6657257080078,186.33389282226562,128.25249739423603,1,0,False,0,0.0,,599.7939987182617,134.0143585205078,182.01859283447266,411.23020935058594,690.803295135498,339.6294631958008,679.4368588609833,358.7809335740196,22.270489245420684,0.029809019315009518,1.0,449.71218931664316,0.10771836657498132,True,6.991220514051784,23.6100497117525,141.014920597077,0.12791733278846568,False,False,False,False,VALID_TARGET,,True,1,VALID_TARGET,,NOT_REVIEWED,False
72,72,72,2400.0,17,1.0,0.9694003462791443,4,6,0.99581378698349,0.9937802851200104,False,,,,,False,,,,665.0401840209961,308.4730529785156,706.6189460754395,186.44989013671875,128.91255068415836,1,0,False,0,0.0,,598.6757392883301,133.28983306884766,191.5175437927246,412.68379974365234,694.4345111846924,339.6317329406738,677.6257516802264,358.9460421490652,25.604236686070696,0.03434579606511175,1.0,454.95811691985136,0.037201223678999404,True,0.7968120610814489,0.12507482154121935,141.014920597077,0.004680733692063028,False,False,False,False,VALID_TARGET,,True,1,VALID_TARGET,,NOT_REVIEWED,False
73,73,73,2433.333333333333,17,1.0,0.9557571411132812,4,6,0.9951181709766388,0.9929416179656982,False,,,,,False,,,,669.3937454223633,308.92242431640625,711.7259063720703,185.81212615966797,130.18508886547988,1,0,False,0,0.0,,601.5371780395508,136.0819549560547,197.46282196044922,411.74501037597656,700.2685890197754,341.95446014404297,675.8146444994694,359.11115072411076,29.87218495963075,0.04015655926647888,0.9998477323034435,456.64594559253135,0.011969149544838803,True,4.376691841424507,5.146628640361337,141.014920597077,0.00902413855167536,False,False,False,False,VALID_TARGET,,True,1,VALID_TARGET,,NOT_REVIEWED,False
74,74,74,2466.666666666667,17,1.0,0.9499273300170898,4,6,0.9959701597690582,0.9910343289375305,False,,,,,False,,,,651.3246955871582,311.6684112548828,680.3310928344727,200.02323150634766,115.35171105081942,1,0,False,0,0.0,,587.2990646362305,149.582763671875,164.13021087646484,312.4749450683594,669.3641700744629,305.8202362060547,674.0035373187125,359.2762592991563,53.65696723965334,0.07228148735546923,1.0,352.9579541784361,0.735298016515314,True,18.276515155067404,34.46142527863514,141.014920597077,0.10519012989443853,False,False,False,False,VALID_TARGET,,True,1,VALID_TARGET,,NOT_REVIEWED,False
75,75,75,2500.0,17,1.0,0.9423649907112122,4,6,0.9940529465675354,0.9867548048496246,False,,,,,False,,,,648.3587074279785,312.60198974609375,677.8791961669922,198.35704803466797,117.99731336787845,1,0,False,0,0.0,,587.277027130127,149.95875549316406,162.54398727416992,320.5852508544922,668.5490207672119,310.25138092041016,672.1924301379554,359.4413678742019,49.324732623269455,0.0665825820133098,1.0,359.4376870396637,0.045950689712772566,True,3.109446021342998,2.9644501394525773,141.014920597077,0.01876115169839601,False,False,False,False,VALID_TARGET,,True,1,VALID_TARGET,,NOT_REVIEWED,False
76,76,76,2533.333333333333,17,1.0,0.9591730237007141,4,6,0.9950566589832306,0.9916275143623352,False,,,,,False,,,,646.2768859863281,308.6826934814453,679.1387252807617,198.5844955444336,114.89784014850144,1,0,False,0,0.0,,588.1361274719238,147.68519592285156,161.74493026733398,323.4950714111328,669.0085926055908,309.43273162841797,670.3813229571984,359.60647644924745,50.192519940365,0.06789113785202504,1.0,361.6773198508287,0.0158822399905069,True,4.437889557549005,1.2799007610481543,141.014920597077,0.021979753676089012,False,False,False,False,VALID_TARGET,,True,1,VALID_TARGET,,NOT_REVIEWED,False
77,77,77,2566.666666666667,17,1.0,0.832209587097168,4,6,0.9792709350585938,0.9672280550003052,False,,,,,False,,,,599.5172500610352,332.22129821777344,643.8839492797852,219.07140350341797,121.5372480906029,1,0,False,0,0.0,,521.3350067138672,174.9078826904297,160.61302185058594,341.5537872314453,601.6415176391602,345.68477630615234,595.6731517509728,357.18488401524576,12.95661486253366,0.017221313561355298,1.0,377.4328183400593,0.11172930086064373,True,52.350066521438514,40.775147192854256,141.014920597077,0.04708301727213879,False,False,False,False,VALID_TARGET,,True,1,VALID_TARGET,,NOT_REVIEWED,False
78,78,78,2600.0,17,1.0,0.8298640847206116,4,6,0.9856242537498474,0.9627830684185028,False,,,,,False,,,,599.9132385253906,331.905517578125,644.0189056396484,221.83255767822266,118.5806323676815,1,0,False,0,0.0,,524.6867904663086,176.5600128173828,177.37220001220703,340.18983459472656,613.3728904724121,346.6549301147461,586.5421530479897,358.7992789712469,29.4512084622464,0.039221433112164916,1.0,383.6535167292981,0.04411376018154275,True,0.5064822566283824,2.764450324406084,141.014920597077,0.02096668714489695,False,False,False,False,VALID_TARGET,,True,1,VALID_TARGET,,NOT_REVIEWED,False
79,79,79,2633.3333333333335,17,1.0,0.770586371421814,4,6,0.9752065241336823,0.9537811279296875,False,,,,,False,,,,600.2374229431152,330.2829132080078,643.5135269165039,219.76802825927734,118.68597630026338,1,0,False,0,0.0,,522.2068557739258,177.24258422851562,164.12874603271484,342.2547912597656,604.2712287902832,348.36997985839844,577.4111543450065,360.41367392724806,29.436612679278355,0.03927739577772774,1.0,379.57421858516307,0.028928131341440233,True,1.654672317596097,2.1254856799089157,141.014920597077,0.0007470410374720159,False,False,False,False,VALID_TARGET,,True,1,VALID_TARGET,,NOT_REVIEWED,False
80,80,80,2666.6666666666665,17,1.0,0.8751072287559509,4,6,0.9772957563400269,0.9714219570159912,False,,,,,False,,,,575.3267478942871,329.75567626953125,632.6867370605469,222.18194580078125,121.91093406301466,1,0,False,0,0.0,,493.3277778625488,181.8680877685547,181.79734420776367,331.0185089111328,584.2264499664307,347.3773422241211,568.2801556420234,362.02806888324915,21.654747616195152,0.028948845509415913,1.0,377.6553026276022,0.013607893047316421,True,24.916253935485614,11.092627122653782,141.014920597077,0.022869620811020303,False,False,False,False,VALID_TARGET,,True,1,VALID_TARGET,,NOT_REVIEWED,False
81,81,81,2700.0,17,1.0,0.8731387257575989,4,6,0.9773921370506287,0.9705776274204254,False,,,,,False,,,,575.2284622192383,329.78074645996094,631.9545364379883,221.6070556640625,122.14497483186844,1,0,False,0,0.0,,492.95754623413086,181.66432189941406,181.30212783813477,329.44081115722656,583.6086101531982,346.38472747802734,567.4500648508431,361.96080242674907,22.443544664256137,0.0299677532455927,1.0,376.03418676307444,0.011496059123841279,True,0.10143267899441792,0.9309223495929697,141.014920597077,0.001659687980979688,False,False,False,False,VALID_TARGET,,True,1,VALID_TARGET,,NOT_REVIEWED,False
82,82,82,2733.3333333333335,17,1.0,0.8820592761039734,4,6,0.9759187698364258,0.9725234508514404,False,,,,,False,,,,576.3145141601562,330.16407775878906,631.4451065063477,222.01840209960938,121.38727023960308,1,0,False,0,0.0,,493.97148513793945,182.30174255371094,180.8802604675293,326.3944854736328,584.4116153717041,345.49898529052734,566.6199740596628,361.8935359702491,24.19346590644465,0.03226592028458807,1.0,373.1635415932252,0.020357031424011903,True,1.1517168501992772,0.6547707578141309,141.014920597077,0.0053732228409385865,False,False,False,False,VALID_TARGET,,True,1,VALID_TARGET,,NOT_REVIEWED,False
83,83,83,2766.6666666666665,0,0.0,,0,0,,,True,TARGET_PARTIALLY_OCCLUDED,,83.0,96.0,False,,,,,,,,,1,0,False,0,,,,,,,,,,,,,,,,True,,,141.014920597077,,False,False,False,False,TARGET_NOT_FOUND,HUMAN_TARGET_UNAVAILABLE: operator excluded this frame because TARGET_PARTIALLY_OCCLUDED.,False,,TARGET_NOT_FOUND,HUMAN_TARGET_UNAVAILABLE: operator excluded this frame because TARGET_PARTIALLY_OCCLUDED.,EXCLUDED,False
84,84,84,2800.0,0,0.0,,0,0,,,True,TARGET_PARTIALLY_OCCLUDED,,83.0,96.0,False,,,,,,,,,1,0,False,0,,,,,,,,,,,,,,,,True,,,141.014920597077,,False,False,False,False,TARGET_NOT_FOUND,HUMAN_TARGET_UNAVAILABLE: operator excluded this frame because TARGET_PARTIALLY_OCCLUDED.,False,,TARGET_NOT_FOUND,HUMAN_TARGET_UNAVAILABLE: operator excluded this frame because TARGET_PARTIALLY_OCCLUDED.,EXCLUDED,False
85,85,85,2833.3333333333335,0,0.0,,0,0,,,True,TARGET_PARTIALLY_OCCLUDED,,83.0,96.0,False,,,,,,,,,1,0,False,0,,,,,,,,,,,,,,,,True,,,141.014920597077,,False,False,False,False,TARGET_NOT_FOUND,HUMAN_TARGET_UNAVAILABLE: operator excluded this frame because TARGET_PARTIALLY_OCCLUDED.,False,,TARGET_NOT_FOUND,HUMAN_TARGET_UNAVAILABLE: operator excluded this frame because TARGET_PARTIALLY_OCCLUDED.,EXCLUDED,False
86,86,86,2866.6666666666665,0,0.0,,0,0,,,True,TARGET_PARTIALLY_OCCLUDED,,83.0,96.0,False,,,,,,,,,1,0,False,0,,,,,,,,,,,,,,,,True,,,141.014920597077,,False,False,False,False,TARGET_NOT_FOUND,HUMAN_TARGET_UNAVAILABLE: operator excluded this frame because TARGET_PARTIALLY_OCCLUDED.,False,,TARGET_NOT_FOUND,HUMAN_TARGET_UNAVAILABLE: operator excluded this frame because TARGET_PARTIALLY_OCCLUDED.,EXCLUDED,False
87,87,87,2900.0,0,0.0,,0,0,,,True,TARGET_PARTIALLY_OCCLUDED,,83.0,96.0,False,,,,,,,,,1,0,False,0,,,,,,,,,,,,,,,,True,,,141.014920597077,,False,False,False,False,TARGET_NOT_FOUND,HUMAN_TARGET_UNAVAILABLE: operator excluded this frame because TARGET_PARTIALLY_OCCLUDED.,False,,TARGET_NOT_FOUND,HUMAN_TARGET_UNAVAILABLE: operator excluded this frame because TARGET_PARTIALLY_OCCLUDED.,EXCLUDED,False
88,88,88,2933.333333333333,0,0.0,,0,0,,,True,TARGET_PARTIALLY_OCCLUDED,,83.0,96.0,False,,,,,,,,,1,0,False,0,,,,,,,,,,,,,,,,True,,,141.014920597077,,False,False,False,False,TARGET_NOT_FOUND,HUMAN_TARGET_UNAVAILABLE: operator excluded this frame because TARGET_PARTIALLY_OCCLUDED.,False,,TARGET_NOT_FOUND,HUMAN_TARGET_UNAVAILABLE: operator excluded this frame because TARGET_PARTIALLY_OCCLUDED.,EXCLUDED,False
89,89,89,2966.666666666667,0,0.0,,0,0,,,True,TARGET_PARTIALLY_OCCLUDED,,83.0,96.0,False,,,,,,,,,1,0,False,0,,,,,,,,,,,,,,,,True,,,141.014920597077,,False,False,False,False,TARGET_NOT_FOUND,HUMAN_TARGET_UNAVAILABLE: operator excluded this frame because TARGET_PARTIALLY_OCCLUDED.,False,,TARGET_NOT_FOUND,HUMAN_TARGET_UNAVAILABLE: operator excluded this frame because TARGET_PARTIALLY_OCCLUDED.,EXCLUDED,False
90,90,90,3000.0,0,0.0,,0,0,,,True,TARGET_PARTIALLY_OCCLUDED,,83.0,96.0,False,,,,,,,,,1,0,False,0,,,,,,,,,,,,,,,,True,,,141.014920597077,,False,False,False,False,TARGET_NOT_FOUND,HUMAN_TARGET_UNAVAILABLE: operator excluded this frame because TARGET_PARTIALLY_OCCLUDED.,False,,TARGET_NOT_FOUND,HUMAN_TARGET_UNAVAILABLE: operator excluded this frame because TARGET_PARTIALLY_OCCLUDED.,EXCLUDED,False
91,91,91,3033.333333333333,0,0.0,,0,0,,,True,TARGET_PARTIALLY_OCCLUDED,,83.0,96.0,False,,,,,,,,,1,0,False,0,,,,,,,,,,,,,,,,True,,,141.014920597077,,False,False,False,False,TARGET_NOT_FOUND,HUMAN_TARGET_UNAVAILABLE: operator excluded this frame because TARGET_PARTIALLY_OCCLUDED.,False,,TARGET_NOT_FOUND,HUMAN_TARGET_UNAVAILABLE: operator excluded this frame because TARGET_PARTIALLY_OCCLUDED.,EXCLUDED,False
92,92,92,3066.666666666667,0,0.0,,0,0,,,True,TARGET_PARTIALLY_OCCLUDED,,83.0,96.0,False,,,,,,,,,1,0,False,0,,,,,,,,,,,,,,,,True,,,141.014920597077,,False,False,False,False,TARGET_NOT_FOUND,HUMAN_TARGET_UNAVAILABLE: operator excluded this frame because TARGET_PARTIALLY_OCCLUDED.,False,,TARGET_NOT_FOUND,HUMAN_TARGET_UNAVAILABLE: operator excluded this frame because TARGET_PARTIALLY_OCCLUDED.,EXCLUDED,False
93,93,93,3100.0,0,0.0,,0,0,,,True,TARGET_PARTIALLY_OCCLUDED,,83.0,96.0,False,,,,,,,,,1,0,False,0,,,,,,,,,,,,,,,,True,,,141.014920597077,,False,False,False,False,TARGET_NOT_FOUND,HUMAN_TARGET_UNAVAILABLE: operator excluded this frame because TARGET_PARTIALLY_OCCLUDED.,False,,TARGET_NOT_FOUND,HUMAN_TARGET_UNAVAILABLE: operator excluded this frame because TARGET_PARTIALLY_OCCLUDED.,EXCLUDED,False
94,94,94,3133.3333333333335,0,0.0,,0,0,,,True,TARGET_PARTIALLY_OCCLUDED,,83.0,96.0,False,,,,,,,,,1,0,False,0,,,,,,,,,,,,,,,,True,,,141.014920597077,,False,False,False,False,TARGET_NOT_FOUND,HUMAN_TARGET_UNAVAILABLE: operator excluded this frame because TARGET_PARTIALLY_OCCLUDED.,False,,TARGET_NOT_FOUND,HUMAN_TARGET_UNAVAILABLE: operator excluded this frame because TARGET_PARTIALLY_OCCLUDED.,EXCLUDED,False
95,95,95,3166.6666666666665,0,0.0,,0,0,,,True,TARGET_PARTIALLY_OCCLUDED,,83.0,96.0,False,,,,,,,,,1,0,False,0,,,,,,,,,,,,,,,,True,,,141.014920597077,,False,False,False,False,TARGET_NOT_FOUND,HUMAN_TARGET_UNAVAILABLE: operator excluded this frame because TARGET_PARTIALLY_OCCLUDED.,False,,TARGET_NOT_FOUND,HUMAN_TARGET_UNAVAILABLE: operator excluded this frame because TARGET_PARTIALLY_OCCLUDED.,EXCLUDED,False
96,96,96,3200.0,0,0.0,,0,0,,,True,TARGET_PARTIALLY_OCCLUDED,,83.0,96.0,False,,,,,,,,,1,0,False,0,,,,,,,,,,,,,,,,True,,,141.014920597077,,False,False,False,False,TARGET_NOT_FOUND,HUMAN_TARGET_UNAVAILABLE: operator excluded this frame because TARGET_PARTIALLY_OCCLUDED.,False,,TARGET_NOT_FOUND,HUMAN_TARGET_UNAVAILABLE: operator excluded this frame because TARGET_PARTIALLY_OCCLUDED.,EXCLUDED,False
97,97,97,3233.3333333333335,17,1.0,0.7155681252479553,4,6,0.951233446598053,0.9784985482692719,False,,,,,False,,,,599.7137908935547,546.2846374511719,636.3396224975586,410.5047302246094,140.6329788745825,3,0,True,2,0.23849229308793768,0.3482696738026794,536.52294921875,352.93939208984375,134.22764587402344,337.650390625,603.6367721557617,521.7645874023438,554.1686121919586,360.8845391227483,168.3136619073133,0.22042292597949165,1.0,363.3522357246441,,True,,,141.014920597077,,False,True,True,True,TARGET_IDENTITY_UNCERTAIN,TARGET_OVERLAP_AMBIGUOUS: another detected person overlaps or is too close to the selected pose for automated identity acceptance.,False,,TARGET_IDENTITY_UNCERTAIN,TARGET_OVERLAP_AMBIGUOUS: another detected person overlaps or is too close to the selected pose for automated identity acceptance.,NOT_REVIEWED,False
98,98,98,3266.6666666666665,17,1.0,0.2975265085697174,4,6,0.7051932513713837,0.2895689755678177,False,,,,,False,,,,617.8517837524414,630.38720703125,627.7050094604492,463.8826446533203,166.79584931741803,2,1,True,1,0.20144039641191758,0.5640622544898173,546.8458251953125,388.10400390625,93.44384765625,309.59088134765625,593.5677490234375,542.8994445800781,553.3385214007783,360.81727266624824,186.47334416471762,0.24390292356958324,1.0,323.3856312182454,0.28342110421489075,True,86.03620746476979,54.07178831016602,141.014920597077,0.18553263961046287,True,True,True,True,TARGET_IDENTITY_UNCERTAIN,TARGET_OVERLAP_AMBIGUOUS: another detected person overlaps or is too close to the selected pose for automated identity acceptance.,False,,TARGET_IDENTITY_UNCERTAIN,TARGET_OVERLAP_AMBIGUOUS: another detected person overlaps or is too close to the selected pose for automated identity acceptance.,NOT_REVIEWED,False
99,99,99,3300.0,17,1.0,0.3785545825958252,4,6,0.7565058469772339,0.37777289748191833,False,,,,,False,,,,618.0702667236328,620.8515014648438,629.2122116088867,455.6743621826172,165.55250006353305,2,1,True,1,0.21634094322424696,0.5398313984094276,546.9781036376953,385.11004638671875,98.09613037109375,311.19830322265625,596.0261688232422,540.7091979980469,552.508430609598,360.7500062097483,185.14616995317215,0.24186702442852234,1.0,326.2931729632769,0.020618681574407542,True,9.538208189062123,8.345511334550258,141.014920597077,0.008817146785747711,False,True,True,True,TARGET_IDENTITY_UNCERTAIN,TARGET_OVERLAP_AMBIGUOUS: another detected person overlaps or is too close to the selected pose for automated identity acceptance.,False,,TARGET_IDENTITY_UNCERTAIN,TARGET_OVERLAP_AMBIGUOUS: another detected person overlaps or is too close to the selected pose for automated identity acceptance.,NOT_REVIEWED,False
100,100,100,3333.3333333333335,17,1.0,0.3742797076702118,4,6,0.743891179561615,0.3672313541173935,False,,,,,False,,,,617.6377868652344,621.3056640625,629.5316925048828,456.8016357421875,164.93344210612668,3,1,True,2,0.20922826682147544,0.5519668074762446,549.2384490966797,386.2898864746094,95.33671569824219,308.4499206542969,596.9068069458008,540.5148468017578,551.6783398184176,360.6827397532482,185.4324700914039,0.24194031277567796,1.0,322.84739879975723,0.024435528871198736,True,0.6271383364379867,1.1716713366011775,141.014920597077,0.004390017416491749,False,True,True,False,TARGET_IDENTITY_UNCERTAIN,TARGET_OVERLAP_AMBIGUOUS: another detected person overlaps or is too close to the selected pose for automated identity acceptance.,False,,TARGET_IDENTITY_UNCERTAIN,TARGET_OVERLAP_AMBIGUOUS: another detected person overlaps or is too close to the selected pose for automated identity acceptance.,NOT_REVIEWED,False
101,101,101,3366.6666666666665,17,1.0,0.5626890659332275,4,6,0.9396577775478363,0.39369577169418335,False,,,,,False,,,,572.2985916137695,609.5165710449219,594.0688629150391,417.5561981201172,193.19091460511535,3,2,True,2,0.26296374852378585,0.42500195365389837,499.5365982055664,343.15869140625,177.04888153076172,364.646240234375,588.0610389709473,525.4818115234375,550.8482490272374,360.6154732967481,169.01390834979176,0.22024409746001916,1.0,405.3556302413465,0.5851028465089921,True,46.846828497002456,52.89439154264003,141.014920597077,0.20038640151937515,False,True,True,False,TARGET_IDENTITY_UNCERTAIN,TARGET_OVERLAP_AMBIGUOUS: another detected person overlaps or is too close to the selected pose for automated identity acceptance.,False,,TARGET_IDENTITY_UNCERTAIN,TARGET_OVERLAP_AMBIGUOUS: another detected person overlaps or is too close to the selected pose for automated identity acceptance.,NOT_REVIEWED,False
102,102,102,3400.0,17,1.0,0.5980615615844727,4,6,0.9374778866767883,0.3100968897342682,False,,,,,False,,,,573.8117904663086,615.1302795410156,593.143913269043,417.26304626464844,198.80938855221177,3,2,True,2,0.265032817198927,0.43117217191610896,498.7439956665039,342.5384216308594,178.31636810302734,363.9609069824219,587.9021797180176,524.5188751220703,550.0181582360572,360.5482068402481,168.2901635284517,0.21902758323049537,1.0,405.2952861123868,0.0004279272626200044,True,5.814077213663462,0.9702936967707613,141.014920597077,0.03984311676599193,False,True,True,False,TARGET_IDENTITY_UNCERTAIN,TARGET_OVERLAP_AMBIGUOUS: another detected person overlaps or is too close to the selected pose for automated identity acceptance.,False,,TARGET_IDENTITY_UNCERTAIN,TARGET_OVERLAP_AMBIGUOUS: another detected person overlaps or is too close to the selected pose for automated identity acceptance.,NOT_REVIEWED,False
103,103,103,3433.333333333333,17,1.0,0.5768556594848633,4,6,0.942647397518158,0.423386350274086,False,,,,,False,,,,573.9545059204102,603.8576354980469,593.7824249267578,417.13511657714844,187.77232342463986,3,2,True,2,0.2630882646140532,0.4304015524865464,499.3996887207031,343.9128112792969,176.72207641601562,367.0862731933594,587.7607269287109,527.4559478759766,549.1880674448768,360.4809403837481,171.37241080957455,0.22276046106401046,1.0,407.4101425587951,0.014997394867533752,True,11.27354741952675,0.651201306802747,141.014920597077,0.07826877525328114,False,True,True,False,TARGET_IDENTITY_UNCERTAIN,TARGET_OVERLAP_AMBIGUOUS: another detected person overlaps or is too close to the selected pose for automated identity acceptance.,False,,TARGET_IDENTITY_UNCERTAIN,TARGET_OVERLAP_AMBIGUOUS: another detected person overlaps or is too close to the selected pose for automated identity acceptance.,NOT_REVIEWED,False
104,104,104,3466.666666666667,17,1.0,0.7564072608947754,4,6,0.9577093720436096,0.6902784705162048,False,,,,,False,,,,540.6872406005859,580.3950500488281,561.224910736084,419.4608154296875,162.23940263401838,2,1,True,1,0.15985970497419444,0.5229064259088935,459.22587966918945,353.78900146484375,194.46122360229492,347.091064453125,556.4564914703369,527.3345336914062,548.3579766536965,360.413673927248,167.1172024856841,0.21695735201100555,1.0,397.8534585850739,0.0677707290353166,True,40.708768807487544,32.64047495715449,141.014920597077,0.18106538430480626,False,True,True,False,TARGET_IDENTITY_UNCERTAIN,TARGET_OVERLAP_AMBIGUOUS: another detected person overlaps or is too close to the selected pose for automated identity acceptance.,False,,TARGET_IDENTITY_UNCERTAIN,TARGET_OVERLAP_AMBIGUOUS: another detected person overlaps or is too close to the selected pose for automated identity acceptance.,NOT_REVIEWED,False
105,105,105,3500.0,17,1.0,0.7810952067375183,4,6,0.9578172862529755,0.6428180932998657,False,,,,,False,,,,542.8946228027344,581.3889770507812,562.4125900268555,418.7906799316406,163.76555581258899,3,1,True,2,0.16591803921503598,0.45977140057578464,464.6986999511719,353.057861328125,193.06719970703125,344.83612060546875,561.2322998046875,525.4759216308594,547.5278858625162,360.3464074707479,165.69721605462425,0.21484405485968186,1.0,395.2048755733462,0.01878228914013643,True,2.420831896595303,1.3636948645023157,141.014920597077,0.010822636158703366,False,True,True,False,TARGET_IDENTITY_UNCERTAIN,TARGET_OVERLAP_AMBIGUOUS: another detected person overlaps or is too close to the selected pose for automated identity acceptance.,False,,TARGET_IDENTITY_UNCERTAIN,TARGET_OVERLAP_AMBIGUOUS: another detected person overlaps or is too close to the selected pose for automated identity acceptance.,NOT_REVIEWED,False
106,106,106,3533.333333333333,17,1.0,0.7568801045417786,4,6,0.9350048303604126,0.6051488518714905,False,,,,,False,,,,535.4240989685059,578.9535522460938,555.1332015991211,418.6257629394531,161.5346673332343,3,2,True,2,0.16047104148109573,0.3985895038070587,461.53316497802734,361.4207458496094,188.89762115478516,326.8536682128906,555.9819755554199,524.8475799560547,546.697795071336,360.2791410142479,164.83011588603654,0.21345116024863475,1.0,377.512425891068,0.12546508984557017,True,7.857481806346323,7.281256313037284,141.014920597077,0.015820230014730312,False,True,True,True,TARGET_IDENTITY_UNCERTAIN,TARGET_OVERLAP_AMBIGUOUS: another detected person overlaps or is too close to the selected pose for automated identity acceptance.,False,,TARGET_IDENTITY_UNCERTAIN,TARGET_OVERLAP_AMBIGUOUS: another detected person overlaps or is too close to the selected pose for automated identity acceptance.,NOT_REVIEWED,False
107,107,107,3566.666666666667,17,1.0,0.9234506487846375,4,6,0.9913094341754913,0.9807356297969818,False,,,,,False,,,,496.15834045410156,310.8115997314453,485.9594841003418,189.54012298583984,121.69957988006595,4,3,True,3,0.6505695588013858,0.1108431575088546,448.9458236694336,148.57296752929688,163.54830169677734,343.8302917480469,530.7199745178223,320.4881134033203,545.8677042801556,360.2118745577478,42.513890873533136,0.0549851686029683,1.0,380.7457373516441,0.02292886062613654,True,271.00167248576065,239.30155374664298,141.014920597077,0.28248845784900617,True,True,True,True,TARGET_IDENTITY_UNCERTAIN,TARGET_OVERLAP_AMBIGUOUS: another detected person overlaps or is too close to the selected pose for automated identity acceptance.,False,,TARGET_IDENTITY_UNCERTAIN,TARGET_OVERLAP_AMBIGUOUS: another detected person overlaps or is too close to the selected pose for automated identity acceptance.,NOT_REVIEWED,False
108,108,108,3600.0,17,1.0,0.944433331489563,4,6,0.9850244224071503,0.9797297120094299,False,,,,,False,,,,500.25588607788086,315.9123992919922,486.61121368408203,188.49504852294922,128.14584800817946,2,0,True,1,0.15039763731523415,0.2931518152997076,453.0476989746094,147.27408599853516,193.191162109375,368.8735580444336,549.6432800292969,331.71086502075195,554.4154062743653,336.83354435504117,7.001073664862028,0.010079483855576402,1.0,416.401881529768,0.25285369822676046,True,6.542785056520508,1.2316379676302398,141.014920597077,0.04571337629251639,False,True,True,True,TARGET_IDENTITY_UNCERTAIN,TARGET_OVERLAP_AMBIGUOUS: another detected person overlaps or is too close to the selected pose for automated identity acceptance.,False,,TARGET_IDENTITY_UNCERTAIN,TARGET_OVERLAP_AMBIGUOUS: another detected person overlaps or is too close to the selected pose for automated identity acceptance.,NOT_REVIEWED,False
109,109,109,3633.3333333333335,17,1.0,0.8801072835922241,4,6,0.9726920425891876,0.9647788405418396,False,,,,,False,,,,494.43421936035156,321.8931427001953,489.2754192352295,188.73043060302734,133.26260207501653,3,1,True,2,0.5316935012021788,0.14735836141814154,459.19833755493164,147.14571380615234,143.85076522827148,345.34952545166016,531.1237201690674,319.8204765319824,562.963108268575,313.4552141523345,32.46941945450866,0.052428398957307616,1.0,374.111397028273,0.29990077874334936,True,8.346322249036007,2.6745833212646137,141.014920597077,0.036285196241447486,False,True,True,False,TARGET_IDENTITY_UNCERTAIN,TARGET_OVERLAP_AMBIGUOUS: another detected person overlaps or is too close to the selected pose for automated identity acceptance.,False,,TARGET_IDENTITY_UNCERTAIN,TARGET_OVERLAP_AMBIGUOUS: another detected person overlaps or is too close to the selected pose for automated identity acceptance.,NOT_REVIEWED,False
110,110,110,3666.6666666666665,17,1.0,0.8283973932266235,4,6,0.9459411203861237,0.908556342124939,False,,,,,False,,,,484.6157455444336,322.3485412597656,466.80311393737793,178.67338180541992,144.7751404385447,1,0,False,0,0.0,,450.90681076049805,135.9000015258789,174.29158401489258,345.72176361083984,538.0526027679443,308.7608833312988,571.5108102627845,290.07688394962776,38.32157984298225,0.06983708896475375,1.0,387.17062658808425,0.09260884950696432,True,9.829029246162893,24.62008805665212,141.014920597077,0.08164056906022751,False,False,False,False,INVALID_TRACK_SEGMENT,Valid-looking pose segment is too short to establish target identity continuity.,False,,INVALID_TRACK_SEGMENT,Valid-looking pose segment is too short to establish target identity continuity.,NOT_REVIEWED,False
111,111,111,3700.0,17,1.0,0.8576613664627075,4,6,0.9691565036773682,0.9540011584758759,False,,,,,False,,,,486.62237548828125,320.5476379394531,466.5164222717285,183.0213737487793,138.98821064028857,1,0,False,0,0.0,,447.11815643310547,140.9963836669922,186.01102447509766,347.4080047607422,540.1236686706543,314.7003860473633,557.9240941391068,290.68297855942785,29.894665231433365,0.054338805047692215,1.0,394.0715962843748,0.04893786889409188,True,2.6962597242585207,4.357433424697487,141.014920597077,0.04103771270269451,False,False,False,False,INVALID_TRACK_SEGMENT,Valid-looking pose segment is too short to establish target identity continuity.,False,,INVALID_TRACK_SEGMENT,Valid-looking pose segment is too short to establish target identity continuity.,NOT_REVIEWED,False
112,112,112,3733.3333333333335,17,1.0,0.8019131422042847,4,6,0.9530493915081024,0.9204577505588531,False,,,,,False,,,,489.34180450439453,329.2530975341797,464.87744903564453,182.39056396484375,148.8862265453245,2,0,True,1,0.05918136927709456,0.33384289245201104,450.2653503417969,136.88753509521484,189.9727020263672,366.67530059814453,545.2517013549805,320.2251853942871,544.3373780154292,291.28907316922795,28.950554016641313,0.05247981071369696,1.0,412.9653781903981,0.13398427504000562,True,9.120324606563935,1.7561760310710368,141.014920597077,0.07019126673352244,False,True,True,False,TARGET_IDENTITY_UNCERTAIN,TARGET_OVERLAP_AMBIGUOUS: another detected person overlaps or is too close to the selected pose for automated identity acceptance.,False,,TARGET_IDENTITY_UNCERTAIN,TARGET_OVERLAP_AMBIGUOUS: another detected person overlaps or is too close to the selected pose for automated identity acceptance.,NOT_REVIEWED,False
113,113,113,3766.6666666666665,17,1.0,0.9400185346603394,4,6,0.9875625967979431,0.9557344019412994,False,,,,,False,,,,454.4026927947998,300.00146484375,453.43209075927734,187.4776268005371,112.52802404861895,1,0,False,0,0.0,,399.3207206726074,144.27887725830078,154.0528907775879,318.0920639038086,476.34716606140137,303.3249092102051,530.7506618917515,291.89516777902804,55.591180485275636,0.10048622097264068,1.0,353.4329558424286,0.4221710872572976,True,45.56752727668415,12.524952469718176,141.014920597077,0.25783230840225846,False,False,False,False,INVALID_TRACK_SEGMENT,Valid-looking pose segment is too short to establish target identity continuity.,False,,INVALID_TRACK_SEGMENT,Valid-looking pose segment is too short to establish target identity continuity.,NOT_REVIEWED,False
114,114,114,3800.0,17,1.0,0.9088911414146423,4,6,0.9860615432262421,0.9324119985103607,False,,,,,False,,,,457.34757232666016,311.94439697265625,454.1220760345459,188.62126922607422,123.36530169999274,4,0,True,3,0.6697626961587688,0.13535778677908852,399.94947814941406,143.2506866455078,153.94142150878906,353.1881866455078,476.9201889038086,319.8447799682617,517.1639457680737,292.50126238882814,48.65416652422361,0.08768657051735643,1.0,385.27893329649976,0.22583409840058624,True,12.300648084260894,1.3356637591758735,141.014920597077,0.07685199272167256,False,True,True,False,TARGET_IDENTITY_UNCERTAIN,TARGET_OVERLAP_AMBIGUOUS: another detected person overlaps or is too close to the selected pose for automated identity acceptance.,False,,TARGET_IDENTITY_UNCERTAIN,TARGET_OVERLAP_AMBIGUOUS: another detected person overlaps or is too close to the selected pose for automated identity acceptance.,NOT_REVIEWED,False
115,115,115,3833.3333333333335,17,1.0,0.9005861878395081,4,6,0.9861067533493042,0.9253771603107452,False,,,,,False,,,,457.609920501709,309.0043029785156,453.85584259033203,189.51353073120117,119.54972920598466,4,2,True,3,0.684159362106918,0.1375219464931259,398.11362075805664,143.64653778076172,156.82622909545898,350.0412368774414,476.52673530578613,318.6671562194824,503.57722964439614,293.1073569986281,37.21602585141993,0.06686573795706895,1.0,383.5665961042364,0.012142950441081594,True,2.9517756112775957,0.9311341688228363,141.014920597077,0.027057934563607947,False,True,True,False,TARGET_IDENTITY_UNCERTAIN,TARGET_OVERLAP_AMBIGUOUS: another detected person overlaps or is too close to the selected pose for automated identity acceptance.,False,,TARGET_IDENTITY_UNCERTAIN,TARGET_OVERLAP_AMBIGUOUS: another detected person overlaps or is too close to the selected pose for automated identity acceptance.,NOT_REVIEWED,False
116,116,116,3866.6666666666665,0,0.0,,0,0,,,True,TARGET_PARTIALLY_OCCLUDED,,116.0,117.0,False,,,,,,,,,1,0,False,0,,,,,,,,,,,,,,,,True,,,141.014920597077,,False,False,False,False,TARGET_NOT_FOUND,HUMAN_TARGET_UNAVAILABLE: operator excluded this frame because TARGET_PARTIALLY_OCCLUDED.,False,,TARGET_NOT_FOUND,HUMAN_TARGET_UNAVAILABLE: operator excluded this frame because TARGET_PARTIALLY_OCCLUDED.,EXCLUDED,False
117,117,117,3900.0,0,0.0,,0,0,,,True,TARGET_PARTIALLY_OCCLUDED,,116.0,117.0,False,,,,,,,,,1,0,False,0,,,,,,,,,,,,,,,,True,,,141.014920597077,,False,False,False,False,TARGET_NOT_FOUND,HUMAN_TARGET_UNAVAILABLE: operator excluded this frame because TARGET_PARTIALLY_OCCLUDED.,False,,TARGET_NOT_FOUND,HUMAN_TARGET_UNAVAILABLE: operator excluded this frame because TARGET_PARTIALLY_OCCLUDED.,EXCLUDED,False
118,118,118,3933.333333333333,17,1.0,0.49861398339271545,4,6,0.5854594558477402,0.015410059597343206,False,,,,,False,,,,448.1930236816406,537.0,468.41498947143555,427.9178771972656,110.94069323541501,2,0,True,1,0.08961333962124271,0.5898933061547521,364.5140075683594,350.7770080566406,224.72406005859375,186.22299194335938,476.87603759765625,443.8885040283203,462.8170812733631,294.9256408280284,149.62482703668286,0.2661694711865572,0.998697207797992,291.8559677264711,,True,,,141.014920597077,,False,True,True,True,TARGET_IDENTITY_UNCERTAIN,TARGET_OVERLAP_AMBIGUOUS: another detected person overlaps or is too close to the selected pose for automated identity acceptance.,False,,TARGET_IDENTITY_UNCERTAIN,TARGET_OVERLAP_AMBIGUOUS: another detected person overlaps or is too close to the selected pose for automated identity acceptance.,NOT_REVIEWED,False
119,119,119,3966.666666666667,17,1.0,0.8155393004417419,4,6,0.9542697370052338,0.8924885094165802,False,,,,,False,,,,380.9586639404297,289.90065002441406,378.2136993408203,164.6754913330078,125.25524020950576,2,1,True,1,0.156613459970984,0.48658983279498064,339.50179862976074,109.05474853515625,149.91894721984863,317.57940673828125,414.46127223968506,267.8444519042969,449.23036514968544,295.5317354378285,44.446321459153516,0.07878687999262203,1.0,351.18708734767915,0.42074355940486136,True,256.08308786049827,278.2675447419879,141.014920597077,0.10151086788178826,True,True,True,True,TARGET_IDENTITY_UNCERTAIN,TARGET_OVERLAP_AMBIGUOUS: another detected person overlaps or is too close to the selected pose for automated identity acceptance.,False,,TARGET_IDENTITY_UNCERTAIN,TARGET_OVERLAP_AMBIGUOUS: another detected person overlaps or is too close to the selected pose for automated identity acceptance.,NOT_REVIEWED,False
120,120,120,4000.0,17,1.0,0.8362208604812622,4,6,0.9722189605236053,0.9169202148914337,False,,,,,False,,,,381.56678581237793,298.46312713623047,377.45433235168457,164.65785598754883,133.8684535678163,3,1,True,2,0.16739076731596586,0.2238000275521769,334.9488410949707,114.02155303955078,148.4993553161621,340.3454818725586,409.19851875305176,284.1942939758301,435.6436490260078,296.13783004762865,29.01711510560567,0.051249447521008074,1.0,371.33153052276595,0.14285327460237815,True,8.58404487998063,0.7595717409162482,141.014920597077,0.06108015607030075,False,True,True,True,TARGET_IDENTITY_UNCERTAIN,TARGET_OVERLAP_AMBIGUOUS: another detected person overlaps or is too close to the selected pose for automated identity acceptance.,False,,TARGET_IDENTITY_UNCERTAIN,TARGET_OVERLAP_AMBIGUOUS: another detected person overlaps or is too close to the selected pose for automated identity acceptance.,NOT_REVIEWED,False
121,121,121,4033.333333333333,17,1.0,0.831741988658905,4,6,0.9755374193191528,0.9377288818359375,False,,,,,False,,,,381.05598068237305,299.4526672363281,376.0746307373047,165.0976104736328,134.44736934943097,3,2,True,2,0.23699274477624452,0.24218186799633185,323.1611213684082,114.83256530761719,155.51275253295898,345.68287658691406,400.9174976348877,287.6740036010742,422.0569329023302,296.74392465742864,23.00302570087014,0.04047541074709369,1.0,379.052591820424,0.05475350597628976,True,1.1136029321713303,1.4480885859481953,141.014920597077,0.00410535125760786,False,True,True,False,TARGET_IDENTITY_UNCERTAIN,TARGET_OVERLAP_AMBIGUOUS: another detected person overlaps or is too close to the selected pose for automated identity acceptance.,False,,TARGET_IDENTITY_UNCERTAIN,TARGET_OVERLAP_AMBIGUOUS: another detected person overlaps or is too close to the selected pose for automated identity acceptance.,NOT_REVIEWED,False
122,122,122,4066.6666666666665,17,1.0,0.9405926465988159,4,6,0.9940459132194519,0.9911950528621674,False,,,,,False,,,,372.6649856567383,287.06409454345703,367.35758781433105,160.67674255371094,126.49873997331976,4,0,True,3,0.33495715770333395,0.23865269869463246,314.42298889160156,115.07958221435547,194.37469482421875,378.9104995727539,411.61033630371094,304.5348320007324,408.47021677865246,297.35001926722873,7.841038492901962,0.013743799238139311,1.0,425.8575920122619,0.331915232754512,True,14.962804913744572,9.773991532959247,141.014920597077,0.05636729320880088,False,True,True,False,TARGET_IDENTITY_UNCERTAIN,TARGET_OVERLAP_AMBIGUOUS: another detected person overlaps or is too close to the selected pose for automated identity acceptance.,False,,TARGET_IDENTITY_UNCERTAIN,TARGET_OVERLAP_AMBIGUOUS: another detected person overlaps or is too close to the selected pose for automated identity acceptance.,NOT_REVIEWED,False
123,123,123,4100.0,17,1.0,0.91049724817276,4,6,0.9948441982269287,0.988637387752533,False,,,,,False,,,,372.2946243286133,291.65225982666016,366.1774253845215,156.5911102294922,135.19960892484187,3,0,True,2,0.30337101172737,0.26283346976022826,314.5686950683594,110.08298110961914,197.41195678710938,386.046688079834,413.27467346191406,303.10632514953613,399.98483273115113,290.37993125452783,18.400569779763615,0.03263090788228937,1.0,433.59373387991224,0.054860449056698735,True,4.6030889823422845,4.252666792664943,141.014920597077,0.06170176116599157,False,True,True,False,TARGET_IDENTITY_UNCERTAIN,TARGET_OVERLAP_AMBIGUOUS: another detected person overlaps or is too close to the selected pose for automated identity acceptance.,False,,TARGET_IDENTITY_UNCERTAIN,TARGET_OVERLAP_AMBIGUOUS: another detected person overlaps or is too close to the selected pose for automated identity acceptance.,NOT_REVIEWED,False
124,124,124,4133.333333333334,17,1.0,0.8744930028915405,4,6,0.994236558675766,0.9843796789646149,False,,,,,False,,,,373.3175735473633,296.6297073364258,370.61687088012695,167.00720977783203,129.65062926274,4,0,True,3,0.28003434676488637,0.28377061122144065,318.74815368652344,115.00277709960938,191.6012420654297,367.7288513183594,414.5487747192383,298.86720275878906,391.4994486836498,283.4098432418268,27.75250248052381,0.049666502046180415,1.0,414.65111124044444,0.13433062656960038,True,5.081477031003216,11.322711959127865,141.014920597077,0.03935030164614281,False,True,True,False,TARGET_IDENTITY_UNCERTAIN,TARGET_OVERLAP_AMBIGUOUS: another detected person overlaps or is too close to the selected pose for automated identity acceptance.,False,,TARGET_IDENTITY_UNCERTAIN,TARGET_OVERLAP_AMBIGUOUS: another detected person overlaps or is too close to the selected pose for automated identity acceptance.,NOT_REVIEWED,False
125,125,125,4166.666666666667,17,1.0,0.8756211400032043,4,6,0.9755682945251465,0.9180968105792999,False,,,,,False,,,,404.63745498657227,302.22045135498047,408.62966537475586,175.6241912841797,126.65919156420252,2,0,True,1,0.0018281316822884206,0.27580115120842597,338.5765838623047,133.43953704833984,134.83184814453125,365.1962356567383,405.9925079345703,316.037654876709,392.1055475441857,288.2586001202275,31.05677948609138,0.056815309287508074,1.0,389.29155887576326,0.17983595109868705,True,31.81495547768553,38.977235863663125,141.014920597077,0.021213625380004666,False,True,True,False,TARGET_IDENTITY_UNCERTAIN,TARGET_OVERLAP_AMBIGUOUS: another detected person overlaps or is too close to the selected pose for automated identity acceptance.,False,,TARGET_IDENTITY_UNCERTAIN,TARGET_OVERLAP_AMBIGUOUS: another detected person overlaps or is too close to the selected pose for automated identity acceptance.,NOT_REVIEWED,False
126,126,126,4200.0,17,1.0,0.84317946434021,4,6,0.9586908519268036,0.8729149997234344,False,,,,,False,,,,405.6318168640137,311.02313232421875,409.76583099365234,171.8680191040039,139.2165062345513,1,0,False,0,0.0,,381.70206451416016,130.56674194335938,84.30175018310547,393.2176818847656,423.8529396057129,327.1755828857422,392.7116464047215,293.1073569986282,46.15651803727767,0.08536661189620975,1.0,402.1528694797085,0.09120531749043749,True,8.858665124582744,3.924245374678922,141.014920597077,0.0890495460847643,False,False,False,False,INVALID_TRACK_SEGMENT,Valid-looking pose segment is too short to establish target identity continuity.,False,,INVALID_TRACK_SEGMENT,Valid-looking pose segment is too short to establish target identity continuity.,NOT_REVIEWED,False
127,127,127,4233.333333333333,17,1.0,0.8124334216117859,4,6,0.9815213680267334,0.9403013288974762,False,,,,,False,,,,388.681848526001,287.10511016845703,396.4987545013428,162.8513641357422,124.49938723620183,1,0,False,0,0.0,,365.97097396850586,127.75416564941406,138.23425674438477,362.45936584472656,435.08810234069824,308.98384857177734,419.5390630562908,299.15273149413906,18.396289997232525,0.03291944513351833,1.0,387.92460817307506,0.1008989775435747,True,29.315067977119572,16.04105312844116,141.014920597077,0.1043656865247672,False,False,False,True,TARGET_IDENTITY_UNCERTAIN,Temporal/body-scale discontinuity suggests target identity uncertainty.,False,,TARGET_IDENTITY_UNCERTAIN,Temporal/body-scale discontinuity suggests target identity uncertainty.,NOT_REVIEWED,False
128,128,128,4266.666666666667,17,1.0,0.46525752544403076,4,6,0.6990359127521515,0.20927557349205017,False,,,,,False,,,,513.1863021850586,371.4339141845703,504.26700592041016,191.16885375976562,180.48558351240982,1,0,False,0,0.0,,427.8611297607422,133.90736389160156,101.89277648925781,426.45909118652344,478.8075180053711,347.1369094848633,446.3664797078602,305.19810598964983,53.02154471939398,0.0918844385243668,1.0,438.4626487585064,0.3583878952060263,True,150.3752179307763,111.42655084193352,141.014920597077,0.3970232088856595,True,False,False,True,TARGET_IDENTITY_UNCERTAIN,Temporal/body-scale discontinuity suggests target identity uncertainty.,False,,TARGET_IDENTITY_UNCERTAIN,Temporal/body-scale discontinuity suggests target identity uncertainty.,NOT_REVIEWED,False
129,129,129,4300.0,17,1.0,0.720620334148407,4,6,0.9036667346954346,0.7529065608978271,False,,,,,False,,,,544.2412185668945,324.8959045410156,543.9395065307617,189.85980224609375,135.0364393530774,2,0,True,1,0.36992433926457197,0.1964328988884031,416.71013259887695,151.87979888916016,144.07352828979492,360.0825424194336,488.7468967437744,331.92107009887695,473.1938963594295,311.2434804851607,25.87389675307332,0.04346112265307679,1.0,387.8358143713826,0.35901757184816113,True,55.948138244863976,39.69409175864579,141.014920597077,0.32230024997989104,False,True,True,True,TARGET_IDENTITY_UNCERTAIN,TARGET_OVERLAP_AMBIGUOUS: another detected person overlaps or is too close to the selected pose for automated identity acceptance.,False,,TARGET_IDENTITY_UNCERTAIN,TARGET_OVERLAP_AMBIGUOUS: another detected person overlaps or is too close to the selected pose for automated identity acceptance.,NOT_REVIEWED,False
130,130,130,4333.333333333333,0,0.0,,0,0,,,True,TARGET_PARTIALLY_OCCLUDED,,130.0,136.0,False,,,,,,,,,1,0,False,0,,,,,,,,,,,,,,,,True,,,141.014920597077,,False,False,False,False,TARGET_NOT_FOUND,HUMAN_TARGET_UNAVAILABLE: operator excluded this frame because TARGET_PARTIALLY_OCCLUDED.,False,,TARGET_NOT_FOUND,HUMAN_TARGET_UNAVAILABLE: operator excluded this frame because TARGET_PARTIALLY_OCCLUDED.,EXCLUDED,False
131,131,131,4366.666666666666,0,0.0,,0,0,,,True,TARGET_PARTIALLY_OCCLUDED,,130.0,136.0,False,,,,,,,,,1,0,False,0,,,,,,,,,,,,,,,,True,,,141.014920597077,,False,False,False,False,TARGET_NOT_FOUND,HUMAN_TARGET_UNAVAILABLE: operator excluded this frame because TARGET_PARTIALLY_OCCLUDED.,False,,TARGET_NOT_FOUND,HUMAN_TARGET_UNAVAILABLE: operator excluded this frame because TARGET_PARTIALLY_OCCLUDED.,EXCLUDED,False
132,132,132,4400.0,0,0.0,,0,0,,,True,TARGET_PARTIALLY_OCCLUDED,,130.0,136.0,False,,,,,,,,,1,0,False,0,,,,,,,,,,,,,,,,True,,,141.014920597077,,False,False,False,False,TARGET_NOT_FOUND,HUMAN_TARGET_UNAVAILABLE: operator excluded this frame because TARGET_PARTIALLY_OCCLUDED.,False,,TARGET_NOT_FOUND,HUMAN_TARGET_UNAVAILABLE: operator excluded this frame because TARGET_PARTIALLY_OCCLUDED.,EXCLUDED,False
133,133,133,4433.333333333334,0,0.0,,0,0,,,True,TARGET_PARTIALLY_OCCLUDED,,130.0,136.0,False,,,,,,,,,1,0,False,0,,,,,,,,,,,,,,,,True,,,141.014920597077,,False,False,False,False,TARGET_NOT_FOUND,HUMAN_TARGET_UNAVAILABLE: operator excluded this frame because TARGET_PARTIALLY_OCCLUDED.,False,,TARGET_NOT_FOUND,HUMAN_TARGET_UNAVAILABLE: operator excluded this frame because TARGET_PARTIALLY_OCCLUDED.,EXCLUDED,False
134,134,134,4466.666666666667,0,0.0,,0,0,,,True,TARGET_PARTIALLY_OCCLUDED,,130.0,136.0,False,,,,,,,,,1,0,False,0,,,,,,,,,,,,,,,,True,,,141.014920597077,,False,False,False,False,TARGET_NOT_FOUND,HUMAN_TARGET_UNAVAILABLE: operator excluded this frame because TARGET_PARTIALLY_OCCLUDED.,False,,TARGET_NOT_FOUND,HUMAN_TARGET_UNAVAILABLE: operator excluded this frame because TARGET_PARTIALLY_OCCLUDED.,EXCLUDED,False
135,135,135,4500.0,0,0.0,,0,0,,,True,TARGET_PARTIALLY_OCCLUDED,,130.0,136.0,False,,,,,,,,,1,0,False,0,,,,,,,,,,,,,,,,True,,,141.014920597077,,False,False,False,False,TARGET_NOT_FOUND,HUMAN_TARGET_UNAVAILABLE: operator excluded this frame because TARGET_PARTIALLY_OCCLUDED.,False,,TARGET_NOT_FOUND,HUMAN_TARGET_UNAVAILABLE: operator excluded this frame because TARGET_PARTIALLY_OCCLUDED.,EXCLUDED,False
136,136,136,4533.333333333333,0,0.0,,0,0,,,True,TARGET_PARTIALLY_OCCLUDED,,130.0,136.0,False,,,,,,,,,1,0,False,0,,,,,,,,,,,,,,,,True,,,141.014920597077,,False,False,False,False,TARGET_NOT_FOUND,HUMAN_TARGET_UNAVAILABLE: operator excluded this frame because TARGET_PARTIALLY_OCCLUDED.,False,,TARGET_NOT_FOUND,HUMAN_TARGET_UNAVAILABLE: operator excluded this frame because TARGET_PARTIALLY_OCCLUDED.,EXCLUDED,False
137,137,137,4566.666666666666,17,1.0,0.6651325821876526,4,6,0.9212522208690643,0.9464709162712097,False,,,,,False,,,,642.5080718994141,394.58436584472656,644.4197578430176,270.0229034423828,124.57613117671245,2,0,True,1,0.6824934096407139,0.11301630974934716,611.2580013275146,232.21697998046875,119.76502418518066,315.6702880859375,671.140513420105,390.0521240234375,687.8132295719845,359.60647644924745,34.71191323008469,0.04668514170376074,1.0,337.62611243553965,,True,,,141.014920597077,,False,True,True,True,TARGET_IDENTITY_UNCERTAIN,TARGET_OVERLAP_AMBIGUOUS: another detected person overlaps or is too close to the selected pose for automated identity acceptance.,False,,TARGET_IDENTITY_UNCERTAIN,TARGET_OVERLAP_AMBIGUOUS: another detected person overlaps or is too close to the selected pose for automated identity acceptance.,NOT_REVIEWED,False
138,138,138,4600.0,17,1.0,0.29074400663375854,4,6,0.20473428815603256,0.3258955478668213,False,,,,,False,,,,693.962475001812,517.1835784912109,700.2850036621094,459.1327819824219,58.3940865496252,1,0,False,0,0.0,,677.0,405.14332580566406,86.36155700683594,133.29869079589844,720.180778503418,471.7926712036133,740.6070038910506,368.82352941176464,104.9755916627108,0.2411789125924161,0.9958999627220154,158.82965559537524,1.2679258058871719,True,132.9591010053917,197.18892426263673,141.014920597077,0.4693265389709342,True,False,False,True,TARGET_IDENTITY_UNCERTAIN,Temporal/body-scale discontinuity suggests target identity uncertainty.,False,,TARGET_IDENTITY_UNCERTAIN,Temporal/body-scale discontinuity suggests target identity uncertainty.,NOT_REVIEWED,False
139,139,139,4633.333333333334,17,1.0,0.4074421525001526,4,6,0.564585953950882,0.7027752995491028,False,,,,,False,,,,683.520941734314,389.47642517089844,688.6834416389465,276.1478729248047,113.4460759985154,1,0,False,0,0.0,,677.1619529724121,245.21328735351562,112.62854385375977,289.904052734375,733.476224899292,390.1653137207031,759.035019455253,365.4257991475069,35.57099324549721,0.06050342963361718,1.0,311.0137435587591,1.0792055714318385,True,128.13330022345508,183.35231982225292,141.014920597077,0.39039832959372195,True,False,False,True,TARGET_IDENTITY_UNCERTAIN,Temporal/body-scale discontinuity suggests target identity uncertainty.,False,,TARGET_IDENTITY_UNCERTAIN,Temporal/body-scale discontinuity suggests target identity uncertainty.,NOT_REVIEWED,False
140,140,140,4666.666666666667,17,1.0,0.3311164379119873,4,6,0.5421122312545776,0.8211417496204376,False,,,,,False,,,,724.8773860931396,250.65216064453125,719.5539455413818,226.54973602294922,24.683312013324777,1,0,False,0,0.0,,699.315990447998,213.49436950683594,83.78888320922852,249.41380310058594,741.2104320526123,338.2012710571289,777.4630350194552,362.02806888324915,43.381649536622696,0.05857791770707786,1.0,263.1118053728255,0.3396941116805942,True,144.85348429116718,58.42057167920792,141.014920597077,0.6294565398424266,True,False,False,True,TARGET_IDENTITY_UNCERTAIN,Temporal/body-scale discontinuity suggests target identity uncertainty.,False,,TARGET_IDENTITY_UNCERTAIN,Temporal/body-scale discontinuity suggests target identity uncertainty.,NOT_REVIEWED,False
141,141,141,4700.0,17,1.0,0.25030189752578735,4,6,0.3440147787332535,0.6574813723564148,False,,,,,False,,,,724.6661796569824,254.12511444091797,725.3022174835205,224.9741439819336,29.15790840950988,1,0,False,0,0.0,,703.5786991119385,212.68142700195312,80.26309776306152,269.8197021484375,743.7102479934692,347.5912780761719,794.0648508430609,361.62447014424885,52.27347805302073,0.07025772414633061,1.0,281.50459415433045,0.1304315082661276,True,3.4793700910525684,5.960295345072296,141.014920597077,0.031731368405832745,False,False,False,True,TARGET_IDENTITY_UNCERTAIN,Temporal/body-scale discontinuity suggests target identity uncertainty.,False,,TARGET_IDENTITY_UNCERTAIN,Temporal/body-scale discontinuity suggests target identity uncertainty.,NOT_REVIEWED,False
142,142,142,4733.333333333333,17,1.0,0.24253897368907928,4,6,0.4024524390697479,0.6699745357036591,False,,,,,False,,,,726.7576751708984,258.56092834472656,728.1144561767578,225.660888671875,32.92800426951302,2,0,True,1,0.2729532963708203,0.4149452782661559,702.3977642059326,214.9890899658203,78.97345924377441,262.1112518310547,741.8844938278198,346.04471588134766,810.6666666666667,361.2208714052486,70.43651749567577,0.09417611096918473,1.0,273.7500969887877,0.05499061470026818,True,4.904161342569436,2.8948755995558395,141.014920597077,0.026735439370812835,False,True,True,True,TARGET_IDENTITY_UNCERTAIN,TARGET_OVERLAP_AMBIGUOUS: another detected person overlaps or is too close to the selected pose for automated identity acceptance.,False,,TARGET_IDENTITY_UNCERTAIN,TARGET_OVERLAP_AMBIGUOUS: another detected person overlaps or is too close to the selected pose for automated identity acceptance.,NOT_REVIEWED,False
143,143,143,4766.666666666667,17,1.0,0.2556728422641754,4,6,0.35373419523239136,0.4168311655521393,False,,,,,False,,,,705.194881439209,406.6129150390625,697.1425218582153,300.7694854736328,106.1492914578034,1,0,False,0,0.0,,695.2256202697754,254.1930694580078,120.81950759887695,351.38926696777344,755.6353740692139,429.88770294189453,827.2684824902724,360.8172726662483,99.50892703936684,0.13227829847176875,1.0,371.5800995163549,0.6937563919714398,True,149.61398610308868,81.2438430218631,141.014920597077,0.5192449627192721,True,False,False,True,TARGET_IDENTITY_UNCERTAIN,Temporal/body-scale discontinuity suggests target identity uncertainty.,False,,TARGET_IDENTITY_UNCERTAIN,Temporal/body-scale discontinuity suggests target identity uncertainty.,NOT_REVIEWED,False
144,144,144,4800.0,17,1.0,0.3956258296966553,4,6,0.6682293713092804,0.6622622609138489,False,,,,,False,,,,773.9428558349609,373.3623046875,787.5716247558594,239.50182342529297,134.55248710465713,2,1,True,1,0.2618214849407024,0.251036097461394,757.9440956115723,200.94550323486328,62.160152435302734,312.57506561279297,789.0241718292236,357.23303604125977,845.4199555308505,362.55149347598126,56.646009645919726,0.09440265179174617,1.0,318.69586786405296,0.37502578754349297,True,76.36679299453658,109.22979933947639,141.014920597077,0.20141978966899818,True,True,True,True,TARGET_IDENTITY_UNCERTAIN,TARGET_OVERLAP_AMBIGUOUS: another detected person overlaps or is too close to the selected pose for automated identity acceptance.,False,,TARGET_IDENTITY_UNCERTAIN,TARGET_OVERLAP_AMBIGUOUS: another detected person overlaps or is too close to the selected pose for automated identity acceptance.,NOT_REVIEWED,False
145,145,145,4833.333333333333,17,1.0,0.2908724248409271,4,6,0.7024132013320923,0.4436625987291336,False,,,,,False,,,,820.3398723602295,432.37559509277344,811.3303203582764,311.84474182128906,120.86711139771643,1,0,False,0,0.0,,761.8875789642334,250.67355346679688,134.27988624572754,307.40594482421875,829.0275220870972,404.37652587890625,863.5714285714286,364.28571428571433,52.92026690596943,0.11756801391066611,1.0,335.45417386497985,0.11884065834998075,True,75.06831280176198,76.14442500129644,141.014920597077,0.0970491324534659,False,False,False,True,TARGET_IDENTITY_UNCERTAIN,Temporal/body-scale discontinuity suggests target identity uncertainty.,False,,TARGET_IDENTITY_UNCERTAIN,Temporal/body-scale discontinuity suggests target identity uncertainty.,NOT_REVIEWED,False
146,146,146,4866.666666666666,17,1.0,0.8578664660453796,4,6,0.9746292233467102,0.9422045946121216,False,,,,,False,,,,838.8177833557129,386.7269592285156,846.2608394622803,251.80005264282227,135.13204359066702,1,0,False,0,0.0,,822.0782852172852,214.7334442138672,95.06114959716797,306.0777130126953,869.6088600158691,367.77230072021484,873.6707893274041,364.17535151647337,5.425616398733279,0.010367866963621129,1.0,320.49990415882655,0.10604742847660954,True,49.24663593611863,69.4658611363443,141.014920597077,0.10115902723308191,False,False,False,False,INVALID_TRACK_SEGMENT,Valid-looking pose segment is too short to establish target identity continuity.,False,,INVALID_TRACK_SEGMENT,Valid-looking pose segment is too short to establish target identity continuity.,NOT_REVIEWED,False
147,147,147,4900.0,17,1.0,0.8332643508911133,4,6,0.9733045101165771,0.9589035212993622,False,,,,,False,,,,841.7810707092285,379.44451904296875,853.6834754943848,245.00333404541016,134.9670310232002,1,0,False,0,0.0,,828.2367248535156,211.1226577758789,80.74908447265625,307.6898422241211,868.6112670898438,364.96757888793945,883.7701500833796,364.06498874723235,15.185730228534004,0.025407331944619107,1.0,318.1091851095732,0.016953660216455776,True,7.862252030784414,10.06433849577326,141.014920597077,0.0011701780688747761,False,False,False,True,TARGET_IDENTITY_UNCERTAIN,Temporal/body-scale discontinuity suggests target identity uncertainty.,False,,TARGET_IDENTITY_UNCERTAIN,Temporal/body-scale discontinuity suggests target identity uncertainty.,NOT_REVIEWED,False
148,148,148,4933.333333333334,17,1.0,0.15186041593551636,4,6,0.16294176131486893,0.30579516291618347,False,,,,,False,,,,787.4372205734253,436.75396728515625,776.5305876731873,350.2952117919922,87.1439673336444,2,1,True,1,0.5798248133375714,0.09150582382065935,771.0,321.3713073730469,104.54696655273438,275.2715759277344,823.2734832763672,459.00709533691406,893.8695108393551,363.9546259779913,118.40089120822994,0.1759642155346094,1.0,294.45629341061294,0.16773325545134235,True,78.97864841466082,130.53331995529518,141.014920597077,0.3391347772779379,True,True,True,True,TARGET_IDENTITY_UNCERTAIN,TARGET_OVERLAP_AMBIGUOUS: another detected person overlaps or is too close to the selected pose for automated identity acceptance.,False,,TARGET_IDENTITY_UNCERTAIN,TARGET_OVERLAP_AMBIGUOUS: another detected person overlaps or is too close to the selected pose for automated identity acceptance.,NOT_REVIEWED,False
149,149,149,4966.666666666667,17,1.0,0.17380855977535248,4,6,0.34283801913261414,0.4760359674692154,False,,,,,False,,,,789.9303593635559,531.0885009765625,789.0105972290039,470.01751708984375,61.07790955227607,3,1,True,2,0.6938249756003513,0.1292660621399202,778.7694742679596,396.7245788574219,131.76746726036072,216.38180541992188,844.65320789814,504.9154815673828,903.9688715953307,363.84426320875036,153.03410276479943,0.2044256554949635,1.0,253.3451225995779,0.2915377368363898,True,94.36747314515694,120.37101405382133,141.014920597077,0.18484609763988785,True,True,True,True,TARGET_IDENTITY_UNCERTAIN,TARGET_OVERLAP_AMBIGUOUS: another detected person overlaps or is too close to the selected pose for automated identity acceptance.,False,,TARGET_IDENTITY_UNCERTAIN,TARGET_OVERLAP_AMBIGUOUS: another detected person overlaps or is too close to the selected pose for automated identity acceptance.,NOT_REVIEWED,False
150,150,150,5000.0,17,1.0,0.7854653596878052,4,6,0.9544205069541931,0.9222952425479889,False,,,,,False,,,,911.251220703125,377.1204833984375,925.6536026000977,270.4629211425781,107.6255740550022,2,0,True,1,0.04994026428009066,0.6116470262980683,878.7201690673828,222.9498748779297,97.11013793945312,276.19590759277344,927.2752380371094,361.0478286743164,935.0142671854733,364.04606257825054,8.29951677520602,0.011130426852506986,1.0,292.77048734736815,0.27958293052152,True,196.0227074425633,241.85398007996724,141.014920597077,0.3300903500539998,True,False,True,True,TARGET_IDENTITY_UNCERTAIN,TARGET_OVERLAP_AMBIGUOUS: multiple pose candidates plus a target-continuity jump.,False,,TARGET_IDENTITY_UNCERTAIN,TARGET_OVERLAP_AMBIGUOUS: multiple pose candidates plus a target-continuity jump.,NOT_REVIEWED,False
151,151,151,5033.333333333333,17,1.0,0.7139673233032227,4,6,0.8514042496681213,0.744064062833786,False,,,,,False,,,,899.1581859588623,437.7760314941406,930.8949356079102,278.87989807128906,162.03457191296857,3,0,True,2,0.6845851707963344,0.13904418433237523,876.0082664489746,217.56219482421875,87.24330520629883,397.57122802734375,919.629919052124,416.3478088378906,966.0596627756161,364.24786194775066,69.78628495760863,0.0939123266865102,1.0,407.031049993105,0.8102728573823362,True,61.84930884105415,9.915496574415073,141.014920597077,0.385838588055725,False,True,True,True,TARGET_IDENTITY_UNCERTAIN,TARGET_OVERLAP_AMBIGUOUS: another detected person overlaps or is too close to the selected pose for automated identity acceptance.,False,,TARGET_IDENTITY_UNCERTAIN,TARGET_OVERLAP_AMBIGUOUS: another detected person overlaps or is too close to the selected pose for automated identity acceptance.,NOT_REVIEWED,False
152,152,152,5066.666666666666,17,1.0,0.7767577171325684,4,6,0.904991090297699,0.8157610595226288,False,,,,,False,,,,979.677661895752,376.7279510498047,1001.8904838562012,279.67799377441406,99.55954834470555,1,0,False,0,0.0,,955.1558036804199,236.17088317871094,47.78288650512695,251.85765075683594,979.0472469329834,362.0997085571289,997.1050583657587,364.2377867595029,18.183947100152338,0.024555566901384617,1.0,256.35030814788223,1.0685446703598407,True,101.0458021448168,71.00003399877188,141.014920597077,0.44303839128324146,True,False,False,True,TARGET_IDENTITY_UNCERTAIN,Temporal/body-scale discontinuity suggests target identity uncertainty.,False,,TARGET_IDENTITY_UNCERTAIN,Temporal/body-scale discontinuity suggests target identity uncertainty.,NOT_REVIEWED,False
153,153,153,5100.0,17,1.0,0.4949371814727783,4,6,0.6935150027275085,0.4988183081150055,False,,,,,False,,,,971.5712013244629,394.21978759765625,1011.1615905761719,285.42926025390625,115.77036650556589,1,0,False,0,0.0,,949.6315002441406,236.7693328857422,63.7418212890625,222.92408752441406,981.5024108886719,348.2313766479492,1040.2697795071335,360.2118745577479,59.97612812198569,0.08080522321947677,1.0,231.85807853046526,0.1736853767935579,True,19.27897945459302,10.91010934552062,141.014920597077,0.11495817671081512,False,False,False,True,TARGET_IDENTITY_UNCERTAIN,Temporal/body-scale discontinuity suggests target identity uncertainty.,False,,TARGET_IDENTITY_UNCERTAIN,Temporal/body-scale discontinuity suggests target identity uncertainty.,NOT_REVIEWED,False
154,154,154,5133.333333333334,17,1.0,0.2473871111869812,4,6,0.30391189455986023,0.2770916223526001,False,,,,,False,,,,995.131630897522,383.9636993408203,1018.5322380065918,278.8907470703125,107.64717233589306,1,0,False,0,0.0,,974.6395950317383,237.0378875732422,47.120384216308594,223.7859344482422,998.1997871398926,348.9308547973633,1083.4345006485084,355.97408779824497,85.52522153143208,0.11496589969452349,1.0,228.69297117656566,0.022445194738954507,True,25.695937188572923,9.852847212637831,141.014920597077,0.05760521039389365,False,False,False,True,TARGET_IDENTITY_UNCERTAIN,Temporal/body-scale discontinuity suggests target identity uncertainty.,False,,TARGET_IDENTITY_UNCERTAIN,Temporal/body-scale discontinuity suggests target identity uncertainty.,NOT_REVIEWED,False
155,155,155,5166.666666666667,17,1.0,0.6188233494758606,4,6,0.9189587235450745,0.652533769607544,False,,,,,False,,,,1084.7314262390137,446.6129913330078,1097.1915760040283,330.44813537597656,116.83119913655091,1,0,False,0,0.0,,1034.82222366333,288.7389221191406,114.25016403198242,213.95050048828125,1091.9473056793213,395.71417236328125,1126.5992217898834,351.73630103874206,55.989360206838924,0.07505387413262456,1.0,242.54466937148078,0.09822859975572143,True,109.330037557661,94.05028305696898,141.014920597077,0.06512805000897341,True,False,False,True,TARGET_IDENTITY_UNCERTAIN,Temporal/body-scale discontinuity suggests target identity uncertainty.,False,,TARGET_IDENTITY_UNCERTAIN,Temporal/body-scale discontinuity suggests target identity uncertainty.,NOT_REVIEWED,False
