source_frame_index,analysis_frame_index,timestamp_ms,frame_status,frame_rejection_reason,valid_segment_id,raw_pelvis_mid_x,raw_pelvis_mid_y,path_input_center_x,path_input_center_y,center_status,roi_center_x,roi_center_y,roi_x,roi_y,roi_width,roi_height,translation_camera_motion_status,translation_camera_motion_method,translation_background_dx_px,translation_background_dy_px,translation_background_feature_count,translation_camera_motion_residual_px,translation_affine_scale,translation_affine_inlier_fraction,affine_camera_motion_status,affine_camera_motion_method,affine_background_dx_px,affine_background_dy_px,affine_background_feature_count,affine_camera_motion_residual_px,affine_affine_scale,affine_affine_inlier_fraction,translation_raw_dx,translation_raw_dy,translation_compensated_dx,translation_compensated_dy,translation_compensated_x,translation_compensated_y,translation_projected_heading_deg,translation_normalized_projected_speed_per_s,translation_path_segment_id,translation_path_status,translation_path_rejection_reason,affine_raw_dx,affine_raw_dy,affine_compensated_dx,affine_compensated_dy,affine_compensated_x,affine_compensated_y,affine_projected_heading_deg,affine_normalized_projected_speed_per_s,affine_path_segment_id,affine_path_status,affine_path_rejection_reason,chosen_raw_dx,chosen_raw_dy,chosen_compensated_dx,chosen_compensated_dy,chosen_compensated_x,chosen_compensated_y,chosen_projected_heading_deg,chosen_normalized_projected_speed_per_s,chosen_path_segment_id,chosen_path_status,chosen_path_rejection_reason,chosen_path_validation_status,chosen_path_validation_reason
0,0,0.0,VALID_TARGET,,1.0,636.521858215332,331.1665954589844,635.8878707885742,331.1665954589844,SUPPORTED,627.5486381322958,356.57948590674533,426.3346303501946,81.12334653905583,402.4280155642023,550.912278735379,INSUFFICIENT_EVIDENCE,translation_median_sparse_flow,0.0,0.0,0.0,,,,INSUFFICIENT_EVIDENCE,partial_affine_ransac_sparse_flow,0.0,0.0,0.0,,,,,,,,0.0,0.0,,,path_segment_001,SUPPORTED,,,,,,0.0,0.0,,,path_segment_001,SUPPORTED,,,,,,0.0,0.0,,,path_segment_001,QA_REQUIRED,Projected path contains a large step relative to the median supported step.,QA_REQUIRED,Projected path contains a large step relative to the median supported step.
1,1,33.333333333333336,VALID_TARGET,,1.0,636.286865234375,324.66185760498047,634.669132232666,334.21166229248047,SUPPORTED,629.2420233463035,355.4897693114446,426.7330739299611,79.1860725918545,405.0178988326848,552.6073934391802,SUPPORTED,translation_median_sparse_flow,0.0,-1.1444091796875e-05,109.0,0.00018453043594490737,,,SUPPORTED,partial_affine_ransac_sparse_flow,-0.0825463018570039,-0.034595373289934644,109.0,0.010695073361116858,1.0000689250633368,1.0,-1.2187385559082031,3.0450668334960938,-1.2187385559082031,3.0450782775878906,-1.2187385559082031,3.0450782775878906,-111.81288048432901,0.6964748160673768,path_segment_001,SUPPORTED,,-1.2187385559082031,3.0450668334960938,-1.1706853915760576,3.0389116809972734,-1.1706853915760576,3.0389116809972734,-111.06827096486195,0.6915259953754269,path_segment_001,SUPPORTED,,-1.2187385559082031,3.0450668334960938,-1.1706853915760576,3.0389116809972734,-1.1706853915760576,3.0389116809972734,,,path_segment_001,QA_REQUIRED,Projected path contains a large step relative to the median supported step.,QA_REQUIRED,Projected path contains a large step relative to the median supported step.
2,2,66.66666666666667,VALID_TARGET,,1.0,633.4503936767578,337.25672912597656,633.4503936767578,335.5246124267578,SUPPORTED,630.9354085603113,354.4000527161439,427.13151750972764,77.24879864465316,407.6077821011673,554.3025081429814,SUPPORTED,translation_median_sparse_flow,46.03704833984375,1.9073486328125e-06,106.0,5.035301208496094,,,SUPPORTED,partial_affine_ransac_sparse_flow,57.31807960637311,-2.2336490445004338,34.0,0.9704070457112542,0.9901631264704658,0.32075471698113206,-1.2187385559082031,1.3129501342773438,-47.25578689575195,1.312948226928711,-48.474525451660156,4.358026504516602,-178.40851143964676,10.038428544191474,path_segment_001,SUPPORTED,,-1.2187385559082031,1.3129501342773438,-51.477600055196035,5.2891129645250885,-52.64828544677209,8.328024645522362,-174.13367813125438,10.988585990315478,path_segment_001,SUPPORTED,,-1.2187385559082031,1.3129501342773438,-51.477600055196035,5.2891129645250885,-52.64828544677209,8.328024645522362,,,path_segment_001,QA_REQUIRED,Projected path contains a large step relative to the median supported step.,QA_REQUIRED,Projected path contains a large step relative to the median supported step.
3,3,100.0,VALID_TARGET,,1.0,632.8261795043945,338.5690460205078,633.3691864013672,337.25672912597656,SUPPORTED,632.6287937743191,353.31033612084315,427.5299610894942,75.31152469745183,410.19766536964977,555.9976228467826,SUPPORTED,translation_median_sparse_flow,0.0,1.71661376953125e-05,107.0,0.00038200817652978003,,,SUPPORTED,partial_affine_ransac_sparse_flow,-0.0024890120283143787,-0.004654950436409417,107.0,0.001098561241803083,1.0000025391047402,1.0,-0.081207275390625,1.73211669921875,-0.081207275390625,1.7320995330810547,-48.55573272705078,6.090126037597656,-92.68427387680471,0.3682076442620845,path_segment_001,SUPPORTED,,-0.081207275390625,1.73211669921875,-0.07865316683353285,1.7327602811075735,-52.726938613605626,10.060784926629935,-92.59897649221554,0.3683228057168897,path_segment_001,SUPPORTED,,-0.081207275390625,1.73211669921875,-0.07865316683353285,1.7327602811075735,-52.726938613605626,10.060784926629935,,,path_segment_001,QA_REQUIRED,Projected path contains a large step relative to the median supported step.,QA_REQUIRED,Projected path contains a large step relative to the median supported step.
4,4,133.33333333333334,VALID_TARGET,,1.0,631.6665725708008,335.5246124267578,632.8083648681641,338.5690460205078,SUPPORTED,634.3221789883269,352.2206195255424,427.9284046692607,73.3742507502505,412.78754863813225,557.6927375505838,SUPPORTED,translation_median_sparse_flow,0.0,-1.71661376953125e-05,106.0,0.00037065910873934627,,,SUPPORTED,partial_affine_ransac_sparse_flow,-0.0038919329589872796,0.0007758561656416481,106.0,0.0008775200503291017,1.0000029752137625,1.0,-0.560821533203125,1.31231689453125,-0.560821533203125,1.3123340606689453,-49.116554260253906,7.402460098266602,-113.13927760284302,0.3030477933058451,path_segment_001,SUPPORTED,,-0.560821533203125,1.31231689453125,-0.559262377196319,1.311379665787456,-53.286200990801944,11.372164592417391,-113.09673022827567,0.3027314152659967,path_segment_001,SUPPORTED,,-0.560821533203125,1.31231689453125,-0.559262377196319,1.311379665787456,-53.286200990801944,11.372164592417391,,,path_segment_001,QA_REQUIRED,Projected path contains a large step relative to the median supported step.,QA_REQUIRED,Projected path contains a large step relative to the median supported step.
5,5,166.66666666666666,VALID_TARGET,,1.0,633.1693267822266,350.5256042480469,634.5051116943359,350.4141082763672,SUPPORTED,636.0155642023346,351.1309029302417,428.32684824902725,71.43697680304916,415.37743190661473,559.387852254385,UNSTABLE_TRANSFORM,translation_median_sparse_flow,-43.328125,2.0136489868164062,97.0,73.43777465820312,,,LOW_BACKGROUND_FEATURE_COUNT,partial_affine_ransac_sparse_flow,0.0,0.0,11.0,,,,,,,,,,,,,UNSTABLE_TRANSFORM,Camera compensation was not supported.,,,,,,,,,,LOW_BACKGROUND_FEATURE_COUNT,Camera compensation was not supported.,,,,,,,,,,LOW_BACKGROUND_FEATURE_COUNT,Camera compensation was not supported.,QA_REQUIRED,Projected path contains a large step relative to the median supported step.
6,6,200.0,VALID_TARGET,,1.0,634.5787124633789,352.7564239501953,634.5051116943359,351.54490661621094,SUPPORTED,636.1151750972763,350.8887436868415,423.34630350194556,69.741862099248,425.53774319066144,562.293763175187,SUPPORTED,translation_median_sparse_flow,0.0,-5.7220458984375e-06,107.0,0.0001661146234255284,,,SUPPORTED,partial_affine_ransac_sparse_flow,0.0008304760584527159,0.0005549816974530818,107.0,0.00031904525242814523,0.9999993972863519,1.0,,,,,0.0,0.0,,,path_segment_002,INSUFFICIENT_EVIDENCE,Continuous path run is shorter than the configured minimum sample count.,,,,,0.0,0.0,,,path_segment_002,INSUFFICIENT_EVIDENCE,Continuous path run is shorter than the configured minimum sample count.,,,,,0.0,0.0,,,path_segment_002,INSUFFICIENT_EVIDENCE,Continuous path run is shorter than the configured minimum sample count.,QA_REQUIRED,Projected path contains a large step relative to the median supported step.
7,7,233.33333333333337,VALID_TARGET,,1.0,634.2684326171875,351.54490661621094,634.5051116943359,351.5492401123047,SUPPORTED,636.2147859922179,350.6465844434414,418.3657587548638,68.04674739544683,435.69805447470816,565.199674095989,SUPPORTED,translation_median_sparse_flow,0.0,3.814697265625e-06,107.0,0.00021690168068744242,,,SUPPORTED,partial_affine_ransac_sparse_flow,-0.0021583711369250187,-0.010418075987270493,107.0,0.003824014894119049,0.9999991026732981,1.0,0.0,0.00433349609375,0.0,0.004329681396484375,0.0,0.004329681396484375,,,path_segment_002,INSUFFICIENT_EVIDENCE,Continuous path run is shorter than the configured minimum sample count.,0.0,0.00433349609375,0.005555818319521677,0.009962639910156668,0.005555818319521677,0.009962639910156668,,,path_segment_002,INSUFFICIENT_EVIDENCE,Continuous path run is shorter than the configured minimum sample count.,0.0,0.00433349609375,0.005555818319521677,0.009962639910156668,0.005555818319521677,0.009962639910156668,,,path_segment_002,INSUFFICIENT_EVIDENCE,Continuous path run is shorter than the configured minimum sample count.,QA_REQUIRED,Projected path contains a large step relative to the median supported step.
8,8,266.6666666666667,VALID_TARGET,,1.0,624.8741149902344,348.80531311035156,624.5242919921875,350.8557434082031,SUPPORTED,636.3143968871595,350.40442520004115,413.3852140077821,66.35163269164566,445.8583657587548,568.105585016791,UNSTABLE_TRANSFORM,translation_median_sparse_flow,0.0,0.00014495849609375,96.0,30.66403579711914,,,LOW_BACKGROUND_FEATURE_COUNT,partial_affine_ransac_sparse_flow,0.0,0.0,21.0,,,,,,,,,,,,,UNSTABLE_TRANSFORM,Camera compensation was not supported.,,,,,,,,,,LOW_BACKGROUND_FEATURE_COUNT,Camera compensation was not supported.,,,,,,,,,,LOW_BACKGROUND_FEATURE_COUNT,Camera compensation was not supported.,QA_REQUIRED,Projected path contains a large step relative to the median supported step.
9,9,300.0,VALID_TARGET,,1.0,624.4241333007812,349.08343505859375,625.7042541503906,350.8557434082031,SUPPORTED,636.4140077821012,350.162265956641,408.40466926070036,64.6565179878445,456.0186770428015,571.011495937593,SUPPORTED,translation_median_sparse_flow,0.0,0.0,112.0,0.0,,,SUPPORTED,partial_affine_ransac_sparse_flow,-3.1060337366871985e-05,0.00012844168788824512,112.0,3.5806998960089964e-05,0.9999999948858719,1.0,,,,,0.0,0.0,,,path_segment_003,SUPPORTED,,,,,,0.0,0.0,,,path_segment_003,SUPPORTED,,,,,,0.0,0.0,,,path_segment_003,QA_REQUIRED,Projected path contains a large step relative to the median supported step.,QA_REQUIRED,Projected path contains a large step relative to the median supported step.
10,10,333.3333333333333,VALID_TARGET,,1.0,622.9294052124023,351.884521484375,625.9638061523438,351.884521484375,SUPPORTED,636.5136186770428,349.92010671324084,403.42412451361866,62.96140328404333,466.17898832684824,573.917406858395,SUPPORTED,translation_median_sparse_flow,0.0,0.0,112.0,0.0,,,SUPPORTED,partial_affine_ransac_sparse_flow,-0.0030455947102480275,0.0039309386384325925,112.0,0.00042608368143542833,1.0000022109027582,1.0,0.259552001953125,1.028778076171875,0.259552001953125,1.028778076171875,0.259552001953125,1.028778076171875,-75.84025118185585,0.2253016918368052,path_segment_003,SUPPORTED,,0.259552001953125,1.028778076171875,0.26010613947619277,1.026047559841743,0.26010613947619277,1.026047559841743,-75.77501171278088,0.22476842558415897,path_segment_003,SUPPORTED,,0.259552001953125,1.028778076171875,0.26010613947619277,1.026047559841743,0.26010613947619277,1.026047559841743,,,path_segment_003,QA_REQUIRED,Projected path contains a large step relative to the median supported step.,QA_REQUIRED,Projected path contains a large step relative to the median supported step.
11,11,366.66666666666663,VALID_TARGET,,1.0,633.8027648925781,364.17762756347656,633.8027648925781,364.17762756347656,SUPPORTED,636.7626459143969,349.07254936134024,402.1291828793774,61.14520895854208,469.2669260700389,575.8546808055963,SUPPORTED,translation_median_sparse_flow,-0.0072021484375,0.003330230712890625,87.0,0.401912122964859,,,SUPPORTED,partial_affine_ransac_sparse_flow,-0.013829848029187915,0.10333036140047377,58.0,0.15625132385431562,0.9999989965031881,0.6666666666666666,7.838958740234375,12.293106079101562,7.846160888671875,12.289775848388672,8.105712890625,13.318553924560547,-57.44462029519693,3.0961760786419754,path_segment_003,SUPPORTED,,7.838958740234375,12.293106079101562,7.810242870323805,12.266941425505479,8.070349009799997,13.292988985347222,-57.51548712900395,3.0879873176688375,path_segment_003,SUPPORTED,,7.838958740234375,12.293106079101562,7.810242870323805,12.266941425505479,8.070349009799997,13.292988985347222,,,path_segment_003,QA_REQUIRED,Projected path contains a large step relative to the median supported step.,QA_REQUIRED,Projected path contains a large step relative to the median supported step.
12,12,400.0,VALID_TARGET,,1.0,635.366455078125,364.9329528808594,634.6629638671875,364.54371643066406,SUPPORTED,637.011673151751,348.2249920094397,400.8342412451362,59.32901463304083,472.3548638132296,577.7919547527977,SUPPORTED,translation_median_sparse_flow,0.0,5.7220458984375e-05,71.0,0.00036081168218515813,,,SUPPORTED,partial_affine_ransac_sparse_flow,-7.982528899762247e-05,-0.0008520381319949405,71.0,0.0005222962407226844,1.0000001433555992,1.0,0.860198974609375,0.3660888671875,0.860198974609375,0.3660316467285156,8.965911865234375,13.684585571289062,-23.0507104446426,0.19850861969636918,path_segment_003,SUPPORTED,,0.860198974609375,0.3660888671875,0.8605671492997544,0.3662287370791546,8.930916159099752,13.659217722426376,-23.052989229460813,0.1985969447761862,path_segment_003,SUPPORTED,,0.860198974609375,0.3660888671875,0.8605671492997544,0.3662287370791546,8.930916159099752,13.659217722426376,,,path_segment_003,QA_REQUIRED,Projected path contains a large step relative to the median supported step.,QA_REQUIRED,Projected path contains a large step relative to the median supported step.
13,13,433.33333333333337,VALID_TARGET,,1.0,634.106086730957,365.7076568603515,635.366455078125,364.54371643066406,SUPPORTED,637.2607003891051,347.3774346575391,399.53929961089494,57.51282030753958,475.44280155642025,579.729228699999,SUPPORTED,translation_median_sparse_flow,0.0,0.0,71.0,5.91278076171875e-05,,,SUPPORTED,partial_affine_ransac_sparse_flow,9.720397858398301e-06,-0.00017538568453527958,71.0,6.978491821962812e-05,0.999999979151507,1.0,0.7034912109375,0.0,0.7034912109375,0.0,9.669403076171875,13.684585571289062,-0.0,0.14938323078380053,path_segment_003,SUPPORTED,,0.7034912109375,0.0,0.7035438672875216,9.742550298597052e-05,9.634460026387274,13.659315147929362,-0.007934217554728616,0.1493944135580171,path_segment_003,SUPPORTED,,0.7034912109375,0.0,0.7035438672875216,9.742550298597052e-05,9.634460026387274,13.659315147929362,,,path_segment_003,QA_REQUIRED,Projected path contains a large step relative to the median supported step.,QA_REQUIRED,Projected path contains a large step relative to the median supported step.
14,14,466.6666666666667,VALID_TARGET,,1.0,671.8728790283203,363.9032745361328,671.8239593505859,363.80113220214844,SUPPORTED,637.5097276264592,346.5298773056385,398.2443579766537,55.69662598203833,478.5307392996109,581.6665026472003,UNSTABLE_TRANSFORM,translation_median_sparse_flow,39.27008056640625,6.67572021484375e-05,62.0,12.07234001159668,,,LOW_BACKGROUND_FEATURE_COUNT,partial_affine_ransac_sparse_flow,0.0,0.0,20.0,,,,,,,,,,,,,UNSTABLE_TRANSFORM,Camera compensation was not supported.,,,,,,,,,,LOW_BACKGROUND_FEATURE_COUNT,Camera compensation was not supported.,,,,,,,,,,LOW_BACKGROUND_FEATURE_COUNT,Camera compensation was not supported.,QA_REQUIRED,Projected path contains a large step relative to the median supported step.
15,15,500.0,VALID_TARGET,,1.0,672.7023162841797,363.51686096191406,672.6193542480469,363.9032745361328,SUPPORTED,637.7587548638132,345.68231995373793,396.9494163424124,53.880431656537084,481.61867704280155,583.6037765944017,SUPPORTED,translation_median_sparse_flow,0.0,-1.9073486328125e-06,78.0,0.00015735626220703125,,,SUPPORTED,partial_affine_ransac_sparse_flow,0.0040551047046824915,-0.0027676809545197387,78.0,0.0006124645109041862,0.9999966728149432,1.0,,,,,0.0,0.0,,,path_segment_004,SUPPORTED,,,,,,0.0,0.0,,,path_segment_004,SUPPORTED,,,,,,0.0,0.0,,,path_segment_004,QA_REQUIRED,Projected path contains a large step relative to the median supported step.,QA_REQUIRED,Projected path contains a large step relative to the median supported step.
16,16,533.3333333333334,VALID_TARGET,,1.0,673.0071258544922,363.1273040771485,673.1390075683594,363.9032745361328,SUPPORTED,638.0077821011673,344.8347626018373,395.65447470817116,52.064237331035834,484.70661478599226,585.541050541603,SUPPORTED,translation_median_sparse_flow,0.0,0.0,78.0,0.0,,,SUPPORTED,partial_affine_ransac_sparse_flow,-1.5186795581014948e-05,0.00010362214119131762,78.0,6.997457446698968e-05,1.0000000261229067,1.0,0.5196533203125,0.0,0.5196533203125,0.0,0.5196533203125,0.0,-0.0,0.11034607208860643,path_segment_004,SUPPORTED,,0.5196533203125,0.0,0.5196395050002138,-9.199928302905391e-05,0.5196395050002138,-9.199928302905391e-05,0.010143898856800128,0.11034314019780607,path_segment_004,SUPPORTED,,0.5196533203125,0.0,0.5196395050002138,-9.199928302905391e-05,0.5196395050002138,-9.199928302905391e-05,,,path_segment_004,QA_REQUIRED,Projected path contains a large step relative to the median supported step.,QA_REQUIRED,Projected path contains a large step relative to the median supported step.
17,17,566.6666666666666,VALID_TARGET,,1.0,705.1588745117188,366.51026916503906,704.7145690917969,363.96372985839844,SUPPORTED,638.2568093385214,343.9872052499368,394.3595330739299,50.24804300553458,487.7945525291829,587.4783244888043,SUPPORTED,translation_median_sparse_flow,0.0,-9.5367431640625e-06,57.0,0.0009666946134530008,,,SUPPORTED,partial_affine_ransac_sparse_flow,-0.006767358570860553,-0.04650469571049896,35.0,0.013225373428707915,1.000009120963595,0.6140350877192983,31.5755615234375,0.060455322265625,31.5755615234375,0.06046485900878906,32.09521484375,0.06046485900878906,-0.1097170352120095,6.704942391693202,path_segment_004,SUPPORTED,,31.5755615234375,0.060455322265625,31.59554202287609,0.06784479623831885,32.1151815278763,0.0677527969552898,-0.12303047401791,6.70918833612528,path_segment_004,SUPPORTED,,31.5755615234375,0.060455322265625,31.59554202287609,0.06784479623831885,32.1151815278763,0.0677527969552898,,,path_segment_004,QA_REQUIRED,Projected path contains a large step relative to the median supported step.,QA_REQUIRED,Projected path contains a large step relative to the median supported step.
18,18,600.0,VALID_TARGET,,1.0,707.5525817871094,366.3799743652344,707.5824890136719,366.1867370605469,SUPPORTED,638.5058365758755,343.1396478980362,393.0645914396887,48.43184868003333,490.88249027237356,589.4155984360057,SUPPORTED,translation_median_sparse_flow,0.0,-4.38690185546875e-05,59.0,0.00021690168068744242,,,SUPPORTED,partial_affine_ransac_sparse_flow,3.859988701672211e-05,0.0004582122857134068,59.0,0.00030581773119615696,0.9999998882735646,1.0,2.867919921875,2.2230072021484375,2.867919921875,2.223051071166992,34.963134765625,2.2835159301757812,-37.780840440709675,0.770522424756453,path_segment_004,SUPPORTED,,2.867919921875,2.2230072021484375,2.867747898673997,2.2230004405925,34.9829294265503,2.29075323754779,-37.781872714545514,0.7704869676968814,path_segment_004,SUPPORTED,,2.867919921875,2.2230072021484375,2.867747898673997,2.2230004405925,34.9829294265503,2.29075323754779,,,path_segment_004,QA_REQUIRED,Projected path contains a large step relative to the median supported step.,QA_REQUIRED,Projected path contains a large step relative to the median supported step.
19,19,633.3333333333333,VALID_TARGET,,1.0,707.7373809814453,363.9637298583984,708.1517791748047,366.70350646972656,SUPPORTED,638.7548638132296,342.29209054613557,391.76964980544744,46.61565435453208,493.97042801556427,591.352872383207,SUPPORTED,translation_median_sparse_flow,0.0,0.0,59.0,0.000244140625,,,SUPPORTED,partial_affine_ransac_sparse_flow,0.0005350186847500222,-0.0006704956372761196,59.0,0.000402738520145244,0.9999994473578229,1.0,0.5692901611328125,0.5167694091796875,0.5692901611328125,0.5167694091796875,35.53242492675781,2.8002853393554688,-42.23139041902822,0.16326347916378167,path_segment_004,SUPPORTED,,0.5692901611328125,0.5167694091796875,0.5694244066767169,0.5171046628438489,35.552353833227016,2.807857900391639,-42.243160017425936,0.1633324382437385,path_segment_004,SUPPORTED,,0.5692901611328125,0.5167694091796875,0.5694244066767169,0.5171046628438489,35.552353833227016,2.807857900391639,,,path_segment_004,QA_REQUIRED,Projected path contains a large step relative to the median supported step.,QA_REQUIRED,Projected path contains a large step relative to the median supported step.
20,20,666.6666666666666,VALID_TARGET,,1.0,750.8943786621094,386.83338928222656,750.8943786621094,386.83338928222656,SUPPORTED,639.0038910505837,341.444533194235,390.4747081712062,44.79946002903083,497.0583657587549,593.2901463304083,SUPPORTED,translation_median_sparse_flow,0.0,-3.814697265625e-05,57.0,0.0004521060036495328,,,SUPPORTED,partial_affine_ransac_sparse_flow,0.004344339576925503,-0.005652564879577961,57.0,0.0010223517317713919,0.9999963643732435,1.0,42.74259948730469,20.1298828125,42.74259948730469,20.129920959472656,78.2750244140625,22.930206298828125,-25.218413158511552,10.03238592680133,path_segment_004,SUPPORTED,,42.74259948730469,20.1298828125,42.742892482243064,20.13288514823114,78.29524631547008,22.940743048622778,-25.221513791851212,10.032710410107475,path_segment_004,SUPPORTED,,42.74259948730469,20.1298828125,42.742892482243064,20.13288514823114,78.29524631547008,22.940743048622778,,,path_segment_004,QA_REQUIRED,Projected path contains a large step relative to the median supported step.,QA_REQUIRED,Projected path contains a large step relative to the median supported step.
21,21,700.0,VALID_TARGET,,1.0,755.1583099365234,390.9458465576172,752.2010650634766,386.83338928222656,SUPPORTED,644.6485084306096,341.64633256373514,386.82230869001296,37.93828146602611,515.6523994811932,607.416102195418,SUPPORTED,translation_median_sparse_flow,0.0,9.5367431640625e-06,57.0,0.001346411183476448,,,SUPPORTED,partial_affine_ransac_sparse_flow,0.0014955846923803255,0.0014851333490128516,57.0,0.0016717397090041683,0.9999982459080928,1.0,1.3066864013671875,0.0,1.3066864013671875,-9.5367431640625e-06,79.58171081542969,22.93019676208496,0.0004181685315004452,0.2774690475557753,path_segment_004,SUPPORTED,,1.3066864013671875,0.0,1.3062404926312183,-0.0002874131408816538,79.6014868081013,22.940455635481896,0.01260683601240637,0.2773743675252384,path_segment_004,SUPPORTED,,1.3066864013671875,0.0,1.3062404926312183,-0.0002874131408816538,79.6014868081013,22.940455635481896,,,path_segment_004,QA_REQUIRED,Projected path contains a large step relative to the median supported step.,QA_REQUIRED,Projected path contains a large step relative to the median supported step.
22,22,733.3333333333333,VALID_TARGET,,1.0,752.6689910888672,389.38258361816406,755.6262359619141,386.83338928222656,SUPPORTED,650.2931258106355,341.8481319332353,383.1699092088197,31.077102903021387,534.2464332036317,621.5420580604278,SUPPORTED,translation_median_sparse_flow,0.0,-9.918212890625e-05,55.0,0.0009019803255796432,,,SUPPORTED,partial_affine_ransac_sparse_flow,7.76663252137409e-05,0.002019103689547466,55.0,0.0008835418152154981,0.999999900223278,1.0,3.4251708984375,0.0,3.4251708984375,9.918212890625e-05,83.00688171386719,22.930295944213867,-0.0016591047735617054,0.7273198116120034,path_segment_004,SUPPORTED,,3.4251708984375,0.0,3.4242858110936822,-0.0002645247454324817,83.02577261919498,22.940191110736464,0.004426076646640912,0.7271318691144665,path_segment_004,SUPPORTED,,3.4251708984375,0.0,3.4242858110936822,-0.0002645247454324817,83.02577261919498,22.940191110736464,,,path_segment_004,QA_REQUIRED,Projected path contains a large step relative to the median supported step.,QA_REQUIRED,Projected path contains a large step relative to the median supported step.
23,23,766.6666666666667,VALID_TARGET,,1.0,774.1893005371094,380.4876251220703,774.1893005371094,381.2243957519531,SUPPORTED,655.9377431906614,342.04993130273544,379.5175097276265,24.215924340016663,552.84046692607,635.6680139254375,SUPPORTED,translation_median_sparse_flow,0.0,-1.33514404296875e-05,51.0,0.00042969139758497477,,,SUPPORTED,partial_affine_ransac_sparse_flow,0.0913939288143711,-0.009064201041589287,51.0,0.005133149938323673,0.9999215051264952,1.0,18.563064575195312,-5.6089935302734375,18.563064575195312,-5.608980178833008,101.5699462890625,17.32131576538086,16.81261672696078,4.117796006107545,path_segment_004,SUPPORTED,,18.563064575195312,-5.6089935302734375,18.534695169516795,-5.576815177852666,101.56046778871178,17.363375932883798,16.745762562582158,4.110056628340488,path_segment_004,SUPPORTED,,18.563064575195312,-5.6089935302734375,18.534695169516795,-5.576815177852666,101.56046778871178,17.363375932883798,,,path_segment_004,QA_REQUIRED,Projected path contains a large step relative to the median supported step.,QA_REQUIRED,Projected path contains a large step relative to the median supported step.
24,24,800.0,VALID_TARGET,,1.0,777.0782623291016,380.4513854980469,777.0782623291016,379.71461486816406,SUPPORTED,675.3618677042801,345.0769218452375,409.64980544747084,24.82132244851708,531.4241245136186,640.5111987934408,SUPPORTED,translation_median_sparse_flow,0.0,3.814697265625e-06,47.0,0.00015490676742047071,,,SUPPORTED,partial_affine_ransac_sparse_flow,0.12053615214136433,-0.09893272280785373,47.0,0.008233455284421652,0.9998990306689199,1.0,2.8889617919921875,-1.5097808837890625,2.8889617919921875,-1.5097846984863281,104.45890808105469,15.811531066894531,27.59177497443397,0.6921797394208533,path_segment_004,SUPPORTED,,2.8889617919921875,-1.5097808837890625,2.8797982764115204,-1.439777857334036,104.4402660651233,15.923598075549762,26.563120764326285,0.6836800859492352,path_segment_004,SUPPORTED,,2.8889617919921875,-1.5097808837890625,2.8797982764115204,-1.439777857334036,104.4402660651233,15.923598075549762,,,path_segment_004,QA_REQUIRED,Projected path contains a large step relative to the median supported step.,QA_REQUIRED,Projected path contains a large step relative to the median supported step.
25,25,833.3333333333334,VALID_TARGET,,1.0,806.4832458496094,350.77220153808594,806.4832458496094,365.288818359375,SUPPORTED,694.7859922178989,348.1039123877396,439.7821011673152,25.426720557017497,510.0077821011673,645.3543836614442,SUPPORTED,translation_median_sparse_flow,0.0,3.814697265625e-05,47.0,0.00016021728515625,,,SUPPORTED,partial_affine_ransac_sparse_flow,9.411089596563966e-05,0.0013297243262832,47.0,0.0005608915914928126,0.9999999260699834,1.0,29.404983520507812,-14.425796508789062,29.404983520507812,-14.425834655761719,133.8638916015625,1.3856964111328125,26.132175930359875,6.954949879403891,path_segment_004,SUPPORTED,,29.404983520507812,-14.425796508789062,29.404681086681308,-14.426554262619902,133.8449471518046,1.49704381292986,26.133539100870472,6.954959527582143,path_segment_004,SUPPORTED,,29.404983520507812,-14.425796508789062,29.404681086681308,-14.426554262619902,133.8449471518046,1.49704381292986,,,path_segment_004,QA_REQUIRED,Projected path contains a large step relative to the median supported step.,QA_REQUIRED,Projected path contains a large step relative to the median supported step.
26,26,866.6666666666667,VALID_TARGET,,1.0,823.9842987060547,365.288818359375,823.3702239990234,365.288818359375,SUPPORTED,714.2101167315175,351.13090293024163,469.9143968871595,26.032118665517913,488.5914396887159,650.1975685294475,SUPPORTED,translation_median_sparse_flow,0.0,5.7220458984375e-05,47.0,0.00034646608401089907,,,SUPPORTED,partial_affine_ransac_sparse_flow,-0.006293637035594502,0.0013014503359738343,47.0,0.0006693088523149249,1.000005466599793,1.0,16.886978149414062,0.0,16.886978149414062,-5.7220458984375e-05,150.75086975097656,1.3856391906738281,0.00019414313043967127,3.585874727258698,path_segment_004,SUPPORTED,,16.886978149414062,0.0,16.88849523340741,-0.0024862391810529516,150.73344238521202,1.494557573748807,0.008434795932768116,3.5861969121393185,path_segment_004,SUPPORTED,,16.886978149414062,0.0,16.88849523340741,-0.0024862391810529516,150.73344238521202,1.494557573748807,,,path_segment_004,QA_REQUIRED,Projected path contains a large step relative to the median supported step.,QA_REQUIRED,Projected path contains a large step relative to the median supported step.
27,27,900.0,VALID_TARGET,,1.0,827.9081115722656,361.8639221191406,824.6758880615234,365.288818359375,SUPPORTED,733.6342412451362,354.1578934727437,500.0466926070039,26.63751677401833,467.1750972762646,655.0407533974508,SUPPORTED,translation_median_sparse_flow,0.0,2.86102294921875e-05,46.0,0.00026035308837890625,,,SUPPORTED,partial_affine_ransac_sparse_flow,0.011331052525253781,-0.009323793418820102,46.0,0.0012927746996396388,0.999990713966037,1.0,1.3056640625,0.0,1.3056640625,-2.86102294921875e-05,152.05653381347656,1.385610580444336,0.0012554878759563754,0.2772519585020182,path_segment_004,SUPPORTED,,1.3056640625,0.0,1.3053702944133647,0.005071580797334718,152.03881267962538,1.4996291545461418,-0.2226025169622964,0.27719167010203866,path_segment_004,SUPPORTED,,1.3056640625,0.0,1.3053702944133647,0.005071580797334718,152.03881267962538,1.4996291545461418,,,path_segment_004,QA_REQUIRED,Projected path contains a large step relative to the median supported step.,QA_REQUIRED,Projected path contains a large step relative to the median supported step.
28,28,933.3333333333334,VALID_TARGET,,1.0,824.0618133544922,367.52366638183594,827.9081115722656,367.52366638183594,SUPPORTED,747.2062256809338,353.8551944184935,523.3307392996109,25.729419611267705,447.7509727626459,656.2515496144516,SUPPORTED,translation_median_sparse_flow,0.0,3.814697265625e-06,45.0,0.0001258271950064227,,,SUPPORTED,partial_affine_ransac_sparse_flow,0.029536939740854938,0.017217470127961678,45.0,0.0016269020219410134,0.999974566019921,1.0,3.2322235107421875,2.2348480224609375,3.2322235107421875,2.234844207763672,155.28875732421875,3.620454788208008,-34.66099978815834,0.8344342040084056,path_segment_004,SUPPORTED,,3.2322235107421875,2.2348480224609375,3.2185201042159406,2.238528420934358,155.25733278384132,3.7381575754805,-34.819185352693566,0.832488852219739,path_segment_004,SUPPORTED,,3.2322235107421875,2.2348480224609375,3.2185201042159406,2.238528420934358,155.25733278384132,3.7381575754805,,,path_segment_004,QA_REQUIRED,Projected path contains a large step relative to the median supported step.,QA_REQUIRED,Projected path contains a large step relative to the median supported step.
29,29,966.6666666666666,VALID_TARGET,,1.0,855.8670959472656,370.4173126220703,853.0479354858398,369.8872375488281,SUPPORTED,760.7782101167315,353.5524953642433,546.6147859922179,24.82132244851708,428.32684824902725,657.4623458314525,SUPPORTED,translation_median_sparse_flow,0.0,-1.1444091796875e-05,45.0,0.000342898623785004,,,SUPPORTED,partial_affine_ransac_sparse_flow,0.18967258101091855,0.21421086521227986,45.0,0.015871278839740988,0.9998347983343191,1.0,25.13982391357422,2.3635711669921875,25.13982391357422,2.3635826110839844,180.42858123779297,5.984037399291992,-5.371015982341098,5.361871431150946,path_segment_004,SUPPORTED,,25.13982391357422,2.3635711669921875,25.022430617655232,2.3553903168811416,180.27976340149655,6.0935478923616415,-5.377472629348326,5.33689013370831,path_segment_004,SUPPORTED,,25.13982391357422,2.3635711669921875,25.022430617655232,2.3553903168811416,180.27976340149655,6.0935478923616415,,,path_segment_004,QA_REQUIRED,Projected path contains a large step relative to the median supported step.,QA_REQUIRED,Projected path contains a large step relative to the median supported step.
30,30,1000.0,VALID_TARGET,,1.0,854.3380279541016,369.8872375488281,854.3380279541016,369.8872375488281,SUPPORTED,774.350194552529,353.2497963099931,569.8988326848248,23.913225285766455,408.9027237354086,658.6731420484533,SUPPORTED,translation_median_sparse_flow,0.0,-4.9591064453125e-05,45.0,0.0004496976325754076,,,SUPPORTED,partial_affine_ransac_sparse_flow,0.0065000910609808215,-0.0013071371864178567,45.0,0.0007251343575057347,0.9999944079591716,1.0,1.2900924682617188,0.0,1.2900924682617188,4.9591064453125e-05,181.7186737060547,5.984086990356445,-0.0022024457651119256,0.27394539983568844,path_segment_004,SUPPORTED,,1.2900924682617188,0.0,1.2886960912549057,0.002606581870509217,181.56845949275146,6.096154474232151,-0.11588918247317052,0.27364944494845705,path_segment_004,SUPPORTED,,1.2900924682617188,0.0,1.2886960912549057,0.002606581870509217,181.56845949275146,6.096154474232151,,,path_segment_004,QA_REQUIRED,Projected path contains a large step relative to the median supported step.,QA_REQUIRED,Projected path contains a large step relative to the median supported step.
31,31,1033.3333333333337,VALID_TARGET,,1.0,853.0479354858398,370.78700256347656,855.8670959472656,369.8872375488281,SUPPORTED,787.9221789883268,352.9470972557429,593.1828793774318,23.00512812301583,389.47859922178986,659.8839382654542,SUPPORTED,translation_median_sparse_flow,0.0,0.0,46.0,0.0,,,SUPPORTED,partial_affine_ransac_sparse_flow,1.0128461885500521e-05,3.8413841202602815e-06,46.0,4.125316619609712e-06,0.9999999947743594,1.0,1.5290679931640625,0.0,1.5290679931640625,0.0,183.24774169921875,5.984086990356445,-0.0,0.3246907898146325,path_segment_004,SUPPORTED,,1.5290679931640625,0.0,1.5290612659229055,5.473127089317131e-07,183.09752075867436,6.09615502154486,-2.05084707817319e-05,0.3246893613149042,path_segment_004,SUPPORTED,,1.5290679931640625,0.0,1.5290612659229055,5.473127089317131e-07,183.09752075867436,6.09615502154486,,,path_segment_004,QA_REQUIRED,Projected path contains a large step relative to the median supported step.,QA_REQUIRED,Projected path contains a large step relative to the median supported step.
32,32,1066.6666666666667,VALID_TARGET,,1.0,870.2885513305664,357.9258270263672,869.5389938354492,361.9292297363281,SUPPORTED,801.4941634241245,352.64439820149266,616.4669260700389,22.097030960265208,370.05447470817126,661.0947344824549,SUPPORTED,translation_median_sparse_flow,0.0,-6.389617919921875e-05,46.0,0.0004811734543181956,,,SUPPORTED,partial_affine_ransac_sparse_flow,0.0005097901821907104,-0.0001934838636440298,46.0,0.0006103901905170583,0.9999995678518697,1.0,13.671897888183594,-7.9580078125,13.671897888183594,-7.957943916320801,196.91963958740234,-1.9738569259643555,30.20222042527676,3.35915406450507,path_segment_004,SUPPORTED,,13.671897888183594,-7.9580078125,13.671874622538667,-7.957924424629141,196.76939538121303,-1.8617694030842813,30.202201801690865,3.3591477126509925,path_segment_004,SUPPORTED,,13.671897888183594,-7.9580078125,13.671874622538667,-7.957924424629141,196.76939538121303,-1.8617694030842813,,,path_segment_004,QA_REQUIRED,Projected path contains a large step relative to the median supported step.,QA_REQUIRED,Projected path contains a large step relative to the median supported step.
33,33,1100.0,VALID_TARGET,,1.0,869.8611297607422,360.2772216796875,869.8853454589844,360.1344299316406,SUPPORTED,815.0661478599222,352.3416991472425,639.7509727626459,21.188933797514583,350.63035019455253,662.3055306994557,SUPPORTED,translation_median_sparse_flow,0.0,-1.1444091796875e-05,45.0,0.0003784248838201165,,,SUPPORTED,partial_affine_ransac_sparse_flow,0.002521612884331702,-0.0004393288446777469,45.0,0.0003312166009842095,0.999997965470357,1.0,0.34635162353515625,-1.7947998046875,0.34635162353515625,-1.7947883605957031,197.2659912109375,-3.7686452865600586,79.0775351391988,0.38814680352770436,path_segment_004,SUPPORTED,,0.34635162353515625,-1.7947998046875,0.3457450554760726,-1.7939747470923066,197.1151404366891,-3.655744150176588,79.09137828997565,0.38795277194074707,path_segment_004,SUPPORTED,,0.34635162353515625,-1.7947998046875,0.3457450554760726,-1.7939747470923066,197.1151404366891,-3.655744150176588,,,path_segment_004,QA_REQUIRED,Projected path contains a large step relative to the median supported step.,QA_REQUIRED,Projected path contains a large step relative to the median supported step.
34,34,1133.3333333333333,VALID_TARGET,,1.0,869.8046951293945,361.7864379882813,870.5300369262695,357.9258270263672,SUPPORTED,828.6381322957197,352.03900009299224,663.0350194552528,20.280836634763958,331.20622568093387,663.5163269164566,SUPPORTED,translation_median_sparse_flow,0.0,1.33514404296875e-05,45.0,0.000141143798828125,,,SUPPORTED,partial_affine_ransac_sparse_flow,0.012577482380467955,0.0021289921158577367,45.0,0.002248779943855662,0.9999910500096935,1.0,0.6446914672851562,-2.2086029052734375,0.6446914672851562,-2.208616256713867,197.91068267822266,-5.977261543273926,73.72756166999974,0.4885615222884827,path_segment_004,SUPPORTED,,0.6446914672851562,-2.2086029052734375,0.6395916098916814,-2.206765124849653,197.75473204658078,-5.862509275026241,73.83670932960634,0.4878816316748813,path_segment_004,SUPPORTED,,0.6446914672851562,-2.2086029052734375,0.6395916098916814,-2.206765124849653,197.75473204658078,-5.862509275026241,,,path_segment_004,QA_REQUIRED,Projected path contains a large step relative to the median supported step.,QA_REQUIRED,Projected path contains a large step relative to the median supported step.
35,35,1166.6666666666667,VALID_TARGET,,1.0,888.6569061279297,353.23915100097656,887.7756423950195,353.30224609375,SUPPORTED,842.2101167315175,351.73630103874206,686.3190661478599,19.372739472013333,311.7821011673152,664.7271231334574,SUPPORTED,translation_median_sparse_flow,-0.0001220703125,0.00014495849609375,45.0,0.012330696918070316,,,SUPPORTED,partial_affine_ransac_sparse_flow,0.006206662969267779,-0.002316300554365529,45.0,0.01037194237720191,0.9999936172295627,1.0,17.24560546875,-4.6235809326171875,17.2457275390625,-4.623725891113281,215.15641021728516,-10.600987434387207,15.008515098077519,3.7913878485598835,path_segment_004,SUPPORTED,,17.24560546875,-4.6235809326171875,17.24782990425888,-4.625971713755007,215.00256195083966,-10.488480988781248,15.01372822158427,3.7919425601082044,path_segment_004,SUPPORTED,,17.24560546875,-4.6235809326171875,17.24782990425888,-4.625971713755007,215.00256195083966,-10.488480988781248,,,path_segment_004,QA_REQUIRED,Projected path contains a large step relative to the median supported step.,QA_REQUIRED,Projected path contains a large step relative to the median supported step.
36,36,1200.0,VALID_TARGET,,1.0,889.9894332885742,352.5372619628906,887.7756423950195,353.23915100097656,SUPPORTED,843.870298313878,352.3416991472425,685.4889753566796,17.354745777011942,316.7626459143969,669.9739067404611,SUPPORTED,translation_median_sparse_flow,0.0,-1.1444091796875e-05,43.0,0.000446319580078125,,,SUPPORTED,partial_affine_ransac_sparse_flow,0.007739014650229317,-0.0016227369797371272,43.0,0.0007735082734958602,0.9999932507727736,1.0,0.0,-0.0630950927734375,0.0,-0.06308364868164062,215.15641021728516,-10.664071083068848,90.0,0.013395532315372409,path_segment_004,SUPPORTED,,0.0,-0.0630950927734375,-0.0011430909634100317,-0.060605874209045396,215.00141885987625,-10.549086862990293,91.0805309553268,0.012871676794330843,path_segment_004,SUPPORTED,,0.0,-0.0630950927734375,-0.0011430909634100317,-0.060605874209045396,215.00141885987625,-10.549086862990293,,,path_segment_004,QA_REQUIRED,Projected path contains a large step relative to the median supported step.,QA_REQUIRED,Projected path contains a large step relative to the median supported step.
37,37,1233.3333333333337,VALID_TARGET,,1.0,888.8483200073242,347.8872985839844,887.7756423950195,351.1230773925781,SUPPORTED,845.5304798962386,352.9470972557429,684.6588845654993,15.336752082010555,321.74319066147865,675.2206903474647,SUPPORTED,translation_median_sparse_flow,6.103515625e-05,-5.626678466796875e-05,42.0,0.00045597509597428143,,,SUPPORTED,partial_affine_ransac_sparse_flow,0.006955012636614206,-0.0008358703387543766,42.0,0.0007055989346682566,0.9999943476880409,1.0,0.0,-2.1160736083984375,-6.103515625e-05,-2.1160173416137695,215.1563491821289,-12.780088424682617,90.00165265982717,0.44932687445386116,path_segment_004,SUPPORTED,,0.0,-2.1160736083984375,-0.0017175297200537898,-2.1137927714729585,214.9997013301562,-12.662879634463252,90.04655479185041,0.44885464485804955,path_segment_004,SUPPORTED,,0.0,-2.1160736083984375,-0.0017175297200537898,-2.1137927714729585,214.9997013301562,-12.662879634463252,,,path_segment_004,QA_REQUIRED,Projected path contains a large step relative to the median supported step.,QA_REQUIRED,Projected path contains a large step relative to the median supported step.
38,38,1266.6666666666663,VALID_TARGET,,1.0,876.5004730224609,353.62010192871094,876.6780319213867,350.9176940917969,SUPPORTED,847.1906614785992,353.55249536424327,683.828793774319,13.318758387009165,326.72373540856034,680.4674739544682,SUPPORTED,translation_median_sparse_flow,-0.0001220703125,0.0010175704956054688,42.0,0.012240130454301834,,,SUPPORTED,partial_affine_ransac_sparse_flow,-0.07243086476027061,-0.4289045075383042,42.0,0.02254180365227168,1.0000686385931241,1.0,-11.097610473632812,-0.20538330078125,-11.097488403320312,-0.20640087127685547,204.0588607788086,-12.986489295959473,178.9344854379155,2.356909864357762,path_segment_004,SUPPORTED,,-11.097610473632812,-0.20538330078125,-10.95703379735994,-0.12677232594023735,204.04266753279626,-12.78965196040349,179.3371203111596,2.326833133409973,path_segment_004,SUPPORTED,,-11.097610473632812,-0.20538330078125,-10.95703379735994,-0.12677232594023735,204.04266753279626,-12.78965196040349,,,path_segment_004,QA_REQUIRED,Projected path contains a large step relative to the median supported step.,QA_REQUIRED,Projected path contains a large step relative to the median supported step.
39,39,1300.0,VALID_TARGET,,1.0,876.1168060302734,352.2687225341797,875.9392471313477,352.2687225341797,SUPPORTED,848.8508430609597,354.1578934727437,682.9987029831387,11.300764692007778,331.70428015564204,685.7142575614719,SUPPORTED,translation_median_sparse_flow,0.0,-5.7220458984375e-06,42.0,0.0003858472337014973,,,SUPPORTED,partial_affine_ransac_sparse_flow,-0.00013573314148909837,0.0014408076529678132,42.0,0.0005022230918471985,1.000000042158013,1.0,-0.7387847900390625,1.3510284423828125,-0.7387847900390625,1.351034164428711,203.32007598876953,-11.635455131530762,-118.67112182259007,0.326977422827911,path_segment_004,SUPPORTED,,-0.7387847900390625,1.3510284423828125,-0.7391739783755611,1.3507918925283775,203.3034935544207,-11.438860067875112,-118.688152919883,0.3269719500133029,path_segment_004,SUPPORTED,,-0.7387847900390625,1.3510284423828125,-0.7391739783755611,1.3507918925283775,203.3034935544207,-11.438860067875112,,,path_segment_004,QA_REQUIRED,Projected path contains a large step relative to the median supported step.,QA_REQUIRED,Projected path contains a large step relative to the median supported step.
40,40,1333.3333333333333,VALID_TARGET,,1.0,867.339111328125,349.4164581298828,867.339111328125,351.6931610107422,SUPPORTED,850.5110246433203,354.7632915812441,682.1686121919585,9.282770997006388,336.6848249027238,690.9610411684755,SUPPORTED,translation_median_sparse_flow,0.0,-2.47955322265625e-05,42.0,0.00046623602975159883,,,SUPPORTED,partial_affine_ransac_sparse_flow,0.00014346218736272038,-0.0015084309845927247,42.0,0.0004698074672116083,0.9999999561318319,1.0,-8.600135803222656,-0.5755615234375,-8.600135803222656,-0.5755367279052734,194.71994018554688,-12.210991859436035,176.17137097167293,1.8302853785005648,path_segment_004,SUPPORTED,,-8.600135803222656,-0.5755615234375,-8.599730569268218,-0.5753064569105959,194.70376298515248,-12.014166524785708,176.1727184410931,1.8301962564466645,path_segment_004,SUPPORTED,,-8.600135803222656,-0.5755615234375,-8.599730569268218,-0.5753064569105959,194.70376298515248,-12.014166524785708,,,path_segment_004,QA_REQUIRED,Projected path contains a large step relative to the median supported step.,QA_REQUIRED,Projected path contains a large step relative to the median supported step.
41,41,1366.6666666666667,VALID_TARGET,,1.0,828.9393653869629,352.7260284423828,829.2398223876953,351.4210510253906,SUPPORTED,852.1712062256809,355.36868968974454,681.3385214007782,7.264777302004999,341.6653696498055,696.2078247754791,SUPPORTED,translation_median_sparse_flow,0.0,-8.296966552734375e-05,40.0,0.0006811929633840919,,,SUPPORTED,partial_affine_ransac_sparse_flow,0.00029433886768687325,0.0038754703881825896,40.0,0.0010245655494381764,0.9999998188922229,1.0,-38.09928894042969,-0.2721099853515625,-38.09928894042969,-0.27202701568603516,156.6206512451172,-12.48301887512207,179.5909179540721,8.090420822082395,path_segment_004,SUPPORTED,,-38.09928894042969,-0.2721099853515625,-38.100491895395976,-0.27329354552171026,156.6032710897565,-12.287460070307418,179.58902635100162,8.090678182302712,path_segment_004,SUPPORTED,,-38.09928894042969,-0.2721099853515625,-38.100491895395976,-0.27329354552171026,156.6032710897565,-12.287460070307418,,,path_segment_004,QA_REQUIRED,Projected path contains a large step relative to the median supported step.,QA_REQUIRED,Projected path contains a large step relative to the median supported step.
42,42,1400.0,VALID_TARGET,,1.0,828.7742233276367,353.49134826660156,828.7214241027832,351.1156005859375,SUPPORTED,839.2217898832685,357.38668338474594,651.78728923476,7.264777302004999,374.86900129701684,700.2438121654819,SUPPORTED,translation_median_sparse_flow,0.0,4.38690185546875e-05,40.0,0.000364369509043172,,,SUPPORTED,partial_affine_ransac_sparse_flow,0.0014414064913375975,0.00028700754855889485,40.0,0.0006754110734798824,0.9999987846399766,1.0,-0.5183982849121094,-0.305450439453125,-0.5183982849121094,-0.3054943084716797,156.10225296020508,-12.78851318359375,149.48897464859917,0.12777196598650806,path_segment_004,SUPPORTED,,-0.5183982849121094,-0.305450439453125,-0.5187387876998173,-0.3055299795730093,156.0845323020567,-12.592990049880427,149.50250255713047,0.12783810759562747,path_segment_004,SUPPORTED,,-0.5183982849121094,-0.305450439453125,-0.5187387876998173,-0.3055299795730093,156.0845323020567,-12.592990049880427,,,path_segment_004,QA_REQUIRED,Projected path contains a large step relative to the median supported step.,QA_REQUIRED,Projected path contains a large step relative to the median supported step.
43,43,1433.3333333333333,VALID_TARGET,,1.0,828.0951309204102,349.83164978027344,827.8474731445312,349.83164978027344,SUPPORTED,826.272373540856,359.40467707974733,622.236057068742,7.264777302004999,408.0726329442282,704.2797995554847,SUPPORTED,translation_median_sparse_flow,0.0,-8.869171142578125e-05,36.0,0.0004589887394104153,,,SUPPORTED,partial_affine_ransac_sparse_flow,0.007371111073526799,-0.004075772494817995,36.0,0.00093446876352353,0.9999939111227862,1.0,-0.8739509582519531,-1.2839508056640625,-0.8739509582519531,-1.2838621139526367,155.22830200195312,-14.072375297546387,124.2439121409866,0.32979200615861787,path_segment_004,SUPPORTED,,-0.8739509582519531,-1.2839508056640625,-0.8752142770573528,-1.280243260678617,155.20931802499933,-13.873233310559044,124.35773106865658,0.3293083737907909,path_segment_004,SUPPORTED,,-0.8739509582519531,-1.2839508056640625,-0.8752142770573528,-1.280243260678617,155.20931802499933,-13.873233310559044,,,path_segment_004,QA_REQUIRED,Projected path contains a large step relative to the median supported step.,QA_REQUIRED,Projected path contains a large step relative to the median supported step.
44,44,1466.6666666666663,VALID_TARGET,,1.0,753.9118576049805,336.8788299560547,772.4645500183105,343.30128479003906,SUPPORTED,813.3229571984436,361.4226707747487,592.6848249027238,7.264777302004999,441.2762645914396,708.3157869454875,SUPPORTED,translation_median_sparse_flow,0.0,0.0,35.0,0.0001317590067628771,,,SUPPORTED,partial_affine_ransac_sparse_flow,0.008475438911778255,14.873845860996887,35.0,0.5451658080637364,0.9998070117790321,1.0,-55.3829231262207,-6.530364990234375,-55.3829231262207,-6.530364990234375,99.84537887573242,-20.60274028778076,173.27513602461786,11.841789875655074,path_segment_004,SUPPORTED,,-55.3829231262207,-6.530364990234375,-59.50910182969142,-11.036607584432318,95.70021619530792,-24.909840894991362,169.49325395205977,12.851976566718097,path_segment_004,SUPPORTED,,-55.3829231262207,-6.530364990234375,-59.50910182969142,-11.036607584432318,95.70021619530792,-24.909840894991362,,,path_segment_004,QA_REQUIRED,Projected path contains a large step relative to the median supported step.,QA_REQUIRED,Projected path contains a large step relative to the median supported step.
45,45,1500.0,VALID_TARGET,,1.0,750.6984100341797,340.366455078125,750.6984100341797,343.30128479003906,SUPPORTED,801.8677042801556,359.2028777102472,569.4422827496758,5.650382346003889,464.85084306095973,707.1049907284867,SUPPORTED,translation_median_sparse_flow,0.0,0.0,33.0,3.0517578125e-05,,,SUPPORTED,partial_affine_ransac_sparse_flow,4.223649269010229e-06,-4.211555466234787e-07,33.0,3.1174738181661756e-05,1.0000000026070337,1.0,-21.76613998413086,0.0,-21.76613998413086,0.0,78.07923889160156,-20.60274028778076,-180.0,4.621943049137523,path_segment_004,SUPPORTED,,-21.76613998413086,0.0,-21.766146052910926,-8.534586868336191e-07,73.93407014239699,-24.90984174845005,179.99999775341118,4.621944337815991,path_segment_004,SUPPORTED,,-21.76613998413086,0.0,-21.766146052910926,-8.534586868336191e-07,73.93407014239699,-24.90984174845005,,,path_segment_004,QA_REQUIRED,Projected path contains a large step relative to the median supported step.,QA_REQUIRED,Projected path contains a large step relative to the median supported step.
46,46,1533.3333333333337,VALID_TARGET,,1.0,743.2111282348633,337.17494201660156,743.2111282348633,343.30128479003906,SUPPORTED,790.4124513618676,356.9830846457457,546.1997405966277,4.035987390002778,488.42542153047987,705.8941945114858,SUPPORTED,translation_median_sparse_flow,0.0,0.0,31.0,1.9073486328125e-05,,,SUPPORTED,partial_affine_ransac_sparse_flow,1.624616258274124e-05,6.352219738601717e-06,31.0,1.9453168445539874e-05,0.9999999915751727,1.0,-7.487281799316406,0.0,-7.487281799316406,0.0,70.59195709228516,-20.60274028778076,-180.0,1.5898910001734143,path_segment_004,SUPPORTED,,-7.487281799316406,0.0,-7.487291472460811,-4.003391836704395e-06,66.44677866993618,-24.909845751841885,179.99996936442813,1.589893054222847,path_segment_004,SUPPORTED,,-7.487281799316406,0.0,-7.487291472460811,-4.003391836704395e-06,66.44677866993618,-24.909845751841885,,,path_segment_004,QA_REQUIRED,Projected path contains a large step relative to the median supported step.,QA_REQUIRED,Projected path contains a large step relative to the median supported step.
47,47,1566.6666666666667,VALID_TARGET,,1.0,690.218376159668,359.65252685546875,696.6126174926758,349.22499084472656,SUPPORTED,778.9571984435797,354.7632915812442,522.9571984435797,2.421592434001667,512.0,704.683398294485,SUPPORTED,translation_median_sparse_flow,0.0,0.0,31.0,0.000469207763671875,,,SUPPORTED,partial_affine_ransac_sparse_flow,-0.001584267292086058,0.006326642704371388,31.0,0.0064074910516997595,1.0000015420392268,1.0,-46.5985107421875,5.9237060546875,-46.5985107421875,5.9237060546875,23.993446350097656,-14.679034233093262,-172.75529161621807,9.974617927874494,path_segment_004,SUPPORTED,,-46.5985107421875,5.9237060546875,-46.60161628162689,5.924521968884221,19.84516238830929,-18.985323782957664,-172.754782078437,9.975293959952328,path_segment_004,SUPPORTED,,-46.5985107421875,5.9237060546875,-46.60161628162689,5.924521968884221,19.84516238830929,-18.985323782957664,,,path_segment_004,QA_REQUIRED,Projected path contains a large step relative to the median supported step.,QA_REQUIRED,Projected path contains a large step relative to the median supported step.
48,48,1600.0,VALID_TARGET,,1.0,689.8719635009766,358.5393524169922,690.8364791870117,358.5393524169922,SUPPORTED,765.3437094682231,352.5434985167426,499.38261997405965,1.614394956001111,531.9221789883269,701.858207121483,SUPPORTED,translation_median_sparse_flow,0.0,-1.049041748046875e-05,30.0,0.0001465686218580231,,,SUPPORTED,partial_affine_ransac_sparse_flow,0.005795126857038868,8.899280155647642e-05,30.0,0.00020309006621460924,0.9999952067035085,1.0,-5.7761383056640625,9.314361572265625,-5.7761383056640625,9.314372062683105,18.217308044433594,-5.364662170410156,-121.80436723938925,2.3273043697967495,path_segment_004,SUPPORTED,,-5.7761383056640625,9.314361572265625,-5.778591842468586,9.3159414931676,14.066570545840705,-9.669382289790065,-121.81094225633252,2.3278621847954675,path_segment_004,SUPPORTED,,-5.7761383056640625,9.314361572265625,-5.778591842468586,9.3159414931676,14.066570545840705,-9.669382289790065,,,path_segment_004,QA_REQUIRED,Projected path contains a large step relative to the median supported step.,QA_REQUIRED,Projected path contains a large step relative to the median supported step.
49,49,1633.3333333333333,VALID_TARGET,,1.0,696.6126174926758,349.22499084472656,689.2538604736328,359.33326721191406,SUPPORTED,751.7302204928664,350.3237054522411,475.8080415045395,0.8071974780005555,551.8443579766537,699.0330159484811,SUPPORTED,translation_median_sparse_flow,0.0,0.0,29.0,0.00013037114695180207,,,SUPPORTED,partial_affine_ransac_sparse_flow,0.005885209785892488,-0.0021783202080302975,29.0,0.00020004830004055458,0.9999951986187007,1.0,-1.5826187133789062,0.793914794921875,-1.5826187133789062,0.793914794921875,16.634689331054688,-4.570747375488281,-153.3595384724515,0.37597653905942374,path_segment_004,SUPPORTED,,-1.5826187133789062,0.793914794921875,-1.5845058276178179,0.7965022029447368,12.482064718222887,-8.872880086845328,-153.31215719017158,0.3765812035170315,path_segment_004,SUPPORTED,,-1.5826187133789062,0.793914794921875,-1.5845058276178179,0.7965022029447368,12.482064718222887,-8.872880086845328,,,path_segment_004,QA_REQUIRED,Projected path contains a large step relative to the median supported step.,QA_REQUIRED,Projected path contains a large step relative to the median supported step.
50,50,1666.6666666666667,VALID_TARGET,,1.0,673.9477462768555,359.77247619628906,677.8543167114258,359.1852722167969,SUPPORTED,738.1167315175097,348.10391238773957,452.23346303501944,0.0,571.7665369649806,696.2078247754791,SUPPORTED,translation_median_sparse_flow,0.0,-0.00011444091796875,29.0,0.00036748030106537044,,,SUPPORTED,partial_affine_ransac_sparse_flow,0.007741763547178043,-0.001550859899119823,29.0,0.0003986797366637059,0.9999936381548152,1.0,-11.399543762207031,-0.1479949951171875,-11.399543762207031,-0.14788055419921875,5.235145568847656,-4.7186279296875,179.25677232691677,2.42084610449327,path_segment_004,SUPPORTED,,-11.399543762207031,-0.1479949951171875,-11.402486350935533,-0.14495270074252176,1.079578367287354,-9.01783278758785,179.27167370478824,2.421462914912029,path_segment_004,SUPPORTED,,-11.399543762207031,-0.1479949951171875,-11.402486350935533,-0.14495270074252176,1.079578367287354,-9.01783278758785,,,path_segment_004,QA_REQUIRED,Projected path contains a large step relative to the median supported step.,QA_REQUIRED,Projected path contains a large step relative to the median supported step.
51,51,1700.0,VALID_TARGET,,1.0,677.3873291015625,358.72218322753906,677.5354614257812,358.6577911376953,SUPPORTED,734.9291828793773,348.74967037014,458.5421530479896,0.4843184868003333,552.7740596627756,696.5307037666794,SUPPORTED,translation_median_sparse_flow,0.0,0.0,35.0,0.00030580098973587155,,,SUPPORTED,partial_affine_ransac_sparse_flow,0.06634828588359747,-0.00949751285022067,35.0,0.0064903087376366716,0.9999483644488477,1.0,-0.31885528564453125,-0.5274810791015625,-0.31885528564453125,-0.5274810791015625,4.916290283203125,-5.2461090087890625,121.1524028512043,0.13088222408635244,path_segment_004,SUPPORTED,,-0.31885528564453125,-0.5274810791015625,-0.34560428454369685,-0.5081138685721953,0.7339740827436572,-9.525946656160045,124.2223986695984,0.1304883772598518,path_segment_004,SUPPORTED,,-0.31885528564453125,-0.5274810791015625,-0.34560428454369685,-0.5081138685721953,0.7339740827436572,-9.525946656160045,,,path_segment_004,QA_REQUIRED,Projected path contains a large step relative to the median supported step.,QA_REQUIRED,Projected path contains a large step relative to the median supported step.
52,52,1733.3333333333337,VALID_TARGET,,1.0,677.8543167114258,359.2806091308594,677.5354614257812,358.6577911376953,SUPPORTED,731.7416342412452,349.3954283525405,464.8508430609598,0.9686369736006666,533.7815823605707,696.8535827578796,SUPPORTED,translation_median_sparse_flow,0.0,0.0,38.0,0.00016318669077008963,,,SUPPORTED,partial_affine_ransac_sparse_flow,0.0026893717962203074,0.10595744513505201,38.0,0.008843064556161996,0.9999908113807141,1.0,0.0,0.0,0.0,0.0,4.916290283203125,-5.2461090087890625,,0.0,path_segment_004,SUPPORTED,,0.0,0.0,-0.02676002705800329,-0.04542376334796927,0.7072140556856539,-9.571370419508014,120.5031703392682,0.011194895709278039,path_segment_004,SUPPORTED,,0.0,0.0,-0.02676002705800329,-0.04542376334796927,0.7072140556856539,-9.571370419508014,,,path_segment_004,QA_REQUIRED,Projected path contains a large step relative to the median supported step.,QA_REQUIRED,Projected path contains a large step relative to the median supported step.
53,53,1766.6666666666663,VALID_TARGET,,1.0,678.5390396118164,336.6913299560547,679.2527313232422,336.6913299560547,SUPPORTED,728.5540856031128,350.04118633494085,471.15953307392994,1.452955460401,514.7891050583657,697.1764617490797,SUPPORTED,translation_median_sparse_flow,0.0,1.52587890625e-05,39.0,0.00027295752079226077,,,SUPPORTED,partial_affine_ransac_sparse_flow,-0.009105606549947175,0.14340801584976096,36.0,0.00551809060127199,1.0000054880660074,0.9230769230769231,1.7172698974609375,-21.966461181640625,1.7172698974609375,-21.966476440429688,6.6335601806640625,-27.21258544921875,85.52988828055506,4.678715667536513,path_segment_004,SUPPORTED,,1.7172698974609375,-21.966461181640625,1.6795821728660485,-22.03045338282982,2.3867962285517024,-31.601823802337833,85.6402545382859,4.6916445341473265,path_segment_004,SUPPORTED,,1.7172698974609375,-21.966461181640625,1.6795821728660485,-22.03045338282982,2.3867962285517024,-31.601823802337833,,,path_segment_004,QA_REQUIRED,Projected path contains a large step relative to the median supported step.,QA_REQUIRED,Projected path contains a large step relative to the median supported step.
54,54,1800.0,VALID_TARGET,,1.0,681.4117126464844,334.00291442871094,679.2527313232422,334.6092224121094,SUPPORTED,725.3665369649806,350.68694431734133,477.46822308690014,1.9372739472013332,495.79662775616083,697.49934074028,SUPPORTED,translation_median_sparse_flow,0.0,0.0,95.0,0.00019097313634119928,,,SUPPORTED,partial_affine_ransac_sparse_flow,0.03123074194799686,0.07629273669864506,95.0,0.019963876625178227,0.9999618338668939,1.0,0.0,-2.0821075439453125,0.0,-2.0821075439453125,6.6335601806640625,-29.294692993164062,90.0,0.44212627950160216,path_segment_004,SUPPORTED,,0.0,-2.0821075439453125,-0.02193725653103229,-2.1119961084057763,2.36485897202067,-33.71381991074361,90.5951085841424,0.4484971753414268,path_segment_004,SUPPORTED,,0.0,-2.0821075439453125,-0.02193725653103229,-2.1119961084057763,2.36485897202067,-33.71381991074361,,,path_segment_004,QA_REQUIRED,Projected path contains a large step relative to the median supported step.,QA_REQUIRED,Projected path contains a large step relative to the median supported step.
55,55,1833.3333333333333,VALID_TARGET,,1.0,686.711669921875,334.6092224121094,678.5390396118164,334.00291442871094,SUPPORTED,722.1789883268482,351.33270229974175,483.7769130998703,2.421592434001666,476.8041504539559,697.8222197314802,SUPPORTED,translation_median_sparse_flow,0.0,-3.814697265625e-06,99.0,0.00015033004456199706,,,SUPPORTED,partial_affine_ransac_sparse_flow,-0.011928480761205246,-0.044072839593375164,99.0,0.010916320392065335,1.0000174566253492,1.0,-0.7136917114257812,-0.6063079833984375,-0.7136917114257812,-0.6063041687011719,5.919868469238281,-29.900997161865234,139.65102383961224,0.19885348832380245,path_segment_004,SUPPORTED,,-0.7136917114257812,-0.6063079833984375,-0.703572052553227,-0.5884741354860807,1.6612869194674431,-34.30229404622969,140.09057916360436,0.19477024112205876,path_segment_004,SUPPORTED,,-0.7136917114257812,-0.6063079833984375,-0.703572052553227,-0.5884741354860807,1.6612869194674431,-34.30229404622969,,,path_segment_004,QA_REQUIRED,Projected path contains a large step relative to the median supported step.,QA_REQUIRED,Projected path contains a large step relative to the median supported step.
56,56,1866.6666666666667,VALID_TARGET,,1.0,670.7361679077148,322.9742889404297,673.6378479003906,324.070068359375,SUPPORTED,718.9914396887159,351.97846028214224,490.08560311284043,2.905910920802,457.811673151751,698.1450987226805,UNSTABLE_TRANSFORM,translation_median_sparse_flow,-0.00091552734375,-5.8880462646484375,96.0,18.415250778198242,,,SUPPORTED,partial_affine_ransac_sparse_flow,-0.04329726088594421,-0.08196189625302004,46.0,0.004357719519025215,1.000038329666335,0.4791666666666667,,,,,,,,,,UNSTABLE_TRANSFORM,Camera compensation was not supported.,-4.901191711425781,-9.932846069335938,-4.860674117141457,-9.910871810384151,-3.199387197674014,-44.21316585661384,116.12511503544,2.34400573803232,path_segment_004,SUPPORTED,,-4.901191711425781,-9.932846069335938,-4.860674117141457,-9.910871810384151,-3.199387197674014,-44.21316585661384,,,path_segment_004,QA_REQUIRED,Projected path contains a large step relative to the median supported step.,QA_REQUIRED,Projected path contains a large step relative to the median supported step.
57,57,1900.0,VALID_TARGET,,1.0,672.4618301391602,322.3334045410156,672.7050170898438,322.9742889404297,SUPPORTED,715.8038910505836,352.62421826454266,496.39429312581063,3.390229407602333,438.8191958495461,698.4679777138807,SUPPORTED,translation_median_sparse_flow,0.0,6.103515625e-05,124.0,0.0002468695165589452,,,SUPPORTED,partial_affine_ransac_sparse_flow,0.002384093033153918,-0.009244730639840097,124.0,0.00872727530749113,0.9999944574057761,1.0,,,,,0.0,0.0,,,path_segment_005,SUPPORTED,,-0.932830810546875,-1.0957794189453125,-0.9282069530361241,-1.0915445267087875,-4.127594150710138,-45.30471038332263,130.3765441915894,0.30425773207751305,path_segment_004,SUPPORTED,,-0.932830810546875,-1.0957794189453125,-0.9282069530361241,-1.0915445267087875,-4.127594150710138,-45.30471038332263,,,path_segment_004,QA_REQUIRED,Projected path contains a large step relative to the median supported step.,QA_REQUIRED,Projected path contains a large step relative to the median supported step.
58,58,1933.3333333333333,VALID_TARGET,,1.0,673.6378479003906,324.070068359375,670.4929809570312,322.3334045410156,SUPPORTED,712.6163424124513,353.2699762469431,502.7029831387808,3.8745478944026663,419.8267185473411,698.7908567050808,SUPPORTED,translation_median_sparse_flow,0.0,-7.62939453125e-06,128.0,0.00018951023230329156,,,SUPPORTED,partial_affine_ransac_sparse_flow,0.0001902695989858603,0.016378269611159,128.0,0.010580274654519727,1.0000029562997694,1.0,-2.2120361328125,-0.6408843994140625,-2.2120361328125,-0.6408767700195312,-2.2120361328125,-0.6408767700195312,163.8425050847813,0.4890326350488479,path_segment_005,SUPPORTED,,-2.2120361328125,-0.6408843994140625,-2.219364494082811,-0.6474919166759037,-6.346958644792949,-45.95220229999853,163.7355776597576,0.49091906491528564,path_segment_004,SUPPORTED,,-2.2120361328125,-0.6408843994140625,-2.219364494082811,-0.6474919166759037,-6.346958644792949,-45.95220229999853,,,path_segment_004,QA_REQUIRED,Projected path contains a large step relative to the median supported step.,QA_REQUIRED,Projected path contains a large step relative to the median supported step.
59,59,1966.6666666666663,VALID_TARGET,,1.0,659.4932403564453,311.58494567871094,661.1301727294922,316.3709259033203,SUPPORTED,709.428793774319,353.9157342293435,509.011673151751,4.358866381203,400.83424124513624,699.1137356962811,SUPPORTED,translation_median_sparse_flow,-0.0015869140625,-7.62939453125e-06,105.0,0.026846420019865036,,,SUPPORTED,partial_affine_ransac_sparse_flow,-0.09867213569931746,0.3233608389733261,57.0,0.03453275299004574,1.000102557143988,0.5428571428571428,-9.362808227539062,-5.9624786376953125,-9.361221313476562,-5.962471008300781,-11.573257446289062,-6.6033477783203125,147.50559339724398,2.356782397260054,path_segment_005,SUPPORTED,,-9.362808227539062,-5.9624786376953125,-9.42606319934714,-6.12503431398909,-15.77302184414009,-52.07723661398762,146.98428094021628,2.387039007624443,path_segment_004,SUPPORTED,,-9.362808227539062,-5.9624786376953125,-9.42606319934714,-6.12503431398909,-15.77302184414009,-52.07723661398762,,,path_segment_004,QA_REQUIRED,Projected path contains a large step relative to the median supported step.,QA_REQUIRED,Projected path contains a large step relative to the median supported step.
60,60,2000.0,VALID_TARGET,,1.0,659.8767929077148,316.3709259033203,661.1166000366211,314.6362762451172,SUPPORTED,706.2412451361868,354.561492211744,515.3203631647211,4.843184868003332,381.84176394293127,699.4366146874813,SUPPORTED,translation_median_sparse_flow,0.0001220703125,0.0,234.0,0.0008740340126678348,,,SUPPORTED,partial_affine_ransac_sparse_flow,0.03912916959298786,-0.02104003039981217,234.0,0.00918417837633911,0.9999726016367723,1.0,-0.01357269287109375,-1.734649658203125,-0.01369476318359375,-1.734649658203125,-11.586952209472656,-8.337997436523438,90.45233100916411,0.3683566213198677,path_segment_005,SUPPORTED,,-0.01357269287109375,-1.734649658203125,-0.027679224480607445,-1.7193786144030128,-15.800701068620697,-53.796615228390635,90.92229003612098,0.36514971063534724,path_segment_004,SUPPORTED,,-0.01357269287109375,-1.734649658203125,-0.027679224480607445,-1.7193786144030128,-15.800701068620697,-53.796615228390635,,,path_segment_004,QA_REQUIRED,Projected path contains a large step relative to the median supported step.,QA_REQUIRED,Projected path contains a large step relative to the median supported step.
61,61,2033.3333333333333,VALID_TARGET,,1.0,661.1301727294922,314.6362762451172,661.1039428710938,311.58494567871094,SUPPORTED,703.0536964980545,355.2072501941444,521.6290531776913,5.327503354803666,362.84928664072635,699.7594936786816,SUPPORTED,translation_median_sparse_flow,0.0,0.0,219.0,0.00027295752079226077,,,SUPPORTED,partial_affine_ransac_sparse_flow,-0.0020556309821911996,0.03924043964193355,219.0,0.006372094473699301,0.9999947045569205,1.0,-0.01265716552734375,-3.05133056640625,-0.01265716552734375,-3.05133056640625,-11.599609375,-11.389328002929688,90.23766615584935,0.6479420533265078,path_segment_005,SUPPORTED,,-0.01265716552734375,-3.05133056640625,-0.01661948957757886,-3.0689029719902123,-15.817320558198276,-56.86551820038085,90.31027937690813,0.6516774568556951,path_segment_004,SUPPORTED,,-0.01265716552734375,-3.05133056640625,-0.01661948957757886,-3.0689029719902123,-15.817320558198276,-56.86551820038085,,,path_segment_004,QA_REQUIRED,Projected path contains a large step relative to the median supported step.,QA_REQUIRED,Projected path contains a large step relative to the median supported step.
62,62,2066.666666666667,VALID_TARGET,,1.0,666.4335556030273,302.72479248046875,666.3050689697266,304.15611267089844,SUPPORTED,699.8661478599222,355.8530081765449,527.9377431906614,5.811821841604,343.85680933852143,700.0823726698818,UNSTABLE_TRANSFORM,translation_median_sparse_flow,-30.50213623046875,3.6793975830078125,198.0,13.537272453308105,,,SUPPORTED,partial_affine_ransac_sparse_flow,-0.010501399349859044,-0.034351533053934465,45.0,0.002811541029165101,1.0000103123758552,0.22727272727272727,,,,,,,,,,UNSTABLE_TRANSFORM,Camera compensation was not supported.,5.2011260986328125,-7.4288330078125,5.214427775589002,-7.418100426197611,-10.602892782609274,-64.28361862657846,54.89534992229843,1.9254306012584494,path_segment_004,SUPPORTED,,5.2011260986328125,-7.4288330078125,5.214427775589002,-7.418100426197611,-10.602892782609274,-64.28361862657846,,,path_segment_004,QA_REQUIRED,Projected path contains a large step relative to the median supported step.,QA_REQUIRED,Projected path contains a large step relative to the median supported step.
63,63,2100.0,VALID_TARGET,,1.0,665.4378662109375,304.15611267089844,665.5536956787109,302.72479248046875,SUPPORTED,696.6785992217899,356.4987661589453,534.2464332036317,6.296140328404333,324.86433203631645,700.4052516610819,SUPPORTED,translation_median_sparse_flow,0.0,0.0,320.0,0.0003440828004386276,,,SUPPORTED,partial_affine_ransac_sparse_flow,0.005499922659001791,-0.005688810220650065,320.0,0.0018274548823325105,0.9999966533937917,1.0,,,,,0.0,0.0,,,path_segment_006,INSUFFICIENT_EVIDENCE,Continuous path run is shorter than the configured minimum sample count.,-0.751373291015625,-1.4313201904296875,-0.7527420621714782,-1.4287785520147054,-11.355634844780752,-65.71239717859316,117.78219253864998,0.3429251681982698,path_segment_004,SUPPORTED,,-0.751373291015625,-1.4313201904296875,-0.7527420621714782,-1.4287785520147054,-11.355634844780752,-65.71239717859316,,,path_segment_004,QA_REQUIRED,Projected path contains a large step relative to the median supported step.,QA_REQUIRED,Projected path contains a large step relative to the median supported step.
64,64,2133.3333333333335,VALID_TARGET,,1.0,665.3862686157227,299.0992431640625,665.9299240112305,299.0992431640625,SUPPORTED,693.4910505836576,357.14452414134576,540.5551232166018,6.780458815204666,305.87185473411154,700.7281306522822,SUPPORTED,translation_median_sparse_flow,0.0,0.0,318.0,0.0003452669770922512,,,SUPPORTED,partial_affine_ransac_sparse_flow,0.00604681963349318,-0.006259856223612234,318.0,0.003131053712634525,0.9999945841602054,1.0,0.37622833251953125,-3.62554931640625,0.37622833251953125,-3.62554931640625,0.37622833251953125,-3.62554931640625,,,path_segment_006,INSUFFICIENT_EVIDENCE,Continuous path run is shorter than the configured minimum sample count.,0.37622833251953125,-3.62554931640625,0.3756701296334768,-3.6217921592999005,-10.979964715147275,-69.33418933789306,84.07817618558883,0.7731975598271977,path_segment_004,SUPPORTED,,0.37622833251953125,-3.62554931640625,0.3756701296334768,-3.6217921592999005,-10.979964715147275,-69.33418933789306,,,path_segment_004,QA_REQUIRED,Projected path contains a large step relative to the median supported step.,QA_REQUIRED,Projected path contains a large step relative to the median supported step.
65,65,2166.6666666666665,VALID_TARGET,,1.0,675.2682266235352,290.64320373535156,675.2682266235352,290.64320373535156,SUPPORTED,690.3035019455253,357.7902821237462,546.863813229572,7.264777302004999,286.8793774319066,701.0510096434824,UNSTABLE_TRANSFORM,translation_median_sparse_flow,-46.39862060546875,-10.048110961914062,262.0,36.96464920043945,,,SUPPORTED,partial_affine_ransac_sparse_flow,-0.03503825590183669,0.31212266406995426,56.0,0.022321899311439054,1.0000255204479316,0.21374045801526717,,,,,,,,,,UNSTABLE_TRANSFORM,Camera compensation was not supported.,9.338302612304688,-8.456039428710938,9.2705564278142,-8.58471550531101,-1.7094082873330763,-77.91890484320407,42.80028656728602,2.6829636510723125,path_segment_004,SUPPORTED,,9.338302612304688,-8.456039428710938,9.2705564278142,-8.58471550531101,-1.7094082873330763,-77.91890484320407,,,path_segment_004,QA_REQUIRED,Projected path contains a large step relative to the median supported step.,QA_REQUIRED,Projected path contains a large step relative to the median supported step.
66,66,2200.0,VALID_TARGET,,1.0,677.3586845397949,286.8937683105469,675.2682266235352,290.64320373535156,SUPPORTED,688.4923947647683,357.95539069879175,547.5882561018748,7.374849685368711,281.80827732578706,701.1610820268461,SUPPORTED,translation_median_sparse_flow,0.0,0.0,345.0,0.0003908156941179186,,,SUPPORTED,partial_affine_ransac_sparse_flow,0.03263758312574036,-0.034130886295129385,345.0,0.01729854546740825,0.9999703084739149,1.0,,,,,0.0,0.0,,,path_segment_007,INSUFFICIENT_EVIDENCE,Continuous path run is shorter than the configured minimum sample count.,0.0,0.0,-0.0012736308070770974,0.016474978870178347,-1.7106819181401534,-77.9024298643339,-94.42057115973586,0.0035088267693342886,path_segment_004,SUPPORTED,,0.0,0.0,-0.0012736308070770974,0.016474978870178347,-1.7106819181401534,-77.9024298643339,,,path_segment_004,QA_REQUIRED,Projected path contains a large step relative to the median supported step.,QA_REQUIRED,Projected path contains a large step relative to the median supported step.
67,67,2233.3333333333335,VALID_TARGET,,1.0,675.8899040222168,287.22303771972656,675.2682266235352,290.64320373535156,SUPPORTED,686.6812875840113,358.12049927383737,548.3126989741776,7.484922068732423,276.7371772196675,701.2711544102099,SUPPORTED,translation_median_sparse_flow,0.0,0.0,344.0,0.00030517578125,,,SUPPORTED,partial_affine_ransac_sparse_flow,-0.00835309061814281,0.04748351197937134,344.0,0.014444858239821072,0.9999830800323275,1.0,0.0,0.0,0.0,0.0,0.0,0.0,,,path_segment_007,INSUFFICIENT_EVIDENCE,Continuous path run is shorter than the configured minimum sample count.,0.0,0.0,0.009243914161402245,-0.018088752914138695,-1.7014380039787511,-77.92051861724804,62.931557508997514,0.004313557971381716,path_segment_004,SUPPORTED,,0.0,0.0,0.009243914161402245,-0.018088752914138695,-1.7014380039787511,-77.92051861724804,,,path_segment_004,QA_REQUIRED,Projected path contains a large step relative to the median supported step.,QA_REQUIRED,Projected path contains a large step relative to the median supported step.
68,68,2266.6666666666665,VALID_TARGET,,1.0,673.7783088684082,310.2161102294922,673.7412719726562,308.44085693359375,SUPPORTED,684.8701804032544,358.28560784888293,549.0371418464804,7.594994452096135,271.66607711354794,701.3812267935735,UNSTABLE_TRANSFORM,translation_median_sparse_flow,-20.08709716796875,1.39117431640625,306.0,52.750186920166016,,,SUPPORTED,partial_affine_ransac_sparse_flow,-0.17559747620974556,-0.34901011403543025,32.0,0.09819345895859802,1.000166479419735,0.10457516339869281,,,,,,,,,,UNSTABLE_TRANSFORM,Camera compensation was not supported.,-1.5269546508789062,17.797653198242188,-1.3935572892623895,17.935189530803598,-3.0949952932411406,-59.98532908644444,-94.44293325220197,3.819936721798205,path_segment_004,SUPPORTED,,-1.5269546508789062,17.797653198242188,-1.3935572892623895,17.935189530803598,-3.0949952932411406,-59.98532908644444,,,path_segment_004,QA_REQUIRED,Projected path contains a large step relative to the median supported step.,QA_REQUIRED,Projected path contains a large step relative to the median supported step.
69,69,2300.0,VALID_TARGET,,1.0,673.7412719726562,308.44085693359375,673.1648597717285,308.44085693359375,SUPPORTED,683.0590732224973,358.45071642392844,549.7615847187832,7.7050668354598475,266.5949770074284,701.4912991769372,SUPPORTED,translation_median_sparse_flow,0.0,0.0,255.0,0.00027295752079226077,,,SUPPORTED,partial_affine_ransac_sparse_flow,0.01102092902003345,-0.0015433929064451895,255.0,0.001929364860401036,0.9999911638891587,1.0,,,,,0.0,0.0,,,path_segment_008,INSUFFICIENT_EVIDENCE,Continuous path run is shorter than the configured minimum sample count.,-0.5764122009277344,0.0,-0.5798686431212445,0.0007493431273815077,-3.674863936362385,-59.984579743317056,-179.9259587921917,0.12313263097024515,path_segment_004,SUPPORTED,,-0.5764122009277344,0.0,-0.5798686431212445,0.0007493431273815077,-3.674863936362385,-59.984579743317056,,,path_segment_004,QA_REQUIRED,Projected path contains a large step relative to the median supported step.,QA_REQUIRED,Projected path contains a large step relative to the median supported step.
70,70,2333.3333333333335,VALID_TARGET,,1.0,672.8545722961426,308.9927673339844,672.8545722961426,308.6866455078125,SUPPORTED,681.2479660417405,358.61582499897406,550.486027591086,7.8151392188235596,261.5238769013089,701.601371560301,SUPPORTED,translation_median_sparse_flow,0.0,0.0,256.0,0.00012794378562830389,,,SUPPORTED,partial_affine_ransac_sparse_flow,0.001355289948196516,0.00032969066814287067,256.0,0.0004350160827146257,0.9999989480169602,1.0,-0.3102874755859375,0.24578857421875,-0.3102874755859375,0.24578857421875,-0.3102874755859375,0.24578857421875,,,path_segment_008,INSUFFICIENT_EVIDENCE,Continuous path run is shorter than the configured minimum sample count.,-0.3102874755859375,0.24578857421875,-0.31100936074619767,0.24594650530082163,-3.985873297108583,-59.738633238016234,-141.66301830595378,0.08419615171076063,path_segment_004,SUPPORTED,,-0.3102874755859375,0.24578857421875,-0.31100936074619767,0.24594650530082163,-3.985873297108583,-59.738633238016234,,,path_segment_004,QA_REQUIRED,Projected path contains a large step relative to the median supported step.,QA_REQUIRED,Projected path contains a large step relative to the median supported step.
71,71,2366.6666666666665,VALID_TARGET,,1.0,665.4227333068848,307.7740783691406,669.3937454223633,308.6866455078125,SUPPORTED,679.4368588609833,358.7809335740196,551.2104704633887,7.925211602187272,256.4527767951893,701.7114439436647,UNSTABLE_TRANSFORM,translation_median_sparse_flow,-0.0648193359375,3.679229736328125,204.0,68.67904663085938,,,SUPPORTED,partial_affine_ransac_sparse_flow,0.22240570574108418,0.3563437086393538,47.0,0.10636818122882846,0.9997732791821272,0.23039215686274508,,,,,,,,,,UNSTABLE_TRANSFORM,Camera compensation was not supported.,-3.460826873779297,0.0,-3.602539328037892,-0.12968103081027493,-7.588412625146475,-59.86831426882651,177.93840726137162,0.7654786779987307,path_segment_004,SUPPORTED,,-3.460826873779297,0.0,-3.602539328037892,-0.12968103081027493,-7.588412625146475,-59.86831426882651,,,path_segment_004,QA_REQUIRED,Projected path contains a large step relative to the median supported step.,QA_REQUIRED,Projected path contains a large step relative to the median supported step.
72,72,2400.0,VALID_TARGET,,1.0,665.5886192321777,308.4730529785156,665.6743659973145,308.9927673339844,SUPPORTED,677.6257516802264,358.9460421490652,551.9349133356915,8.035283985550985,251.38167668906974,701.8215163270285,SUPPORTED,translation_median_sparse_flow,0.0,0.0,276.0,0.0004105720145162195,,,SUPPORTED,partial_affine_ransac_sparse_flow,0.002101883947487748,-0.004401287614530751,276.0,0.0026609303979479044,0.9999971572060102,1.0,,,,,0.0,0.0,,,path_segment_009,INSUFFICIENT_EVIDENCE,Continuous path run is shorter than the configured minimum sample count.,-3.719379425048828,0.306121826171875,-3.7180871299642604,0.3081669008626591,-11.306499755110735,-59.56014736796385,-175.26197302779138,0.7922264788632803,path_segment_004,SUPPORTED,,-3.719379425048828,0.306121826171875,-3.7180871299642604,0.3081669008626591,-11.306499755110735,-59.56014736796385,,,path_segment_004,QA_REQUIRED,Projected path contains a large step relative to the median supported step.,QA_REQUIRED,Projected path contains a large step relative to the median supported step.
73,73,2433.333333333333,VALID_TARGET,,1.0,669.3937454223633,309.4715270996094,665.336986541748,309.4715270996094,SUPPORTED,675.8146444994694,359.11115072411076,552.6593562079943,8.145356368914696,246.3105765829502,701.9315887103921,SUPPORTED,translation_median_sparse_flow,0.0,-1.52587890625e-05,274.0,0.0004827510565519333,,,SUPPORTED,partial_affine_ransac_sparse_flow,-0.0008671683148892804,0.004501218536968071,274.0,0.0027054837109649035,1.00000183355888,1.0,-0.33737945556640625,0.478759765625,-0.33737945556640625,0.4787750244140625,-0.33737945556640625,0.4787750244140625,,,path_segment_009,INSUFFICIENT_EVIDENCE,Continuous path run is shorter than the configured minimum sample count.,-0.33737945556640625,0.478759765625,-0.3392193193487856,0.4768943865405504,-11.645719074459521,-59.0832529814233,-125.42458886287656,0.12427168685439602,path_segment_004,SUPPORTED,,-0.33737945556640625,0.478759765625,-0.3392193193487856,0.4768943865405504,-11.645719074459521,-59.0832529814233,,,path_segment_004,QA_REQUIRED,Projected path contains a large step relative to the median supported step.,QA_REQUIRED,Projected path contains a large step relative to the median supported step.
74,74,2466.666666666667,VALID_TARGET,,1.0,651.8731384277344,311.6684112548828,651.8731384277344,309.7949981689453,SUPPORTED,674.0035373187125,359.2762592991563,553.3837990802971,8.255428752278409,241.23947647683065,702.0416610937558,UNSTABLE_TRANSFORM,translation_median_sparse_flow,-33.08477783203125,0.05914306640625,243.0,57.201602935791016,,,SUPPORTED,partial_affine_ransac_sparse_flow,-0.037413912626322265,-0.22476274173189095,52.0,0.017944021361188466,1.0000340722831285,0.2139917695473251,,,,,,,,,,UNSTABLE_TRANSFORM,Camera compensation was not supported.,-13.463848114013672,0.3234710693359375,-13.3889344170924,0.4083634207708542,-25.03465349155192,-58.674889560652446,-178.25301636200575,2.8444027801376963,path_segment_004,SUPPORTED,,-13.463848114013672,0.3234710693359375,-13.3889344170924,0.4083634207708542,-25.03465349155192,-58.674889560652446,,,path_segment_004,QA_REQUIRED,Projected path contains a large step relative to the median supported step.,QA_REQUIRED,Projected path contains a large step relative to the median supported step.
75,75,2500.0,VALID_TARGET,,1.0,648.9079284667969,312.60198974609375,648.9079284667969,311.6684112548828,SUPPORTED,672.1924301379554,359.4413678742019,554.1082419525999,8.36550113564212,236.1683763707111,702.1517334771196,SUPPORTED,translation_median_sparse_flow,0.0,0.0,294.0,0.0001100326917367056,,,SUPPORTED,partial_affine_ransac_sparse_flow,-0.0004450939669543969,0.0010208943809020608,294.0,0.00039166605458306066,1.0000000008105072,1.0,,,,,0.0,0.0,,,path_segment_010,INSUFFICIENT_EVIDENCE,Continuous path run is shorter than the configured minimum sample count.,-2.9652099609375,1.8734130859375,-2.9651952821700434,1.873296513471189,-27.999848773721965,-56.80159304718126,-147.71687525260788,0.7447737763927768,path_segment_004,SUPPORTED,,-2.9652099609375,1.8734130859375,-2.9651952821700434,1.873296513471189,-27.999848773721965,-56.80159304718126,,,path_segment_004,QA_REQUIRED,Projected path contains a large step relative to the median supported step.,QA_REQUIRED,Projected path contains a large step relative to the median supported step.
76,76,2533.333333333333,VALID_TARGET,,1.0,646.2768859863281,308.6826934814453,646.2768859863281,312.60198974609375,SUPPORTED,670.3813229571984,359.60647644924745,554.8326848249027,8.475573519005833,231.09727626459153,702.2618058604833,SUPPORTED,translation_median_sparse_flow,0.0,0.0,295.0,6.103515625e-05,,,SUPPORTED,partial_affine_ransac_sparse_flow,-0.0007887844539273954,-0.00047139165242200074,295.0,0.00029941723504444014,1.0000008939512712,1.0,-2.63104248046875,0.9335784912109375,-2.63104248046875,0.9335784912109375,-2.63104248046875,0.9335784912109375,,,path_segment_010,INSUFFICIENT_EVIDENCE,Continuous path run is shorter than the configured minimum sample count.,-2.63104248046875,0.9335784912109375,-2.6307285474314313,0.9335521507231306,-30.630577321153396,-55.868040896458126,-160.46203302927458,0.5927542480615318,path_segment_004,SUPPORTED,,-2.63104248046875,0.9335784912109375,-2.6307285474314313,0.9335521507231306,-30.630577321153396,-55.868040896458126,,,path_segment_004,QA_REQUIRED,Projected path contains a large step relative to the median supported step.,QA_REQUIRED,Projected path contains a large step relative to the median supported step.
77,77,2566.666666666667,VALID_TARGET,,1.0,600.0695915222168,332.22129821777344,601.9478645324707,330.2829132080078,SUPPORTED,595.6731517509728,357.18488401524576,467.1750972762646,3.6323886510024996,256.9961089494164,707.1049907284865,UNSTABLE_TRANSFORM,translation_median_sparse_flow,-34.6640625,0.00472259521484375,284.0,66.23797607421875,,,SUPPORTED,partial_affine_ransac_sparse_flow,0.03875375513707691,0.015643035754062673,56.0,0.028471826990713284,0.9999652844866213,0.19718309859154928,,,,,,,,,,UNSTABLE_TRANSFORM,Camera compensation was not supported.,-44.32902145385742,17.680923461914062,-44.350690577345745,17.687195942265532,-74.98126789849914,-38.180844954192594,-158.2577298775499,10.138962434263489,path_segment_004,SUPPORTED,,-44.32902145385742,17.680923461914062,-44.350690577345745,17.687195942265532,-74.98126789849914,-38.180844954192594,,,path_segment_004,QA_REQUIRED,Projected path contains a large step relative to the median supported step.,QA_REQUIRED,Projected path contains a large step relative to the median supported step.
78,78,2600.0,VALID_TARGET,,1.0,600.4655799865723,331.905517578125,600.0695915222168,330.8056182861328,SUPPORTED,586.5421530479897,358.7992789712469,460.2023346303502,5.246783607003611,252.6796368352789,707.1049907284865,SUPPORTED,translation_median_sparse_flow,-0.0006103515625,-1.3828277587890625e-05,222.0,0.007401127368211746,,,SUPPORTED,partial_affine_ransac_sparse_flow,-0.06070714914246538,-0.050920874645609515,222.0,0.040982751156878855,1.0000420562074326,1.0,,,,,0.0,0.0,,,path_segment_011,SUPPORTED,,-1.8782730102539062,0.522705078125,-1.829933330707263,0.5361382700355648,-76.8112012292064,-37.64470668415703,-163.67034386509752,0.4049124175508247,path_segment_004,SUPPORTED,,-1.8782730102539062,0.522705078125,-1.829933330707263,0.5361382700355648,-76.8112012292064,-37.64470668415703,,,path_segment_004,QA_REQUIRED,Projected path contains a large step relative to the median supported step.,QA_REQUIRED,Projected path contains a large step relative to the median supported step.
79,79,2633.3333333333335,VALID_TARGET,,1.0,600.7897644042969,330.2829132080078,599.3074798583984,330.8056182861328,SUPPORTED,577.4111543450065,360.41367392724806,453.2295719844358,6.861178563004722,248.36316472114143,707.1049907284867,SUPPORTED,translation_median_sparse_flow,-6.103515625e-05,-6.198883056640625e-06,236.0,0.0007037619361653924,,,SUPPORTED,partial_affine_ransac_sparse_flow,-0.010747891572276659,-0.049763680681674756,236.0,0.03289586506911206,1.0000013645510895,1.0,-0.7621116638183594,0.0,-0.7620506286621094,6.198883056640625e-06,-0.7620506286621094,6.198883056640625e-06,-179.99953392881855,0.16181806277641145,path_segment_011,SUPPORTED,,-0.7621116638183594,0.0,-0.7354745320330949,0.019006254237012854,-77.5466757612395,-37.625700429920016,-178.51968247857164,0.15622688622493686,path_segment_004,SUPPORTED,,-0.7621116638183594,0.0,-0.7354745320330949,0.019006254237012854,-77.5466757612395,-37.625700429920016,,,path_segment_004,QA_REQUIRED,Projected path contains a large step relative to the median supported step.,QA_REQUIRED,Projected path contains a large step relative to the median supported step.
80,80,2666.6666666666665,VALID_TARGET,,1.0,575.8798675537109,329.75567626953125,576.8676338195801,330.16407775878906,SUPPORTED,568.2801556420234,362.02806888324915,446.2568093385214,8.475573519005833,244.04669260700393,707.1049907284867,SUPPORTED,translation_median_sparse_flow,-35.2506103515625,-0.250518798828125,249.0,6.754772663116455,,,SUPPORTED,partial_affine_ransac_sparse_flow,9.963619952033467,6.127161406542263,77.0,1.393931351448934,0.9552899237757299,0.3092369477911647,-22.43984603881836,-0.64154052734375,12.81076431274414,-0.391021728515625,12.048713684082031,-0.39101552963256836,1.7482907787230906,2.7215757323465337,path_segment_011,SUPPORTED,,-22.43984603881836,-0.64154052734375,-1.1502044664681534,0.07626628580248962,-78.69688022770765,-37.54943414411753,-176.20645781115917,0.24477712782950511,path_segment_004,SUPPORTED,,-22.43984603881836,-0.64154052734375,-1.1502044664681534,0.07626628580248962,-78.69688022770765,-37.54943414411753,,,path_segment_004,QA_REQUIRED,Projected path contains a large step relative to the median supported step.,QA_REQUIRED,Projected path contains a large step relative to the median supported step.
81,81,2700.0,VALID_TARGET,,1.0,575.7815818786621,329.78074645996094,576.8676338195801,330.16407775878906,SUPPORTED,567.4500648508431,361.96080242674907,444.5228419080559,8.251351997339011,245.85444588557434,707.4189008588202,SUPPORTED,translation_median_sparse_flow,0.0,0.0,265.0,0.0001010894775390625,,,SUPPORTED,partial_affine_ransac_sparse_flow,0.00078760001525909,0.0005908467145012964,265.0,0.0002550654039782969,0.9999987982935087,1.0,0.0,0.0,0.0,0.0,12.048713684082031,-0.39101552963256836,,0.0,path_segment_011,SUPPORTED,,0.0,0.0,-0.00015919758538984752,-8.082639203621511e-05,-78.69703942529304,-37.54951497050956,153.08258622026753,3.7912321015671496e-05,path_segment_004,SUPPORTED,,0.0,0.0,-0.00015919758538984752,-8.082639203621511e-05,-78.69703942529304,-37.54951497050956,,,path_segment_004,QA_REQUIRED,Projected path contains a large step relative to the median supported step.,QA_REQUIRED,Projected path contains a large step relative to the median supported step.
82,82,2733.3333333333335,VALID_TARGET,,1.0,576.8676338195801,330.16407775878906,576.2536201477051,330.18511962890625,SUPPORTED,566.6199740596628,361.8935359702491,442.7888744775904,8.027130475672191,247.66219916414474,707.7328109891538,SUPPORTED,translation_median_sparse_flow,0.00018310546875,0.0,264.0,0.0004892339929938316,,,SUPPORTED,partial_affine_ransac_sparse_flow,0.000837669079122398,0.0007375338783692971,264.0,0.000428292589630372,0.9999990909016486,1.0,-0.614013671875,0.0210418701171875,-0.61419677734375,0.0210418701171875,11.434516906738281,-0.36997365951538086,-178.03786171475227,0.1304984698932459,path_segment_011,SUPPORTED,,-0.614013671875,0.0210418701171875,-0.6145054069919524,0.020916357987971423,-79.311544832285,-37.52859861252159,-178.05053539392964,0.13056305825718334,path_segment_004,SUPPORTED,,-0.614013671875,0.0210418701171875,-0.6145054069919524,0.020916357987971423,-79.311544832285,-37.52859861252159,,,path_segment_004,QA_REQUIRED,Projected path contains a large step relative to the median supported step.,QA_REQUIRED,Projected path contains a large step relative to the median supported step.
83,83,2766.6666666666665,VALID_TARGET,,1.0,603.7535858154297,390.2163848876953,576.2351722717285,377.2822570800781,SUPPORTED,565.7898832684825,361.826269513749,441.05490704712497,7.80290895400537,249.46995244271514,708.0467211194873,UNSTABLE_TRANSFORM,translation_median_sparse_flow,-34.903564453125,20.130096435546875,230.0,40.313472747802734,,,SUPPORTED,partial_affine_ransac_sparse_flow,0.006942268188026311,0.020489574494588027,54.0,0.016964523858024116,1.0000007494261187,0.23478260869565218,,,,,,,,,,UNSTABLE_TRANSFORM,Camera compensation was not supported.,-0.0184478759765625,47.097137451171875,-0.03150869368505482,47.08632528743698,-79.34305352597005,9.557726674915386,-90.03834053487161,9.99857405843871,path_segment_004,SUPPORTED,,-0.0184478759765625,47.097137451171875,-0.03150869368505482,47.08632528743698,-79.34305352597005,9.557726674915386,,,path_segment_004,QA_REQUIRED,Projected path contains a large step relative to the median supported step.,QA_REQUIRED,Projected path contains a large step relative to the median supported step.
84,84,2800.0,VALID_TARGET,,1.0,590.6106338500977,377.2822570800781,576.2351722717285,390.2163848876953,SUPPORTED,564.9597924773022,361.75900305724895,439.3209396166595,7.578687432338549,251.27770572128554,708.3606312498208,SUPPORTED,translation_median_sparse_flow,0.0,0.0,238.0,0.000518798828125,,,SUPPORTED,partial_affine_ransac_sparse_flow,-0.0239559211913835,-0.023563956210745488,238.0,0.009648378136067653,1.00002502856545,1.0,,,,,0.0,0.0,,,path_segment_012,INSUFFICIENT_EVIDENCE,Continuous path run is shorter than the configured minimum sample count.,0.0,12.934127807617188,0.014272583214278711,12.941011001491631,-79.32878094275577,22.498737676407018,-89.93680876638886,2.747967819197382,path_segment_004,SUPPORTED,,0.0,12.934127807617188,0.014272583214278711,12.941011001491631,-79.32878094275577,22.498737676407018,,,path_segment_004,QA_REQUIRED,Projected path contains a large step relative to the median supported step.,QA_REQUIRED,Projected path contains a large step relative to the median supported step.
85,85,2833.3333333333335,VALID_TARGET,,1.0,570.0860633850098,407.1216278076172,567.2497215270996,397.9876403808594,SUPPORTED,564.129701686122,361.69173660074887,437.586972186194,7.354465910671728,253.08545899985592,708.6745413801543,UNSTABLE_TRANSFORM,translation_median_sparse_flow,-34.111724853515625,1.1373138427734375,232.0,33.387550354003906,,,SUPPORTED,partial_affine_ransac_sparse_flow,0.0016598023555731227,0.0022009327979333657,57.0,0.0010434932071727659,0.9999985007761795,0.24568965517241378,,,,,,,,,,UNSTABLE_TRANSFORM,Camera compensation was not supported.,-8.985450744628906,7.7712554931640625,-8.98722524552943,7.771084697168874,-88.3160061882852,30.26982237357589,-139.15064451476405,2.5228937351110043,path_segment_004,SUPPORTED,,-8.985450744628906,7.7712554931640625,-8.98722524552943,7.771084697168874,-88.3160061882852,30.26982237357589,,,path_segment_004,QA_REQUIRED,Projected path contains a large step relative to the median supported step.,QA_REQUIRED,Projected path contains a large step relative to the median supported step.
86,86,2866.6666666666665,VALID_TARGET,,1.0,565.8829650878906,398.22581481933594,565.5017547607422,398.3841857910156,SUPPORTED,563.2996108949417,361.6244701442489,435.8530047557285,7.130244389004908,254.89321227842632,708.988451510488,UNSTABLE_TRANSFORM,translation_median_sparse_flow,-12.33074951171875,-0.0001354217529296875,179.0,12.33074951171875,,,SUPPORTED,partial_affine_ransac_sparse_flow,-11.624495066829507,-22.362603130622805,78.0,1.6326207227518084,1.0106773855744242,0.43575418994413406,,,,,0.0,0.0,,,path_segment_013,INSUFFICIENT_EVIDENCE,Continuous path run is shorter than the configured minimum sample count.,-1.7479667663574219,0.39654541015625,11.691818742816167,7.516951542583399,-76.62418744546903,37.78677391615929,-32.737938993284935,2.951551149925692,path_segment_004,SUPPORTED,,-1.7479667663574219,0.39654541015625,11.691818742816167,7.516951542583399,-76.62418744546903,37.78677391615929,,,path_segment_004,QA_REQUIRED,Projected path contains a large step relative to the median supported step.,QA_REQUIRED,Projected path contains a large step relative to the median supported step.
87,87,2900.0,VALID_TARGET,,1.0,564.1805191040039,398.14601135253906,564.2420806884766,398.3841857910156,SUPPORTED,562.4695201037614,361.5572036877488,434.11903732526304,6.906022867338086,256.7009655569967,709.3023616408215,SUPPORTED,translation_median_sparse_flow,0.0,6.103515625e-05,175.0,0.0005033087800256908,,,SUPPORTED,partial_affine_ransac_sparse_flow,-0.017405921255588954,-0.0032021566607250166,175.0,0.00636641412154518,1.0000120097438059,1.0,-1.259674072265625,0.0,-1.259674072265625,-6.103515625e-05,-1.259674072265625,-6.103515625e-05,,,path_segment_013,INSUFFICIENT_EVIDENCE,Continuous path run is shorter than the configured minimum sample count.,-1.259674072265625,0.0,-1.2488921036574538,-0.0018202110572929087,-77.87307954912649,37.784953705102,179.9164937169061,0.26519696705852985,path_segment_004,SUPPORTED,,-1.259674072265625,0.0,-1.2488921036574538,-0.0018202110572929087,-77.87307954912649,37.784953705102,,,path_segment_004,QA_REQUIRED,Projected path contains a large step relative to the median supported step.,QA_REQUIRED,Projected path contains a large step relative to the median supported step.
88,88,2933.333333333333,VALID_TARGET,,1.0,563.5350303649902,399.3446044921875,563.4734687805176,397.9876403808594,SUPPORTED,561.6394293125811,361.48993723124875,432.38506989479754,6.681801345671265,258.50871883556715,709.616271771155,SUPPORTED,translation_median_sparse_flow,0.0,0.0,177.0,0.00030669785337522626,,,SUPPORTED,partial_affine_ransac_sparse_flow,-0.003080617110085645,0.00037505002364218227,177.0,0.0009042130034509061,1.0000024350680272,1.0,-0.7686119079589844,-0.39654541015625,-0.7686119079589844,-0.39654541015625,-2.0282859802246094,-0.3966064453125,,,path_segment_013,INSUFFICIENT_EVIDENCE,Continuous path run is shorter than the configured minimum sample count.,-0.7686119079589844,-0.39654541015625,-0.7673890406617829,-0.39720535867525086,-78.64046858978827,37.38774834642675,152.63363393916885,0.18348646931160414,path_segment_004,SUPPORTED,,-0.7686119079589844,-0.39654541015625,-0.7673890406617829,-0.39720535867525086,-78.64046858978827,37.38774834642675,,,path_segment_004,QA_REQUIRED,Projected path contains a large step relative to the median supported step.,QA_REQUIRED,Projected path contains a large step relative to the median supported step.
89,89,2966.666666666667,VALID_TARGET,,1.0,530.2873573303223,375.8265686035156,533.1258583068848,378.1174621582031,SUPPORTED,560.8093385214008,361.4226707747487,430.65110246433204,6.457579824004444,260.3164721141375,709.9301819014886,UNSTABLE_TRANSFORM,translation_median_sparse_flow,-35.06787109375,4.1961669921875e-05,157.0,35.06787109375,,,SUPPORTED,partial_affine_ransac_sparse_flow,0.00014597237513828935,-0.003226098342819651,57.0,0.0007298343343934553,0.99999988399924,0.3630573248407643,,,,,,,,,,UNSTABLE_TRANSFORM,Camera compensation was not supported.,-30.347610473632812,-19.87017822265625,-30.346386701245706,-19.868752702639995,-108.98685529103398,17.518995643786752,146.78594482855524,7.702234621374102,path_segment_004,SUPPORTED,,-30.347610473632812,-19.87017822265625,-30.346386701245706,-19.868752702639995,-108.98685529103398,17.518995643786752,,,path_segment_004,QA_REQUIRED,Projected path contains a large step relative to the median supported step.,QA_REQUIRED,Projected path contains a large step relative to the median supported step.
90,90,3000.0,VALID_TARGET,,1.0,530.7793617248535,377.3057861328125,530.7793617248535,377.3057861328125,SUPPORTED,559.9792477302205,361.3554043182487,428.91713503386654,6.233358302337623,262.1242253927079,710.2440920318221,SUPPORTED,translation_median_sparse_flow,0.0,0.0,135.0,0.0007150497403927147,,,SUPPORTED,partial_affine_ransac_sparse_flow,0.009946392000340113,-0.007519614694878365,135.0,0.007376127535850437,0.9999975555497137,1.0,,,,,0.0,0.0,,,path_segment_014,INSUFFICIENT_EVIDENCE,Continuous path run is shorter than the configured minimum sample count.,-2.34649658203125,-0.811676025390625,-2.351708308242337,-0.8080702627252663,-111.33856359927631,16.710925381061486,161.03677122366807,0.5280325423805189,path_segment_004,SUPPORTED,,-2.34649658203125,-0.811676025390625,-2.351708308242337,-0.8080702627252663,-111.33856359927631,16.710925381061486,,,path_segment_004,QA_REQUIRED,Projected path contains a large step relative to the median supported step.,QA_REQUIRED,Projected path contains a large step relative to the median supported step.
91,91,3033.333333333333,VALID_TARGET,,1.0,533.1258583068848,378.1174621582031,530.2873573303223,375.8265686035156,SUPPORTED,559.1491569390403,361.2881378617486,427.18316760340105,6.0091367806708025,263.93197867127833,710.5580021621556,SUPPORTED,translation_median_sparse_flow,0.0,2.09808349609375e-05,132.0,0.0007110596052370965,,,SUPPORTED,partial_affine_ransac_sparse_flow,0.008954122599565031,-0.00812195450054462,132.0,0.0033107088210096772,0.9999941301938873,1.0,-0.49200439453125,-1.479217529296875,-0.49200439453125,-1.479238510131836,-0.49200439453125,-1.479238510131836,,,path_segment_014,INSUFFICIENT_EVIDENCE,Continuous path run is shorter than the configured minimum sample count.,-0.49200439453125,-1.479217529296875,-0.494542273793968,-1.4735240783667223,-111.83310587307028,15.237401302694764,108.55271692782631,0.33004847433112516,path_segment_004,SUPPORTED,,-0.49200439453125,-1.479217529296875,-0.494542273793968,-1.4735240783667223,-111.83310587307028,15.237401302694764,,,path_segment_004,QA_REQUIRED,Projected path contains a large step relative to the median supported step.,QA_REQUIRED,Projected path contains a large step relative to the median supported step.
92,92,3066.666666666667,VALID_TARGET,,1.0,506.57763671875,356.78076171875,507.7225685119629,359.2046661376953,SUPPORTED,558.31906614786,361.2208714052486,425.4492001729356,5.784915259003982,265.7397319498487,710.8719122924892,UNSTABLE_TRANSFORM,translation_median_sparse_flow,-0.00341796875,0.00315093994140625,124.0,12.167182922363281,,,SUPPORTED,partial_affine_ransac_sparse_flow,-0.11175213517404382,0.01457558020454457,59.0,0.00829067793800944,1.0001014103219672,0.47580645161290325,,,,,,,,,,UNSTABLE_TRANSFORM,Camera compensation was not supported.,-22.564788818359375,-16.621902465820312,-22.512211474673677,-16.666973848107602,-134.34531734774396,-1.4295725454128387,143.48550773978926,5.947903514383615,path_segment_004,SUPPORTED,,-22.564788818359375,-16.621902465820312,-22.512211474673677,-16.666973848107602,-134.34531734774396,-1.4295725454128387,,,path_segment_004,QA_REQUIRED,Projected path contains a large step relative to the median supported step.,QA_REQUIRED,Projected path contains a large step relative to the median supported step.
93,93,3100.0,VALID_TARGET,,1.0,507.7225685119629,357.5331268310547,506.67201232910156,359.2046661376953,SUPPORTED,557.4889753566797,361.1536049487485,423.7152327424701,5.560693737337161,267.54748522841913,711.1858224228228,SUPPORTED,translation_median_sparse_flow,0.0001220703125,6.103515625e-05,128.0,0.0024891099892556667,,,SUPPORTED,partial_affine_ransac_sparse_flow,0.027478255557973313,0.020936128492185298,127.0,0.013639280194834737,0.9999729958773965,0.9921875,,,,,0.0,0.0,,,path_segment_015,INSUFFICIENT_EVIDENCE,Continuous path run is shorter than the configured minimum sample count.,-1.0505561828613281,0.0,-1.0697359751845283,-0.0035861398685597123,-135.4150533229285,-1.4331586852813984,179.80792465218627,0.22715495448502923,path_segment_004,SUPPORTED,,-1.0505561828613281,0.0,-1.0697359751845283,-0.0035861398685597123,-135.4150533229285,-1.4331586852813984,,,path_segment_004,QA_REQUIRED,Projected path contains a large step relative to the median supported step.,QA_REQUIRED,Projected path contains a large step relative to the median supported step.
94,94,3133.3333333333335,VALID_TARGET,,1.0,506.2718353271485,359.2046661376953,506.1774597167969,359.2046661376953,SUPPORTED,556.6588845654994,361.08633849224844,421.9812653120046,5.336472215670339,269.3552385069895,711.4997325531563,SUPPORTED,translation_median_sparse_flow,0.0,-1.4781951904296875e-05,126.0,0.0002491435152478516,,,SUPPORTED,partial_affine_ransac_sparse_flow,-0.0008487357555568706,-0.0005635801595662354,126.0,0.0006106515700062256,1.0000002833643717,1.0,-0.4945526123046875,0.0,-0.4945526123046875,1.4781951904296875e-05,-0.4945526123046875,1.4781951904296875e-05,,,path_segment_015,INSUFFICIENT_EVIDENCE,Continuous path run is shorter than the configured minimum sample count.,-0.4945526123046875,0.0,-0.49364890997424027,0.0001817470912897079,-135.90870223290273,-1.4329769381901087,-179.9789053706212,0.10482415827838484,path_segment_004,SUPPORTED,,-0.4945526123046875,0.0,-0.49364890997424027,0.0001817470912897079,-135.90870223290273,-1.4329769381901087,,,path_segment_004,QA_REQUIRED,Projected path contains a large step relative to the median supported step.,QA_REQUIRED,Projected path contains a large step relative to the median supported step.
95,95,3166.6666666666665,VALID_TARGET,,1.0,467.74637031555176,371.3651885986328,487.2912244796753,365.28492736816406,SUPPORTED,555.8287937743191,361.0190720357484,420.2472978815391,5.112250694003518,271.16299178555994,711.8136426834898,UNSTABLE_TRANSFORM,translation_median_sparse_flow,-0.0001220703125,7.62939453125e-06,115.0,13.272504806518555,,,SUPPORTED,partial_affine_ransac_sparse_flow,0.00013413075206185994,4.0892948958417835e-05,57.0,9.713409516825949e-05,0.9999998592687023,0.4956521739130435,,,,,,,,,,UNSTABLE_TRANSFORM,Camera compensation was not supported.,-18.886235237121582,6.08026123046875,-18.886308878688794,6.080286031465505,-154.79501111159152,4.647309093275396,-162.15448001476847,4.213133472322251,path_segment_004,SUPPORTED,,-18.886235237121582,6.08026123046875,-18.886308878688794,6.080286031465505,-154.79501111159152,4.647309093275396,,,path_segment_004,QA_REQUIRED,Projected path contains a large step relative to the median supported step.,QA_REQUIRED,Projected path contains a large step relative to the median supported step.
96,96,3200.0,VALID_TARGET,,1.0,468.06139945983887,372.0440368652344,468.31061363220215,371.3651885986328,SUPPORTED,554.9987029831389,360.9518055792484,418.51333045107367,4.888029172336697,272.9707450641303,712.1275528138234,SUPPORTED,translation_median_sparse_flow,0.0,0.0,150.0,0.00037807499757036567,,,SUPPORTED,partial_affine_ransac_sparse_flow,-0.0016091182440458591,-0.0014453764648608312,150.0,0.0008440740758786242,1.0000012404575618,1.0,,,,,0.0,0.0,,,path_segment_016,INSUFFICIENT_EVIDENCE,Continuous path run is shorter than the configured minimum sample count.,-18.980610847473145,6.08026123046875,-18.979327866432186,6.080882197856681,-173.7743389780237,10.728191291132077,-162.2347999064476,4.231978242414027,path_segment_004,SUPPORTED,,-18.980610847473145,6.08026123046875,-18.979327866432186,6.080882197856681,-173.7743389780237,10.728191291132077,,,path_segment_004,QA_REQUIRED,Projected path contains a large step relative to the median supported step.,QA_REQUIRED,Projected path contains a large step relative to the median supported step.
97,97,3233.3333333333335,TARGET_IDENTITY_UNCERTAIN,Temporal/body-scale discontinuity suggests target identity uncertainty.,,466.91872787475586,373.6165618896485,,,,554.1686121919586,360.8845391227483,416.7793630206082,4.6638076506698765,274.77849834270074,712.4414629441569,,,,,,,,,,,,,,,,,,,,,,,,,,,,,,,,,,,,,,,,,,,,,,,,,,,
98,98,3266.6666666666665,TARGET_IDENTITY_UNCERTAIN,TARGET_OVERLAP_AMBIGUOUS: multiple pose candidates plus a target-continuity jump.,,521.497932434082,304.2111358642578,,,,553.3385214007783,360.81727266624824,415.0453955901427,4.439586129003056,276.5862516212711,712.7553730744904,,,,,,,,,,,,,,,,,,,,,,,,,,,,,,,,,,,,,,,,,,,,,,,,,,,
99,99,3300.0,TARGET_IDENTITY_UNCERTAIN,Temporal/body-scale discontinuity suggests target identity uncertainty.,,523.0560150146484,305.67066955566406,,,,552.508430609598,360.7500062097483,413.3114281596772,4.215364607336235,278.39400489984155,713.069283204824,,,,,,,,,,,,,,,,,,,,,,,,,,,,,,,,,,,,,,,,,,,,,,,,,,,
100,100,3333.3333333333335,VALID_TARGET,,2.0,522.3192176818848,305.7517395019531,509.2070503234863,304.6503143310547,SUPPORTED,551.6783398184176,360.6827397532482,411.5774607292117,3.991143085669414,280.2017581784119,713.3831933351576,UNSTABLE_TRANSFORM,translation_median_sparse_flow,-10.253410339355469,7.62939453125e-05,133.0,34.51478958129883,,,SUPPORTED,partial_affine_ransac_sparse_flow,0.015339034570705616,-0.0011579189721236144,57.0,0.0013442363533290127,0.9999864940548848,0.42857142857142855,,,,,0.0,0.0,,,path_segment_017,SUPPORTED,,,,,,0.0,0.0,,,path_segment_005,SUPPORTED,,,,,,0.0,0.0,,,path_segment_005,QA_REQUIRED,Projected path contains a large step relative to the median supported step.,QA_REQUIRED,Projected path contains a large step relative to the median supported step.
101,101,3366.6666666666665,VALID_TARGET,,2.0,508.9189529418946,303.06300354003906,509.0398941040039,303.8566589355469,SUPPORTED,550.8482490272374,360.6154732967481,409.84349329874624,3.766921564002593,282.0095114569823,713.6971034654911,SUPPORTED,translation_median_sparse_flow,-0.0001220703125,1.9073486328125e-05,94.0,0.00038683009915985167,,,SUPPORTED,partial_affine_ransac_sparse_flow,0.0026189458632877396,0.0018033058085977958,57.0,0.00044133454052261103,0.9999975635607957,0.6063829787234043,-0.16715621948242188,-0.7936553955078125,-0.16703414916992188,-0.7936744689941406,-0.16703414916992188,-0.7936744689941406,101.88484131053923,0.17222514799447855,path_segment_017,SUPPORTED,,-0.16715621948242188,-0.7936553955078125,-0.16904926216272997,-0.793856061965073,-0.16904926216272997,-0.793856061965073,102.02140143175166,0.17235149544279288,path_segment_005,SUPPORTED,,-0.16715621948242188,-0.7936553955078125,-0.16904926216272997,-0.793856061965073,-0.16904926216272997,-0.793856061965073,,,path_segment_005,QA_REQUIRED,Projected path contains a large step relative to the median supported step.,QA_REQUIRED,Projected path contains a large step relative to the median supported step.
102,102,3400.0,VALID_TARGET,,2.0,509.1608352661133,304.6503143310547,508.91065979003906,303.06300354003906,SUPPORTED,550.0181582360572,360.5482068402481,408.10952586828074,3.542700042335772,283.8172647355527,714.0110135958247,SUPPORTED,translation_median_sparse_flow,0.0,-2.6702880859375e-05,107.0,0.00028589877183549106,,,SUPPORTED,partial_affine_ransac_sparse_flow,-0.023212176342086967,-0.006383987919980804,107.0,0.004837019376953258,1.0000209622719711,1.0,-0.12923431396484375,-0.7936553955078125,-0.12923431396484375,-0.7936286926269531,-0.2962684631347656,-1.5873031616210938,99.24885178785058,0.1707432569976493,path_segment_017,SUPPORTED,,-0.12923431396484375,-0.7936553955078125,-0.11573126265875544,-0.7952517061838194,-0.2847805248214854,-1.5891077681488923,98.2800052167024,0.17064696997772938,path_segment_005,SUPPORTED,,-0.12923431396484375,-0.7936553955078125,-0.11573126265875544,-0.7952517061838194,-0.2847805248214854,-1.5891077681488923,,,path_segment_005,QA_REQUIRED,Projected path contains a large step relative to the median supported step.,QA_REQUIRED,Projected path contains a large step relative to the median supported step.
103,103,3433.333333333333,VALID_TARGET,,2.0,507.1431617736816,299.3834533691406,507.8177680969238,299.3834533691406,SUPPORTED,549.1880674448768,360.4809403837481,406.37555843781524,3.3184785206689504,285.6250180141231,714.3249237261582,SUPPORTED,translation_median_sparse_flow,0.0,1.1444091796875e-05,105.0,0.000274658203125,,,SUPPORTED,partial_affine_ransac_sparse_flow,-0.012055955504105209,-0.0073628932973582245,105.0,0.002397661319502729,1.000011189735221,1.0,-1.0928916931152344,-3.6795501708984375,-1.0928916931152344,-3.6795616149902344,-1.38916015625,-5.266864776611328,106.54230515245057,0.8150746800111269,path_segment_017,SUPPORTED,,-1.0928916931152344,-3.6795501708984375,-1.084540085673666,-3.678920485079516,-1.3693206104951514,-5.268028253228408,106.42543560123872,0.8144409323511987,path_segment_005,SUPPORTED,,-1.0928916931152344,-3.6795501708984375,-1.084540085673666,-3.678920485079516,-1.3693206104951514,-5.268028253228408,,,path_segment_005,QA_REQUIRED,Projected path contains a large step relative to the median supported step.,QA_REQUIRED,Projected path contains a large step relative to the median supported step.
104,104,3466.666666666667,VALID_TARGET,,2.0,505.83360290527344,292.4446563720703,505.58132553100586,297.1191711425781,SUPPORTED,548.3579766536965,360.413673927248,404.64159100734975,3.0942569990021305,287.43277129269353,714.6388338564917,SUPPORTED,translation_median_sparse_flow,-0.000244140625,0.0003185272216796875,103.0,0.006833596620708704,,,SUPPORTED,partial_affine_ransac_sparse_flow,0.7899748180379171,0.26746423961321275,58.0,0.05557718058180672,0.9993132675987948,0.5631067961165048,-2.2364425659179688,-2.2642822265625,-2.2361984252929688,-2.2646007537841797,-3.6253585815429688,-7.531465530395508,134.6384393337366,0.6758128681305956,path_segment_017,SUPPORTED,,-2.2364425659179688,-2.2642822265625,-2.7457156066180914,-2.2107215294032585,-4.115036217113243,-7.478749782631667,141.16061149104573,0.7485367173475426,path_segment_005,SUPPORTED,,-2.2364425659179688,-2.2642822265625,-2.7457156066180914,-2.2107215294032585,-4.115036217113243,-7.478749782631667,,,path_segment_005,QA_REQUIRED,Projected path contains a large step relative to the median supported step.,QA_REQUIRED,Projected path contains a large step relative to the median supported step.
105,105,3500.0,VALID_TARGET,,2.0,504.73138427734375,292.27171325683594,504.27113342285156,297.1191711425781,SUPPORTED,547.5278858625162,360.3464074707479,402.90762357688425,2.8700354773353087,289.2405245712639,714.9527439868252,SUPPORTED,translation_median_sparse_flow,0.0,-2.47955322265625e-05,127.0,0.0002826546551659703,,,SUPPORTED,partial_affine_ransac_sparse_flow,0.0002658643506319698,0.001241352127033447,127.0,0.0007321325875725151,0.9999994835370223,1.0,-1.3101921081542969,0.0,-1.3101921081542969,2.47955322265625e-05,-4.935550689697266,-7.531440734863281,-179.99891567096282,0.27821346884739906,path_segment_017,SUPPORTED,,-1.3101921081542969,0.0,-1.3104693554445248,-0.0006242166664947035,-5.425505572557768,-7.479373999298161,179.9727082685006,0.27827237259568316,path_segment_005,SUPPORTED,,-1.3101921081542969,0.0,-1.3104693554445248,-0.0006242166664947035,-5.425505572557768,-7.479373999298161,,,path_segment_005,QA_REQUIRED,Projected path contains a large step relative to the median supported step.,QA_REQUIRED,Projected path contains a large step relative to the median supported step.
106,106,3533.333333333333,VALID_TARGET,,2.0,502.2315330505371,297.1191711425781,502.2315330505371,297.1191711425781,SUPPORTED,546.697795071336,360.2791410142479,401.1736561464188,2.645813955668488,291.04827784983434,715.2666541171589,SUPPORTED,translation_median_sparse_flow,0.0,1.52587890625e-05,123.0,0.00023129305918700993,,,SUPPORTED,partial_affine_ransac_sparse_flow,-0.0019376354799719442,0.004428922870295143,123.0,0.001406428137981289,1.000000839537424,1.0,-2.039600372314453,0.0,-2.039600372314453,-1.52587890625e-05,-6.975151062011719,-7.531455993652344,179.99957135514111,0.4331000706130695,path_segment_017,SUPPORTED,,-2.039600372314453,0.0,-2.0393406320310987,-0.002549146755484344,-7.464846204588866,-7.481923146053646,179.9283811286423,0.4330452542151366,path_segment_005,SUPPORTED,,-2.039600372314453,0.0,-2.0393406320310987,-0.002549146755484344,-7.464846204588866,-7.481923146053646,,,path_segment_005,QA_REQUIRED,Projected path contains a large step relative to the median supported step.,QA_REQUIRED,Projected path contains a large step relative to the median supported step.
107,107,3566.666666666667,VALID_TARGET,,2.0,496.1583404541016,310.8115997314453,500.7069339752197,303.9653854370117,SUPPORTED,545.8677042801556,360.2118745577478,399.4396887159533,2.421592434001667,292.8560311284047,715.5805642474924,UNSTABLE_TRANSFORM,translation_median_sparse_flow,-0.0001220703125,5.53131103515625e-05,119.0,13.53940200805664,,,SUPPORTED,partial_affine_ransac_sparse_flow,0.01547806807356768,-0.0010820438928877763,57.0,0.0011521557960151505,0.9999865774097257,0.4789915966386555,,,,,,,,,,UNSTABLE_TRANSFORM,Camera compensation was not supported.,-1.5245990753173828,6.846214294433594,-1.5329771505010967,6.8506780484459,-8.997823355089963,-0.6312450976077457,-102.61329521894211,1.4906870927090117,path_segment_005,SUPPORTED,,-1.5245990753173828,6.846214294433594,-1.5329771505010967,6.8506780484459,-8.997823355089963,-0.6312450976077457,,,path_segment_005,QA_REQUIRED,Projected path contains a large step relative to the median supported step.,QA_REQUIRED,Projected path contains a large step relative to the median supported step.
108,108,3600.0,VALID_TARGET,,2.0,499.18233489990234,314.38682556152344,499.18233489990234,310.8115997314453,SUPPORTED,531.9221789883269,360.346407470748,387.1543450064851,3.0942569990021296,289.5356679636836,714.5043009434917,SUPPORTED,translation_median_sparse_flow,0.0,3.0517578125e-05,181.0,0.00036748030106537044,,,SUPPORTED,partial_affine_ransac_sparse_flow,-0.007946152276705861,-0.0014873219445148927,181.0,0.016679043097558757,0.9999920540323531,1.0,,,,,0.0,0.0,,,path_segment_018,INSUFFICIENT_EVIDENCE,Continuous path run is shorter than the configured minimum sample count.,-1.5245990753173828,6.846214294433594,-1.5111888894022059,6.847670050452734,-10.509012244492169,6.216424952844989,-102.44493522493367,1.489059883401009,path_segment_005,SUPPORTED,,-1.5245990753173828,6.846214294433594,-1.5111888894022059,6.847670050452734,-10.509012244492169,6.216424952844989,,,path_segment_005,QA_REQUIRED,Projected path contains a large step relative to the median supported step.,QA_REQUIRED,Projected path contains a large step relative to the median supported step.
109,109,3633.3333333333335,TARGET_IDENTITY_UNCERTAIN,Temporal/body-scale discontinuity suggests target identity uncertainty.,,502.6446685791016,325.33819580078125,,,,517.976653696498,360.480940383748,374.86900129701684,3.766921564002592,286.2153047989624,713.4280376394909,,,,,,,,,,,,,,,,,,,,,,,,,,,,,,,,,,,,,,,,,,,,,,,,,,,
110,110,3666.6666666666665,TARGET_IDENTITY_UNCERTAIN,TARGET_OVERLAP_AMBIGUOUS: multiple pose candidates plus a target-continuity jump.,,365.7632389068603,384.7579956054687,,,,504.0311284046693,360.6154732967481,362.58365758754866,4.439586129003056,282.89494163424126,712.3517743354902,,,,,,,,,,,,,,,,,,,,,,,,,,,,,,,,,,,,,,,,,,,,,,,,,,,
111,111,3700.0,TARGET_IDENTITY_UNCERTAIN,TARGET_OVERLAP_AMBIGUOUS: multiple pose candidates plus a target-continuity jump.,,481.0135078430176,327.6841125488281,,,,490.0856031128405,360.7500062097483,350.2983138780804,5.112250694003517,279.57457846952013,711.2755110314895,,,,,,,,,,,,,,,,,,,,,,,,,,,,,,,,,,,,,,,,,,,,,,,,,,,
112,112,3733.3333333333335,TARGET_IDENTITY_UNCERTAIN,Temporal/body-scale discontinuity suggests target identity uncertainty.,,481.1947441101074,320.4809112548828,,,,476.1400778210117,360.8845391227483,338.0129701686122,5.784915259003981,276.25421530479895,710.1992477274887,,,,,,,,,,,,,,,,,,,,,,,,,,,,,,,,,,,,,,,,,,,,,,,,,,,
113,113,3766.6666666666665,TARGET_IDENTITY_UNCERTAIN,TARGET_OVERLAP_AMBIGUOUS: multiple pose candidates plus a target-continuity jump.,,336.4543900489807,365.8058013916016,,,,462.19455252918283,361.0190720357484,325.72762645914395,6.457579824004444,272.9338521400778,709.122984423488,,,,,,,,,,,,,,,,,,,,,,,,,,,,,,,,,,,,,,,,,,,,,,,,,,,
114,114,3800.0,TARGET_IDENTITY_UNCERTAIN,Temporal/body-scale discontinuity suggests target identity uncertainty.,,323.51465606689453,356.4375762939453,,,,448.2490272373541,361.1536049487486,313.44228274967577,7.130244389004906,269.6134889753567,708.0467211194873,,,,,,,,,,,,,,,,,,,,,,,,,,,,,,,,,,,,,,,,,,,,,,,,,,,
115,115,3833.3333333333335,INVALID_TRACK_SEGMENT,Valid-looking pose segment is too short to establish target identity continuity.,,315.03195667266846,358.6378631591797,,,,434.3035019455253,361.2881378617486,301.15693904020753,7.802908954005369,266.2931258106355,706.9704578154865,,,,,,,,,,,,,,,,,,,,,,,,,,,,,,,,,,,,,,,,,,,,,,,,,,,
116,116,3866.6666666666665,LOW_POSE_CONFIDENCE,Frame/core landmark confidence below threshold.,,295.83389139175415,362.9718017578125,,,,420.3579766536965,361.4226707747487,288.8715953307393,8.475573519005833,262.9727626459144,705.8941945114858,,,,,,,,,,,,,,,,,,,,,,,,,,,,,,,,,,,,,,,,,,,,,,,,,,,
117,117,3900.0,LOW_POSE_CONFIDENCE,Frame/core landmark confidence below threshold.,,290.92924785614014,359.98167419433594,,,,416.12451361867704,361.6244701442489,280.23865110246436,8.879172258006111,271.77172503242537,705.4905957724856,,,,,,,,,,,,,,,,,,,,,,,,,,,,,,,,,,,,,,,,,,,,,,,,,,,
118,118,3933.333333333333,TARGET_IDENTITY_UNCERTAIN,Temporal/body-scale discontinuity suggests target identity uncertainty.,,282.004536151886,362.3397979736328,,,,411.8910505836576,361.82626951374897,271.60570687418937,9.282770997006388,280.5706874189364,705.0869970334852,,,,,,,,,,,,,,,,,,,,,,,,,,,,,,,,,,,,,,,,,,,,,,,,,,,
119,119,3966.666666666667,TARGET_IDENTITY_UNCERTAIN,TARGET_OVERLAP_AMBIGUOUS: multiple pose candidates plus a target-continuity jump.,,387.4359016418457,295.72877502441406,,,,407.6575875486381,362.02806888324915,262.9727626459144,9.686369736006666,289.36964980544747,704.683398294485,,,,,,,,,,,,,,,,,,,,,,,,,,,,,,,,,,,,,,,,,,,,,,,,,,,
120,120,4000.0,TARGET_IDENTITY_UNCERTAIN,Temporal/body-scale discontinuity suggests target identity uncertainty.,,386.6258735656738,298.5008850097656,,,,403.42412451361866,362.2298682527493,254.33981841763944,10.089968475006945,298.16861219195846,704.2797995554847,,,,,,,,,,,,,,,,,,,,,,,,,,,,,,,,,,,,,,,,,,,,,,,,,,,
121,121,4033.333333333333,TARGET_IDENTITY_UNCERTAIN,TARGET_OVERLAP_AMBIGUOUS: multiple pose candidates plus a target-continuity jump.,,259.06376457214355,389.5608367919922,,,,399.19066147859917,362.4316676222494,245.70687418936447,10.493567214007221,306.96757457846945,703.8762008164844,,,,,,,,,,,,,,,,,,,,,,,,,,,,,,,,,,,,,,,,,,,,,,,,,,,
122,122,4066.6666666666665,TARGET_IDENTITY_UNCERTAIN,TARGET_OVERLAP_AMBIGUOUS: multiple pose candidates plus a target-continuity jump.,,372.69603729248047,296.96337890625,,,,394.9571984435797,362.6334669917496,237.0739299610895,10.8971659530075,315.7665369649805,703.4726020774841,,,,,,,,,,,,,,,,,,,,,,,,,,,,,,,,,,,,,,,,,,,,,,,,,,,
123,123,4100.0,TARGET_IDENTITY_UNCERTAIN,Temporal/body-scale discontinuity suggests target identity uncertainty.,,372.3810424804687,292.7399597167969,,,,410.54630350194554,362.75454661344963,256.09961089494163,10.8971659530075,308.89338521400776,703.7147613208842,,,,,,,,,,,,,,,,,,,,,,,,,,,,,,,,,,,,,,,,,,,,,,,,,,,
124,124,4133.333333333334,INVALID_TRACK_SEGMENT,Valid-looking pose segment is too short to establish target identity continuity.,,371.8529815673828,297.158203125,,,,426.13540856031125,362.87562623514975,275.12529182879376,10.8971659530075,302.02023346303497,703.9569205642845,,,,,,,,,,,,,,,,,,,,,,,,,,,,,,,,,,,,,,,,,,,,,,,,,,,
125,125,4166.666666666667,INVALID_TRACK_SEGMENT,Valid-looking pose segment is too short to establish target identity continuity.,,399.9422492980957,294.65269470214844,,,,441.72451361867707,362.9967058568498,294.15097276264595,10.8971659530075,295.14708171206223,704.1990798076846,,,,,,,,,,,,,,,,,,,,,,,,,,,,,,,,,,,,,,,,,,,,,,,,,,,
126,126,4200.0,INVALID_TRACK_SEGMENT,Valid-looking pose segment is too short to establish target identity continuity.,,395.6692733764648,295.9606628417969,,,,457.31361867704277,363.11778547854993,313.1766536964981,10.8971659530075,288.27392996108944,704.4412390510848,,,,,,,,,,,,,,,,,,,,,,,,,,,,,,,,,,,,,,,,,,,,,,,,,,,
127,127,4233.333333333333,TARGET_IDENTITY_UNCERTAIN,Temporal/body-scale discontinuity suggests target identity uncertainty.,,402.6536178588867,298.5144958496094,,,,472.9027237354086,363.23886510025,332.2023346303502,10.8971659530075,281.4007782101167,704.683398294485,,,,,,,,,,,,,,,,,,,,,,,,,,,,,,,,,,,,,,,,,,,,,,,,,,,
128,128,4266.666666666667,TARGET_IDENTITY_UNCERTAIN,TARGET_OVERLAP_AMBIGUOUS: multiple pose candidates plus a target-continuity jump.,,542.1771545410156,316.8770446777344,,,,488.4918287937743,363.35994472195006,351.22801556420234,10.8971659530075,274.52762645914396,704.9255575378851,,,,,,,,,,,,,,,,,,,,,,,,,,,,,,,,,,,,,,,,,,,,,,,,,,,
129,129,4300.0,TARGET_IDENTITY_UNCERTAIN,Temporal/body-scale discontinuity suggests target identity uncertainty.,,541.1293258666992,317.5486602783203,,,,504.0809338521401,363.4810243436502,370.2536964980545,10.8971659530075,267.65447470817116,705.1677167812853,,,,,,,,,,,,,,,,,,,,,,,,,,,,,,,,,,,,,,,,,,,,,,,,,,,
130,130,4333.333333333333,VALID_TARGET,,3.0,538.2026138305664,313.7147979736328,549.2885360717773,345.8754119873047,SUPPORTED,519.6700389105058,363.60210396535024,389.2793774319066,10.8971659530075,260.7813229571984,705.4098760246854,UNSTABLE_TRANSFORM,translation_median_sparse_flow,0.007568359375,0.08273029327392578,126.0,38.648887634277344,,,SUPPORTED,partial_affine_ransac_sparse_flow,0.5400392348596643,-0.5579639742486323,52.0,0.07459461912092974,0.9995279438750589,0.4126984126984127,,,,,0.0,0.0,,,path_segment_019,INSUFFICIENT_EVIDENCE,Continuous path run is shorter than the configured minimum sample count.,,,,,0.0,0.0,,,path_segment_006,SUPPORTED,,,,,,0.0,0.0,,,path_segment_006,QA_REQUIRED,Projected path contains a large step relative to the median supported step.,QA_REQUIRED,Projected path contains a large step relative to the median supported step.
131,131,4366.666666666666,VALID_TARGET,,3.0,549.0385322570801,345.93824768066406,549.4065494537354,345.97721099853516,SUPPORTED,535.2591439688716,363.72318358705036,408.3050583657588,10.8971659530075,253.90817120622566,705.6520352680857,UNSTABLE_TRANSFORM,translation_median_sparse_flow,0.021240234375,10.392974853515625,183.0,37.725582122802734,,,SUPPORTED,partial_affine_ransac_sparse_flow,0.07359771183474974,0.05641667727544301,58.0,0.023663970614408614,0.999949371264241,0.31693989071038253,,,,,,,,,,UNSTABLE_TRANSFORM,Camera compensation was not supported.,0.11801338195800781,0.10179901123046875,0.06074409968903183,0.08112790520590352,0.06074409968903183,0.08112790520590352,-53.17615625071241,0.021520970613502374,path_segment_006,SUPPORTED,,0.11801338195800781,0.10179901123046875,0.06074409968903183,0.08112790520590352,0.06074409968903183,0.08112790520590352,,,path_segment_006,QA_REQUIRED,Projected path contains a large step relative to the median supported step.,QA_REQUIRED,Projected path contains a large step relative to the median supported step.
132,132,4400.0,VALID_TARGET,,3.0,549.7745666503906,346.01617431640625,549.7745666503906,346.0790100097656,SUPPORTED,550.8482490272373,363.8442632087504,427.3307392996109,10.8971659530075,247.0350194552529,705.8941945114858,SUPPORTED,translation_median_sparse_flow,0.0,-1.9073486328125e-06,168.0,0.00026737176813185215,,,SUPPORTED,partial_affine_ransac_sparse_flow,-0.0022916921497290266,-0.006827902177378511,168.0,0.0034282435281879527,1.0000038700868052,1.0,,,,,0.0,0.0,,,path_segment_020,INSUFFICIENT_EVIDENCE,Continuous path run is shorter than the configured minimum sample count.,0.36801719665527344,0.10179901123046875,0.3700171299523163,0.10437482300562806,0.4307612296413481,0.18550272821153158,-15.752753898281725,0.08163762281246727,path_segment_006,SUPPORTED,,0.36801719665527344,0.10179901123046875,0.3700171299523163,0.10437482300562806,0.4307612296413481,0.18550272821153158,,,path_segment_006,QA_REQUIRED,Projected path contains a large step relative to the median supported step.,QA_REQUIRED,Projected path contains a large step relative to the median supported step.
133,133,4433.333333333334,VALID_TARGET,,3.0,549.5661296844482,349.9900817871094,550.2481994628906,349.9900817871094,SUPPORTED,586.2101167315176,361.72536982899896,471.15953307393,11.502564061507915,230.1011673151751,700.445611534982,SUPPORTED,translation_median_sparse_flow,0.0,0.0,193.0,0.00030669785337522626,,,SUPPORTED,partial_affine_ransac_sparse_flow,-0.006470347730868092,-0.0010769895495552145,193.0,0.004697943435075702,1.0000093664210923,1.0,0.4736328125,3.91107177734375,0.4736328125,3.91107177734375,0.4736328125,3.91107177734375,,,path_segment_020,INSUFFICIENT_EVIDENCE,Continuous path run is shorter than the configured minimum sample count.,0.4736328125,3.91107177734375,0.47362103512409703,3.911024364156333,0.9043822647654451,4.0965270923678645,-83.0951619940567,0.83655601290623,path_segment_006,SUPPORTED,,0.4736328125,3.91107177734375,0.47362103512409703,3.911024364156333,0.9043822647654451,4.0965270923678645,,,path_segment_006,QA_REQUIRED,Projected path contains a large step relative to the median supported step.,QA_REQUIRED,Projected path contains a large step relative to the median supported step.
134,134,4466.666666666667,VALID_TARGET,,3.0,593.9747467041016,363.7644805908203,593.9696598052979,363.7644805908203,SUPPORTED,621.5719844357977,359.60647644924745,514.988326848249,12.107962170008332,213.16731517509731,694.9970285584783,UNSTABLE_TRANSFORM,translation_median_sparse_flow,1.1038360595703125,2.72003173828125,225.0,53.169864654541016,,,SUPPORTED,partial_affine_ransac_sparse_flow,0.9255310517403724,3.911611900067855,64.0,0.30417040892582003,0.9991303033217226,0.28444444444444444,,,,,,,,,,UNSTABLE_TRANSFORM,Camera compensation was not supported.,43.72146034240723,13.774398803710938,42.10022604188498,12.020191976746446,43.004608306650425,16.11671906911431,-15.93477083933308,9.297035558094203,path_segment_006,SUPPORTED,,43.72146034240723,13.774398803710938,42.10022604188498,12.020191976746446,43.004608306650425,16.11671906911431,,,path_segment_006,QA_REQUIRED,Projected path contains a large step relative to the median supported step.,QA_REQUIRED,Projected path contains a large step relative to the median supported step.
135,135,4500.0,VALID_TARGET,,3.0,595.527099609375,373.7705383300781,594.0595541000366,365.8205108642578,SUPPORTED,643.6523994811932,359.6064764492475,538.230869001297,8.879172258006111,210.84306095979252,701.4546083824828,SUPPORTED,translation_median_sparse_flow,-0.0001220703125,-6.103515625e-05,280.0,0.0016110280994325876,,,SUPPORTED,partial_affine_ransac_sparse_flow,-0.01572072918400874,-0.021426543250209762,280.0,0.0192755779255859,1.0000131837646657,1.0,,,,,0.0,0.0,,,path_segment_021,INSUFFICIENT_EVIDENCE,Continuous path run is shorter than the configured minimum sample count.,0.08989429473876953,2.0560302734375,0.1052929964962459,2.0604007531665616,43.10990130314667,18.177119822280872,-87.07454927984503,0.43808786152091195,path_segment_006,SUPPORTED,,0.08989429473876953,2.0560302734375,0.1052929964962459,2.0604007531665616,43.10990130314667,18.177119822280872,,,path_segment_006,QA_REQUIRED,Projected path contains a large step relative to the median supported step.,QA_REQUIRED,Projected path contains a large step relative to the median supported step.
136,136,4533.333333333333,VALID_TARGET,,3.0,594.2645692825317,367.8765411376953,594.1494483947754,367.8765411376953,SUPPORTED,665.7328145265888,359.60647644924745,561.473411154345,5.650382346003889,208.51880674448773,707.9121882064871,SUPPORTED,translation_median_sparse_flow,0.0,-1.33514404296875e-05,267.0,0.0006110217655077577,,,SUPPORTED,partial_affine_ransac_sparse_flow,0.00613714453979244,0.007992747211791978,267.0,0.0059446814491995095,0.9999924962553933,1.0,0.08989429473876953,2.0560302734375,0.08989429473876953,2.0560436248779297,0.08989429473876953,2.0560436248779297,,,path_segment_021,INSUFFICIENT_EVIDENCE,Continuous path run is shorter than the configured minimum sample count.,0.08989429473876953,2.0560302734375,0.08543223194737948,2.0553012629572436,43.19533353509405,20.232421085238116,-87.61976981259537,0.43681095678811865,path_segment_006,SUPPORTED,,0.08989429473876953,2.0560302734375,0.08543223194737948,2.0553012629572436,43.19533353509405,20.232421085238116,,,path_segment_006,QA_REQUIRED,Projected path contains a large step relative to the median supported step.,QA_REQUIRED,Projected path contains a large step relative to the median supported step.
137,137,4566.666666666666,TARGET_IDENTITY_UNCERTAIN,TARGET_OVERLAP_AMBIGUOUS: multiple pose candidates plus a target-continuity jump.,,642.5080718994141,394.58436584472656,,,,687.8132295719845,359.60647644924745,584.715953307393,2.421592434001667,206.19455252918294,714.3697680304916,,,,,,,,,,,,,,,,,,,,,,,,,,,,,,,,,,,,,,,,,,,,,,,,,,,
138,138,4600.0,INVALID_TRACK_SEGMENT,Valid-looking pose segment is too short to establish target identity continuity.,,655.0024394989014,395.03175354003906,,,,740.6070038910506,368.82352941176464,677.3540856031128,160.58823529411765,126.50583657587549,416.47058823529403,,,,,,,,,,,,,,,,,,,,,,,,,,,,,,,,,,,,,,,,,,,,,,,,,,,
139,139,4633.333333333334,TARGET_IDENTITY_UNCERTAIN,Temporal/body-scale discontinuity suggests target identity uncertainty.,,674.2091779708862,383.35638427734375,,,,759.035019455253,365.4257991475069,672.3735408560311,84.53190440656174,173.3229571984436,561.7877894818903,,,,,,,,,,,,,,,,,,,,,,,,,,,,,,,,,,,,,,,,,,,,,,,,,,,
140,140,4666.666666666667,TARGET_IDENTITY_UNCERTAIN,Temporal/body-scale discontinuity suggests target identity uncertainty.,,724.8773860931396,250.65216064453125,,,,777.4630350194552,362.02806888324915,667.3929961089494,8.47557351900582,220.1400778210117,707.1049907284867,,,,,,,,,,,,,,,,,,,,,,,,,,,,,,,,,,,,,,,,,,,,,,,,,,,
141,141,4700.0,TARGET_IDENTITY_UNCERTAIN,Temporal/body-scale discontinuity suggests target identity uncertainty.,,724.6661796569824,254.12511444091797,,,,794.064850843061,361.62447014424885,674.6977950713359,9.282770997006388,238.73411154345004,704.683398294485,,,,,,,,,,,,,,,,,,,,,,,,,,,,,,,,,,,,,,,,,,,,,,,,,,,
142,142,4733.333333333333,TARGET_IDENTITY_UNCERTAIN,Temporal/body-scale discontinuity suggests target identity uncertainty.,,726.7576751708984,258.56092834472656,,,,810.6666666666667,361.2208714052486,682.0025940337225,10.089968475006945,257.3281452658884,702.2618058604833,,,,,,,,,,,,,,,,,,,,,,,,,,,,,,,,,,,,,,,,,,,,,,,,,,,
143,143,4766.666666666667,TARGET_IDENTITY_UNCERTAIN,Temporal/body-scale discontinuity suggests target identity uncertainty.,,705.194881439209,406.6129150390625,,,,827.2684824902724,360.8172726662483,689.307392996109,10.8971659530075,275.9221789883268,699.8402134264816,,,,,,,,,,,,,,,,,,,,,,,,,,,,,,,,,,,,,,,,,,,,,,,,,,,
144,144,4800.0,TARGET_IDENTITY_UNCERTAIN,TARGET_OVERLAP_AMBIGUOUS: multiple pose candidates plus a target-continuity jump.,,771.7525978088379,365.21543884277344,,,,840.0518806744487,361.3217710899986,703.7509727626459,11.098965322507638,272.60181582360565,700.4456115349819,,,,,,,,,,,,,,,,,,,,,,,,,,,,,,,,,,,,,,,,,,,,,,,,,,,
145,145,4833.333333333333,TARGET_IDENTITY_UNCERTAIN,TARGET_OVERLAP_AMBIGUOUS: multiple pose candidates plus a target-continuity jump.,,817.0599327087402,379.6892700195313,,,,852.8352788586252,361.82626951374897,718.1945525291829,11.300764692007776,269.2814526588845,701.0510096434824,,,,,,,,,,,,,,,,,,,,,,,,,,,,,,,,,,,,,,,,,,,,,,,,,,,
146,146,4866.666666666666,INVALID_TRACK_SEGMENT,Valid-looking pose segment is too short to establish target identity continuity.,,841.2333793640137,379.8624877929687,,,,865.6186770428016,362.3307679374994,732.6381322957199,11.502564061507915,265.9610894941634,701.6564077519829,,,,,,,,,,,,,,,,,,,,,,,,,,,,,,,,,,,,,,,,,,,,,,,,,,,
147,147,4900.0,INVALID_TRACK_SEGMENT,Valid-looking pose segment is too short to establish target identity continuity.,,838.5914421081543,376.9669647216797,,,,878.4020752269779,362.8352663612497,747.0817120622568,11.704363431008055,262.64072632944226,702.2618058604833,,,,,,,,,,,,,,,,,,,,,,,,,,,,,,,,,,,,,,,,,,,,,,,,,,,
148,148,4933.333333333334,INVALID_TRACK_SEGMENT,Valid-looking pose segment is too short to establish target identity continuity.,,839.2084655761719,379.11839294433594,,,,891.1854734111544,363.339764785,761.5252918287938,11.906162800508193,259.32036316472113,702.8672039689836,,,,,,,,,,,,,,,,,,,,,,,,,,,,,,,,,,,,,,,,,,,,,,,,,,,
149,149,4966.666666666667,TARGET_IDENTITY_UNCERTAIN,TARGET_OVERLAP_AMBIGUOUS: multiple pose candidates plus a target-continuity jump.,,912.1253356933594,372.0469207763672,,,,903.9688715953307,363.84426320875036,775.9688715953307,12.107962170008332,256.0,703.4726020774841,,,,,,,,,,,,,,,,,,,,,,,,,,,,,,,,,,,,,,,,,,,,,,,,,,,
150,150,5000.0,INVALID_TRACK_SEGMENT,Valid-looking pose segment is too short to establish target identity continuity.,,911.251220703125,377.1204833984375,,,,935.0142671854734,364.04606257825054,815.4811932555123,10.897165953007498,239.06614785992215,706.297793250486,,,,,,,,,,,,,,,,,,,,,,,,,,,,,,,,,,,,,,,,,,,,,,,,,,,
151,151,5033.333333333333,TARGET_IDENTITY_UNCERTAIN,Temporal/body-scale discontinuity suggests target identity uncertainty.,,896.9451007843018,399.2180633544922,,,,966.0596627756161,364.24786194775066,854.9935149156939,9.686369736006666,222.13229571984434,709.122984423488,,,,,,,,,,,,,,,,,,,,,,,,,,,,,,,,,,,,,,,,,,,,,,,,,,,
152,152,5066.666666666666,TARGET_IDENTITY_UNCERTAIN,Temporal/body-scale discontinuity suggests target identity uncertainty.,,979.677661895752,376.7279510498047,,,,997.1050583657587,364.4496613172508,894.5058365758755,8.475573519005833,205.1984435797665,711.9481755964899,,,,,,,,,,,,,,,,,,,,,,,,,,,,,,,,,,,,,,,,,,,,,,,,,,,
153,153,5100.0,TARGET_IDENTITY_UNCERTAIN,Temporal/body-scale discontinuity suggests target identity uncertainty.,,972.124324798584,394.21978759765625,,,,1040.2697795071335,360.2118745577479,929.3696498054475,6.053981085004167,221.80025940337225,708.3157869454874,,,,,,,,,,,,,,,,,,,,,,,,,,,,,,,,,,,,,,,,,,,,,,,,,,,
154,154,5133.333333333334,TARGET_IDENTITY_UNCERTAIN,Temporal/body-scale discontinuity suggests target identity uncertainty.,,995.6816301345824,383.9636993408203,,,,1083.4345006485084,355.97408779824497,964.2334630350194,3.6323886510025005,238.402075226978,704.683398294485,,,,,,,,,,,,,,,,,,,,,,,,,,,,,,,,,,,,,,,,,,,,,,,,,,,
155,155,5166.666666666667,TARGET_IDENTITY_UNCERTAIN,Temporal/body-scale discontinuity suggests target identity uncertainty.,,1085.2790813446045,446.6129913330078,,,,1126.5992217898834,351.73630103874206,999.0972762645914,1.2107962170008333,255.00389105058377,701.0510096434824,,,,,,,,,,,,,,,,,,,,,,,,,,,,,,,,,,,,,,,,,,,,,,,,,,,
