source_frame_index,analysis_frame_index,timestamp_ms,frame_status,frame_rejection_reason,valid_segment_id,raw_pelvis_mid_x,raw_pelvis_mid_y,path_input_center_x,path_input_center_y,center_status,roi_center_x,roi_center_y,roi_x,roi_y,roi_width,roi_height,translation_camera_motion_status,translation_camera_motion_method,translation_background_dx_px,translation_background_dy_px,translation_background_feature_count,translation_camera_motion_residual_px,translation_affine_scale,translation_affine_inlier_fraction,affine_camera_motion_status,affine_camera_motion_method,affine_background_dx_px,affine_background_dy_px,affine_background_feature_count,affine_camera_motion_residual_px,affine_affine_scale,affine_affine_inlier_fraction,translation_raw_dx,translation_raw_dy,translation_compensated_dx,translation_compensated_dy,translation_compensated_x,translation_compensated_y,translation_projected_heading_deg,translation_normalized_projected_speed_per_s,translation_path_segment_id,translation_path_status,translation_path_rejection_reason,affine_raw_dx,affine_raw_dy,affine_compensated_dx,affine_compensated_dy,affine_compensated_x,affine_compensated_y,affine_projected_heading_deg,affine_normalized_projected_speed_per_s,affine_path_segment_id,affine_path_status,affine_path_rejection_reason,chosen_raw_dx,chosen_raw_dy,chosen_compensated_dx,chosen_compensated_dy,chosen_compensated_x,chosen_compensated_y,chosen_projected_heading_deg,chosen_normalized_projected_speed_per_s,chosen_path_segment_id,chosen_path_status,chosen_path_rejection_reason,chosen_path_validation_status,chosen_path_validation_reason
0,0,0.0,VALID_TARGET,,1.0,671.1948223114014,268.51440238952637,671.1948223114014,268.6296691894531,SUPPORTED,682.1428571428571,275.7142857142857,629.2857142857143,218.57142857142858,105.71428571428567,114.28571428571425,INSUFFICIENT_EVIDENCE,translation_median_sparse_flow,0.0,0.0,0.0,,,,INSUFFICIENT_EVIDENCE,partial_affine_ransac_sparse_flow,0.0,0.0,0.0,,,,,,,,0.0,0.0,,,path_segment_001,SUPPORTED,,,,,,0.0,0.0,,,path_segment_001,SUPPORTED,,,,,,0.0,0.0,,,path_segment_001,SUPPORTED,,SUPPORTED,
1,1,33.333333333333336,VALID_TARGET,,1.0,671.6580638885498,268.88395500183105,669.5725326538086,268.8199653625488,SUPPORTED,680.7142857142858,276.0,627.1428571428572,217.85714285714286,107.1428571428571,116.28571428571425,SUPPORTED,translation_median_sparse_flow,0.0003662109375,0.0020599365234375,350.0,0.08110891282558441,,,SUPPORTED,partial_affine_ransac_sparse_flow,0.030777401823786646,-0.04559852197998074,350.0,0.06662729451493399,1.0000539231134424,1.0,-1.6222896575927734,0.19029617309570312,-1.6226558685302734,0.18823623657226562,-1.6226558685302734,0.18823623657226562,-173.38297794477546,1.626113874653591,path_segment_001,SUPPORTED,,-1.6222896575927734,0.19029617309570312,-1.656686899545889,0.1400369582164558,-1.656686899545889,0.1400369582164558,-175.1683696378278,1.6550391751889093,path_segment_001,SUPPORTED,,-1.6222896575927734,0.19029617309570312,-1.6226558685302734,0.18823623657226562,-1.6226558685302734,0.18823623657226562,-173.38297794477546,1.626113874653591,path_segment_001,SUPPORTED,,SUPPORTED,
2,2,66.66666666666667,VALID_TARGET,,1.0,667.9502429962158,268.36284828186035,668.061731338501,268.7559757232666,SUPPORTED,679.2857142857142,276.2857142857143,625.0,217.14285714285714,108.57142857142853,118.28571428571426,SUPPORTED,translation_median_sparse_flow,-3.62799072265625,-1.9326324462890625,350.0,1.6901055574417114,,,SUPPORTED,partial_affine_ransac_sparse_flow,-8.450446037573183,-2.4670942968292784,230.0,0.18974303493228106,1.0040242700049222,0.6571428571428571,-1.5108013153076172,-0.06398963928222656,2.117189407348633,1.868642807006836,0.4945335388183594,2.0568790435791016,-41.43179760241304,2.811050046764128,path_segment_001,SUPPORTED,,-1.5108013153076172,-0.06398963928222656,4.18698191044291,1.4661153837898269,2.530295010897021,1.6061523420062827,-19.298234610805775,4.41608902098586,path_segment_001,SUPPORTED,,-1.5108013153076172,-0.06398963928222656,2.117189407348633,1.868642807006836,0.4945335388183594,2.0568790435791016,-41.43179760241304,2.811050046764128,path_segment_001,SUPPORTED,,SUPPORTED,
3,3,100.0,VALID_TARGET,,1.0,667.1609916687012,269.9709720611572,667.5888938903809,269.2207450866699,SUPPORTED,677.8571428571429,276.57142857142856,622.8571428571429,216.42857142857144,109.99999999999997,120.28571428571426,SUPPORTED,translation_median_sparse_flow,0.0035400390625,0.0001277923583984375,350.0,0.033315014094114304,,,SUPPORTED,partial_affine_ransac_sparse_flow,0.002714646219579603,-0.03572772794604626,350.0,0.051519802762788745,1.0000753038066557,1.0,-0.4728374481201172,0.4647693634033203,-0.4763774871826172,0.4646415710449219,0.018156051635742188,2.5215206146240234,-135.71452708478554,0.6624285244423609,path_segment_001,SUPPORTED,,-0.4728374481201172,0.4647693634033203,-0.503768818984895,0.42535275850843846,2.026526191912126,2.031505100514721,-139.82422006716467,0.6563275643380532,path_segment_001,SUPPORTED,,-0.4728374481201172,0.4647693634033203,-0.4763774871826172,0.4646415710449219,0.018156051635742188,2.5215206146240234,-135.71452708478554,0.6624285244423609,path_segment_001,SUPPORTED,,SUPPORTED,
4,4,133.33333333333334,VALID_TARGET,,1.0,667.700382232666,268.8433666229248,667.1609916687012,269.8871192932129,SUPPORTED,676.4285714285714,276.8571428571429,620.7142857142858,215.71428571428572,111.4285714285714,122.28571428571428,SUPPORTED,translation_median_sparse_flow,6.103515625e-05,1.52587890625e-05,350.0,0.014930198900401592,,,SUPPORTED,partial_affine_ransac_sparse_flow,-0.0011494160763291612,-0.036685082116375486,350.0,0.03193759491400948,1.0000510922549786,1.0,-0.4279022216796875,0.6663742065429688,-0.4279632568359375,0.6663589477539062,-0.4098072052001953,3.1878795623779297,-122.7102533502606,0.788352202259859,path_segment_001,SUPPORTED,,-0.4279022216796875,0.6663742065429688,-0.4461010254133271,0.6527055952722094,1.5804251664987987,2.6842106957869305,-124.351215521136,0.7869959781180482,path_segment_001,SUPPORTED,,-0.4279022216796875,0.6663742065429688,-0.4279632568359375,0.6663589477539062,-0.4098072052001953,3.1878795623779297,-122.7102533502606,0.788352202259859,path_segment_001,SUPPORTED,,SUPPORTED,
5,5,166.66666666666666,VALID_TARGET,,1.0,666.3762283325195,270.10302352905273,666.8332719802856,269.97944736480713,SUPPORTED,675.0000000000001,277.1428571428571,618.5714285714287,215.0,112.85714285714283,124.28571428571428,SUPPORTED,translation_median_sparse_flow,-3.70831298828125,-0.685516357421875,350.0,1.7742536067962646,,,SUPPORTED,partial_affine_ransac_sparse_flow,-0.04065890527984273,0.5308208971779559,266.0,0.8582415705568958,0.9965016030857681,0.76,-0.32771968841552734,0.09232807159423828,3.3805932998657227,0.7778444290161133,2.9707860946655273,3.965723991394043,-12.957721781577968,3.453162094157396,path_segment_001,SUPPORTED,,-0.32771968841552734,0.09232807159423828,1.8620136861422907,0.963253256341261,3.4424388526410894,3.6474639521281915,-27.35334057290641,2.086886790375397,path_segment_001,SUPPORTED,,-0.32771968841552734,0.09232807159423828,3.3805932998657227,0.7778444290161133,2.9707860946655273,3.965723991394043,-12.957721781577968,3.453162094157396,path_segment_001,SUPPORTED,,SUPPORTED,
6,6,200.0,VALID_TARGET,,1.0,666.2470607757568,269.99070930480957,666.5055522918701,269.98792266845703,SUPPORTED,673.5714285714286,277.42857142857144,616.4285714285714,214.28571428571428,114.28571428571426,126.28571428571428,SUPPORTED,translation_median_sparse_flow,-0.000102996826171875,6.103515625e-05,350.0,0.007649986073374748,,,SUPPORTED,partial_affine_ransac_sparse_flow,-0.06975213630906983,-0.017272775266351088,350.0,0.06458609073165585,1.0000502422558648,1.0,-0.32771968841552734,0.008475303649902344,-0.32761669158935547,0.008414268493652344,2.643169403076172,3.9741382598876953,-178.52878035943812,0.326235367603298,path_segment_001,SUPPORTED,,-0.32771968841552734,0.008475303649902344,-0.2788295380261161,-0.019037267267663083,3.1636093146149733,3.6284266848605284,176.09415514054862,0.27820857040881136,path_segment_001,SUPPORTED,,-0.32771968841552734,0.008475303649902344,-0.32761669158935547,0.008414268493652344,2.643169403076172,3.9741382598876953,-178.52878035943812,0.326235367603298,path_segment_001,SUPPORTED,,SUPPORTED,
7,7,233.33333333333337,TARGET_IDENTITY_UNCERTAIN,TARGET_OVERLAP_AMBIGUOUS: another detected person overlaps or is too close to the selected pose for automated identity acceptance.,,664.0725269317627,271.05068016052246,,,,672.1428571428572,277.71428571428567,614.2857142857143,213.57142857142856,115.7142857142857,128.28571428571428,,,,,,,,,,,,,,,,,,,,,,,,,,,,,,,,,,,,,,,,,,,,,,,,,,,
8,8,266.6666666666667,VALID_TARGET,,2.0,663.0866680145264,270.7628707885742,663.0866680145264,270.7628707885742,SUPPORTED,670.7142857142858,278.0,612.1428571428572,212.85714285714286,117.14285714285714,130.2857142857143,SUPPORTED,translation_median_sparse_flow,-6.9342041015625,-2.2734527587890625,347.0,3.2485861778259277,,,SUPPORTED,partial_affine_ransac_sparse_flow,-16.433173320094006,-3.406483955944798,213.0,0.23157342312050558,1.008104691490755,0.6138328530259366,,,,,0.0,0.0,,,path_segment_002,SUPPORTED,,,,,,0.0,0.0,,,path_segment_002,SUPPORTED,,,,,,0.0,0.0,,,path_segment_002,SUPPORTED,,SUPPORTED,
9,9,300.0,VALID_TARGET,,2.0,664.2474708557129,271.41431617736816,663.0943222045898,270.5255603790283,SUPPORTED,669.2857142857143,278.2857142857143,610.0,212.14285714285714,118.57142857142857,132.2857142857143,SUPPORTED,translation_median_sparse_flow,0.0,0.001346588134765625,350.0,0.05971798300743103,,,SUPPORTED,partial_affine_ransac_sparse_flow,0.00655370009000513,-0.03522254589913047,350.0,0.05328233164365084,1.0000071448226031,1.0,0.0076541900634765625,-0.23731040954589844,0.0076541900634765625,-0.23865699768066406,0.0076541900634765625,-0.23865699768066406,88.16304354434753,0.2376945637740413,path_segment_002,SUPPORTED,,0.0076541900634765625,-0.23731040954589844,0.02226875942847073,-0.2674562003714982,0.02226875942847073,-0.2674562003714982,85.24045526942064,0.2671619904631945,path_segment_002,SUPPORTED,,0.0076541900634765625,-0.23731040954589844,0.0076541900634765625,-0.23865699768066406,0.0076541900634765625,-0.23865699768066406,88.16304354434753,0.2376945637740413,path_segment_002,SUPPORTED,,SUPPORTED,
10,10,333.3333333333333,VALID_TARGET,,2.0,662.8300838470459,270.2882499694824,662.9027919769287,270.5232238769531,SUPPORTED,667.8571428571429,278.57142857142856,607.8571428571429,211.42857142857142,120.0,134.2857142857143,SUPPORTED,translation_median_sparse_flow,-3.528564453125,-1.7223968505859375,349.0,1.6124650239944458,,,SUPPORTED,partial_affine_ransac_sparse_flow,-0.005834088264915608,0.303687717323833,270.0,0.7933808922465664,0.9965454167959772,0.7736389684813754,-0.1915302276611328,-0.0023365020751953125,3.337034225463867,1.7200603485107422,3.3446884155273438,1.4814033508300781,-27.26865282322849,3.737190234953292,path_segment_002,SUPPORTED,,-0.1915302276611328,-0.0023365020751953125,1.7275134470655757,1.5557025487668739,1.7497822064940465,1.2882463483953757,-42.00444066449921,2.314195899889123,path_segment_002,SUPPORTED,,-0.1915302276611328,-0.0023365020751953125,3.337034225463867,1.7200603485107422,3.3446884155273438,1.4814033508300781,-27.26865282322849,3.737190234953292,path_segment_002,SUPPORTED,,SUPPORTED,
11,11,366.66666666666663,VALID_TARGET,,2.0,663.0178718566895,269.6024055480957,662.9971189498901,270.4057369232178,SUPPORTED,668.1521739130435,278.85093167701865,607.8260869565217,211.3975155279503,120.65217391304348,134.90683229813666,SUPPORTED,translation_median_sparse_flow,6.4849853515625e-05,-6.67572021484375e-06,350.0,0.0766090676188469,,,SUPPORTED,partial_affine_ransac_sparse_flow,0.015016294509091628,-0.004960759203585441,350.0,0.077158824644221,1.000000207167228,1.0,0.09432697296142578,-0.11748695373535156,0.09426212310791016,-0.11748027801513672,3.438950538635254,1.3639230728149414,51.25764455364386,0.14993741480636927,path_segment_002,SUPPORTED,,0.09432697296142578,-0.11748695373535156,0.08145914945430377,-0.11818340863521826,1.8312413559483502,1.1700629397601574,55.423040474570286,0.1428848311781481,path_segment_002,SUPPORTED,,0.09432697296142578,-0.11748695373535156,0.09426212310791016,-0.11748027801513672,3.438950538635254,1.3639230728149414,51.25764455364386,0.14993741480636927,path_segment_002,SUPPORTED,,SUPPORTED,
12,12,400.0,VALID_TARGET,,2.0,662.892261505127,270.5232238769531,662.892261505127,270.2882499694824,SUPPORTED,668.4472049689441,279.1304347826087,607.7950310559006,211.3664596273292,121.30434782608695,135.52795031055902,SUPPORTED,translation_median_sparse_flow,-3.471923828125,-0.156005859375,350.0,1.5215916633605957,,,SUPPORTED,partial_affine_ransac_sparse_flow,-7.3681304826806135,-0.40552285478203265,245.0,0.18563752411698078,1.0033632920103452,0.7,-0.1048574447631836,-0.11748695373535156,3.3670663833618164,0.03851890563964844,6.80601692199707,1.4024419784545898,-0.6554294464402292,3.3519839228424058,path_segment_002,SUPPORTED,,-0.1048574447631836,-0.11748695373535156,4.929040508395815,-0.3653523905730367,6.760281864344165,0.8047105491871207,4.239149457322258,4.9201006743761875,path_segment_002,SUPPORTED,,-0.1048574447631836,-0.11748695373535156,3.3670663833618164,0.03851890563964844,6.80601692199707,1.4024419784545898,-0.6554294464402292,3.3519839228424058,path_segment_002,SUPPORTED,,SUPPORTED,
13,13,433.33333333333337,TARGET_IDENTITY_UNCERTAIN,TARGET_OVERLAP_AMBIGUOUS: another detected person overlaps or is too close to the selected pose for automated identity acceptance.,,663.5438976287842,269.69223403930664,,,,668.7422360248448,279.4099378881987,607.7639751552796,211.33540372670805,121.95652173913044,136.14906832298138,,,,,,,,,,,,,,,,,,,,,,,,,,,,,,,,,,,,,,,,,,,,,,,,,,,
14,14,466.6666666666667,TARGET_IDENTITY_UNCERTAIN,TARGET_OVERLAP_AMBIGUOUS: another detected person overlaps or is too close to the selected pose for automated identity acceptance.,,664.0959033966064,270.4070529937744,,,,669.0372670807454,279.6894409937888,607.7329192546584,211.30434782608694,122.6086956521739,136.77018633540374,,,,,,,,,,,,,,,,,,,,,,,,,,,,,,,,,,,,,,,,,,,,,,,,,,,
15,15,500.0,INVALID_TRACK_SEGMENT,Valid-looking pose segment is too short to establish target identity continuity.,,662.9491271972656,272.7515926361084,,,,669.332298136646,279.96894409937886,607.7018633540373,211.27329192546583,123.26086956521739,137.3913043478261,,,,,,,,,,,,,,,,,,,,,,,,,,,,,,,,,,,,,,,,,,,,,,,,,,,
16,16,533.3333333333334,INVALID_TRACK_SEGMENT,Valid-looking pose segment is too short to establish target identity continuity.,,662.7757816314697,272.4216785430908,,,,669.6273291925465,280.24844720496895,607.6708074534162,211.24223602484471,123.91304347826087,138.01242236024845,,,,,,,,,,,,,,,,,,,,,,,,,,,,,,,,,,,,,,,,,,,,,,,,,,,
17,17,566.6666666666666,INVALID_TRACK_SEGMENT,Valid-looking pose segment is too short to establish target identity continuity.,,662.8511028289795,272.1178150177002,,,,669.9223602484471,280.527950310559,607.639751552795,211.2111801242236,124.56521739130434,138.6335403726708,,,,,,,,,,,,,,,,,,,,,,,,,,,,,,,,,,,,,,,,,,,,,,,,,,,
18,18,600.0,INVALID_TRACK_SEGMENT,Valid-looking pose segment is too short to establish target identity continuity.,,661.8153476715088,271.9197654724121,,,,670.2173913043479,280.8074534161491,607.608695652174,211.18012422360246,125.21739130434783,139.2546583850932,,,,,,,,,,,,,,,,,,,,,,,,,,,,,,,,,,,,,,,,,,,,,,,,,,,
19,19,633.3333333333333,TARGET_IDENTITY_UNCERTAIN,TARGET_OVERLAP_AMBIGUOUS: another detected person overlaps or is too close to the selected pose for automated identity acceptance.,,659.1745014190674,273.99414253234863,,,,670.5124223602485,281.0869565217391,607.5776397515529,211.14906832298135,125.86956521739131,139.87577639751555,,,,,,,,,,,,,,,,,,,,,,,,,,,,,,,,,,,,,,,,,,,,,,,,,,,
20,20,666.6666666666666,VALID_TARGET,HUMAN_ACCEPTED_TARGET: operator reviewed the raw skeleton and confirmed that it belongs to the documented athlete.,3.0,658.1065120697021,273.06305503845215,657.4067306518555,272.8022747039795,SUPPORTED,670.8074534161491,281.36645962732916,607.5465838509317,211.11801242236024,126.52173913043478,140.4968944099379,UNSTABLE_TRANSFORM,translation_median_sparse_flow,-19.7779541015625,-3.280792236328125,347.0,10.473569869995117,,,SUPPORTED,partial_affine_ransac_sparse_flow,-48.86512685067298,-8.899265965248462,197.0,0.46816393704354275,1.02462505530037,0.5677233429394812,,,,,0.0,0.0,,,path_segment_003,SUPPORTED,,,,,,0.0,0.0,,,path_segment_003,SUPPORTED,,,,,,0.0,0.0,,,path_segment_003,SUPPORTED,,SUPPORTED,
21,21,700.0,VALID_TARGET,HUMAN_ACCEPTED_TARGET: operator reviewed the raw skeleton and confirmed that it belongs to the documented athlete.,3.0,657.2905025482178,272.8022747039795,657.5199537277222,272.37617111206055,SUPPORTED,671.1024844720497,281.64596273291926,607.5155279503106,211.08695652173913,127.17391304347827,141.11801242236027,SUPPORTED,translation_median_sparse_flow,0.0,0.0,350.0,5.229264934314415e-05,,,SUPPORTED,partial_affine_ransac_sparse_flow,-0.0019204204043686674,-0.0005832408114075902,350.0,0.0011371724653327447,1.0000009361451252,1.0,0.11322307586669922,-0.4261035919189453,0.11322307586669922,-0.4261035919189453,0.11322307586669922,-0.4261035919189453,75.11938077529126,0.4388860672272026,path_segment_003,SUPPORTED,,0.11322307586669922,-0.4261035919189453,0.11468049579684703,-0.42614305780807626,0.11468049579684703,-0.42614305780807626,74.93782132363302,0.4392988149091551,path_segment_003,SUPPORTED,,0.11322307586669922,-0.4261035919189453,0.11322307586669922,-0.4261035919189453,0.11322307586669922,-0.4261035919189453,75.11938077529126,0.4388860672272026,path_segment_003,SUPPORTED,,SUPPORTED,
22,22,733.3333333333333,VALID_TARGET,HUMAN_ACCEPTED_TARGET: operator reviewed the raw skeleton and confirmed that it belongs to the documented athlete.,3.0,657.4067306518555,270.9156036376953,657.3224105834961,271.9500675201416,SUPPORTED,671.3975155279503,281.92546583850935,607.4844720496894,211.055900621118,127.82608695652173,141.73913043478262,SUPPORTED,translation_median_sparse_flow,-3.23956298828125,-1.3440780639648438,350.0,1.2348421812057495,,,SUPPORTED,partial_affine_ransac_sparse_flow,0.12362873810127292,0.6655825453681098,277.0,0.8194746543769837,0.9967105791656218,0.7914285714285715,-0.19754314422607422,-0.4261035919189453,3.042019844055176,0.9179744720458984,3.155242919921875,0.4918708801269531,-16.791965061382463,3.163068425579406,path_segment_003,SUPPORTED,,-0.19754314422607422,-0.4261035919189453,1.454793222459216,0.7401318523550344,1.569473718256063,0.31398879454695816,-26.964897774918192,1.6248255879775149,path_segment_003,SUPPORTED,,-0.19754314422607422,-0.4261035919189453,3.042019844055176,0.9179744720458984,3.155242919921875,0.4918708801269531,-16.791965061382463,3.163068425579406,path_segment_003,SUPPORTED,,SUPPORTED,
23,23,766.6666666666667,VALID_TARGET,HUMAN_ACCEPTED_TARGET: operator reviewed the raw skeleton and confirmed that it belongs to the documented athlete.,3.0,657.2916603088379,271.9500675201416,656.9808940887451,271.44576835632324,SUPPORTED,671.692546583851,282.2049689440994,607.4534161490684,211.02484472049687,128.47826086956522,142.36024844720498,SUPPORTED,translation_median_sparse_flow,-3.25897216796875,-0.08860015869140625,350.0,1.2936639785766602,,,SUPPORTED,partial_affine_ransac_sparse_flow,0.47483623914187983,0.8109389597209475,262.0,0.8129481150666559,0.9966474639816247,0.7485714285714286,-0.34151649475097656,-0.5042991638183594,2.9174556732177734,-0.4156990051269531,6.072698593139648,0.076171875,8.109308156250792,2.9335302605359987,path_segment_003,SUPPORTED,,-0.34151649475097656,-0.5042991638183594,1.2940444757751948,-0.17789347722629145,2.8635181940312577,0.1360953173206667,7.827440938048059,1.3002786851393686,path_segment_003,SUPPORTED,,-0.34151649475097656,-0.5042991638183594,2.9174556732177734,-0.4156990051269531,6.072698593139648,0.076171875,8.109308156250792,2.9335302605359987,path_segment_003,SUPPORTED,,SUPPORTED,
24,24,800.0,VALID_TARGET,HUMAN_ACCEPTED_TARGET: operator reviewed the raw skeleton and confirmed that it belongs to the documented athlete.,3.0,655.8289642333984,269.09361457824707,657.1099300384521,270.76009368896484,SUPPORTED,671.9875776397516,282.48447204968943,607.4223602484473,210.99378881987576,129.1304347826087,142.98136645962734,SUPPORTED,translation_median_sparse_flow,-3.2598876953125,-1.3087844848632812,350.0,1.1542081832885742,,,SUPPORTED,partial_affine_ransac_sparse_flow,0.19394821013875907,0.43092087362949455,279.0,0.79509254175312,0.996678196270279,0.7971428571428572,0.12903594970703125,-0.6856746673583984,3.3889236450195312,0.6231098175048828,9.46162223815918,0.6992816925048828,-10.418414559299615,3.430072765845616,path_segment_003,SUPPORTED,,0.12903594970703125,-0.6856746673583984,1.783612413143942,0.5944971004159356,4.6471306071752,0.7305924177366023,-18.43378165550976,1.8715356932386449,path_segment_003,SUPPORTED,,0.12903594970703125,-0.6856746673583984,3.3889236450195312,0.6231098175048828,9.46162223815918,0.6992816925048828,-10.418414559299615,3.430072765845616,path_segment_003,SUPPORTED,,SUPPORTED,
25,25,833.3333333333334,VALID_TARGET,,3.0,657.1099300384521,271.2059497833252,656.9422206878662,270.1724796295166,SUPPORTED,672.2826086956522,282.76397515527947,607.3913043478261,210.96273291925465,129.7826086956522,143.6024844720497,SUPPORTED,translation_median_sparse_flow,-2.9923095703125,-0.12077713012695312,350.0,1.4773666858673096,,,SUPPORTED,partial_affine_ransac_sparse_flow,0.19886599165668142,0.7267367138459585,277.0,0.899467757913807,0.9968834992893139,0.7914285714285715,-0.1677093505859375,-0.5876140594482422,2.8246002197265625,-0.46683692932128906,12.286222457885742,0.23244476318359375,9.384745433422825,2.8499079794813604,path_segment_003,SUPPORTED,,-0.1677093505859375,-0.5876140594482422,1.5798511229251062,-0.22416817296755198,6.226981730100306,0.5064242447690503,8.075900182438044,1.5884240832632166,path_segment_003,SUPPORTED,,-0.1677093505859375,-0.5876140594482422,2.8246002197265625,-0.46683692932128906,12.286222457885742,0.23244476318359375,9.384745433422825,2.8499079794813604,path_segment_003,SUPPORTED,,SUPPORTED,
26,26,866.6666666666667,VALID_TARGET,,3.0,657.0423240661621,270.1724796295166,656.717700958252,270.1724796295166,SUPPORTED,672.5776397515529,283.04347826086956,607.360248447205,210.93167701863354,130.43478260869566,144.22360248447205,SUPPORTED,translation_median_sparse_flow,-3.1995849609375,-1.4708709716796875,350.0,1.2029680013656616,,,SUPPORTED,partial_affine_ransac_sparse_flow,-8.055757920882758,-2.0589960474278497,238.0,0.14005115100652615,1.004280492919441,0.68,-0.2245197296142578,0.0,2.975065231323242,1.4708709716796875,15.261287689208984,1.7033157348632812,-26.30777175945141,3.303723735111509,path_segment_003,SUPPORTED,,-0.2245197296142578,0.0,5.000574085866106,0.9478232757085152,11.227555815966412,1.4542475204775656,-10.732687161471869,5.066478111518395,path_segment_003,SUPPORTED,,-0.2245197296142578,0.0,2.975065231323242,1.4708709716796875,15.261287689208984,1.7033157348632812,-26.30777175945141,3.303723735111509,path_segment_003,SUPPORTED,,SUPPORTED,
27,27,900.0,VALID_TARGET,,3.0,656.725679397583,269.81954765319824,656.8870010375977,271.10095405578613,SUPPORTED,672.8726708074535,283.32298136645966,607.3291925465838,210.90062111801242,131.08695652173913,144.8447204968944,SUPPORTED,translation_median_sparse_flow,0.0,0.0,350.0,9.187007526634261e-05,,,SUPPORTED,partial_affine_ransac_sparse_flow,0.001851935521773775,0.004888243753071816,350.0,0.0013785816950928546,0.9999982828280857,1.0,0.16930007934570312,0.9284744262695312,0.16930007934570312,0.9284744262695312,15.430587768554688,2.6317901611328125,-79.66609236641419,0.9394944258380151,path_segment_003,SUPPORTED,,0.16930007934570312,0.9284744262695312,0.1674112312870193,0.9268809900747215,11.39496704725343,2.381128510552287,-79.76174196723514,0.937597977025569,path_segment_003,SUPPORTED,,0.16930007934570312,0.9284744262695312,0.16930007934570312,0.9284744262695312,15.430587768554688,2.6317901611328125,-79.66609236641419,0.9394944258380151,path_segment_003,SUPPORTED,,SUPPORTED,
28,28,933.3333333333334,VALID_TARGET,,3.0,656.0131206512451,272.12801933288574,656.7914371490479,271.1437568664551,SUPPORTED,673.1677018633541,283.6024844720497,607.2981366459628,210.86956521739128,131.73913043478262,145.46583850931677,SUPPORTED,translation_median_sparse_flow,-3.01165771484375,-0.020946502685546875,350.0,0.9705742597579956,,,SUPPORTED,partial_affine_ransac_sparse_flow,-7.85869931117141,-0.7981263952073271,240.0,0.15481759116481142,1.004227882636491,0.6857142857142857,-0.09556388854980469,0.04280281066894531,2.9160938262939453,0.06374931335449219,18.346681594848633,2.6955394744873047,-1.2523550742187786,2.903535080922865,path_segment_003,SUPPORTED,,-0.09556388854980469,0.04280281066894531,4.990472958970599,-0.3163478514520648,16.38544000622403,2.0647806591002222,3.627146620616872,4.977764667228367,path_segment_003,SUPPORTED,,-0.09556388854980469,0.04280281066894531,2.9160938262939453,0.06374931335449219,18.346681594848633,2.6955394744873047,-1.2523550742187786,2.903535080922865,path_segment_003,SUPPORTED,,SUPPORTED,
29,29,966.6666666666666,VALID_TARGET,,3.0,656.7521152496338,271.1437568664551,656.7521152496338,272.12801933288574,SUPPORTED,673.4627329192547,283.88198757763973,607.2670807453417,210.83850931677017,132.3913043478261,146.08695652173913,SUPPORTED,translation_median_sparse_flow,-2.87396240234375,-1.4793128967285156,350.0,1.046396255493164,,,SUPPORTED,partial_affine_ransac_sparse_flow,0.31326973406124625,0.18231669836618147,280.0,0.8890456970417185,0.9969103050099317,0.8,-0.0393218994140625,0.9842624664306641,2.8346405029296875,2.4635753631591797,21.18132209777832,5.159114837646484,-40.99378207834955,3.7385138260199113,path_segment_003,SUPPORTED,,-0.0393218994140625,0.9842624664306641,1.3950008645604157,2.3230520166748647,17.780440870784446,4.387832675775087,-59.015036141242255,2.6974084272035808,path_segment_003,SUPPORTED,,-0.0393218994140625,0.9842624664306641,2.8346405029296875,2.4635753631591797,21.18132209777832,5.159114837646484,-40.99378207834955,3.7385138260199113,path_segment_003,SUPPORTED,,SUPPORTED,
30,30,1000.0,VALID_TARGET,,3.0,657.5600433349609,273.66215896606445,656.9846706390381,272.8950891494751,SUPPORTED,673.7577639751553,284.1614906832298,607.2360248447205,210.80745341614906,133.04347826086956,146.70807453416148,SUPPORTED,translation_median_sparse_flow,-2.968994140625,-0.2451934814453125,350.0,1.4155280590057373,,,SUPPORTED,partial_affine_ransac_sparse_flow,0.48065798289684475,0.6287705117252999,268.0,0.7441027990755226,0.996963608011738,0.7657142857142857,0.23255538940429688,0.7670698165893555,3.201549530029297,1.012263298034668,24.382871627807617,6.171378135681152,-17.545869759569392,3.342507060915747,path_segment_003,SUPPORTED,,0.23255538940429688,0.7670698165893555,1.6417646613776924,1.2164154684824098,19.42220553216214,5.604248144257497,-36.5354685719412,2.0340099709861654,path_segment_003,SUPPORTED,,0.23255538940429688,0.7670698165893555,3.201549530029297,1.012263298034668,24.382871627807617,6.171378135681152,-17.545869759569392,3.342507060915747,path_segment_003,SUPPORTED,,SUPPORTED,
31,31,1033.3333333333337,VALID_TARGET,,3.0,658.2563781738281,274.8551731109619,657.5207214355469,273.66215896606445,SUPPORTED,674.0527950310559,284.44099378881987,607.2049689440994,210.77639751552795,133.69565217391303,147.32919254658384,SUPPORTED,translation_median_sparse_flow,-2.812347412109375,-1.541839599609375,350.0,1.3173489570617676,,,SUPPORTED,partial_affine_ransac_sparse_flow,0.23813109877497296,0.3154571743681472,277.0,0.8094965587182709,0.9969938472960396,0.7914285714285715,0.5360507965087891,0.7670698165893555,3.348398208618164,2.3089094161987305,27.73126983642578,8.480287551879883,-34.588453378747296,4.048804227833036,path_segment_003,SUPPORTED,,0.5360507965087891,0.7670698165893555,1.906188186832992,2.1565453472574063,21.32839371899513,7.760793491514903,-48.52626938809045,2.865155519180168,path_segment_003,SUPPORTED,,0.5360507965087891,0.7670698165893555,3.348398208618164,2.3089094161987305,27.73126983642578,8.480287551879883,-34.588453378747296,4.048804227833036,path_segment_003,SUPPORTED,,SUPPORTED,
32,32,1066.6666666666667,TARGET_IDENTITY_UNCERTAIN,TARGET_OVERLAP_AMBIGUOUS: another detected person overlaps or is too close to the selected pose for automated identity acceptance.,,660.6391124725342,275.53525161743164,,,,674.3478260869565,284.72049689440996,607.1739130434783,210.74534161490683,134.34782608695653,147.9503105590062,,,,,,,,,,,,,,,,,,,,,,,,,,,,,,,,,,,,,,,,,,,,,,,,,,,
33,33,1100.0,VALID_TARGET,,4.0,660.1022911071777,274.52953338623047,658.7905693054199,276.7547264099121,SUPPORTED,674.6428571428571,285.0,607.1428571428571,210.71428571428572,135.0,148.57142857142856,SUPPORTED,translation_median_sparse_flow,-5.681884765625,-1.899261474609375,350.0,2.827256679534912,,,SUPPORTED,partial_affine_ransac_sparse_flow,0.6853685041108502,0.4580550739463229,237.0,1.2413367707926783,0.9942662207268778,0.6771428571428572,,,,,0.0,0.0,,,path_segment_004,SUPPORTED,,,,,,0.0,0.0,,,path_segment_004,SUPPORTED,,,,,,0.0,0.0,,,path_segment_004,SUPPORTED,,SUPPORTED,
34,34,1133.3333333333333,VALID_TARGET,,4.0,658.7905693054199,276.7547264099121,657.8944826126099,277.64070892333984,SUPPORTED,674.9378881987578,285.27950310559004,607.1118012422361,210.68322981366458,135.65217391304347,149.19254658385094,SUPPORTED,translation_median_sparse_flow,-2.60577392578125,-0.2684326171875,350.0,1.5378363132476807,,,SUPPORTED,partial_affine_ransac_sparse_flow,0.2775735543698867,0.5641452905321446,266.0,0.6511047272957664,0.9972717624749521,0.76,-0.8960866928100586,0.8859825134277344,1.7096872329711914,1.1544151306152344,1.7096872329711914,1.1544151306152344,-34.02801136303819,2.0535608473580864,path_segment_004,SUPPORTED,,-0.8960866928100586,0.8859825134277344,0.5006589485237782,1.3699063620283596,0.5006589485237782,1.3699063620283596,-69.9241852036299,1.4518992801321096,path_segment_004,SUPPORTED,,-0.8960866928100586,0.8859825134277344,1.7096872329711914,1.1544151306152344,1.7096872329711914,1.1544151306152344,-34.02801136303819,2.0535608473580864,path_segment_004,SUPPORTED,,SUPPORTED,
35,35,1166.6666666666667,VALID_TARGET,,4.0,656.9983959197998,278.7065086364746,656.9983959197998,277.48604583740234,SUPPORTED,675.2329192546584,285.55900621118013,607.0807453416149,210.65217391304347,136.30434782608697,149.8136645962733,SUPPORTED,translation_median_sparse_flow,-2.758544921875,-1.7928390502929688,350.0,1.3050917387008667,,,SUPPORTED,partial_affine_ransac_sparse_flow,0.16510655710877592,0.4593683894543247,276.0,0.8607819757161019,0.9969620738266876,0.7885714285714286,-0.8960866928100586,-0.1546630859375,1.8624582290649414,1.6381759643554688,3.572145462036133,2.792591094970703,-41.33412499916494,2.46912510369335,path_segment_004,SUPPORTED,,-0.8960866928100586,-0.1546630859375,0.48296966853808954,1.3088100919555359,0.9836286170618678,2.6787164539838955,-69.74521694439818,1.388738340220589,path_segment_004,SUPPORTED,,-0.8960866928100586,-0.1546630859375,1.8624582290649414,1.6381759643554688,3.572145462036133,2.792591094970703,-41.33412499916494,2.46912510369335,path_segment_004,SUPPORTED,,SUPPORTED,
36,36,1200.0,VALID_TARGET,,4.0,655.504861831665,278.59294509887695,656.4809494018555,278.00636863708496,SUPPORTED,675.527950310559,285.83850931677017,607.0496894409938,210.62111801242236,136.95652173913044,150.43478260869566,SUPPORTED,translation_median_sparse_flow,-2.7147216796875,-0.33148193359375,350.0,1.4645577669143677,,,SUPPORTED,partial_affine_ransac_sparse_flow,-8.324723773943054,-1.1988861576990724,246.0,0.18082731336658198,1.005004203342405,0.7028571428571428,-0.5174465179443359,0.5203227996826172,2.197275161743164,0.8518047332763672,5.769420623779297,3.6443958282470703,-21.18952459521559,2.345895795746144,path_segment_004,SUPPORTED,,-0.5174465179443359,0.5203227996826172,4.518608076270425,0.3327802436793945,5.502236693332293,3.01149669766329,-4.212036769335022,4.51025495344462,path_segment_004,SUPPORTED,,-0.5174465179443359,0.5203227996826172,2.197275161743164,0.8518047332763672,5.769420623779297,3.6443958282470703,-21.18952459521559,2.345895795746144,path_segment_004,SUPPORTED,,SUPPORTED,
37,37,1233.3333333333337,VALID_TARGET,,4.0,655.9635028839111,277.48604583740234,655.9635028839111,278.5266914367676,SUPPORTED,675.8229813664597,286.11801242236027,607.0186335403727,210.59006211180125,137.6086956521739,151.055900621118,SUPPORTED,translation_median_sparse_flow,-2.80126953125,-1.5933456420898438,350.0,1.4465911388397217,,,SUPPORTED,partial_affine_ransac_sparse_flow,0.14669197250247146,0.1913303395004915,268.0,0.7306135784693193,0.9970551731781812,0.7657142857142857,-0.5174465179443359,0.5203227996826172,2.283823013305664,2.113668441772461,8.053243637084961,5.758064270019531,-42.78412810166645,3.097681099015147,path_segment_004,SUPPORTED,,-0.5174465179443359,0.5203227996826172,0.9013961617449695,2.017536053598576,6.403632855077262,5.029032751261866,-65.92583022228355,2.1997013227753874,path_segment_004,SUPPORTED,,-0.5174465179443359,0.5203227996826172,2.283823013305664,2.113668441772461,8.053243637084961,5.758064270019531,-42.78412810166645,3.097681099015147,path_segment_004,SUPPORTED,,SUPPORTED,
38,38,1266.6666666666663,TARGET_IDENTITY_UNCERTAIN,TARGET_OVERLAP_AMBIGUOUS: another detected person overlaps or is too close to the selected pose for automated identity acceptance.,,656.5762138366699,277.8349494934082,,,,676.1180124223602,286.3975155279503,606.9875776397515,210.55900621118013,138.26086956521738,151.67701863354037,,,,,,,,,,,,,,,,,,,,,,,,,,,,,,,,,,,,,,,,,,,,,,,,,,,
39,39,1300.0,TARGET_IDENTITY_UNCERTAIN,TARGET_OVERLAP_AMBIGUOUS: another detected person overlaps or is too close to the selected pose for automated identity acceptance.,,659.0409545898438,275.6509475708008,,,,676.413043478261,286.67701863354034,606.9565217391305,210.527950310559,138.91304347826087,152.29813664596273,,,,,,,,,,,,,,,,,,,,,,,,,,,,,,,,,,,,,,,,,,,,,,,,,,,
40,40,1333.3333333333333,INVALID_TRACK_SEGMENT,Valid-looking pose segment is too short to establish target identity continuity.,,660.4204025268555,274.18150520324707,,,,676.7080745341615,286.95652173913044,606.9254658385094,210.49689440993788,139.56521739130434,152.91925465838509,,,,,,,,,,,,,,,,,,,,,,,,,,,,,,,,,,,,,,,,,,,,,,,,,,,
41,41,1366.6666666666667,INVALID_TRACK_SEGMENT,Valid-looking pose segment is too short to establish target identity continuity.,,662.8979511260986,274.07076835632324,,,,677.0031055900621,287.2360248447205,606.8944099378882,210.46583850931677,140.2173913043478,153.54037267080744,,,,,,,,,,,,,,,,,,,,,,,,,,,,,,,,,,,,,,,,,,,,,,,,,,,
42,42,1400.0,TARGET_IDENTITY_UNCERTAIN,TARGET_OVERLAP_AMBIGUOUS: another detected person overlaps or is too close to the selected pose for automated identity acceptance.,,662.8531494140625,273.8385314941406,,,,677.2981366459627,287.51552795031057,606.8633540372671,210.43478260869566,140.8695652173913,154.1614906832298,,,,,,,,,,,,,,,,,,,,,,,,,,,,,,,,,,,,,,,,,,,,,,,,,,,
43,43,1433.3333333333333,INVALID_TRACK_SEGMENT,Valid-looking pose segment is too short to establish target identity continuity.,,664.4519786834717,274.10226249694824,,,,677.5931677018633,287.7950310559006,606.8322981366459,210.40372670807454,141.52173913043478,154.78260869565216,,,,,,,,,,,,,,,,,,,,,,,,,,,,,,,,,,,,,,,,,,,,,,,,,,,
44,44,1466.6666666666663,TARGET_IDENTITY_UNCERTAIN,TARGET_OVERLAP_AMBIGUOUS: another detected person overlaps or is too close to the selected pose for automated identity acceptance.,,666.2779693603516,274.71956634521484,,,,677.888198757764,288.07453416149065,606.8012422360249,210.3726708074534,142.17391304347825,155.40372670807452,,,,,,,,,,,,,,,,,,,,,,,,,,,,,,,,,,,,,,,,,,,,,,,,,,,
45,45,1500.0,VALID_TARGET,,5.0,665.8639450073242,277.2462577819824,667.694522857666,277.2462577819824,SUPPORTED,678.1832298136646,288.35403726708074,606.7701863354038,210.3416149068323,142.82608695652175,156.02484472049687,UNSTABLE_TRANSFORM,translation_median_sparse_flow,-22.175048828125,-8.886810302734375,341.0,10.347027778625488,,,SUPPORTED,partial_affine_ransac_sparse_flow,-70.91457004261672,-16.547422626383764,195.0,0.5296994821682819,1.0417045512414747,0.5718475073313783,,,,,0.0,0.0,,,path_segment_005,SUPPORTED,,,,,,0.0,0.0,,,path_segment_005,SUPPORTED,,,,,,0.0,0.0,,,path_segment_005,SUPPORTED,,SUPPORTED,
46,46,1533.3333333333337,VALID_TARGET,,5.0,667.694522857666,276.2646903991699,668.8184213638306,277.71002769470215,SUPPORTED,678.4782608695652,288.6335403726708,606.7391304347826,210.31055900621118,143.47826086956522,156.64596273291923,SUPPORTED,translation_median_sparse_flow,-2.5875244140625,-1.52703857421875,350.0,1.0374784469604492,,,SUPPORTED,partial_affine_ransac_sparse_flow,-0.07157764322211947,0.0469417217824254,276.0,0.8970875428214204,0.9974702862955,0.7885714285714286,1.1238985061645508,0.46376991271972656,3.711422920227051,1.9908084869384766,3.711422920227051,1.9908084869384766,-28.209123635933974,4.192507942616306,path_segment_005,SUPPORTED,,1.1238985061645508,0.46376991271972656,2.553028098874506,1.9179491850668455,2.553028098874506,1.9179491850668455,-36.915517778702885,3.178681399112555,path_segment_005,SUPPORTED,,1.1238985061645508,0.46376991271972656,3.711422920227051,1.9908084869384766,3.711422920227051,1.9908084869384766,-28.209123635933974,4.192507942616306,path_segment_005,SUPPORTED,,SUPPORTED,
47,47,1566.6666666666667,VALID_TARGET,,5.0,670.3157920837402,278.1737976074219,669.9423198699951,278.1737976074219,SUPPORTED,678.7732919254659,288.9130434782609,606.7080745341615,210.27950310559007,144.1304347826087,157.2670807453416,SUPPORTED,translation_median_sparse_flow,-2.62646484375,-0.2706298828125,350.0,0.9944295287132263,,,SUPPORTED,partial_affine_ransac_sparse_flow,-0.24111445533188264,0.4085943390490148,287.0,0.8205153189184439,0.9977122725811269,0.82,1.1238985061645508,0.46376991271972656,3.750363349914551,0.7343997955322266,7.461786270141602,2.725208282470703,-11.07951711456293,3.804224988359623,path_segment_005,SUPPORTED,,1.1238985061645508,0.46376991271972656,2.815125211274676,0.8831540926146886,5.368153310149182,2.801103277681534,-17.417554918722693,2.9369970006563855,path_segment_005,SUPPORTED,,1.1238985061645508,0.46376991271972656,3.750363349914551,0.7343997955322266,7.461786270141602,2.725208282470703,-11.07951711456293,3.804224988359623,path_segment_005,SUPPORTED,,SUPPORTED,
48,48,1600.0,VALID_TARGET,,5.0,669.9423198699951,280.7265968322754,670.3157920837402,280.7265968322754,SUPPORTED,679.0683229813665,289.1925465838509,606.6770186335403,210.24844720496895,144.7826086956522,157.88819875776397,SUPPORTED,translation_median_sparse_flow,-2.73834228515625,-1.3689460754394531,348.0,0.8917043805122375,,,SUPPORTED,partial_affine_ransac_sparse_flow,-0.06184010900198106,0.3009340357356858,286.0,0.820378172215378,0.9973990048155114,0.8218390804597702,0.3734722137451172,2.5527992248535156,3.111814498901367,3.9217453002929688,10.573600769042969,6.646953582763672,-51.56881021688056,4.983591999542826,path_segment_005,SUPPORTED,,0.3734722137451172,2.5527992248535156,1.8431488102476123,3.7828007283166585,7.211302120396795,6.583904005998193,-64.02259614597752,4.188819182436917,path_segment_005,SUPPORTED,,0.3734722137451172,2.5527992248535156,3.111814498901367,3.9217453002929688,10.573600769042969,6.646953582763672,-51.56881021688056,4.983591999542826,path_segment_005,SUPPORTED,,SUPPORTED,
49,49,1633.3333333333333,VALID_TARGET,,5.0,670.7907447814941,283.0963020324707,670.7907447814941,283.0963020324707,SUPPORTED,679.3633540372672,289.47204968944095,606.6459627329193,210.2173913043478,145.43478260869566,158.50931677018633,SUPPORTED,translation_median_sparse_flow,-2.500732421875,-0.016574859619140625,350.0,0.9858539700508118,,,SUPPORTED,partial_affine_ransac_sparse_flow,0.14496028151923196,0.42787416982657533,279.0,0.6944051987972466,0.9975571976180824,0.7971428571428572,0.47495269775390625,2.3697052001953125,2.9756851196289062,2.386280059814453,13.549285888671875,9.033233642578125,-38.72704198078647,3.796985318139179,path_segment_005,SUPPORTED,,0.47495269775390625,2.3697052001953125,1.9440712430126723,2.683400233669886,9.155373363409467,9.267304239668078,-54.0774016851098,3.2985569515098834,path_segment_005,SUPPORTED,,0.47495269775390625,2.3697052001953125,2.9756851196289062,2.386280059814453,13.549285888671875,9.033233642578125,-38.72704198078647,3.796985318139179,path_segment_005,SUPPORTED,,SUPPORTED,
50,50,1666.6666666666667,VALID_TARGET,HUMAN_ACCEPTED_TARGET: operator reviewed the raw skeleton and confirmed that it belongs to the documented athlete.,5.0,677.1302871704102,283.90309143066406,673.7280712127686,283.4996967315674,SUPPORTED,679.6583850931677,289.75155279503105,606.6149068322982,210.1863354037267,146.08695652173913,159.1304347826087,SUPPORTED,translation_median_sparse_flow,-4.99072265625,-1.1232757568359375,349.0,2.2878177165985107,,,SUPPORTED,partial_affine_ransac_sparse_flow,-16.508435911249958,-2.9309636849017604,239.0,0.18685970112126374,1.0101758069773954,0.6848137535816619,2.937326431274414,0.4033946990966797,7.928049087524414,1.5266704559326172,21.47733497619629,10.559904098510742,-10.899782853990008,8.037012009783584,path_segment_005,SUPPORTED,,2.937326431274414,0.4033946990966797,12.68789254899184,0.29263124858539413,21.843265912401307,9.559935488253473,-1.3212252115661833,12.63359068884217,path_segment_005,SUPPORTED,,2.937326431274414,0.4033946990966797,7.928049087524414,1.5266704559326172,21.47733497619629,10.559904098510742,-10.899782853990008,8.037012009783584,path_segment_005,SUPPORTED,,SUPPORTED,
51,51,1700.0,VALID_TARGET,HUMAN_ACCEPTED_TARGET: operator reviewed the raw skeleton and confirmed that it belongs to the documented athlete.,5.0,677.5228233337402,286.2574005126953,676.665397644043,283.90309143066406,SUPPORTED,679.9534161490683,290.03105590062114,606.583850931677,210.1552795031056,146.73913043478262,159.75155279503105,SUPPORTED,translation_median_sparse_flow,-2.6199951171875,-0.9088058471679688,348.0,1.0123648643493652,,,SUPPORTED,partial_affine_ransac_sparse_flow,-0.29590339700293233,0.41306818370200965,294.0,0.8639784244438379,0.9976225334965286,0.8448275862068966,2.937326431274414,0.4033946990966797,5.557321548461914,1.3122005462646484,27.034656524658203,11.87210464477539,-13.285405353086256,5.684189521212174,path_segment_005,SUPPORTED,,2.937326431274414,0.4033946990966797,4.555850365665151,1.3286356383707698,26.399116278066458,10.888571126624242,-16.258419183664483,4.724067592337229,path_segment_005,SUPPORTED,,2.937326431274414,0.4033946990966797,5.557321548461914,1.3122005462646484,27.034656524658203,11.87210464477539,-13.285405353086256,5.684189521212174,path_segment_005,SUPPORTED,,SUPPORTED,
52,52,1733.3333333333337,INVALID_TRACK_SEGMENT,Valid-looking pose segment is too short to establish target identity continuity.,,684.2602767944336,278.95498275756836,,,,680.2484472049689,290.3105590062112,606.5527950310559,210.12422360248448,147.3913043478261,160.3726708074534,,,,,,,,,,,,,,,,,,,,,,,,,,,,,,,,,,,,,,,,,,,,,,,,,,,
53,53,1766.6666666666663,INVALID_TRACK_SEGMENT,Valid-looking pose segment is too short to establish target identity continuity.,,686.4500198364258,279.39654541015625,,,,680.5434782608695,290.5900621118012,606.5217391304348,210.09316770186336,148.04347826086956,160.99378881987576,,,,,,,,,,,,,,,,,,,,,,,,,,,,,,,,,,,,,,,,,,,,,,,,,,,
54,54,1800.0,INVALID_TRACK_SEGMENT,Valid-looking pose segment is too short to establish target identity continuity.,,686.4320259094238,286.4349060058594,,,,680.8385093167702,290.86956521739125,606.4906832298137,210.06211180124222,148.69565217391303,161.61490683229812,,,,,,,,,,,,,,,,,,,,,,,,,,,,,,,,,,,,,,,,,,,,,,,,,,,
55,55,1833.3333333333333,TARGET_IDENTITY_UNCERTAIN,TARGET_OVERLAP_AMBIGUOUS: another detected person overlaps or is too close to the selected pose for automated identity acceptance.,,687.3988571166992,283.60143661499023,,,,681.1335403726708,291.14906832298135,606.4596273291926,210.0310559006211,149.34782608695653,162.23602484472048,,,,,,,,,,,,,,,,,,,,,,,,,,,,,,,,,,,,,,,,,,,,,,,,,,,
56,56,1866.6666666666667,VALID_TARGET,,6.0,690.2677803039551,287.7321586608887,694.8601264953613,290.19916915893555,SUPPORTED,681.4285714285714,291.42857142857144,606.4285714285714,210.0,150.0,162.85714285714283,SUPPORTED,translation_median_sparse_flow,-12.70501708984375,0.004474639892578125,350.0,5.604104995727539,,,SUPPORTED,partial_affine_ransac_sparse_flow,-39.86586900781354,-3.076341457907221,212.0,0.3589017963655619,1.023455653781112,0.6057142857142858,,,,,0.0,0.0,,,path_segment_006,SUPPORTED,,,,,,0.0,0.0,,,path_segment_006,SUPPORTED,,,,,,0.0,0.0,,,path_segment_006,SUPPORTED,,SUPPORTED,
57,57,1900.0,VALID_TARGET,,6.0,694.8601264953613,290.19916915893555,695.7911949157715,290.9677906036377,SUPPORTED,685.7142857142858,292.6623376623377,610.0649350649351,209.74025974025975,151.2987012987013,165.8441558441558,SUPPORTED,translation_median_sparse_flow,-2.95648193359375,-0.3390960693359375,349.0,0.9390559792518616,,,SUPPORTED,partial_affine_ransac_sparse_flow,0.06003287110934793,0.5278779273416851,283.0,0.8173737193775218,0.9972297873731352,0.8108882521489972,0.9310684204101562,0.7686214447021484,3.8875503540039062,1.107717514038086,3.8875503540039062,1.107717514038086,-15.90435761347536,4.023916856350414,path_segment_006,SUPPORTED,,0.9310684204101562,0.7686214447021484,2.6600608030078092,1.3702385029216089,2.6600608030078092,1.3702385029216089,-27.253696793087848,2.978637779441698,path_segment_006,SUPPORTED,,0.9310684204101562,0.7686214447021484,3.8875503540039062,1.107717514038086,3.8875503540039062,1.107717514038086,-15.90435761347536,4.023916856350414,path_segment_006,SUPPORTED,,SUPPORTED,
58,58,1933.3333333333333,VALID_TARGET,,6.0,696.7222633361816,291.73641204833984,696.7222633361816,291.73641204833984,SUPPORTED,690.0,293.8961038961039,613.7012987012987,209.4805194805195,152.59740259740258,168.8311688311688,SUPPORTED,translation_median_sparse_flow,-3.01470947265625,0.8526840209960938,350.0,0.878658652305603,,,SUPPORTED,partial_affine_ransac_sparse_flow,0.2404887684622695,0.49559774553132363,280.0,0.8832036977693747,0.9971468030572304,0.8,0.9310684204101562,0.7686214447021484,3.9457778930664062,-0.08406257629394531,7.8333282470703125,1.0236549377441406,1.2204696952548806,3.9287374177574517,path_segment_006,SUPPORTED,,0.9310684204101562,0.7686214447021484,2.9415503183256533,0.4685607014853872,5.6016111213334625,1.838799204406996,-9.050629813106971,2.965098622442778,path_segment_006,SUPPORTED,,0.9310684204101562,0.7686214447021484,3.9457778930664062,-0.08406257629394531,7.8333282470703125,1.0236549377441406,1.2204696952548806,3.9287374177574517,path_segment_006,SUPPORTED,,SUPPORTED,
59,59,1966.6666666666663,VALID_TARGET,,6.0,700.6050033569336,299.0225028991699,700.6050033569336,299.0225028991699,SUPPORTED,694.2857142857142,295.1298701298701,617.3376623376623,209.2207792207792,153.89610389610388,171.81818181818178,SUPPORTED,translation_median_sparse_flow,-5.26885986328125,0.22946548461914062,350.0,2.2064144611358643,,,SUPPORTED,partial_affine_ransac_sparse_flow,-16.940741386633423,-0.9795490438467402,251.0,0.2611094276052112,1.0105562744008756,0.7171428571428572,3.882740020751953,7.286090850830078,9.151599884033203,7.0566253662109375,16.984928131103516,8.080280303955078,-37.635136099580464,11.503767782888334,path_segment_006,SUPPORTED,,3.882740020751953,7.286090850830078,13.442265169091911,5.2491057934744845,19.043876290425374,7.0879049978814805,-21.330279973864158,14.365205358466262,path_segment_006,SUPPORTED,,3.882740020751953,7.286090850830078,9.151599884033203,7.0566253662109375,16.984928131103516,8.080280303955078,-37.635136099580464,11.503767782888334,path_segment_006,SUPPORTED,,SUPPORTED,
60,60,2000.0,VALID_TARGET,,6.0,701.7987365722656,300.76162338256836,701.2018699645996,299.89206314086914,SUPPORTED,698.5714285714286,296.3636363636364,620.974025974026,208.96103896103895,155.19480519480518,174.8051948051948,SUPPORTED,translation_median_sparse_flow,-2.80682373046875,-0.24073028564453125,350.0,0.9460199475288391,,,SUPPORTED,partial_affine_ransac_sparse_flow,-8.45538271054912,-1.24544930927674,267.0,0.16461401938134587,1.0052636232449044,0.7628571428571429,0.5968666076660156,0.8695602416992188,3.4036903381347656,1.11029052734375,20.38861846923828,9.190570831298828,-18.066428672325227,3.563932536956627,path_segment_006,SUPPORTED,,0.5968666076660156,0.8695602416992188,5.397646956988751,0.46348365558833393,24.441523247414125,7.5513886534698145,-4.907819549859663,5.392889448679323,path_segment_006,SUPPORTED,,0.5968666076660156,0.8695602416992188,3.4036903381347656,1.11029052734375,20.38861846923828,9.190570831298828,-18.066428672325227,3.563932536956627,path_segment_006,SUPPORTED,,SUPPORTED,
61,61,2033.3333333333333,VALID_TARGET,,6.0,705.3894271850586,301.6860237121582,701.7987365722656,300.76162338256836,SUPPORTED,702.8571428571428,297.5974025974026,624.6103896103896,208.7012987012987,156.49350649350646,177.79220779220776,SUPPORTED,translation_median_sparse_flow,-2.8641357421875,0.9112548828125,350.0,1.0412427186965942,,,SUPPORTED,partial_affine_ransac_sparse_flow,0.13290888579731963,0.46677743732579235,282.0,0.882534717211982,0.9973860471716576,0.8057142857142857,0.5968666076660156,0.8695602416992188,3.4610023498535156,-0.04169464111328125,23.849620819091797,9.148876190185547,0.6902079699765964,3.445523672436541,path_segment_006,SUPPORTED,,0.5968666076660156,0.8695602416992188,2.58876112606049,0.5051027018962486,27.030284373474615,8.056491355366063,-11.040483483082667,2.625590507536857,path_segment_006,SUPPORTED,,0.5968666076660156,0.8695602416992188,3.4610023498535156,-0.04169464111328125,23.849620819091797,9.148876190185547,0.6902079699765964,3.445523672436541,path_segment_006,SUPPORTED,,SUPPORTED,
62,62,2066.666666666667,TARGET_IDENTITY_UNCERTAIN,TARGET_OVERLAP_AMBIGUOUS: another detected person overlaps or is too close to the selected pose for automated identity acceptance.,,707.4082298278809,302.42203521728516,,,,707.1428571428572,298.83116883116884,628.2467532467533,208.44155844155844,157.79220779220776,180.77922077922076,,,,,,,,,,,,,,,,,,,,,,,,,,,,,,,,,,,,,,,,,,,,,,,,,,,
63,63,2100.0,INVALID_TRACK_SEGMENT,Valid-looking pose segment is too short to establish target identity continuity.,,709.752628326416,305.8125228881836,,,,711.4285714285714,300.06493506493507,631.8831168831169,208.1818181818182,159.09090909090904,183.76623376623374,,,,,,,,,,,,,,,,,,,,,,,,,,,,,,,,,,,,,,,,,,,,,,,,,,,
64,64,2133.3333333333335,VALID_TARGET,HUMAN_ACCEPTED_TARGET: operator reviewed the raw skeleton and confirmed that it belongs to the documented athlete.,7.0,714.3824615478516,304.4556579589844,718.0670623779297,306.8910713195801,SUPPORTED,715.7142857142858,301.2987012987013,635.5194805194806,207.92207792207793,160.38961038961034,186.75324675324674,SUPPORTED,translation_median_sparse_flow,-7.72967529296875,-1.52587890625e-05,350.0,3.2678823471069336,,,SUPPORTED,partial_affine_ransac_sparse_flow,-25.30262499150537,-2.356345136689514,245.0,0.3993743141237695,1.016074951524132,0.7,,,,,0.0,0.0,,,path_segment_007,SUPPORTED,,,,,,0.0,0.0,,,path_segment_007,SUPPORTED,,,,,,0.0,0.0,,,path_segment_007,SUPPORTED,,SUPPORTED,
65,65,2166.6666666666665,VALID_TARGET,HUMAN_ACCEPTED_TARGET: operator reviewed the raw skeleton and confirmed that it belongs to the documented athlete.,7.0,718.0670623779297,310.35614013671875,720.3153915405273,308.6236057281494,SUPPORTED,720.0,302.53246753246754,639.1558441558442,207.66233766233765,161.68831168831164,189.74025974025972,SUPPORTED,translation_median_sparse_flow,-2.52349853515625,0.7136650085449219,350.0,1.1798962354660034,,,SUPPORTED,partial_affine_ransac_sparse_flow,0.14168958573751267,0.4277743903181089,277.0,0.8295575199971242,0.9976395875200512,0.7914285714285715,2.2483291625976562,1.732534408569336,4.771827697753906,1.018869400024414,4.771827697753906,1.018869400024414,-12.052675212630023,4.85721414302146,path_segment_007,SUPPORTED,,2.2483291625976562,1.732534408569336,4.081424320497831,1.3751791253888541,4.081424320497831,1.3751791253888541,-18.62052773289394,4.287298736081566,path_segment_007,SUPPORTED,,2.2483291625976562,1.732534408569336,4.771827697753906,1.018869400024414,4.771827697753906,1.018869400024414,-12.052675212630023,4.85721414302146,path_segment_007,SUPPORTED,,SUPPORTED,
66,66,2200.0,VALID_TARGET,HUMAN_ACCEPTED_TARGET: operator reviewed the raw skeleton and confirmed that it belongs to the documented athlete.,7.0,722.563720703125,306.8910713195801,722.563720703125,310.2788772583008,SUPPORTED,724.2857142857142,303.76623376623377,642.7922077922078,207.4025974025974,162.98701298701292,192.7272727272727,SUPPORTED,translation_median_sparse_flow,-2.660858154296875,-0.16094970703125,350.0,0.9252834320068359,,,SUPPORTED,partial_affine_ransac_sparse_flow,0.17489162918241086,0.29816936451262804,284.0,0.6771059767785209,0.9973871256790818,0.8114285714285714,2.2483291625976562,1.6552715301513672,4.909187316894531,1.8162212371826172,9.681015014648438,2.8350906372070312,-20.302645665245976,5.21059648101151,path_segment_007,SUPPORTED,,2.2483291625976562,1.6552715301513672,3.9539292411953966,2.1672356158995285,8.035353561693228,3.5424147412883826,-28.728116877735996,4.488440840409721,path_segment_007,SUPPORTED,,2.2483291625976562,1.6552715301513672,4.909187316894531,1.8162212371826172,9.681015014648438,2.8350906372070312,-20.302645665245976,5.21059648101151,path_segment_007,SUPPORTED,,SUPPORTED,
67,67,2233.3333333333335,VALID_TARGET,HUMAN_ACCEPTED_TARGET: operator reviewed the raw skeleton and confirmed that it belongs to the documented athlete.,7.0,723.5377159118652,310.563232421875,723.0507183074951,310.33245277404785,SUPPORTED,728.5714285714286,305.0,646.4285714285714,207.14285714285714,164.28571428571422,195.7142857142857,SUPPORTED,translation_median_sparse_flow,-2.7806396484375,1.0337562561035156,350.0,0.9314348101615906,,,SUPPORTED,partial_affine_ransac_sparse_flow,0.26165509735287173,0.35425997748295845,278.0,0.8108971693164533,0.9973961261344206,0.7942857142857143,0.4869976043701172,0.05357551574707031,3.267637252807617,-0.9801807403564453,12.948652267456055,1.854909896850586,16.6974676940295,3.3959780904740096,path_segment_007,SUPPORTED,,0.4869976043701172,0.05357551574707031,2.480629698875987,-0.36185234680266376,10.515983260569215,3.180562394485719,8.299267475096183,2.495490054052257,path_segment_007,SUPPORTED,,0.4869976043701172,0.05357551574707031,3.267637252807617,-0.9801807403564453,12.948652267456055,1.854909896850586,16.6974676940295,3.3959780904740096,path_segment_007,SUPPORTED,,SUPPORTED,
68,68,2266.6666666666665,VALID_TARGET,HUMAN_ACCEPTED_TARGET: operator reviewed the raw skeleton and confirmed that it belongs to the documented athlete.,7.0,729.9948043823242,310.322265625,723.5377159118652,310.30876541137695,SUPPORTED,731.6666666666666,307.32142857142856,651.547619047619,209.4047619047619,160.23809523809518,195.83333333333331,SUPPORTED,translation_median_sparse_flow,-2.6229248046875,-0.2335205078125,350.0,0.9631017446517944,,,SUPPORTED,partial_affine_ransac_sparse_flow,0.0025386983035773363,0.31671784207432824,277.0,0.791946225706821,0.9975555804072829,0.7914285714285715,0.4869976043701172,-0.023687362670898438,3.109922409057617,0.20983314514160156,16.058574676513672,2.0647430419921875,-3.8600188441819454,3.1028280066842284,path_segment_007,SUPPORTED,,0.4869976043701172,-0.023687362670898438,2.238819949889603,0.4486507276703833,12.754803210458817,3.629213122156102,-11.331751341029863,2.2729546935960054,path_segment_007,SUPPORTED,,0.4869976043701172,-0.023687362670898438,3.109922409057617,0.20983314514160156,16.058574676513672,2.0647430419921875,-3.8600188441819454,3.1028280066842284,path_segment_007,SUPPORTED,,SUPPORTED,
69,69,2300.0,INVALID_TRACK_SEGMENT,Valid-looking pose segment is too short to establish target identity continuity.,,735.8210411071777,311.9664764404297,,,,734.7619047619048,309.6428571428571,656.6666666666667,211.66666666666666,156.19047619047612,195.95238095238093,,,,,,,,,,,,,,,,,,,,,,,,,,,,,,,,,,,,,,,,,,,,,,,,,,,
70,70,2333.3333333333335,INVALID_TRACK_SEGMENT,Valid-looking pose segment is too short to establish target identity continuity.,,738.8579177856445,312.61962509155273,,,,737.8571428571429,311.96428571428567,661.7857142857143,213.92857142857142,152.14285714285708,196.07142857142856,,,,,,,,,,,,,,,,,,,,,,,,,,,,,,,,,,,,,,,,,,,,,,,,,,,
71,71,2366.6666666666665,INVALID_TRACK_SEGMENT,Valid-looking pose segment is too short to establish target identity continuity.,,744.4968910217285,313.69358825683594,,,,740.952380952381,314.2857142857143,666.9047619047619,216.19047619047618,148.09523809523805,196.19047619047618,,,,,,,,,,,,,,,,,,,,,,,,,,,,,,,,,,,,,,,,,,,,,,,,,,,
72,72,2400.0,TARGET_IDENTITY_UNCERTAIN,TARGET_OVERLAP_AMBIGUOUS: another detected person overlaps or is too close to the selected pose for automated identity acceptance.,,749.3042984008789,318.26113510131836,,,,744.047619047619,316.60714285714283,672.0238095238095,218.45238095238093,144.04761904761898,196.3095238095238,,,,,,,,,,,,,,,,,,,,,,,,,,,,,,,,,,,,,,,,,,,,,,,,,,,
73,73,2433.333333333333,TARGET_IDENTITY_UNCERTAIN,TARGET_OVERLAP_AMBIGUOUS: another detected person overlaps or is too close to the selected pose for automated identity acceptance.,,753.6315650939941,318.3446388244629,,,,747.1428571428571,318.92857142857144,677.1428571428571,220.71428571428572,139.99999999999994,196.42857142857144,,,,,,,,,,,,,,,,,,,,,,,,,,,,,,,,,,,,,,,,,,,,,,,,,,,
74,74,2466.666666666667,VALID_TARGET,HUMAN_ACCEPTED_TARGET: operator reviewed the raw skeleton and confirmed that it belongs to the documented athlete.,8.0,758.9536476135254,324.1389579772949,761.3476829528809,324.1389579772949,SUPPORTED,750.2380952380953,321.25,682.2619047619048,222.97619047619048,135.9523809523809,196.54761904761907,SUPPORTED,translation_median_sparse_flow,-19.48681640625,3.4229965209960938,349.0,5.993069171905518,,,SUPPORTED,partial_affine_ransac_sparse_flow,-51.338739851887894,-4.5016157742605366e-05,213.0,0.31218332883854294,1.028356986584018,0.6103151862464183,,,,,0.0,0.0,,,path_segment_008,SUPPORTED,,,,,,0.0,0.0,,,path_segment_008,SUPPORTED,,,,,,0.0,0.0,,,path_segment_008,SUPPORTED,,SUPPORTED,
75,75,2500.0,VALID_TARGET,HUMAN_ACCEPTED_TARGET: operator reviewed the raw skeleton and confirmed that it belongs to the documented athlete.,8.0,761.3476829528809,323.38580322265625,763.9788208007812,324.6339511871338,SUPPORTED,753.3333333333334,323.57142857142856,687.3809523809524,225.23809523809524,131.90476190476187,196.66666666666669,SUPPORTED,translation_median_sparse_flow,-4.4312744140625,0.3969268798828125,349.0,0.2986900806427002,,,SUPPORTED,partial_affine_ransac_sparse_flow,0.9495554285608626,0.607730851970459,266.0,0.7162622986830895,0.9949416810433634,0.7621776504297995,2.6311378479003906,0.4949932098388672,7.062412261962891,0.09806632995605469,7.062412261962891,0.09806632995605469,-0.79553919104431,7.030994556580215,path_segment_008,SUPPORTED,,2.6311378479003906,0.4949932098388672,5.737836725565899,1.045504811110618,5.737836725565899,1.045504811110618,-10.326707372517951,5.805805725839354,path_segment_008,SUPPORTED,,2.6311378479003906,0.4949932098388672,7.062412261962891,0.09806632995605469,7.062412261962891,0.09806632995605469,-0.79553919104431,7.030994556580215,path_segment_008,SUPPORTED,,SUPPORTED,
76,76,2533.333333333333,VALID_TARGET,HUMAN_ACCEPTED_TARGET: operator reviewed the raw skeleton and confirmed that it belongs to the documented athlete.,8.0,766.6099586486816,325.12894439697266,766.6099586486816,325.12894439697266,SUPPORTED,756.4285714285714,325.89285714285717,692.5,227.5,127.8571428571428,196.7857142857143,SUPPORTED,translation_median_sparse_flow,-4.913055419921875,2.0364456176757812,350.0,0.34203028678894043,,,SUPPORTED,partial_affine_ransac_sparse_flow,0.8336538845717776,0.5658122443747529,270.0,0.7504392454460985,0.9947727120688165,0.7714285714285715,2.6311378479003906,0.4949932098388672,7.544193267822266,-1.541452407836914,14.606605529785156,-1.4433860778808594,11.547897911332916,7.665066977158895,path_segment_008,SUPPORTED,,2.6311378479003906,0.4949932098388672,6.541618526071034,-0.1346131676210689,12.279455251636932,0.9108916434895491,1.1788639086888812,6.513268450706379,path_segment_008,SUPPORTED,,2.6311378479003906,0.4949932098388672,7.544193267822266,-1.541452407836914,14.606605529785156,-1.4433860778808594,11.547897911332916,7.665066977158895,path_segment_008,SUPPORTED,,SUPPORTED,
77,77,2566.666666666667,VALID_TARGET,HUMAN_ACCEPTED_TARGET: operator reviewed the raw skeleton and confirmed that it belongs to the documented athlete.,8.0,770.4736289978027,326.6658477783203,768.3581962585449,326.6658477783203,SUPPORTED,759.5238095238096,328.2142857142857,697.6190476190477,229.76190476190476,123.80952380952375,196.90476190476193,SUPPORTED,translation_median_sparse_flow,-4.988525390625,0.7411613464355469,350.0,0.3295885920524597,,,SUPPORTED,partial_affine_ransac_sparse_flow,1.0398923516496419,0.6790288351540816,273.0,0.7028570902704114,0.9942309108805892,0.78,1.7482376098632812,1.5369033813476562,6.736763000488281,0.7957420349121094,21.343368530273438,-0.64764404296875,-6.736525943637808,6.752768126643232,path_segment_008,SUPPORTED,,1.7482376098632812,1.5369033813476562,5.448850641857348,1.9851144652008088,17.72830589349428,2.896006108690358,-20.017593601188626,5.772839459490039,path_segment_008,SUPPORTED,,1.7482376098632812,1.5369033813476562,6.736763000488281,0.7957420349121094,21.343368530273438,-0.64764404296875,-6.736525943637808,6.752768126643232,path_segment_008,SUPPORTED,,SUPPORTED,
78,78,2600.0,VALID_TARGET,HUMAN_ACCEPTED_TARGET: operator reviewed the raw skeleton and confirmed that it belongs to the documented athlete.,8.0,771.3826713562012,329.62304306030273,770.928150177002,328.1444454193115,SUPPORTED,762.6190476190477,330.5357142857143,702.7380952380953,232.02380952380952,119.76190476190472,197.02380952380955,SUPPORTED,translation_median_sparse_flow,-5.252288818359375,2.2803382873535156,350.0,0.2973405718803406,,,SUPPORTED,partial_affine_ransac_sparse_flow,-5.1749933887048,2.150140260476113,256.0,0.17712761913975164,0.9998135933191461,0.7314285714285714,2.5699539184570312,1.478597640991211,7.822242736816406,-0.8017406463623047,29.165611267089844,-1.4493846893310547,5.852094597204188,7.827487835912692,path_segment_008,SUPPORTED,,2.5699539184570312,1.478597640991211,7.956693601103666,-0.7717685520644864,25.684999494597946,2.1242375566258715,5.540138386533173,7.9577060235837225,path_segment_008,SUPPORTED,,2.5699539184570312,1.478597640991211,7.822242736816406,-0.8017406463623047,29.165611267089844,-1.4493846893310547,5.852094597204188,7.827487835912692,path_segment_008,SUPPORTED,,SUPPORTED,
79,79,2633.3333333333335,VALID_TARGET,HUMAN_ACCEPTED_TARGET: operator reviewed the raw skeleton and confirmed that it belongs to the documented athlete.,8.0,777.5993156433105,330.544979095459,773.498104095459,329.62304306030273,SUPPORTED,765.7142857142858,332.8571428571429,707.8571428571429,234.28571428571428,115.71428571428567,197.14285714285717,SUPPORTED,translation_median_sparse_flow,-5.149169921875,0.852783203125,348.0,0.28961801528930664,,,SUPPORTED,partial_affine_ransac_sparse_flow,1.1381240337652283,0.7821691356999813,279.0,0.7788734732119927,0.9938967800702031,0.8017241379310345,2.5699539184570312,1.478597640991211,7.719123840332031,0.6258144378662109,36.884735107421875,-0.8235702514648438,-4.635017528928794,7.709255705415007,path_segment_008,SUPPORTED,,2.5699539184570312,1.478597640991211,6.478089201013972,1.8989251467889972,32.16308869561192,4.023162703414869,-16.337467114719544,6.719992097363683,path_segment_008,SUPPORTED,,2.5699539184570312,1.478597640991211,7.719123840332031,0.6258144378662109,36.884735107421875,-0.8235702514648438,-4.635017528928794,7.709255705415007,path_segment_008,SUPPORTED,,SUPPORTED,
80,80,2666.6666666666665,TARGET_IDENTITY_UNCERTAIN,TARGET_OVERLAP_AMBIGUOUS: another detected person overlaps or is too close to the selected pose for automated identity acceptance.,,779.1550025939941,334.1665573120117,,,,771.038961038961,335.2597402597403,712.2727272727273,237.53246753246754,117.53246753246748,195.45454545454547,,,,,,,,,,,,,,,,,,,,,,,,,,,,,,,,,,,,,,,,,,,,,,,,,,,
81,81,2700.0,TARGET_IDENTITY_UNCERTAIN,TARGET_OVERLAP_AMBIGUOUS: another detected person overlaps or is too close to the selected pose for automated identity acceptance.,,782.1361808776855,334.6496353149414,,,,776.3636363636364,337.6623376623377,716.6883116883117,240.77922077922076,119.3506493506493,193.7662337662338,,,,,,,,,,,,,,,,,,,,,,,,,,,,,,,,,,,,,,,,,,,,,,,,,,,
82,82,2733.3333333333335,TARGET_IDENTITY_UNCERTAIN,TARGET_OVERLAP_AMBIGUOUS: another detected person overlaps or is too close to the selected pose for automated identity acceptance.,,786.5348606109619,336.9767951965332,,,,781.6883116883116,340.06493506493507,721.1038961038961,244.02597402597402,121.16883116883112,192.0779220779221,,,,,,,,,,,,,,,,,,,,,,,,,,,,,,,,,,,,,,,,,,,,,,,,,,,
83,83,2766.6666666666665,TARGET_IDENTITY_UNCERTAIN,TARGET_OVERLAP_AMBIGUOUS: another detected person overlaps or is too close to the selected pose for automated identity acceptance.,,791.0088310241699,333.4255905151367,,,,787.0129870129871,342.46753246753246,725.5194805194806,247.27272727272728,122.98701298701295,190.3896103896104,,,,,,,,,,,,,,,,,,,,,,,,,,,,,,,,,,,,,,,,,,,,,,,,,,,
84,84,2800.0,TARGET_IDENTITY_UNCERTAIN,TARGET_OVERLAP_AMBIGUOUS: another detected person overlaps or is too close to the selected pose for automated identity acceptance.,,790.4288463592529,337.605167388916,,,,792.3376623376623,344.87012987012986,729.9350649350649,250.5194805194805,124.80519480519476,188.7012987012987,,,,,,,,,,,,,,,,,,,,,,,,,,,,,,,,,,,,,,,,,,,,,,,,,,,
85,85,2833.3333333333335,VALID_TARGET,HUMAN_ACCEPTED_TARGET: operator reviewed the raw skeleton and confirmed that it belongs to the documented athlete.,9.0,793.3964385986328,340.20996475219727,794.8546829223633,341.70348358154297,SUPPORTED,797.6623376623377,347.27272727272725,734.3506493506494,253.76623376623377,126.62337662337657,187.01298701298703,SUPPORTED,translation_median_sparse_flow,-30.889312744140625,9.779533386230469,348.0,3.9774088859558105,,,SUPPORTED,partial_affine_ransac_sparse_flow,-25.444329333217123,10.547189980378521,207.0,0.639433450951914,0.9921679206577839,0.5948275862068966,,,,,0.0,0.0,,,path_segment_009,SUPPORTED,,,,,,0.0,0.0,,,path_segment_009,SUPPORTED,,,,,,0.0,0.0,,,path_segment_009,SUPPORTED,,SUPPORTED,
86,86,2866.6666666666665,VALID_TARGET,HUMAN_ACCEPTED_TARGET: operator reviewed the raw skeleton and confirmed that it belongs to the documented athlete.,9.0,794.8546829223633,341.70348358154297,795.8918790817261,342.89264488220215,SUPPORTED,802.9870129870129,349.6753246753247,738.7662337662338,257.012987012987,128.44155844155839,185.32467532467533,SUPPORTED,translation_median_sparse_flow,-5.065765380859375,2.4845199584960938,350.0,1.0545201301574707,,,SUPPORTED,partial_affine_ransac_sparse_flow,-3.791275436480796,2.725750362341091,245.0,0.21097662656453775,0.9977359536688762,0.7,1.037196159362793,1.1891613006591797,6.102961540222168,-1.295358657836914,6.102961540222168,-1.295358657836914,11.983239091017612,6.210564633447531,path_segment_009,SUPPORTED,,1.037196159362793,1.1891613006591797,6.661758399139444,-0.8413348492406953,6.661758399139444,-0.8413348492406953,7.1979602167072905,6.684160532859999,path_segment_009,SUPPORTED,,1.037196159362793,1.1891613006591797,6.102961540222168,-1.295358657836914,6.102961540222168,-1.295358657836914,11.983239091017612,6.210564633447531,path_segment_009,SUPPORTED,,SUPPORTED,
87,87,2900.0,VALID_TARGET,HUMAN_ACCEPTED_TARGET: operator reviewed the raw skeleton and confirmed that it belongs to the documented athlete.,9.0,796.9290752410889,344.0818061828613,796.9290752410889,344.0818061828613,SUPPORTED,808.3116883116884,352.0779220779221,743.1818181818182,260.2597402597403,130.25974025974023,183.63636363636363,SUPPORTED,translation_median_sparse_flow,-4.95147705078125,1.1455230712890625,350.0,0.9763146042823792,,,SUPPORTED,partial_affine_ransac_sparse_flow,1.269821855189247,0.6787175783072102,255.0,0.7097572097356981,0.9931074738269114,0.7285714285714285,1.037196159362793,1.1891613006591797,5.988673210144043,0.04363822937011719,12.091634750366211,-1.2517204284667969,-0.4174951661462094,5.961615693395478,path_segment_009,SUPPORTED,,1.037196159362793,1.1891613006591797,5.820250657872407,1.56037942465872,12.482009057011851,0.7190445754180246,-15.007788048132245,5.99840194830131,path_segment_009,SUPPORTED,,1.037196159362793,1.1891613006591797,5.988673210144043,0.04363822937011719,12.091634750366211,-1.2517204284667969,-0.4174951661462094,5.961615693395478,path_segment_009,SUPPORTED,,SUPPORTED,
88,88,2933.333333333333,VALID_TARGET,HUMAN_ACCEPTED_TARGET: operator reviewed the raw skeleton and confirmed that it belongs to the documented athlete.,9.0,800.0338745117188,347.76587677001953,800.0338745117188,347.7575035095215,SUPPORTED,813.6363636363636,354.48051948051943,747.5974025974026,263.5064935064935,132.07792207792204,181.94805194805193,SUPPORTED,translation_median_sparse_flow,-4.9876708984375,2.5863113403320312,350.0,1.0742619037628174,,,SUPPORTED,partial_affine_ransac_sparse_flow,-3.5978867537806414,2.9883968048041107,245.0,0.23565532926921365,0.9976558531304792,0.7,3.104799270629883,3.6756973266601562,8.092470169067383,1.089385986328125,20.184104919433594,-0.16233444213867188,-7.666908587666484,8.128357704141022,path_segment_009,SUPPORTED,,3.104799270629883,3.6756973266601562,8.555551950201448,1.5292081958473318,21.0375610072133,2.2482527712653564,-10.13395892344376,8.651644594006733,path_segment_009,SUPPORTED,,3.104799270629883,3.6756973266601562,8.092470169067383,1.089385986328125,20.184104919433594,-0.16233444213867188,-7.666908587666484,8.128357704141022,path_segment_009,SUPPORTED,,SUPPORTED,
89,89,2966.666666666667,VALID_TARGET,HUMAN_ACCEPTED_TARGET: operator reviewed the raw skeleton and confirmed that it belongs to the documented athlete.,9.0,803.068323135376,347.8783187866211,802.4117622375488,347.88669204711914,SUPPORTED,818.961038961039,356.8831168831169,752.0129870129871,266.75324675324674,133.89610389610385,180.25974025974025,SUPPORTED,translation_median_sparse_flow,-4.9547119140625,1.1762924194335938,350.0,1.0914490222930908,,,SUPPORTED,partial_affine_ransac_sparse_flow,-1.1650827593629014,0.9622282988609528,281.0,0.4403022574499601,0.9953739327628539,0.8028571428571428,2.377887725830078,0.12918853759765625,7.332599639892578,-1.0471038818359375,27.516704559326172,-1.2094383239746094,8.126960028788895,7.37332479511789,path_segment_009,SUPPORTED,,2.377887725830078,0.12918853759765625,7.594158306137274,-0.028778978304217162,28.631719313350573,2.2194737929611392,0.21712822351771602,7.5597006091135155,path_segment_009,SUPPORTED,,2.377887725830078,0.12918853759765625,7.332599639892578,-1.0471038818359375,27.516704559326172,-1.2094383239746094,8.126960028788895,7.37332479511789,path_segment_009,SUPPORTED,,SUPPORTED,
90,90,3000.0,VALID_TARGET,HUMAN_ACCEPTED_TARGET: operator reviewed the raw skeleton and confirmed that it belongs to the documented athlete.,9.0,802.4117622375488,348.1173896789551,802.9458389282227,348.1173896789551,SUPPORTED,824.2857142857142,359.2857142857143,756.4285714285714,270.0,135.71428571428567,178.57142857142856,SUPPORTED,translation_median_sparse_flow,-0.23724365234375,0.0001068115234375,350.0,0.04598648101091385,,,SUPPORTED,partial_affine_ransac_sparse_flow,0.01952935644606601,0.039944864317336716,350.0,0.08056988747387955,0.9997663064925197,1.0,0.5340766906738281,0.2306976318359375,0.7713203430175781,0.2305908203125,28.28802490234375,-0.9788475036621094,-16.644349038146533,0.8013924638113277,path_segment_009,SUPPORTED,,0.5340766906738281,0.2306976318359375,0.7018265490688691,0.27260336170888877,29.33354586241944,2.492077154670028,-21.227158132769937,0.7494881232563974,path_segment_009,SUPPORTED,,0.5340766906738281,0.2306976318359375,0.7713203430175781,0.2305908203125,28.28802490234375,-0.9788475036621094,-16.644349038146533,0.8013924638113277,path_segment_009,SUPPORTED,,SUPPORTED,
91,91,3033.333333333333,VALID_TARGET,HUMAN_ACCEPTED_TARGET: operator reviewed the raw skeleton and confirmed that it belongs to the documented athlete.,9.0,803.693717956543,349.67601776123047,803.8162021636963,349.67601776123047,SUPPORTED,826.031746031746,360.515873015873,758.4126984126984,271.5079365079365,135.23809523809518,178.015873015873,SUPPORTED,translation_median_sparse_flow,-4.509857177734375,2.3419570922851562,350.0,1.0822381973266602,,,SUPPORTED,partial_affine_ransac_sparse_flow,-3.3440647887254804,2.7422581109857376,240.0,0.1990904423648432,0.9977652600442338,0.6857142857142857,0.8703632354736328,1.5586280822753906,5.380220413208008,-0.7833290100097656,33.66824531555176,-1.762176513671875,8.283729788266516,5.412237035971227,path_segment_009,SUPPORTED,,0.8703632354736328,1.5586280822753906,6.025739317183707,-0.4447394328419705,35.35928517960315,2.0473377218280575,4.221153951677256,6.01467066568669,path_segment_009,SUPPORTED,,0.8703632354736328,1.5586280822753906,5.380220413208008,-0.7833290100097656,33.66824531555176,-1.762176513671875,8.283729788266516,5.412237035971227,path_segment_009,SUPPORTED,,SUPPORTED,
92,92,3066.666666666667,VALID_TARGET,,9.0,806.7094287872314,353.3048782348633,806.7094287872314,353.3048782348633,SUPPORTED,827.7777777777778,361.74603174603175,760.3968253968254,273.015873015873,134.76190476190473,177.46031746031744,SUPPORTED,translation_median_sparse_flow,-4.429534912109375,1.2398796081542969,350.0,1.2527337074279785,,,SUPPORTED,partial_affine_ransac_sparse_flow,0.2614171666161519,0.808683280371725,274.0,0.681067019434034,0.9942141705859885,0.7828571428571428,2.8932266235351562,3.6288604736328125,7.322761535644531,2.3889808654785156,40.99100685119629,0.6268043518066406,-18.068419755452258,7.667596450984287,path_segment_009,SUPPORTED,,2.8932266235351562,3.6288604736328125,7.769743257129562,3.7255546077084887,43.12902843673271,5.772892329536546,-25.61749434347788,8.577607377751635,path_segment_009,SUPPORTED,,2.8932266235351562,3.6288604736328125,7.322761535644531,2.3889808654785156,40.99100685119629,0.6268043518066406,-18.068419755452258,7.667596450984287,path_segment_009,SUPPORTED,,SUPPORTED,
93,93,3100.0,VALID_TARGET,,9.0,807.7899627685547,355.2560729980469,807.7899627685547,354.3571090698242,SUPPORTED,829.5238095238095,362.9761904761905,762.3809523809524,274.5238095238095,134.28571428571425,176.9047619047619,SUPPORTED,translation_median_sparse_flow,-4.305419921875,2.4058380126953125,349.0,1.4443188905715942,,,SUPPORTED,partial_affine_ransac_sparse_flow,-3.1070546955119442,2.7953342828877767,236.0,0.1831735483108641,0.9974963360973657,0.6762177650429799,1.0805339813232422,1.0522308349609375,5.385953903198242,-1.353607177734375,46.37696075439453,-0.7268028259277344,14.107495393516698,5.5282071720654855,path_segment_009,SUPPORTED,,1.0805339813232422,1.0522308349609375,6.242931388541024,-0.9398526020671625,49.371959825273734,4.833039727469384,8.561396432332037,6.284589884492715,path_segment_009,SUPPORTED,,1.0805339813232422,1.0522308349609375,5.385953903198242,-1.353607177734375,46.37696075439453,-0.7268028259277344,14.107495393516698,5.5282071720654855,path_segment_009,SUPPORTED,,SUPPORTED,
94,94,3133.3333333333335,VALID_TARGET,,9.0,811.6482772827148,354.3571090698242,810.4128017425537,354.8643913269043,SUPPORTED,831.2698412698413,364.20634920634916,764.3650793650794,276.031746031746,133.8095238095238,176.34920634920633,SUPPORTED,translation_median_sparse_flow,-4.06182861328125,1.0039443969726562,350.0,1.3299243450164795,,,SUPPORTED,partial_affine_ransac_sparse_flow,-2.591890579392985,1.4911265353094287,247.0,0.23290948670419334,0.9971101895743694,0.7057142857142857,2.6228389739990234,0.5072822570800781,6.684667587280273,-0.4966621398925781,53.061628341674805,-1.2234649658203125,4.249194712593771,6.672630376289564,path_segment_009,SUPPORTED,,2.6228389739990234,0.5072822570800781,7.558884220863888,0.01785324840687963,56.93084404613762,4.850892975876263,-0.1353260418219638,7.52455353360327,path_segment_009,SUPPORTED,,2.6228389739990234,0.5072822570800781,6.684667587280273,-0.4966621398925781,53.061628341674805,-1.2234649658203125,4.249194712593771,6.672630376289564,path_segment_009,SUPPORTED,,SUPPORTED,
95,95,3166.6666666666665,VALID_TARGET,,9.0,810.4128017425537,355.20327377319336,811.6482772827148,355.21089935302734,SUPPORTED,833.015873015873,365.43650793650795,766.3492063492064,277.53968253968253,133.33333333333331,175.79365079365078,SUPPORTED,translation_median_sparse_flow,-0.0196533203125,0.000186920166015625,350.0,0.08417028188705444,,,SUPPORTED,partial_affine_ransac_sparse_flow,0.009613730068330606,0.06741974725224524,349.0,0.08851917600456688,0.999865111781974,0.9971428571428571,1.2354755401611328,0.3465080261230469,1.2551288604736328,0.34632110595703125,54.31675720214844,-0.8771438598632812,-15.425498178995332,1.2961146437847437,path_segment_009,SUPPORTED,,1.2354755401611328,0.3465080261230469,1.3107854425265941,0.3826640168299491,58.241629488664216,5.233556992706212,-16.274367413295863,1.3592944176939528,path_segment_009,SUPPORTED,,1.2354755401611328,0.3465080261230469,1.2551288604736328,0.34632110595703125,54.31675720214844,-0.8771438598632812,-15.425498178995332,1.2961146437847437,path_segment_009,SUPPORTED,,SUPPORTED,
96,96,3200.0,VALID_TARGET,,9.0,813.933723449707,355.4972915649414,813.933723449707,355.83617401123047,SUPPORTED,834.7619047619048,366.66666666666663,768.3333333333334,279.04761904761904,132.85714285714286,175.2380952380952,SUPPORTED,translation_median_sparse_flow,-4.159637451171875,2.3696060180664062,350.0,1.1752560138702393,,,SUPPORTED,partial_affine_ransac_sparse_flow,-2.3960174524267184,2.7658999426388347,253.0,0.2555713093382289,0.9970858102839073,0.7228571428571429,2.2854461669921875,0.625274658203125,6.4450836181640625,-1.7443313598632812,60.7618408203125,-2.6214752197265625,15.144028397901106,6.646616259803235,path_segment_009,SUPPORTED,,2.2854461669921875,0.625274658203125,7.0734787483816035,-1.1665171984866447,65.31510823704582,4.067039794219568,9.3646002063236,7.136441205600132,path_segment_009,SUPPORTED,,2.2854461669921875,0.625274658203125,6.4450836181640625,-1.7443313598632812,60.7618408203125,-2.6214752197265625,15.144028397901106,6.646616259803235,path_segment_009,SUPPORTED,,SUPPORTED,
97,97,3233.3333333333335,VALID_TARGET,,9.0,818.0092353820801,358.4699897766113,817.217248916626,356.3977737426758,SUPPORTED,836.5079365079365,367.89682539682536,770.3174603174604,280.55555555555554,132.38095238095238,174.68253968253967,SUPPORTED,translation_median_sparse_flow,-4.31646728515625,1.0289382934570312,350.0,1.1018884181976318,,,SUPPORTED,partial_affine_ransac_sparse_flow,-1.5164152068957948,1.136185830296148,282.0,0.40743318561501674,0.996281285983641,0.8057142857142857,3.2835254669189453,0.5615997314453125,7.599992752075195,-0.46733856201171875,68.3618335723877,-3.0888137817382812,3.518799918144068,7.579744247612222,path_segment_009,SUPPORTED,,3.2835254669189453,0.5615997314453125,8.03901791870237,0.26347271158186913,73.35412615574819,4.330512505801437,-1.8771537694920248,8.006781039520995,path_segment_009,SUPPORTED,,3.2835254669189453,0.5615997314453125,7.599992752075195,-0.46733856201171875,68.3618335723877,-3.0888137817382812,3.518799918144068,7.579744247612222,path_segment_009,SUPPORTED,,SUPPORTED,
98,98,3266.6666666666665,VALID_TARGET,HUMAN_ACCEPTED_TARGET: operator reviewed the raw skeleton and confirmed that it belongs to the documented athlete.,9.0,817.217248916626,356.3977737426758,818.0092353820801,358.4699897766113,SUPPORTED,838.2539682539683,369.1269841269841,772.3015873015873,282.06349206349205,131.90476190476193,174.1269841269841,SUPPORTED,translation_median_sparse_flow,-0.0001983642578125,-3.0517578125e-05,350.0,0.04430124908685684,,,SUPPORTED,partial_affine_ransac_sparse_flow,0.005318487713680454,0.015030275168844535,349.0,0.06530994607218785,0.9999097200935544,0.9971428571428571,0.7919864654541016,2.072216033935547,0.7921848297119141,2.072246551513672,69.15401840209961,-1.0165672302246094,-69.07898969161367,2.2084224910421617,path_segment_009,SUPPORTED,,0.7919864654541016,2.072216033935547,0.8563265743567854,2.09880790502541,74.21045273010498,6.429320410826847,-67.80423741910508,2.2564781376022855,path_segment_009,SUPPORTED,,0.7919864654541016,2.072216033935547,0.7921848297119141,2.072246551513672,69.15401840209961,-1.0165672302246094,-69.07898969161367,2.2084224910421617,path_segment_009,SUPPORTED,,SUPPORTED,
99,99,3300.0,VALID_TARGET,HUMAN_ACCEPTED_TARGET: operator reviewed the raw skeleton and confirmed that it belongs to the documented athlete.,9.0,821.7460651397705,363.0314140319824,819.8776502609253,360.7507019042969,SUPPORTED,840.0,370.35714285714283,774.2857142857142,283.57142857142856,131.42857142857144,173.57142857142856,SUPPORTED,translation_median_sparse_flow,-3.7439422607421875,2.3780364990234375,350.0,1.3552844524383545,,,SUPPORTED,partial_affine_ransac_sparse_flow,-2.5765454009381266,2.7795848616067684,245.0,0.2141916956777921,0.9975246342861164,0.7,1.8684148788452148,2.280712127685547,5.612357139587402,-0.09732437133789062,74.76637554168701,-1.1138916015625,0.9934715005087353,5.587691497784262,path_segment_009,SUPPORTED,,1.8684148788452148,2.280712127685547,6.485242514182801,0.3533083571832094,80.69569524428778,6.782628768010056,-3.118323874214269,6.465343127108204,path_segment_009,SUPPORTED,,1.8684148788452148,2.280712127685547,5.612357139587402,-0.09732437133789062,74.76637554168701,-1.1138916015625,0.9934715005087353,5.587691497784262,path_segment_009,SUPPORTED,,SUPPORTED,
100,100,3333.3333333333335,VALID_TARGET,HUMAN_ACCEPTED_TARGET: operator reviewed the raw skeleton and confirmed that it belongs to the documented athlete.,9.0,825.0831336975098,364.6476631164551,821.7460651397705,363.0314140319824,SUPPORTED,841.7460317460317,371.5873015873016,776.2698412698412,285.0793650793651,130.95238095238096,173.015873015873,SUPPORTED,translation_median_sparse_flow,-3.942840576171875,0.8495330810546875,350.0,1.0923311710357666,,,SUPPORTED,partial_affine_ransac_sparse_flow,0.3614195320841706,0.7637536040419111,287.0,0.6740120226227184,0.9949367493847292,0.82,1.8684148788452148,2.280712127685547,5.81125545501709,1.4311790466308594,80.5776309967041,0.3172874450683594,-13.835308382892588,5.957695993033507,path_segment_009,SUPPORTED,,1.8684148788452148,2.280712127685547,6.048817314730741,2.4571752074788265,86.74451255901852,9.239803975488883,-22.108173269678563,6.499180776604146,path_segment_009,SUPPORTED,,1.8684148788452148,2.280712127685547,5.81125545501709,1.4311790466308594,80.5776309967041,0.3172874450683594,-13.835308382892588,5.957695993033507,path_segment_009,SUPPORTED,,SUPPORTED,
101,101,3366.6666666666665,TARGET_IDENTITY_UNCERTAIN,TARGET_OVERLAP_AMBIGUOUS: another detected person overlaps or is too close to the selected pose for automated identity acceptance.,,824.4469242095947,366.2861442565918,,,,843.4920634920635,372.81746031746036,778.2539682539682,286.5873015873016,130.4761904761905,172.46031746031744,,,,,,,,,,,,,,,,,,,,,,,,,,,,,,,,,,,,,,,,,,,,,,,,,,,
102,102,3400.0,VALID_TARGET,,10.0,830.1324501037598,368.4793968200683,831.2914276123047,368.47939682006836,SUPPORTED,845.2380952380952,374.0476190476191,780.2380952380952,288.09523809523813,130.00000000000003,171.9047619047619,SUPPORTED,translation_median_sparse_flow,-3.85955810546875,2.1766586303710938,350.0,1.0332064628601074,,,SUPPORTED,partial_affine_ransac_sparse_flow,-2.4548879061849243,2.646970670973682,247.0,0.23617633569816437,0.997633170548203,0.7057142857142857,,,,,0.0,0.0,,,path_segment_010,SUPPORTED,,,,,,0.0,0.0,,,path_segment_010,SUPPORTED,,,,,,0.0,0.0,,,path_segment_010,SUPPORTED,,SUPPORTED,
103,103,3433.333333333333,VALID_TARGET,,10.0,830.4163932800293,370.6205749511719,832.7136383056641,369.5499858856201,SUPPORTED,846.984126984127,375.2777777777778,782.2222222222222,289.60317460317464,129.52380952380958,171.34920634920633,SUPPORTED,translation_median_sparse_flow,-3.56732177734375,0.9035186767578125,350.0,1.1850028038024902,,,SUPPORTED,partial_affine_ransac_sparse_flow,-1.5104517466392149,1.1688153782246162,265.0,0.251691703545134,0.9967963476037766,0.7571428571428571,1.422210693359375,1.0705890655517578,4.989532470703125,0.1670703887939453,4.989532470703125,0.1670703887939453,-1.9177855072509213,4.96964094099636,path_segment_010,SUPPORTED,,1.422210693359375,1.0705890655517578,5.74122250267726,0.7544251652507228,5.74122250267726,0.7544251652507228,-7.486058838746149,5.764262432712639,path_segment_010,SUPPORTED,,1.422210693359375,1.0705890655517578,4.989532470703125,0.1670703887939453,4.989532470703125,0.1670703887939453,-1.9177855072509213,4.96964094099636,path_segment_010,SUPPORTED,,SUPPORTED,
104,104,3466.666666666667,VALID_TARGET,,10.0,834.4625186920166,367.88073348999023,832.242561340332,370.6205749511719,SUPPORTED,848.7301587301587,376.5079365079365,784.2063492063492,291.11111111111114,129.0476190476191,170.79365079365078,SUPPORTED,translation_median_sparse_flow,-3.814697265625e-05,-6.103515625e-05,350.0,0.0006618243642151356,,,SUPPORTED,partial_affine_ransac_sparse_flow,0.006829611114267234,0.013379168476141437,349.0,0.04283903186998931,0.9999376144664559,0.9971428571428571,-0.47107696533203125,1.0705890655517578,-0.471038818359375,1.0706501007080078,4.51849365234375,1.2377204895019531,-113.74737708732977,1.1643719574611262,path_segment_010,SUPPORTED,,-0.47107696533203125,1.0705890655517578,-0.44108884269917326,1.1143625491922649,5.300133659978087,1.8687877144429876,-111.59473259766546,1.1930371719941912,path_segment_010,SUPPORTED,,-0.47107696533203125,1.0705890655517578,-0.471038818359375,1.0706501007080078,4.51849365234375,1.2377204895019531,-113.74737708732977,1.1643719574611262,path_segment_010,SUPPORTED,,SUPPORTED,
105,105,3500.0,VALID_TARGET,,10.0,836.3327026367188,376.586856842041,835.7687664031982,375.9366683959961,SUPPORTED,850.4761904761905,377.73809523809524,786.1904761904761,292.61904761904765,128.57142857142864,170.2380952380952,SUPPORTED,translation_median_sparse_flow,-3.60400390625,2.3110733032226562,350.0,1.010312557220459,,,SUPPORTED,partial_affine_ransac_sparse_flow,-2.0374559091006788,2.6116924118451035,253.0,0.1911306190942737,0.997594075238017,0.7228571428571429,3.526205062866211,5.316093444824219,7.130208969116211,3.0050201416015625,11.648702621459961,4.242740631103516,-22.852946574687106,7.702408626907356,path_segment_010,SUPPORTED,,3.526205062866211,5.316093444824219,7.617796876229704,3.479737861723379,12.917930536207791,5.348525576166367,-24.55047408310283,8.336866936546684,path_segment_010,SUPPORTED,,3.526205062866211,5.316093444824219,7.130208969116211,3.0050201416015625,11.648702621459961,4.242740631103516,-22.852946574687106,7.702408626907356,path_segment_010,SUPPORTED,,SUPPORTED,
106,106,3533.333333333333,VALID_TARGET,,10.0,831.1913871765137,375.9366683959961,836.4406642913818,376.4343605041504,SUPPORTED,852.2222222222222,378.968253968254,788.1746031746031,294.12698412698415,128.09523809523816,169.68253968253967,SUPPORTED,translation_median_sparse_flow,-3.400390625,0.9247589111328125,350.0,1.0850757360458374,,,SUPPORTED,partial_affine_ransac_sparse_flow,-0.41358091116305007,0.8279792811663906,297.0,0.40796171828863564,0.9961020749868829,0.8485714285714285,0.6718978881835938,0.4976921081542969,4.072288513183594,-0.4270668029785156,15.720991134643555,3.815673828125,5.98680782196672,4.076012654923048,path_segment_010,SUPPORTED,,0.6718978881835938,0.4976921081542969,4.656307631335153,0.4398675567102259,17.574238167542944,5.7883931328765925,-5.396547230817703,4.6557829749353,path_segment_010,SUPPORTED,,0.6718978881835938,0.4976921081542969,4.072288513183594,-0.4270668029785156,15.720991134643555,3.815673828125,5.98680782196672,4.076012654923048,path_segment_010,SUPPORTED,,SUPPORTED,
107,107,3566.666666666667,VALID_TARGET,,10.0,837.3964309692383,376.54758071899414,837.3964309692383,376.70007705688477,SUPPORTED,853.968253968254,380.1984126984127,790.1587301587301,295.63492063492066,127.61904761904769,169.1269841269841,SUPPORTED,translation_median_sparse_flow,-6.103515625e-05,-0.000354766845703125,350.0,0.0720219612121582,,,SUPPORTED,partial_affine_ransac_sparse_flow,0.0039250553367277665,-0.02266607021540629,350.0,0.08271258836995155,0.9999337804649,1.0,0.9557666778564453,0.265716552734375,0.9558277130126953,0.2660713195800781,16.67681884765625,4.081745147705078,-15.555471576769227,0.9876606670242374,path_segment_010,SUPPORTED,,0.9557666778564453,0.265716552734375,1.001630746985711,0.325752514230885,18.575868914528655,6.1141456471074775,-18.01567360298046,1.0484839176962952,path_segment_010,SUPPORTED,,0.9557666778564453,0.265716552734375,0.9558277130126953,0.2660713195800781,16.67681884765625,4.081745147705078,-15.555471576769227,0.9876606670242374,path_segment_010,SUPPORTED,,SUPPORTED,
108,108,3600.0,VALID_TARGET,,10.0,841.036735534668,381.8061752319336,841.036735534668,381.8061752319336,SUPPORTED,855.7142857142858,381.42857142857144,792.1428571428571,297.14285714285717,127.14285714285722,168.57142857142856,SUPPORTED,translation_median_sparse_flow,-3.276458740234375,2.0963897705078125,350.0,0.9939717054367065,,,SUPPORTED,partial_affine_ransac_sparse_flow,-0.9235804096994417,1.8487779442857237,289.0,0.26558841114606063,0.9970178523321276,0.8257142857142857,3.6403045654296875,5.106098175048828,6.9167633056640625,3.0097084045410156,23.593582153320312,7.091453552246094,-23.515422916090277,7.508925743395784,path_segment_010,SUPPORTED,,3.6403045654296875,5.106098175048828,7.41355855960785,3.5982230057202287,25.989427474136505,9.712368652827706,-25.889945213517343,8.203184723481645,path_segment_010,SUPPORTED,,3.6403045654296875,5.106098175048828,6.9167633056640625,3.0097084045410156,23.593582153320312,7.091453552246094,-23.515422916090277,7.508925743395784,path_segment_010,SUPPORTED,,SUPPORTED,
109,109,3633.3333333333335,VALID_TARGET,,10.0,852.5132389068604,396.7264213562012,849.2668285369873,391.0775833129883,SUPPORTED,857.0488721804511,382.27443609022555,793.6466165413533,298.0075187969925,126.80451127819556,168.53383458646616,SUPPORTED,translation_median_sparse_flow,-3.1378631591796875,0.8716506958007812,350.0,1.0479916334152222,,,SUPPORTED,partial_affine_ransac_sparse_flow,-0.485538610830906,0.9483539414844258,313.0,0.3951595305217817,0.9964871092333728,0.8942857142857142,8.230093002319336,9.271408081054688,11.367956161499023,8.399757385253906,34.961538314819336,15.4912109375,-36.46061223629549,14.070344779499141,path_segment_010,SUPPORTED,,8.230093002319336,9.271408081054688,11.890915680686248,9.178266639740343,37.880343154822754,18.89063529256805,-37.66355044838175,14.952869397929028,path_segment_010,SUPPORTED,,8.230093002319336,9.271408081054688,11.367956161499023,8.399757385253906,34.961538314819336,15.4912109375,-36.46061223629549,14.070344779499141,path_segment_010,SUPPORTED,,SUPPORTED,
110,110,3666.6666666666665,VALID_TARGET,HUMAN_ACCEPTED_TARGET: operator reviewed the raw skeleton and confirmed that it belongs to the documented athlete.,10.0,851.9913730621338,393.8887825012207,851.9913730621338,393.3786277770996,SUPPORTED,858.3834586466165,383.12030075187977,795.1503759398496,298.87218045112786,126.46616541353391,168.49624060150376,SUPPORTED,translation_median_sparse_flow,-0.0001220703125,-0.000453948974609375,350.0,0.052209943532943726,,,SUPPORTED,partial_affine_ransac_sparse_flow,-0.03778501236937296,0.004925859034474237,350.0,0.05248409070053776,1.000006221142039,1.0,2.7245445251464844,2.301044464111328,2.7246665954589844,2.3014984130859375,37.68620491027832,17.792709350585938,-40.18744314406593,3.550400844248491,path_segment_010,SUPPORTED,,2.7245445251464844,2.301044464111328,2.7428551305391693,2.3245043973861925,40.62319828536192,21.215139689954242,-40.2804818508391,3.579015392179094,path_segment_010,SUPPORTED,,2.7245445251464844,2.301044464111328,2.7246665954589844,2.3014984130859375,37.68620491027832,17.792709350585938,-40.18744314406593,3.550400844248491,path_segment_010,SUPPORTED,,SUPPORTED,
111,111,3700.0,VALID_TARGET,HUMAN_ACCEPTED_TARGET: operator reviewed the raw skeleton and confirmed that it belongs to the documented athlete.,10.0,849.7797260284424,391.0775833129883,853.0261363983154,393.3786277770996,SUPPORTED,859.718045112782,383.9661654135339,796.6541353383459,299.7368421052632,126.12781954887225,168.45864661654133,SUPPORTED,translation_median_sparse_flow,-2.928741455078125,2.0264663696289062,350.0,1.0183429718017578,,,SUPPORTED,partial_affine_ransac_sparse_flow,-0.3088790320212026,1.5385238167427844,312.0,0.4812196017305138,0.9967589452005379,0.8914285714285715,1.0347633361816406,0.0,3.9635047912597656,-2.0264663696289062,41.649709701538086,15.766242980957031,27.079816687290087,4.431279350435539,path_segment_010,SUPPORTED,,1.0347633361816406,0.0,4.607845551204946,-1.3508253609882672,45.23104383656687,19.864314328965975,16.33890483840956,4.779945521294911,path_segment_010,SUPPORTED,,1.0347633361816406,0.0,3.9635047912597656,-2.0264663696289062,41.649709701538086,15.766242980957031,27.079816687290087,4.431279350435539,path_segment_010,SUPPORTED,,SUPPORTED,
112,112,3733.3333333333335,VALID_TARGET,HUMAN_ACCEPTED_TARGET: operator reviewed the raw skeleton and confirmed that it belongs to the documented athlete.,10.0,858.5956077575684,393.3786277770996,857.2159461975098,391.5327835083008,SUPPORTED,861.0526315789474,384.812030075188,798.1578947368421,300.6015037593985,125.78947368421059,168.42105263157893,SUPPORTED,translation_median_sparse_flow,-2.737945556640625,0.8397789001464844,350.0,0.9431991577148438,,,SUPPORTED,partial_affine_ransac_sparse_flow,-0.4228893233669256,0.7655003432324486,317.0,0.40094380616727354,0.996847892401699,0.9057142857142857,4.189809799194336,-1.8458442687988281,6.927755355834961,-2.6856231689453125,48.57746505737305,13.080619812011719,21.189388078106077,7.396332254979797,path_segment_010,SUPPORTED,,4.189809799194336,-1.8458442687988281,7.586005539930284,-1.9876609836760508,52.81704937649715,17.876653345289924,14.682400837820676,7.80644497964821,path_segment_010,SUPPORTED,,4.189809799194336,-1.8458442687988281,6.927755355834961,-2.6856231689453125,48.57746505737305,13.080619812011719,21.189388078106077,7.396332254979797,path_segment_010,SUPPORTED,,SUPPORTED,
113,113,3766.6666666666665,VALID_TARGET,HUMAN_ACCEPTED_TARGET: operator reviewed the raw skeleton and confirmed that it belongs to the documented athlete.,10.0,857.2159461975098,389.5554428100586,858.5909824371338,391.5327835083008,SUPPORTED,862.3872180451127,385.65789473684214,799.6616541353383,301.4661654135339,125.45112781954893,168.38345864661653,SUPPORTED,translation_median_sparse_flow,-0.00030517578125,-3.0517578125e-05,350.0,0.037564076483249664,,,SUPPORTED,partial_affine_ransac_sparse_flow,0.005297576114451923,0.025904947037586484,350.0,0.051071545289116865,0.9999428946377731,1.0,1.3750362396240234,0.0,1.3753414154052734,3.0517578125e-05,49.95280647277832,13.080650329589844,-0.0012713413612437878,1.369091117405556,path_segment_010,SUPPORTED,,1.3750362396240234,0.0,1.4027106913428042,0.031441056464757366,54.21976006783996,17.90809440175468,-1.2840411454177514,1.3966867345094864,path_segment_010,SUPPORTED,,1.3750362396240234,0.0,1.3753414154052734,3.0517578125e-05,49.95280647277832,13.080650329589844,-0.0012713413612437878,1.369091117405556,path_segment_010,SUPPORTED,,SUPPORTED,
114,114,3800.0,VALID_TARGET,,10.0,858.6767597198486,391.35572814941406,858.6813850402832,392.4949722290039,SUPPORTED,863.7218045112782,386.50375939849624,801.1654135338346,302.3308270676692,125.11278195488728,168.34586466165413,SUPPORTED,translation_median_sparse_flow,-2.636627197265625,2.1118316650390625,350.0,0.9303144216537476,,,SUPPORTED,partial_affine_ransac_sparse_flow,-0.5319772808430516,1.6151106153905668,305.0,0.3942668973954549,0.9972683598069516,0.8714285714285714,0.09040260314941406,0.962188720703125,2.727029800415039,-1.1496429443359375,52.67983627319336,11.931007385253906,22.858989058223102,2.946005046418794,path_segment_010,SUPPORTED,,0.09040260314941406,0.962188720703125,3.4115543826641215,-0.5551695155666607,57.63131445050408,17.35292488618802,9.242843736850022,3.440723278790297,path_segment_010,SUPPORTED,,0.09040260314941406,0.962188720703125,2.727029800415039,-1.1496429443359375,52.67983627319336,11.931007385253906,22.858989058223102,2.946005046418794,path_segment_010,SUPPORTED,,SUPPORTED,
115,115,3833.3333333333335,VALID_TARGET,,10.0,859.1735897064209,392.4949722290039,859.1735897064209,392.4949722290039,SUPPORTED,865.0563909774437,387.3496240601504,802.6691729323309,303.1954887218045,124.77443609022562,168.30827067669173,SUPPORTED,translation_median_sparse_flow,0.0,0.0,350.0,0.0,,,SUPPORTED,partial_affine_ransac_sparse_flow,0.00132840646479031,0.0007158498513940402,350.0,0.0007331741428275613,0.9999984602750054,1.0,0.4922046661376953,0.0,0.4922046661376953,0.0,53.172040939331055,11.931007385253906,-0.0,0.48996782081939494,path_segment_010,SUPPORTED,,0.4922046661376953,0.0,0.4918204071918808,0.0007154241651505799,58.12313485769596,17.35364031035317,-0.08334496843433857,0.4895858261340626,path_segment_010,SUPPORTED,,0.4922046661376953,0.0,0.4922046661376953,0.0,53.172040939331055,11.931007385253906,-0.0,0.48996782081939494,path_segment_010,SUPPORTED,,SUPPORTED,
116,116,3866.6666666666665,VALID_TARGET,,10.0,861.2713165283203,396.7065620422363,861.2713165283203,396.7065620422363,SUPPORTED,866.390977443609,388.1954887218045,804.172932330827,304.0601503759399,124.43609022556396,168.2706766917293,SUPPORTED,translation_median_sparse_flow,-2.490447998046875,0.9730377197265625,350.0,1.0109939575195312,,,SUPPORTED,partial_affine_ransac_sparse_flow,-0.1975396613038235,0.8683103318136651,320.0,0.35522806450597666,0.9969180726763484,0.9142857142857143,2.097726821899414,4.211589813232422,4.588174819946289,3.2385520935058594,57.760215759277344,15.169559478759766,-35.21626318605833,5.590487758032263,path_segment_010,SUPPORTED,,2.097726821899414,4.211589813232422,5.234095723234077,3.9167232710275925,63.357230580930036,21.270363581380764,-36.807855895838266,6.507605266875117,path_segment_010,SUPPORTED,,2.097726821899414,4.211589813232422,4.588174819946289,3.2385520935058594,57.760215759277344,15.169559478759766,-35.21626318605833,5.590487758032263,path_segment_010,SUPPORTED,,SUPPORTED,
117,117,3900.0,VALID_TARGET,,10.0,861.9875831604004,398.3074722290039,861.9875831604004,396.7065620422363,SUPPORTED,867.7255639097743,389.04135338345867,805.6766917293232,304.9248120300752,124.0977443609023,168.2330827067669,SUPPORTED,translation_median_sparse_flow,0.0,0.0,350.0,0.00018342281691730022,,,SUPPORTED,partial_affine_ransac_sparse_flow,0.03199429209645444,0.003998337816744078,349.0,0.026253576230878404,0.9999215503774205,0.9971428571428571,0.7162666320800781,0.0,0.7162666320800781,0.0,58.47648239135742,15.169559478759766,-0.0,0.7130115275009296,path_segment_010,SUPPORTED,,0.7162666320800781,0.0,0.7538583148317457,0.022738586937634864,64.11108889576178,21.2931021683184,-1.7276856256750686,0.7507736685278872,path_segment_010,SUPPORTED,,0.7162666320800781,0.0,0.7162666320800781,0.0,58.47648239135742,15.169559478759766,-0.0,0.7130115275009296,path_segment_010,SUPPORTED,,SUPPORTED,
118,118,3933.333333333333,VALID_TARGET,,10.0,867.8257694244385,400.8316955566406,863.2383155822754,396.7065620422363,SUPPORTED,869.0601503759399,389.8872180451128,807.1804511278195,305.7894736842105,123.75939849624065,168.1954887218045,SUPPORTED,translation_median_sparse_flow,-2.3865966796875,2.1512985229492188,350.0,0.8449998497962952,,,SUPPORTED,partial_affine_ransac_sparse_flow,-0.18437238052059923,1.3002642543489213,326.0,0.5049979042564273,0.9974160197858656,0.9314285714285714,1.250732421875,0.0,3.6373291015625,-2.1512985229492188,62.11381149291992,13.018260955810547,30.60219502322508,4.206697278587049,path_segment_010,SUPPORTED,,1.250732421875,0.0,4.2485753853018196,-1.5462450785661304,68.3596642810636,19.746857089752268,19.998691266762222,4.500655106085183,path_segment_010,SUPPORTED,,1.250732421875,0.0,3.6373291015625,-2.1512985229492188,62.11381149291992,13.018260955810547,30.60219502322508,4.206697278587049,path_segment_010,SUPPORTED,,SUPPORTED,
119,119,3966.666666666667,VALID_TARGET,,10.0,864.972110748291,395.7245368957519,863.8708438873291,395.72453689575195,SUPPORTED,870.3947368421053,390.73308270676694,808.6842105263158,306.6541353383459,123.42105263157899,168.1578947368421,SUPPORTED,translation_median_sparse_flow,0.0,-3.0517578125e-05,350.0,0.0005148936761543155,,,SUPPORTED,partial_affine_ransac_sparse_flow,0.014380558449963941,0.01854211954039805,350.0,0.023497583705686644,0.9999472933800424,1.0,0.6325283050537109,-0.982025146484375,0.6325283050537109,-0.98199462890625,62.74633979797363,12.036266326904297,57.21336079803366,1.1627693182740584,path_segment_010,SUPPORTED,,0.6325283050537109,-0.982025146484375,0.6488240546638053,-0.9474036199715101,69.0084883357274,18.799453469780758,55.594925404195884,1.143061294981026,path_segment_010,SUPPORTED,,0.6325283050537109,-0.982025146484375,0.6325283050537109,-0.98199462890625,62.74633979797363,12.036266326904297,57.21336079803366,1.1627693182740584,path_segment_010,SUPPORTED,,SUPPORTED,
120,120,4000.0,VALID_TARGET,HUMAN_ACCEPTED_TARGET: operator reviewed the raw skeleton and confirmed that it belongs to the documented athlete.,10.0,863.2383155822754,391.9852485656738,864.4214773178101,393.8548927307129,SUPPORTED,871.7293233082706,391.57894736842104,810.187969924812,307.5187969924812,123.08270676691733,168.12030075187968,SUPPORTED,translation_median_sparse_flow,-2.21209716796875,0.9140167236328125,350.0,0.9343506097793579,,,SUPPORTED,partial_affine_ransac_sparse_flow,-0.08781202586905448,0.8774398679594079,323.0,0.31607064814192026,0.9971504895851928,0.9228571428571428,0.550633430480957,-1.8696441650390625,2.762730598449707,-2.783660888671875,65.50907039642334,9.252605438232422,45.21621474142374,3.9040956269502147,path_segment_010,SUPPORTED,,0.550633430480957,-1.8696441650390625,3.382735681550912,-2.235976146916812,72.39122401727832,16.563477322863946,33.46456043737919,4.0365062116122425,path_segment_010,SUPPORTED,,0.550633430480957,-1.8696441650390625,2.762730598449707,-2.783660888671875,65.50907039642334,9.252605438232422,45.21621474142374,3.9040956269502147,path_segment_010,SUPPORTED,,SUPPORTED,
121,121,4033.333333333333,VALID_TARGET,HUMAN_ACCEPTED_TARGET: operator reviewed the raw skeleton and confirmed that it belongs to the documented athlete.,10.0,863.8708438873291,391.67630767822266,863.8708438873291,391.9852485656738,SUPPORTED,873.0639097744361,392.42481203007515,811.6917293233082,308.38345864661653,122.74436090225566,168.08270676691728,SUPPORTED,translation_median_sparse_flow,-0.00164794921875,-0.00408935546875,350.0,0.05006607621908188,,,SUPPORTED,partial_affine_ransac_sparse_flow,-0.016166025517687914,0.02991857016589486,349.0,0.06643424068973494,0.9999363301218884,0.9971428571428571,-0.550633430480957,-1.8696441650390625,-0.548985481262207,-1.8655548095703125,64.96008491516113,7.387050628662109,106.39781916875916,1.93581659641941,path_segment_010,SUPPORTED,,-0.550633430480957,-1.8696441650390625,-0.5203061350762255,-1.7847594748176903,71.8709178822021,14.778717848046256,106.25284606141834,1.8506062741870046,path_segment_010,SUPPORTED,,-0.550633430480957,-1.8696441650390625,-0.548985481262207,-1.8655548095703125,64.96008491516113,7.387050628662109,106.39781916875916,1.93581659641941,path_segment_010,SUPPORTED,,SUPPORTED,
122,122,4066.6666666666665,TARGET_IDENTITY_UNCERTAIN,TARGET_OVERLAP_AMBIGUOUS: another detected person overlaps or is too close to the selected pose for automated identity acceptance.,,869.0045967102051,396.0097465515137,,,,874.3984962406015,393.27067669172936,813.1954887218045,309.2481203007519,122.40601503759402,168.04511278195488,,,,,,,,,,,,,,,,,,,,,,,,,,,,,,,,,,,,,,,,,,,,,,,,,,,
123,123,4100.0,TARGET_IDENTITY_UNCERTAIN,TARGET_OVERLAP_AMBIGUOUS: another detected person overlaps or is too close to the selected pose for automated identity acceptance.,,869.0454769134521,393.3847427368164,,,,875.7330827067669,394.11654135338347,814.6992481203008,310.1127819548872,122.06766917293236,168.00751879699249,,,,,,,,,,,,,,,,,,,,,,,,,,,,,,,,,,,,,,,,,,,,,,,,,,,
124,124,4133.333333333334,INVALID_TRACK_SEGMENT,Valid-looking pose segment is too short to establish target identity continuity.,,862.2718734741211,385.0436553955078,,,,877.0676691729324,394.9624060150376,816.203007518797,310.97744360902254,121.7293233082707,167.9699248120301,,,,,,,,,,,,,,,,,,,,,,,,,,,,,,,,,,,,,,,,,,,,,,,,,,,
125,125,4166.666666666667,TARGET_IDENTITY_UNCERTAIN,TARGET_OVERLAP_AMBIGUOUS: another detected person overlaps or is too close to the selected pose for automated identity acceptance.,,870.7540702819824,392.1620140075683,,,,878.4022556390977,395.80827067669173,817.7067669172932,311.8421052631579,121.39097744360905,167.93233082706766,,,,,,,,,,,,,,,,,,,,,,,,,,,,,,,,,,,,,,,,,,,,,,,,,,,
126,126,4200.0,VALID_TARGET,,11.0,870.2245464324951,405.27661895751953,869.4111061096191,405.27661895751953,SUPPORTED,879.7368421052631,396.6541353383459,819.2105263157895,312.70676691729324,121.05263157894738,167.89473684210526,SUPPORTED,translation_median_sparse_flow,-5.805908203125,5.210746765136719,348.0,2.66762638092041,,,SUPPORTED,partial_affine_ransac_sparse_flow,-1.6546766535720283,6.7391020815642095,249.0,0.2778176675775151,0.993396506148825,0.7155172413793104,,,,,0.0,0.0,,,path_segment_011,SUPPORTED,,,,,,0.0,0.0,,,path_segment_011,SUPPORTED,,,,,,0.0,0.0,,,path_segment_011,SUPPORTED,,SUPPORTED,
127,127,4233.333333333333,VALID_TARGET,,11.0,867.9392833709717,406.47172927856445,870.0551519393921,404.72208404541016,SUPPORTED,881.0714285714287,397.5,820.7142857142858,313.57142857142856,120.71428571428572,167.85714285714286,SUPPORTED,translation_median_sparse_flow,-0.00022125244140625,-6.103515625e-05,350.0,0.006343342829495668,,,SUPPORTED,partial_affine_ransac_sparse_flow,0.016441727457324605,0.02626658641281605,350.0,0.04282467988412921,0.9998919108325717,1.0,0.6440458297729492,-0.554534912109375,0.6442670822143555,-0.554473876953125,0.6442670822143555,-0.554473876953125,40.716187415611195,0.8461496420430076,path_segment_011,SUPPORTED,,0.6440458297729492,-0.554534912109375,0.706371216941875,-0.5043718040562339,0.706371216941875,-0.5043718040562339,35.5280590731044,0.8640135980455328,path_segment_011,SUPPORTED,,0.6440458297729492,-0.554534912109375,0.6442670822143555,-0.554473876953125,0.6442670822143555,-0.554473876953125,40.716187415611195,0.8461496420430076,path_segment_011,SUPPORTED,,SUPPORTED,
128,128,4266.666666666667,VALID_TARGET,,11.0,869.8857574462891,400.3427200317383,870.2932548522949,404.3019218444824,SUPPORTED,882.406015037594,398.34586466165416,822.218045112782,314.43609022556393,120.37593984962406,167.81954887218046,SUPPORTED,translation_median_sparse_flow,-1.519500732421875,0.9049949645996094,350.0,0.9072349667549133,,,SUPPORTED,partial_affine_ransac_sparse_flow,0.09026153962685952,1.0263688605510297,334.0,0.21304077795483106,0.9976935599104508,0.9542857142857143,0.23810291290283203,-0.4201622009277344,1.757603645324707,-1.3251571655273438,2.4018707275390625,-1.8796310424804688,37.01471423742974,2.191180869908182,path_segment_011,SUPPORTED,,0.23810291290283203,-0.4201622009277344,2.2974864845070897,-0.8201546984412289,3.0038577014489647,-1.3245265024974628,19.64550331821601,2.428400860973266,path_segment_011,SUPPORTED,,0.23810291290283203,-0.4201622009277344,1.757603645324707,-1.3251571655273438,2.4018707275390625,-1.8796310424804688,37.01471423742974,2.191180869908182,path_segment_011,SUPPORTED,,SUPPORTED,
129,129,4300.0,VALID_TARGET,,11.0,872.2186946868896,404.1675491333008,872.131799697876,404.3019218444824,SUPPORTED,883.7406015037594,399.19172932330827,823.7218045112783,315.30075187969925,120.0375939849624,167.78195488721806,SUPPORTED,translation_median_sparse_flow,-0.01641845703125,-0.00759124755859375,350.0,0.04563969373703003,,,SUPPORTED,partial_affine_ransac_sparse_flow,-0.006884695045874495,0.01918723980015086,350.0,0.04398639552046792,0.999927047523397,1.0,1.8385448455810547,0.0,1.8549633026123047,0.00759124755859375,4.256834030151367,-1.872039794921875,-0.23447580749333793,1.8465488044843856,path_segment_011,SUPPORTED,,1.8385448455810547,0.0,1.8834408392941668,0.0651572218750971,4.8872985407431315,-1.2593692806223657,-1.9813447276784093,1.876003053705867,path_segment_011,SUPPORTED,,1.8385448455810547,0.0,1.8549633026123047,0.00759124755859375,4.256834030151367,-1.872039794921875,-0.23447580749333793,1.8465488044843856,path_segment_011,SUPPORTED,,SUPPORTED,
130,130,4333.333333333333,VALID_TARGET,,11.0,872.4286708831787,404.1612281799317,872.9215087890625,404.3019218444824,SUPPORTED,885.0751879699249,400.0375939849624,825.2255639097745,316.1654135338346,119.69924812030075,167.74436090225564,SUPPORTED,translation_median_sparse_flow,-1.52587890625e-05,-3.0517578125e-05,350.0,0.04305045306682587,,,SUPPORTED,partial_affine_ransac_sparse_flow,0.009186138346361249,-0.0018403734154193705,350.0,0.04686205456553438,0.9999493457019742,1.0,0.7897090911865234,0.0,0.7897243499755859,3.0517578125e-05,5.046558380126953,-1.87200927734375,-0.002214099675040989,0.7861354142185619,path_segment_011,SUPPORTED,,0.7897090911865234,0.0,0.8249651114900871,0.02174850568445663,5.712263652233219,-1.2376207749379091,-1.5101354084183947,0.8215013468769782,path_segment_011,SUPPORTED,,0.7897090911865234,0.0,0.7897243499755859,3.0517578125e-05,5.046558380126953,-1.87200927734375,-0.002214099675040989,0.7861354142185619,path_segment_011,SUPPORTED,,SUPPORTED,
131,131,4366.666666666666,VALID_TARGET,,11.0,881.9658660888672,412.1035957336426,875.9722118377686,404.3019218444824,SUPPORTED,886.4097744360903,400.88345864661653,826.7293233082708,317.03007518796994,119.36090225563909,167.70676691729324,SUPPORTED,translation_median_sparse_flow,-1.404510498046875,2.1194229125976562,350.0,0.7595442533493042,,,SUPPORTED,partial_affine_ransac_sparse_flow,0.2581527676069882,1.443227459279055,335.0,0.35868531262218245,0.9979960761682165,0.9571428571428572,3.0507030487060547,0.0,4.45521354675293,-2.1194229125976562,9.501771926879883,-3.9914321899414062,25.441249178605226,4.911226687003606,path_segment_011,SUPPORTED,,3.0507030487060547,0.0,5.000491064191465,-1.6218770858292828,10.712754716424683,-2.859497860767192,17.970137090575648,5.233047526737705,path_segment_011,SUPPORTED,,3.0507030487060547,0.0,4.45521354675293,-2.1194229125976562,9.501771926879883,-3.9914321899414062,25.441249178605226,4.911226687003606,path_segment_011,SUPPORTED,,SUPPORTED,
132,132,4400.0,VALID_TARGET,,11.0,879.1304779052734,411.0001602172851,877.4141044616699,404.16122817993164,SUPPORTED,887.7443609022556,401.7293233082707,828.2330827067669,317.89473684210526,119.02255639097743,167.66917293233084,SUPPORTED,translation_median_sparse_flow,0.0,0.0,350.0,9.478699939791113e-05,,,SUPPORTED,partial_affine_ransac_sparse_flow,-0.0073589526886260505,0.00042900302915984496,350.0,0.002308655471239634,1.0000069251044048,1.0,1.4418926239013672,-0.14069366455078125,1.4418926239013672,-0.14069366455078125,10.94366455078125,-4.1321258544921875,5.57303280311531,1.442156639714985,path_segment_011,SUPPORTED,,1.4418926239013672,-0.14069366455078125,1.4424374329308876,-0.1423019782261008,12.155192149355571,-3.0017998389932927,5.634216842112936,1.4428527127250912,path_segment_011,SUPPORTED,,1.4418926239013672,-0.14069366455078125,1.4418926239013672,-0.14069366455078125,10.94366455078125,-4.1321258544921875,5.57303280311531,1.442156639714985,path_segment_011,SUPPORTED,,SUPPORTED,
133,133,4433.333333333334,VALID_TARGET,,11.0,876.8083400726318,401.6215744018554,879.5003299713135,404.33834075927734,SUPPORTED,889.078947368421,402.57518796992485,829.7368421052631,318.75939849624064,118.68421052631578,167.63157894736844,SUPPORTED,translation_median_sparse_flow,-1.300079345703125,0.7028045654296875,350.0,0.8613805770874023,,,SUPPORTED,partial_affine_ransac_sparse_flow,0.41211392477203423,0.8356477129690667,336.0,0.1846889206021583,0.9977442642574953,0.96,2.0862255096435547,0.17711257934570312,3.3863048553466797,-0.5256919860839844,14.32996940612793,-4.657817840576172,8.824194247849059,3.411292758336144,path_segment_011,SUPPORTED,,2.0862255096435547,0.17711257934570312,3.81055642113688,-0.08801885506119334,15.965748570492451,-3.089818694054486,1.3232220511726345,3.794250988557868,path_segment_011,SUPPORTED,,2.0862255096435547,0.17711257934570312,3.3863048553466797,-0.5256919860839844,14.32996940612793,-4.657817840576172,8.824194247849059,3.411292758336144,path_segment_011,SUPPORTED,,SUPPORTED,
134,134,4466.666666666667,VALID_TARGET,,11.0,878.1128959655762,402.6238327026367,878.8066129684448,403.48108673095703,SUPPORTED,890.4135338345865,403.42105263157896,831.2406015037594,319.62406015037595,118.34586466165412,167.59398496240604,SUPPORTED,translation_median_sparse_flow,-0.00860595703125,-5.340576171875e-05,350.0,0.026909897103905678,,,SUPPORTED,partial_affine_ransac_sparse_flow,-0.010696359745556326,0.0001879256642428395,350.0,0.051159604289065394,0.9999400488327456,1.0,-0.6937170028686523,-0.8572540283203125,-0.6851110458374023,-0.8572006225585938,13.644858360290527,-5.515018463134766,128.63332910582304,1.0923598842011328,path_segment_011,SUPPORTED,,-0.6937170028686523,-0.8572540283203125,-0.635460272204341,-0.8219628123620737,15.33028829828811,-3.9117815064165598,127.70764540340257,1.034235882036435,path_segment_011,SUPPORTED,,-0.6937170028686523,-0.8572540283203125,-0.6851110458374023,-0.8572006225585938,13.644858360290527,-5.515018463134766,128.63332910582304,1.0923598842011328,path_segment_011,SUPPORTED,,SUPPORTED,
135,135,4500.0,VALID_TARGET,HUMAN_ACCEPTED_TARGET: operator reviewed the raw skeleton and confirmed that it belongs to the documented athlete.,11.0,882.5894069671631,404.33834075927734,878.1128959655762,402.6238327026367,SUPPORTED,891.7481203007519,404.26691729323306,832.7443609022557,320.4887218045113,118.00751879699246,167.5563909774436,SUPPORTED,translation_median_sparse_flow,-1.11651611328125,1.84869384765625,350.0,0.6546249389648438,,,SUPPORTED,partial_affine_ransac_sparse_flow,0.4490246423364579,1.474394446855729,334.0,0.2638616397170922,0.9980727778610825,0.9542857142857143,-0.6937170028686523,-0.8572540283203125,0.42279911041259766,-2.7059478759765625,14.067657470703125,-8.220966339111328,81.11944926478049,2.7263329704753585,path_segment_011,SUPPORTED,,-0.6937170028686523,-0.8572540283203125,0.883933452258475,-2.2785983152567724,16.214221750546585,-6.190379821673332,68.79730264319832,2.432936439066493,path_segment_011,SUPPORTED,,-0.6937170028686523,-0.8572540283203125,0.42279911041259766,-2.7059478759765625,14.067657470703125,-8.220966339111328,81.11944926478049,2.7263329704753585,path_segment_011,SUPPORTED,,SUPPORTED,
136,136,4533.333333333333,INVALID_TRACK_SEGMENT,Valid-looking pose segment is too short to establish target identity continuity.,,883.6439552307129,404.15875244140625,,,,893.0827067669173,405.1127819548873,834.2481203007519,321.35338345864665,117.6691729323308,167.5187969924812,,,,,,,,,,,,,,,,,,,,,,,,,,,,,,,,,,,,,,,,,,,,,,,,,,,
137,137,4566.666666666666,TARGET_IDENTITY_UNCERTAIN,TARGET_OVERLAP_AMBIGUOUS: another detected person overlaps or is too close to the selected pose for automated identity acceptance.,,882.3808784484863,399.5367965698242,,,,894.4172932330827,405.9586466165414,835.7518796992481,322.21804511278197,117.33082706766915,167.48120300751881,,,,,,,,,,,,,,,,,,,,,,,,,,,,,,,,,,,,,,,,,,,,,,,,,,,
138,138,4600.0,VALID_TARGET,,12.0,883.6174221038818,400.6880531311035,885.3109951019287,400.6880531311035,SUPPORTED,895.7518796992481,406.8045112781955,837.2556390977444,323.0827067669173,116.99248120300749,167.44360902255642,SUPPORTED,translation_median_sparse_flow,-1.025726318359375,0.3791618347167969,350.0,0.7708540558815002,,,SUPPORTED,partial_affine_ransac_sparse_flow,0.5334906080020572,0.7745616201367654,338.0,0.15420282859448745,0.9979201308308056,0.9657142857142857,,,,,0.0,0.0,,,path_segment_012,SUPPORTED,,,,,,0.0,0.0,,,path_segment_012,SUPPORTED,,,,,,0.0,0.0,,,path_segment_012,SUPPORTED,,SUPPORTED,
139,139,4633.333333333334,VALID_TARGET,,12.0,885.163164138794,406.25426483154297,886.6834182739258,401.3309020996094,SUPPORTED,897.0864661654136,407.65037593984965,838.7593984962407,323.94736842105266,116.65413533834582,167.406015037594,SUPPORTED,translation_median_sparse_flow,-0.76544189453125,1.766326904296875,350.0,0.7011282444000244,,,SUPPORTED,partial_affine_ransac_sparse_flow,0.6397315834094633,1.1035808473773534,342.0,0.346285024166093,0.9983031513236977,0.9771428571428571,1.3724231719970703,0.6428489685058594,2.1378650665283203,-1.1234779357910156,2.1378650665283203,-1.1234779357910156,27.722552847769624,2.4041165817157495,path_segment_012,SUPPORTED,,1.3724231719970703,0.6428489685058594,2.670084548218483,-0.7408991202760262,2.670084548218483,-0.7408991202760262,15.508351424403772,2.7583786911195682,path_segment_012,SUPPORTED,,1.3724231719970703,0.6428489685058594,2.1378650665283203,-1.1234779357910156,2.1378650665283203,-1.1234779357910156,27.722552847769624,2.4041165817157495,path_segment_012,SUPPORTED,,SUPPORTED,
140,140,4666.666666666667,VALID_TARGET,,12.0,886.4765930175781,397.9269905090332,888.0558414459229,401.97375106811523,SUPPORTED,898.421052631579,408.49624060150376,840.2631578947369,324.812030075188,116.31578947368416,167.3684210526316,SUPPORTED,translation_median_sparse_flow,-0.65325927734375,0.31780242919921875,350.0,0.6914040446281433,,,SUPPORTED,partial_affine_ransac_sparse_flow,0.7047289069296395,0.7925463852437682,341.0,0.17568329121276383,0.9981704116280512,0.9742857142857143,1.3724231719970703,0.6428489685058594,2.0256824493408203,0.3250465393066406,4.163547515869141,-0.798431396484375,-9.116125844244749,2.042272067483325,path_segment_012,SUPPORTED,,1.3724231719970703,0.6428489685058594,2.2856645433868152,0.594063129794165,4.955749091605298,-0.14683599048186124,-14.569293431700007,2.3508715792016375,path_segment_012,SUPPORTED,,1.3724231719970703,0.6428489685058594,2.0256824493408203,0.3250465393066406,4.163547515869141,-0.798431396484375,-9.116125844244749,2.042272067483325,path_segment_012,SUPPORTED,,SUPPORTED,
141,141,4700.0,VALID_TARGET,,12.0,889.5897769927979,401.9737510681152,889.9099369049072,403.07254791259766,SUPPORTED,899.7556390977443,409.3421052631579,841.7669172932331,325.6766917293233,115.97744360902252,167.3308270676692,SUPPORTED,translation_median_sparse_flow,-0.000518798828125,-0.002895355224609375,350.0,0.012241065502166748,,,SUPPORTED,partial_affine_ransac_sparse_flow,-0.013757182562758805,-0.008581889290938265,350.0,0.04958902158435308,0.9999657313694035,1.0,1.854095458984375,1.0987968444824219,1.8546142578125,1.1016921997070312,6.018161773681641,0.30326080322265625,-30.71148398075054,2.147352190094839,path_segment_012,SUPPORTED,,1.854095458984375,1.0987968444824219,1.8902169856647788,1.1389786859215292,6.845966077270077,0.9921426954396679,-31.07169773950087,2.1968221780802506,path_segment_012,SUPPORTED,,1.854095458984375,1.0987968444824219,1.8546142578125,1.1016921997070312,6.018161773681641,0.30326080322265625,-30.71148398075054,2.147352190094839,path_segment_012,SUPPORTED,,SUPPORTED,
142,142,4733.333333333333,VALID_TARGET,,12.0,893.7268028259277,403.07254791259766,893.7268028259277,402.0901565551758,SUPPORTED,901.0902255639098,410.1879699248121,843.2706766917294,326.54135338345867,115.63909774436085,167.2932330827068,SUPPORTED,translation_median_sparse_flow,-0.375213623046875,1.5195465087890625,350.0,0.6453343629837036,,,SUPPORTED,partial_affine_ransac_sparse_flow,0.8282204567456627,1.0674151334470205,345.0,0.27597348625720725,0.9985073608011636,0.9857142857142858,3.816865921020508,-0.982391357421875,4.192079544067383,-2.5019378662109375,10.210241317749023,-2.1986770629882812,30.829808705438353,4.859742172946768,path_segment_012,SUPPORTED,,3.816865921020508,-0.982391357421875,4.658673558993883,-2.2017547969447833,11.50463963626396,-1.2096121015051153,25.296078312567076,5.1293457548514825,path_segment_012,SUPPORTED,,3.816865921020508,-0.982391357421875,4.192079544067383,-2.5019378662109375,10.210241317749023,-2.1986770629882812,30.829808705438353,4.859742172946768,path_segment_012,SUPPORTED,,SUPPORTED,
143,143,4766.666666666667,VALID_TARGET,,12.0,893.8206920623779,405.24896240234375,893.8206920623779,402.77795028686523,SUPPORTED,902.4248120300753,411.0338345864662,844.7744360902257,327.406015037594,115.30075187969919,167.2556390977444,SUPPORTED,translation_median_sparse_flow,-6.103515625e-05,-4.9591064453125e-05,350.0,0.00940637569874525,,,SUPPORTED,partial_affine_ransac_sparse_flow,-0.008470381609641435,0.019705445573915667,350.0,0.025380288551793622,0.9999759671120487,1.0,0.09388923645019531,0.6877937316894531,0.09395027160644531,0.6878433227539062,10.304191589355469,-1.510833740234375,-82.22228526705652,0.6910748965137287,path_segment_012,SUPPORTED,,0.09388923645019531,0.6877937316894531,0.11294867097296901,0.701957298380762,11.617588307236929,-0.5076548031243533,-80.85915339480009,0.7077551446798149,path_segment_012,SUPPORTED,,0.09388923645019531,0.6877937316894531,0.09395027160644531,0.6878433227539062,10.304191589355469,-1.510833740234375,-82.22228526705652,0.6910748965137287,path_segment_012,SUPPORTED,,SUPPORTED,
144,144,4800.0,VALID_TARGET,,12.0,896.0218257904053,401.59980392456055,894.9212589263916,402.9597568511963,SUPPORTED,903.7593984962406,411.8796992481203,846.2781954887218,328.2706766917293,114.96240601503754,167.21804511278197,SUPPORTED,translation_median_sparse_flow,-0.3350830078125,0.0837860107421875,350.0,0.35358554124832153,,,SUPPORTED,partial_affine_ransac_sparse_flow,0.785151028250097,0.39177335538831104,329.0,0.13993281002158528,0.9985574839153255,0.94,1.1005668640136719,0.1818065643310547,1.4356498718261719,0.09802055358886719,11.73984146118164,-1.4128131866455078,-3.9058698427503598,1.4324526489077012,path_segment_012,SUPPORTED,,1.1005668640136719,0.1818065643310547,1.6376029926170759,0.29818617912246737,13.255191299854005,-0.20946862400188593,-10.319753788836584,1.6569650045922986,path_segment_012,SUPPORTED,,1.1005668640136719,0.1818065643310547,1.4356498718261719,0.09802055358886719,11.73984146118164,-1.4128131866455078,-3.9058698427503598,1.4324526489077012,path_segment_012,SUPPORTED,,SUPPORTED,
145,145,4833.333333333333,VALID_TARGET,,12.0,898.8217906951904,402.8469657897949,896.0218257904053,402.8469657897949,SUPPORTED,905.093984962406,412.72556390977445,847.781954887218,329.1353383458647,114.62406015037588,167.18045112781957,SUPPORTED,translation_median_sparse_flow,-0.02679443359375,-0.00185394287109375,350.0,0.04757687449455261,,,SUPPORTED,partial_affine_ransac_sparse_flow,0.0034909803815271756,0.007860833367508367,350.0,0.05023806951128023,0.9999167922148356,1.0,1.1005668640136719,-0.11279106140136719,1.1273612976074219,-0.11093711853027344,12.867202758789062,-1.5237503051757812,5.620053182780973,1.1276584002500194,path_segment_012,SUPPORTED,,1.1005668640136719,-0.11279106140136719,1.1631127541696742,-0.06840549997048129,14.418304054023679,-0.2778741239723672,3.3658275217917906,1.15982761523176,path_segment_012,SUPPORTED,,1.1005668640136719,-0.11279106140136719,1.1273612976074219,-0.11093711853027344,12.867202758789062,-1.5237503051757812,5.620053182780973,1.1276584002500194,path_segment_012,SUPPORTED,,SUPPORTED,
