source_frame_index,analysis_frame_index,timestamp_ms,frame_status,frame_rejection_reason,valid_segment_id,raw_pelvis_mid_x,raw_pelvis_mid_y,path_input_center_x,path_input_center_y,center_status,roi_center_x,roi_center_y,roi_x,roi_y,roi_width,roi_height,translation_camera_motion_status,translation_camera_motion_method,translation_background_dx_px,translation_background_dy_px,translation_background_feature_count,translation_camera_motion_residual_px,translation_affine_scale,translation_affine_inlier_fraction,affine_camera_motion_status,affine_camera_motion_method,affine_background_dx_px,affine_background_dy_px,affine_background_feature_count,affine_camera_motion_residual_px,affine_affine_scale,affine_affine_inlier_fraction,translation_raw_dx,translation_raw_dy,translation_compensated_dx,translation_compensated_dy,translation_compensated_x,translation_compensated_y,translation_projected_heading_deg,translation_normalized_projected_speed_per_s,translation_path_segment_id,translation_path_status,translation_path_rejection_reason,affine_raw_dx,affine_raw_dy,affine_compensated_dx,affine_compensated_dy,affine_compensated_x,affine_compensated_y,affine_projected_heading_deg,affine_normalized_projected_speed_per_s,affine_path_segment_id,affine_path_status,affine_path_rejection_reason,chosen_raw_dx,chosen_raw_dy,chosen_compensated_dx,chosen_compensated_dy,chosen_compensated_x,chosen_compensated_y,chosen_projected_heading_deg,chosen_normalized_projected_speed_per_s,chosen_path_segment_id,chosen_path_status,chosen_path_rejection_reason,chosen_path_validation_status,chosen_path_validation_reason
0,0,0.0,VALID_TARGET,,1.0,1022.121353149414,603.0972900390625,1021.3012619018555,603.9028167724609,SUPPORTED,1006.0714285714287,626.7857142857142,821.7857142857143,261.42857142857144,368.57142857142856,730.7142857142857,INSUFFICIENT_EVIDENCE,translation_median_sparse_flow,0.0,0.0,0.0,,,,INSUFFICIENT_EVIDENCE,partial_affine_ransac_sparse_flow,0.0,0.0,0.0,,,,,,,,0.0,0.0,,,path_segment_001,SUPPORTED,,,,,,0.0,0.0,,,path_segment_001,SUPPORTED,,,,,,0.0,0.0,,,path_segment_001,SUPPORTED,,SUPPORTED,
1,1,33.333333333333336,VALID_TARGET,,1.0,1021.3012619018556,603.9028167724609,1021.1592636108398,604.319221496582,SUPPORTED,1005.7678571428572,626.9285714285714,820.9642857142858,261.3571428571429,369.60714285714283,731.1428571428571,SUPPORTED,translation_median_sparse_flow,-0.039794921875,0.8117828369140625,350.0,0.6923984289169312,,,SUPPORTED,partial_affine_ransac_sparse_flow,-0.11840747248514776,0.09016334148037575,350.0,0.4779348751184672,1.0001783221464375,1.0,-0.141998291015625,0.41640472412109375,-0.102203369140625,-0.39537811279296875,-0.102203369140625,-0.39537811279296875,104.4934306565592,0.06779221751032088,path_segment_001,SUPPORTED,,-0.141998291015625,0.41640472412109375,0.15546184578283828,-0.39183627245245134,0.15546184578283828,-0.39183627245245134,68.35919550171299,0.0699794209908243,path_segment_001,SUPPORTED,,-0.141998291015625,0.41640472412109375,-0.102203369140625,-0.39537811279296875,-0.102203369140625,-0.39537811279296875,104.4934306565592,0.06779221751032088,path_segment_001,SUPPORTED,,SUPPORTED,
2,2,66.66666666666667,VALID_TARGET,,1.0,1021.0172653198242,604.7356262207031,1021.0172653198242,604.7356262207031,SUPPORTED,1005.4642857142858,627.0714285714286,820.1428571428572,261.2857142857143,370.6428571428571,731.5714285714286,SUPPORTED,translation_median_sparse_flow,-0.0364990234375,1.1141853332519531,350.0,0.781234860420227,,,SUPPORTED,partial_affine_ransac_sparse_flow,0.008464610699400087,0.024547412259262626,350.0,0.4696005398162278,1.000035731593522,1.0,-0.141998291015625,0.41640472412109375,-0.105499267578125,-0.6977806091308594,-0.20770263671875,-1.0931587219238281,98.59758146687916,0.1171516762936778,path_segment_001,SUPPORTED,,-0.141998291015625,0.41640472412109375,0.2832548219381579,-0.42356966021907283,0.43871666772099616,-0.8154059326715242,56.22806434667748,0.08458849315615037,path_segment_001,SUPPORTED,,-0.141998291015625,0.41640472412109375,-0.105499267578125,-0.6977806091308594,-0.20770263671875,-1.0931587219238281,98.59758146687916,0.1171516762936778,path_segment_001,SUPPORTED,,SUPPORTED,
3,3,100.0,VALID_TARGET,,1.0,1020.043914794922,606.5720367431641,1020.9184722900391,606.5720367431641,SUPPORTED,1005.1607142857144,627.2142857142858,819.3214285714287,261.2142857142857,371.67857142857144,732.0,SUPPORTED,translation_median_sparse_flow,-0.0005645751953125,0.9749755859375,350.0,0.754065752029419,,,SUPPORTED,partial_affine_ransac_sparse_flow,0.01348951244866313,0.08708750129398501,350.0,0.5249519979145991,1.00009670220264,1.0,-0.09879302978515625,1.8364105224609375,-0.09822845458984375,0.8614349365234375,-0.30593109130859375,-0.23172378540039062,-96.50527511397613,0.1439293750579156,path_segment_001,SUPPORTED,,-0.09879302978515625,1.8364105224609375,0.2264739054930942,0.9528056777061238,0.6651905732140904,0.13739974503459962,-76.62939031936946,0.16257741482369747,path_segment_001,SUPPORTED,,-0.09879302978515625,1.8364105224609375,-0.09822845458984375,0.8614349365234375,-0.30593109130859375,-0.23172378540039062,-96.50527511397613,0.1439293750579156,path_segment_001,SUPPORTED,,SUPPORTED,
4,4,133.33333333333334,VALID_TARGET,,1.0,1020.8543243408204,607.5191040039062,1020.421012878418,607.3709411621094,SUPPORTED,1004.8571428571429,627.3571428571429,818.5,261.14285714285717,372.7142857142857,732.4285714285713,SUPPORTED,translation_median_sparse_flow,-0.000152587890625,1.0928878784179688,350.0,0.8393449783325195,,,SUPPORTED,partial_affine_ransac_sparse_flow,-0.2814433135259646,-0.06334405031098062,349.0,0.5029760958737434,1.0003713310658522,0.9971428571428571,-0.49745941162109375,0.7989044189453125,-0.49730682373046875,-0.29398345947265625,-0.8032379150390625,-0.5257072448730469,149.41049814164418,0.09590164163771797,path_segment_001,SUPPORTED,,-0.49745941162109375,0.7989044189453125,-0.09487915758847976,-0.20414563544420616,0.5703114156256106,-0.06674589040960655,114.92722005465465,0.03737052953938278,path_segment_001,SUPPORTED,,-0.49745941162109375,0.7989044189453125,-0.49730682373046875,-0.29398345947265625,-0.8032379150390625,-0.5257072448730469,149.41049814164418,0.09590164163771797,path_segment_001,SUPPORTED,,SUPPORTED,
5,5,166.66666666666666,VALID_TARGET,,1.0,1020.3653106689452,607.5032043457031,1019.9240646362305,607.6513671875,SUPPORTED,1004.5535714285714,627.5,817.6785714285714,261.0714285714286,373.75,732.8571428571428,SUPPORTED,translation_median_sparse_flow,-0.07647705078125,2.0127410888671875,350.0,1.420614242553711,,,SUPPORTED,partial_affine_ransac_sparse_flow,-0.047548987779931905,0.021297455085004646,335.0,0.9122405352134325,1.0001265767009706,0.9571428571428572,-0.4969482421875,0.280426025390625,-0.42047119140625,-1.7323150634765625,-1.2237091064453125,-2.2580223083496094,103.64311374558447,0.29592313211668586,path_segment_001,SUPPORTED,,-0.4969482421875,0.280426025390625,0.3991052960379875,-1.457290971562884,0.9694167116635981,-1.5240368619724904,74.68406739436777,0.2508262163342641,path_segment_001,SUPPORTED,,-0.4969482421875,0.280426025390625,-0.42047119140625,-1.7323150634765625,-1.2237091064453125,-2.2580223083496094,103.64311374558447,0.29592313211668586,path_segment_001,SUPPORTED,,SUPPORTED,
6,6,200.0,VALID_TARGET,,1.0,1018.9598999023438,608.996337890625,1019.0325164794922,607.6513671875,SUPPORTED,1004.25,627.6428571428571,816.8571428571429,261.0,374.7857142857143,733.2857142857142,SUPPORTED,translation_median_sparse_flow,-0.014068603515625,1.9949188232421875,350.0,1.5198326110839844,,,SUPPORTED,partial_affine_ransac_sparse_flow,-0.28198326134655427,0.06380072274912499,348.0,0.9884943533532987,1.000488898439963,0.9942857142857143,-0.8915481567382812,0.0,-0.8774795532226562,-1.9949188232421875,-2.1011886596679688,-4.252941131591797,113.74264287471368,0.36178742522601676,path_segment_001,SUPPORTED,,-0.8915481567382812,0.0,-0.13503590388779685,-1.991348156598633,0.8343808077758013,-3.5153850185711235,93.87936222005314,0.33133332096280116,path_segment_001,SUPPORTED,,-0.8915481567382812,0.0,-0.8774795532226562,-1.9949188232421875,-2.1011886596679688,-4.252941131591797,113.74264287471368,0.36178742522601676,path_segment_001,SUPPORTED,,SUPPORTED,
7,7,233.33333333333337,VALID_TARGET,,1.0,1018.4804306030272,608.3636474609375,1018.4078140258789,608.1295318603516,SUPPORTED,1003.9464285714287,627.7857142857142,816.0357142857143,260.92857142857144,375.82142857142856,733.7142857142857,SUPPORTED,translation_median_sparse_flow,-0.0007171630859375,0.9998779296875,350.0,0.9768385291099548,,,SUPPORTED,partial_affine_ransac_sparse_flow,0.1026660016714455,-0.006887043943686478,349.0,0.4836135744370996,1.000004915863632,0.9971428571428571,-0.6247024536132812,0.4781646728515625,-0.6239852905273438,-0.5217132568359375,-2.7251739501953125,-4.774654388427734,140.101049955256,0.13502074900738284,path_segment_001,SUPPORTED,,-0.6247024536132812,0.4781646728515625,-0.19911403614480605,-0.4113291720258303,0.6352667716309952,-3.926714190596954,115.8304486325055,0.07586239254662909,path_segment_001,SUPPORTED,,-0.6247024536132812,0.4781646728515625,-0.6239852905273438,-0.5217132568359375,-2.7251739501953125,-4.774654388427734,140.101049955256,0.13502074900738284,path_segment_001,SUPPORTED,,SUPPORTED,
8,8,266.6666666666667,VALID_TARGET,,1.0,1016.7997589111328,606.6064605712891,1016.9000930786133,608.5940246582031,SUPPORTED,1003.6428571428572,627.9285714285714,815.2142857142858,260.8571428571429,376.85714285714283,734.1428571428571,SUPPORTED,translation_median_sparse_flow,-0.0025634765625,2.2370147705078125,350.0,1.681997537612915,,,SUPPORTED,partial_affine_ransac_sparse_flow,-0.0592291812435287,-0.06351894832579065,317.0,0.8919318040078767,1.0001381102648772,0.9057142857142857,-1.507720947265625,0.4644927978515625,-1.505157470703125,-1.77252197265625,-4.2303314208984375,-6.547176361083984,130.3366348839121,0.3860230573306147,path_segment_001,SUPPORTED,,-1.507720947265625,0.4644927978515625,-0.4933873337041632,-1.3872493592173214,0.141879437926832,-5.313963549814275,109.5783732429184,0.24442210947752982,path_segment_001,SUPPORTED,,-1.507720947265625,0.4644927978515625,-1.505157470703125,-1.77252197265625,-4.2303314208984375,-6.547176361083984,130.3366348839121,0.3860230573306147,path_segment_001,SUPPORTED,,SUPPORTED,
9,9,300.0,VALID_TARGET,,1.0,1015.910873413086,608.6967315673828,1015.8105392456055,608.9308471679688,SUPPORTED,1003.3392857142858,628.0714285714286,814.3928571428572,260.7857142857143,377.8928571428571,734.5714285714286,SUPPORTED,translation_median_sparse_flow,-0.14849853515625,2.1769866943359375,350.0,1.5663270950317383,,,SUPPORTED,partial_affine_ransac_sparse_flow,0.1394384702147593,-0.1295519894652087,294.0,0.755962488797219,0.9998818442964618,0.84,-1.0895538330078125,0.336822509765625,-0.9410552978515625,-1.8401641845703125,-5.17138671875,-8.387340545654297,117.08508727457615,0.34310464198024404,path_segment_001,SUPPORTED,,-1.0895538330078125,0.336822509765625,0.1305079790149648,-1.5277740607036776,0.2723874169417968,-6.841737610517953,85.11744084943564,0.2545421019533313,path_segment_001,SUPPORTED,,-1.0895538330078125,0.336822509765625,-0.9410552978515625,-1.8401641845703125,-5.17138671875,-8.387340545654297,117.08508727457615,0.34310464198024404,path_segment_001,SUPPORTED,,SUPPORTED,
10,10,333.3333333333333,VALID_TARGET,,1.0,1012.715675354004,614.0293426513672,1012.7156753540039,614.0293426513672,SUPPORTED,1003.0357142857144,628.2142857142858,813.5714285714287,260.7142857142857,378.92857142857144,735.0,SUPPORTED,translation_median_sparse_flow,-0.1060791015625,2.747314453125,350.0,1.8923240900039673,,,SUPPORTED,partial_affine_ransac_sparse_flow,-0.2720678220526492,0.04390027697150953,335.0,0.97508857262186,1.0004193069944087,0.9571428571428572,-3.0948638916015625,5.0984954833984375,-2.9887847900390625,2.3511810302734375,-8.160171508789062,-6.036159515380859,-141.8090068131585,0.6312758053813524,path_segment_001,SUPPORTED,,-3.0948638916015625,5.0984954833984375,-2.0104090937680894,2.7382561713043287,-1.7380216768262926,-4.103481439213624,-126.28586266427722,0.5639241124124937,path_segment_001,SUPPORTED,,-3.0948638916015625,5.0984954833984375,-2.9887847900390625,2.3511810302734375,-8.160171508789062,-6.036159515380859,-141.8090068131585,0.6312758053813524,path_segment_001,SUPPORTED,,SUPPORTED,
11,11,366.66666666666663,VALID_TARGET,,1.0,1011.6395263671876,614.9581756591797,1011.6395263671875,614.9581756591797,SUPPORTED,1002.7321428571429,628.3571428571429,812.75,260.64285714285717,379.9642857142857,735.4285714285713,SUPPORTED,translation_median_sparse_flow,-0.15283203125,2.6905517578125,349.0,1.7905195951461792,,,SUPPORTED,partial_affine_ransac_sparse_flow,-0.1298484522707848,-0.3078749492551372,317.0,0.966443027990179,1.0004503840496706,0.9083094555873925,-1.0761489868164062,0.9288330078125,-0.9233169555664062,-1.76171875,-9.083488464355469,-7.797878265380859,117.65903762087312,0.33018626110689414,path_segment_001,SUPPORTED,,-1.0761489868164062,0.9288330078125,0.09289886092665256,-1.4993060501336686,-1.64512281589964,-5.602787489347293,86.45441525711624,0.24936991080462365,path_segment_001,SUPPORTED,,-1.0761489868164062,0.9288330078125,-0.9233169555664062,-1.76171875,-9.083488464355469,-7.797878265380859,117.65903762087312,0.33018626110689414,path_segment_001,SUPPORTED,,SUPPORTED,
12,12,400.0,VALID_TARGET,,1.0,1011.144012451172,617.3344573974609,1011.1440124511719,617.3344573974609,SUPPORTED,1002.4285714285714,628.5,811.9285714285714,260.5714285714286,381.0,735.8571428571428,SUPPORTED,translation_median_sparse_flow,-0.22637939453125,2.8753662109375,350.0,1.6388633251190186,,,SUPPORTED,partial_affine_ransac_sparse_flow,0.0021334564415459575,-0.16524776840075836,323.0,0.8726899383775281,1.0003126043119748,0.9228571428571428,-0.495513916015625,2.37628173828125,-0.269134521484375,-0.49908447265625,-9.352622985839844,-8.29696273803711,118.3360519750676,0.09412929406401864,path_segment_001,SUPPORTED,,-0.495513916015625,2.37628173828125,0.6174429671710868,0.0008183365429204059,-1.0276798487285532,-5.601969152804372,-0.07593770626564797,0.10249883087076982,path_segment_001,SUPPORTED,,-0.495513916015625,2.37628173828125,-0.269134521484375,-0.49908447265625,-9.352622985839844,-8.29696273803711,118.3360519750676,0.09412929406401864,path_segment_001,SUPPORTED,,SUPPORTED,
13,13,433.33333333333337,VALID_TARGET,,1.0,1009.6312637329102,618.4442138671875,1009.6312637329102,618.0959014892578,SUPPORTED,1002.125,628.6428571428571,811.1071428571429,260.5,382.0357142857143,736.2857142857142,SUPPORTED,translation_median_sparse_flow,-0.146728515625,3.093536376953125,350.0,1.948045015335083,,,SUPPORTED,partial_affine_ransac_sparse_flow,-0.07785062362892474,-0.16013186771877308,329.0,0.895542779689978,1.0002168073700788,0.94,-1.5127487182617188,0.761444091796875,-1.3660202026367188,-2.33209228515625,-10.718643188476562,-10.62905502319336,120.35958683234263,0.4486646491043113,path_segment_001,SUPPORTED,,-1.5127487182617188,0.761444091796875,-0.23079385291384824,-1.5375438630500184,-1.2584737016424015,-7.139513015854391,98.53667949069178,0.2580997482185778,path_segment_001,SUPPORTED,,-1.5127487182617188,0.761444091796875,-1.3660202026367188,-2.33209228515625,-10.718643188476562,-10.62905502319336,120.35958683234263,0.4486646491043113,path_segment_001,SUPPORTED,,SUPPORTED,
14,14,466.6666666666667,VALID_TARGET,,1.0,1007.246467590332,618.0959014892578,1007.246467590332,618.4442138671875,SUPPORTED,1001.8214285714287,628.7857142857142,810.2857142857143,260.42857142857144,383.07142857142856,736.7142857142857,SUPPORTED,translation_median_sparse_flow,-0.21539306640625,3.0887832641601562,350.0,1.7736057043075562,,,SUPPORTED,partial_affine_ransac_sparse_flow,0.06295639466827525,-0.3528912889927357,314.0,0.797278874140216,1.0001240614930464,0.8971428571428571,-2.384796142578125,0.3483123779296875,-2.169403076171875,-2.7404708862304688,-12.888046264648438,-13.369525909423828,128.36573260661683,0.5802229606978792,path_segment_001,SUPPORTED,,-2.384796142578125,0.3483123779296875,-1.0194467583484084,-1.9060189712870397,-2.27792045999081,-9.04553198714143,118.14039138784571,0.35882398546017885,path_segment_001,SUPPORTED,,-2.384796142578125,0.3483123779296875,-2.169403076171875,-2.7404708862304688,-12.888046264648438,-13.369525909423828,128.36573260661683,0.5802229606978792,path_segment_001,SUPPORTED,,SUPPORTED,
15,15,500.0,VALID_TARGET,,1.0,1005.6941757202148,619.9204406738281,1005.6941757202148,619.9204406738281,SUPPORTED,1001.5178571428572,628.9285714285714,809.4642857142858,260.3571428571429,384.1071428571429,737.1428571428571,SUPPORTED,translation_median_sparse_flow,-0.20501708984375,3.11358642578125,350.0,1.7080771923065186,,,SUPPORTED,partial_affine_ransac_sparse_flow,0.26966860895260986,-0.1504598964392051,322.0,0.8755777814640702,1.0000318515058335,0.92,-1.5522918701171875,1.476226806640625,-1.3472747802734375,-1.637359619140625,-14.235321044921875,-15.006885528564453,129.44870153060742,0.35199740591175166,path_segment_001,SUPPORTED,,-1.5522918701171875,1.476226806640625,-0.4114613068603603,-0.736390374941152,-2.68938176685117,-9.781922362082582,119.19446441323416,0.14003315073062192,path_segment_001,SUPPORTED,,-1.5522918701171875,1.476226806640625,-1.3472747802734375,-1.637359619140625,-14.235321044921875,-15.006885528564453,129.44870153060742,0.35199740591175166,path_segment_001,SUPPORTED,,SUPPORTED,
16,16,533.3333333333334,VALID_TARGET,,1.0,1004.0867309570312,621.2266693115234,1004.0867309570312,621.2266693115234,SUPPORTED,1001.2142857142858,629.0714285714286,808.6428571428572,260.2857142857143,385.14285714285717,737.5714285714286,SUPPORTED,translation_median_sparse_flow,-0.093994140625,3.271240234375,350.0,1.8292946815490723,,,SUPPORTED,partial_affine_ransac_sparse_flow,0.2543315926451858,-0.6141649856180259,275.0,0.6806229203454851,0.9998735848546549,0.7857142857142857,-1.6074447631835938,1.3062286376953125,-1.5134506225585938,-1.9650115966796875,-15.748771667480469,-16.97189712524414,127.60344038677752,0.4117398524804431,path_segment_001,SUPPORTED,,-1.6074447631835938,1.3062286376953125,0.1069172645246681,-0.9789035882535018,-2.582464502326502,-10.760825950336084,83.76677983851535,0.16346948450985122,path_segment_001,SUPPORTED,,-1.6074447631835938,1.3062286376953125,-1.5134506225585938,-1.9650115966796875,-15.748771667480469,-16.97189712524414,127.60344038677752,0.4117398524804431,path_segment_001,SUPPORTED,,SUPPORTED,
17,17,566.6666666666666,VALID_TARGET,,1.0,1002.7652740478516,621.5776519775391,1002.7652740478516,621.5776519775391,SUPPORTED,1000.9107142857142,629.2142857142857,807.8214285714286,260.2142857142857,386.17857142857144,737.9999999999999,SUPPORTED,translation_median_sparse_flow,-0.188232421875,3.4668502807617188,350.0,1.6648061275482178,,,SUPPORTED,partial_affine_ransac_sparse_flow,0.30282507822349075,-0.5680006626742993,308.0,0.7086574328775612,0.9999581663865398,0.88,-1.3214569091796875,0.350982666015625,-1.1332244873046875,-3.1158676147460938,-16.881996154785156,-20.087764739990234,109.98605772421713,0.5503974496730376,path_segment_001,SUPPORTED,,-1.3214569091796875,0.350982666015625,0.1637783960447905,-1.868348650834605,-2.4186861062817115,-12.62917460117069,84.99028971174043,0.3113449489801173,path_segment_001,SUPPORTED,,-1.3214569091796875,0.350982666015625,-1.1332244873046875,-3.1158676147460938,-16.881996154785156,-20.087764739990234,109.98605772421713,0.5503974496730376,path_segment_001,SUPPORTED,,SUPPORTED,
18,18,600.0,VALID_TARGET,,1.0,1001.4611892700196,622.3332977294922,1001.4611892700195,622.3332977294922,SUPPORTED,1000.6071428571429,629.3571428571429,807.0,260.14285714285717,387.2142857142857,738.4285714285713,SUPPORTED,translation_median_sparse_flow,-0.074462890625,2.5802536010742188,350.0,1.7222800254821777,,,SUPPORTED,partial_affine_ransac_sparse_flow,0.20504639721366397,-0.3500874546404148,319.0,0.9730395144841646,1.0003044591246302,0.9114285714285715,-1.3040847778320312,0.755645751953125,-1.2296218872070312,-1.8246078491210938,-18.111618041992188,-21.912372589111328,123.97643300742676,0.3652553367273954,path_segment_001,SUPPORTED,,-1.3040847778320312,0.755645751953125,-0.20750197708082396,-1.6684553737781016,-2.6261880833625355,-14.29762997494879,97.08934347758395,0.2791060525319291,path_segment_001,SUPPORTED,,-1.3040847778320312,0.755645751953125,-1.2296218872070312,-1.8246078491210938,-18.111618041992188,-21.912372589111328,123.97643300742676,0.3652553367273954,path_segment_001,SUPPORTED,,SUPPORTED,
19,19,633.3333333333333,VALID_TARGET,,1.0,1000.4627685546876,622.3756103515625,1000.6868209838867,622.3756103515625,SUPPORTED,1000.3035714285714,629.5,806.1785714285714,260.0714285714286,388.25,738.8571428571428,SUPPORTED,translation_median_sparse_flow,-0.02349853515625,3.3969345092773438,350.0,1.7011638879776,,,SUPPORTED,partial_affine_ransac_sparse_flow,0.09518097145303976,-0.15240201343049795,329.0,1.035599447822984,1.000248836386891,0.94,-0.7743682861328125,0.0423126220703125,-0.7508697509765625,-3.3546218872070312,-18.86248779296875,-25.26699447631836,102.61663863466278,0.5706642822431779,path_segment_001,SUPPORTED,,-0.7743682861328125,0.0423126220703125,0.492609737049861,-2.545694537455006,-2.1335783463126745,-16.843324512403797,79.04822253152958,0.43043790192236464,path_segment_001,SUPPORTED,,-0.7743682861328125,0.0423126220703125,-0.7508697509765625,-3.3546218872070312,-18.86248779296875,-25.26699447631836,102.61663863466278,0.5706642822431779,path_segment_001,SUPPORTED,,SUPPORTED,
20,20,666.6666666666666,VALID_TARGET,,1.0,1000.5898818969728,623.1715240478516,1000.3658294677734,623.1715240478516,SUPPORTED,1000.0,629.6428571428571,805.3571428571429,260.0,389.2857142857143,739.2857142857142,SUPPORTED,translation_median_sparse_flow,-0.122314453125,3.77484130859375,350.0,1.8012864589691162,,,SUPPORTED,partial_affine_ransac_sparse_flow,0.011157052908937622,-0.22344125866229816,345.0,1.0588021187630356,1.000558202221616,0.9857142857142858,-0.32099151611328125,0.7959136962890625,-0.19867706298828125,-2.9789276123046875,-19.06116485595703,-28.245922088623047,93.81564288700821,0.49561607626541304,path_segment_001,SUPPORTED,,-0.32099151611328125,0.7959136962890625,0.766657451312085,-1.9850203337788344,-1.3669208950005896,-18.82834484618263,68.88236922309937,0.35324678507741225,path_segment_001,SUPPORTED,,-0.32099151611328125,0.7959136962890625,-0.19867706298828125,-2.9789276123046875,-19.06116485595703,-28.245922088623047,93.81564288700821,0.49561607626541304,path_segment_001,SUPPORTED,,SUPPORTED,
21,21,700.0,VALID_TARGET,,1.0,998.3068084716796,623.9978485107422,998.3068084716797,623.9978485107422,SUPPORTED,999.6964285714287,629.7857142857142,804.5357142857143,259.92857142857144,390.32142857142856,739.7142857142857,SUPPORTED,translation_median_sparse_flow,-0.0340576171875,2.97119140625,350.0,1.6540896892547607,,,SUPPORTED,partial_affine_ransac_sparse_flow,-0.06858424151584752,-0.4604085334616806,297.0,1.037964159187867,1.0008906100972483,0.8485714285714285,-2.05902099609375,0.826324462890625,-2.02496337890625,-2.144866943359375,-21.08612823486328,-30.390789031982422,133.35291244031137,0.4896711773041892,path_segment_001,SUPPORTED,,-2.05902099609375,0.826324462890625,-1.083973984006775,-2.144380112243084,-2.4508948790073646,-20.972724958425715,116.81638131076106,0.39887444647806214,path_segment_001,SUPPORTED,,-2.05902099609375,0.826324462890625,-2.02496337890625,-2.144866943359375,-21.08612823486328,-30.390789031982422,133.35291244031137,0.4896711773041892,path_segment_001,SUPPORTED,,SUPPORTED,
22,22,733.3333333333333,VALID_TARGET,,1.0,998.1856231689452,625.5648498535156,998.1856536865234,625.5648498535156,SUPPORTED,999.3928571428572,629.9285714285714,803.7142857142858,259.8571428571429,391.3571428571429,740.1428571428571,SUPPORTED,translation_median_sparse_flow,-0.0144805908203125,2.944000244140625,350.0,1.8607406616210938,,,SUPPORTED,partial_affine_ransac_sparse_flow,0.26250760800664763,-0.7323395823718902,298.0,0.9183751502227983,1.0002401331955881,0.8514285714285714,-0.12115478515625,1.5670013427734375,-0.1066741943359375,-1.3769989013671875,-21.19280242919922,-31.76778793334961,94.42977707917774,0.22927387192561238,path_segment_001,SUPPORTED,,-0.12115478515625,1.5670013427734375,1.4122682641858546,-1.0955053137225832,-1.03862661482151,-22.0682302721483,37.800956363296876,0.29671001510181866,path_segment_001,SUPPORTED,,-0.12115478515625,1.5670013427734375,-0.1066741943359375,-1.3769989013671875,-21.19280242919922,-31.76778793334961,94.42977707917774,0.22927387192561238,path_segment_001,SUPPORTED,,SUPPORTED,
23,23,766.6666666666667,VALID_TARGET,,1.0,997.8665161132812,626.3426361083984,997.8664855957031,625.9451293945312,SUPPORTED,999.0892857142858,630.0714285714286,802.8928571428572,259.7857142857143,392.39285714285717,740.5714285714286,SUPPORTED,translation_median_sparse_flow,-9.1552734375e-05,3.6796798706054688,350.0,1.6632335186004639,,,SUPPORTED,partial_affine_ransac_sparse_flow,0.42202732364433987,-0.37434124592109913,309.0,0.9511111966420054,1.0000557016905098,0.8828571428571429,-0.3191680908203125,0.380279541015625,-0.3190765380859375,-3.2994003295898438,-21.511878967285156,-35.06718826293945,95.5237505508272,0.5502728554705336,path_segment_001,SUPPORTED,,-0.3191680908203125,0.380279541015625,0.9448822458105042,-2.0507824914539015,-0.0937443690110058,-24.1190127636022,65.2624766904503,0.3748377950491475,path_segment_001,SUPPORTED,,-0.3191680908203125,0.380279541015625,-0.3190765380859375,-3.2994003295898438,-21.511878967285156,-35.06718826293945,95.5237505508272,0.5502728554705336,path_segment_001,SUPPORTED,,SUPPORTED,
24,24,800.0,VALID_TARGET,,1.0,996.672821044922,626.1540679931641,996.6728210449219,625.9451293945312,SUPPORTED,998.7857142857142,630.2142857142857,802.0714285714286,259.7142857142857,393.42857142857144,740.9999999999999,SUPPORTED,translation_median_sparse_flow,-0.00018310546875,2.3686370849609375,350.0,2.2081871032714844,,,SUPPORTED,partial_affine_ransac_sparse_flow,0.13501225219134752,-0.2811701337716708,336.0,1.0876669697919807,1.000616060559203,0.96,-1.19366455078125,0.0,-1.1934814453125,-2.3686370849609375,-22.705360412597656,-37.43582534790039,116.74209235819258,0.4403000977342097,path_segment_001,SUPPORTED,,-1.19366455078125,0.0,-0.23987211556982402,-2.812040187240086,-0.3336164845808298,-26.931052950842286,94.87563083440787,0.4685085642032327,path_segment_001,SUPPORTED,,-1.19366455078125,0.0,-1.1934814453125,-2.3686370849609375,-22.705360412597656,-37.43582534790039,116.74209235819258,0.4403000977342097,path_segment_001,SUPPORTED,,SUPPORTED,
25,25,833.3333333333334,VALID_TARGET,,1.0,995.570442199707,625.7312622070312,996.0743789672852,626.2144012451172,SUPPORTED,998.4821428571429,630.3571428571429,801.25,259.64285714285717,394.4642857142857,741.4285714285713,SUPPORTED,translation_median_sparse_flow,-0.0002593994140625,4.0242919921875,350.0,3.273209571838379,,,SUPPORTED,partial_affine_ransac_sparse_flow,0.44901780356858584,-1.4290230303342715,263.0,1.0484296672952016,1.0004400143783079,0.7514285714285714,-0.5984420776367188,0.2692718505859375,-0.5981826782226562,-3.7550201416015625,-23.303543090820312,-41.19084548950195,99.05128531729446,0.6312127663141481,path_segment_001,SUPPORTED,,-0.5984420776367188,0.2692718505859375,1.912337204176083,-3.95589142132053,1.5787207195952533,-30.886944372162816,64.20018112629269,0.7294055710541116,path_segment_001,SUPPORTED,,-0.5984420776367188,0.2692718505859375,-0.5981826782226562,-3.7550201416015625,-23.303543090820312,-41.19084548950195,99.05128531729446,0.6312127663141481,path_segment_001,SUPPORTED,,SUPPORTED,
26,26,866.6666666666667,VALID_TARGET,,1.0,995.419921875,624.04443359375,995.570442199707,625.7312622070312,SUPPORTED,998.1785714285714,630.5,800.4285714285714,259.5714285714286,395.5,741.8571428571428,SUPPORTED,translation_median_sparse_flow,-0.0002288818359375,3.8385467529296875,350.0,3.2782998085021973,,,SUPPORTED,partial_affine_ransac_sparse_flow,0.6110604629566855,-1.9585654581787046,241.0,0.941310661552791,1.000322598774287,0.6885714285714286,-0.503936767578125,-0.4831390380859375,-0.5037078857421875,-4.321685791015625,-23.8072509765625,-45.51253128051758,96.64803173346439,0.7222788544684222,path_segment_001,SUPPORTED,,-0.503936767578125,-0.4831390380859375,2.2124288524371423,-4.4932383131367715,3.7911495720323956,-35.38018268529959,63.78479297255518,0.8314197845441713,path_segment_001,SUPPORTED,,-0.503936767578125,-0.4831390380859375,-0.5037078857421875,-4.321685791015625,-23.8072509765625,-45.51253128051758,96.64803173346439,0.7222788544684222,path_segment_001,SUPPORTED,,SUPPORTED,
27,27,900.0,VALID_TARGET,,1.0,996.0743789672852,626.5857849121094,995.419921875,625.8153839111328,SUPPORTED,997.875,630.6428571428571,799.6071428571429,259.5,396.53571428571433,742.2857142857142,SUPPORTED,translation_median_sparse_flow,-0.0023193359375,4.7480010986328125,350.0,4.745457172393799,,,SUPPORTED,partial_affine_ransac_sparse_flow,0.9584714040326879,-2.92224102445128,207.0,1.1464072931434273,1.000327826646717,0.5914285714285714,-0.15052032470703125,0.0841217041015625,-0.14820098876953125,-4.66387939453125,-23.95545196533203,-50.17641067504883,91.82003739860926,0.7746189976757656,path_segment_001,SUPPORTED,,-0.15052032470703125,0.0841217041015625,3.7580776961495985,-5.386704784431345,7.549227268181994,-40.76688746973093,55.098137053712286,1.09033618583603,path_segment_001,SUPPORTED,,-0.15052032470703125,0.0841217041015625,-0.14820098876953125,-4.66387939453125,-23.95545196533203,-50.17641067504883,91.82003739860926,0.7746189976757656,path_segment_001,SUPPORTED,,SUPPORTED,
28,28,933.3333333333334,VALID_TARGET,,1.0,994.7858505249023,626.2494506835938,994.7858505249023,626.0365600585938,SUPPORTED,997.5714285714287,630.7857142857142,798.7857142857143,259.42857142857144,397.5714285714286,742.7142857142857,SUPPORTED,translation_median_sparse_flow,-0.000244140625,5.0189666748046875,350.0,4.280791759490967,,,SUPPORTED,partial_affine_ransac_sparse_flow,0.8758596890679792,-2.729718194868305,210.0,1.2321121143636136,1.0002218337272637,0.6,-0.6340713500976562,0.2211761474609375,-0.6338272094726562,-4.79779052734375,-24.589279174804688,-54.97420120239258,97.52566041018137,0.8033782125097378,path_segment_001,SUPPORTED,,-0.6340713500976562,0.2211761474609375,3.210477981152394,-4.979437045713894,10.759705249334388,-45.746324515444826,57.18821490552952,0.9835294732823334,path_segment_001,SUPPORTED,,-0.6340713500976562,0.2211761474609375,-0.6338272094726562,-4.79779052734375,-24.589279174804688,-54.97420120239258,97.52566041018137,0.8033782125097378,path_segment_001,SUPPORTED,,SUPPORTED,
29,29,966.6666666666666,VALID_TARGET,,1.0,993.663818359375,625.0938110351562,993.663818359375,626.7986755371094,SUPPORTED,997.2678571428572,630.9285714285714,797.9642857142858,259.3571428571429,398.6071428571429,743.1428571428571,SUPPORTED,translation_median_sparse_flow,-0.001434326171875,5.315399169921875,350.0,3.8222062587738037,,,SUPPORTED,partial_affine_ransac_sparse_flow,0.9198371802081624,-2.439367802122461,199.0,1.113399683338247,1.0001751039807614,0.5685714285714286,-1.1220321655273438,0.762115478515625,-1.1205978393554688,-4.55328369140625,-25.709877014160156,-59.52748489379883,103.82615401359128,0.7784233391034758,path_segment_001,SUPPORTED,,-1.1220321655273438,0.762115478515625,2.6436287619546874,-4.56462072300917,13.403334011289076,-50.310945238453996,59.92245305175201,0.8756602639355054,path_segment_001,SUPPORTED,,-1.1220321655273438,0.762115478515625,-1.1205978393554688,-4.55328369140625,-25.709877014160156,-59.52748489379883,103.82615401359128,0.7784233391034758,path_segment_001,SUPPORTED,,SUPPORTED,
30,30,1000.0,VALID_TARGET,,1.0,992.113037109375,628.2941741943359,992.113037109375,628.2941741943359,SUPPORTED,996.9642857142857,631.0714285714286,797.1428571428571,259.28571428571433,399.64285714285717,743.5714285714284,SUPPORTED,translation_median_sparse_flow,-0.3408203125,5.186492919921875,350.0,3.422386646270752,,,SUPPORTED,partial_affine_ransac_sparse_flow,0.8851700270005737,-2.543436461122043,201.0,1.1317861179565492,1.0000791728487815,0.5742857142857143,-1.55078125,1.4954986572265625,-1.2099609375,-3.6909942626953125,-26.919837951660156,-63.21847915649414,108.14988692215461,0.6448066671070104,path_segment_001,SUPPORTED,,-1.55078125,1.4954986572265625,2.163736595075079,-3.366673281041244,15.567070606364155,-53.67761851949524,57.271437913283215,0.6643577938948397,path_segment_001,SUPPORTED,,-1.55078125,1.4954986572265625,-1.2099609375,-3.6909942626953125,-26.919837951660156,-63.21847915649414,108.14988692215461,0.6448066671070104,path_segment_001,SUPPORTED,,SUPPORTED,
31,31,1033.3333333333337,VALID_TARGET,,1.0,988.723777770996,631.7186126708984,988.7237777709961,631.7186126708984,SUPPORTED,996.6607142857142,631.2142857142857,796.3214285714286,259.2142857142857,400.67857142857144,743.9999999999999,SUPPORTED,translation_median_sparse_flow,-0.47369384765625,5.6687774658203125,350.0,2.9423351287841797,,,SUPPORTED,partial_affine_ransac_sparse_flow,0.7417332117517794,-1.5825969771504675,276.0,1.5042143718560306,1.000147731875245,0.7885714285714286,-3.3892593383789062,3.4244384765625,-2.9155654907226562,-2.2443389892578125,-29.835403442382812,-65.46281814575195,142.41170485279522,0.6107903882583936,path_segment_001,SUPPORTED,,-3.3892593383789062,3.4244384765625,-0.7393501865307144,-0.6383286949203466,14.82772041983344,-54.31594721441559,139.19383973734782,0.16215081485167612,path_segment_001,SUPPORTED,,-3.3892593383789062,3.4244384765625,-2.9155654907226562,-2.2443389892578125,-29.835403442382812,-65.46281814575195,142.41170485279522,0.6107903882583936,path_segment_001,SUPPORTED,,SUPPORTED,
32,32,1066.6666666666667,VALID_TARGET,,1.0,985.243766784668,633.7293395996094,985.243766784668,633.7293395996094,SUPPORTED,996.3571428571429,631.3571428571429,795.5,259.14285714285717,401.7142857142857,744.4285714285713,SUPPORTED,translation_median_sparse_flow,-0.5728759765625,5.341766357421875,349.0,2.875392198562622,,,SUPPORTED,partial_affine_ransac_sparse_flow,0.535179783173531,-0.9803173460671752,230.0,1.0995069961681219,1.0002681433566085,0.6590257879656161,-3.480010986328125,2.0107269287109375,-2.907135009765625,-3.3310394287109375,-32.74253845214844,-68.79385757446289,131.11254009994863,0.7339468326510368,path_segment_001,SUPPORTED,,-3.480010986328125,2.0107269287109375,-0.6136284903531077,-2.8808232025991174,14.214091929480333,-57.196770417014704,102.02455682080601,0.4889601893316088,path_segment_001,SUPPORTED,,-3.480010986328125,2.0107269287109375,-2.907135009765625,-3.3310394287109375,-32.74253845214844,-68.79385757446289,131.11254009994863,0.7339468326510368,path_segment_001,SUPPORTED,,SUPPORTED,
33,33,1100.0,VALID_TARGET,,1.0,983.9478302001952,634.3451232910156,983.9478302001953,634.3451232910156,SUPPORTED,996.0535714285714,631.5,794.6785714285714,259.0714285714286,402.75,744.8571428571428,SUPPORTED,translation_median_sparse_flow,-0.40191650390625,4.294281005859375,350.0,3.1987528800964355,,,SUPPORTED,partial_affine_ransac_sparse_flow,0.5817215155164158,-1.9947290285348955,259.0,1.0351433554950158,1.0004519418805844,0.74,-1.2959365844726562,0.61578369140625,-0.8940200805664062,-3.678497314453125,-33.636558532714844,-72.47235488891602,103.66028410909098,0.6284259165026991,path_segment_001,SUPPORTED,,-1.2959365844726562,0.61578369140625,1.4627223533760798,-3.5230956331705556,15.676814282856412,-60.71986605018526,67.45270384814741,0.6332561797144546,path_segment_001,SUPPORTED,,-1.2959365844726562,0.61578369140625,-0.8940200805664062,-3.678497314453125,-33.636558532714844,-72.47235488891602,103.66028410909098,0.6284259165026991,path_segment_001,SUPPORTED,,SUPPORTED,
34,34,1133.3333333333333,VALID_TARGET,,1.0,982.6818771362304,637.0098114013672,982.6818771362305,637.0098114013672,SUPPORTED,995.75,631.6428571428571,793.8571428571429,259.0,403.78571428571433,745.2857142857142,SUPPORTED,translation_median_sparse_flow,-0.206298828125,3.35369873046875,350.0,3.359997034072876,,,SUPPORTED,partial_affine_ransac_sparse_flow,0.31621283018028323,-0.7388872620020429,259.0,1.1706989017072236,1.0005446202213735,0.74,-1.2659530639648438,2.6646881103515625,-1.0596542358398438,-0.6890106201171875,-34.69621276855469,-73.1613655090332,146.96718688815434,0.20982444333163677,path_segment_001,SUPPORTED,,-1.2659530639648438,2.6646881103515625,0.8163194603831698,-1.470523080275484,16.493133743239582,-62.190389130460744,60.964389129566705,0.2792055201970338,path_segment_001,SUPPORTED,,-1.2659530639648438,2.6646881103515625,-1.0596542358398438,-0.6890106201171875,-34.69621276855469,-73.1613655090332,146.96718688815434,0.20982444333163677,path_segment_001,SUPPORTED,,SUPPORTED,
35,35,1166.6666666666667,VALID_TARGET,,1.0,980.8670196533204,640.7183837890625,981.5895538330078,640.7183837890625,SUPPORTED,995.4464285714287,631.7857142857142,793.0357142857143,258.92857142857144,404.8214285714286,745.7142857142857,SUPPORTED,translation_median_sparse_flow,-0.000640869140625,3.655670166015625,350.0,3.0299177169799805,,,SUPPORTED,partial_affine_ransac_sparse_flow,0.5833591840520359,-1.7321263813425134,287.0,0.9708321222587386,1.0004359018130309,0.82,-1.0923233032226562,3.7085723876953125,-1.0916824340820312,0.0529022216796875,-35.78789520263672,-73.10846328735352,-177.22565405514382,0.18143761784134566,path_segment_001,SUPPORTED,,-1.0923233032226562,3.7085723876953125,1.13958451058636,0.18694334460383288,17.632718253825942,-62.00344578585691,-9.316119637967416,0.191705505200911,path_segment_001,SUPPORTED,,-1.0923233032226562,3.7085723876953125,-1.0916824340820312,0.0529022216796875,-35.78789520263672,-73.10846328735352,-177.22565405514382,0.18143761784134566,path_segment_001,SUPPORTED,,SUPPORTED,
36,36,1200.0,VALID_TARGET,,1.0,981.2810668945312,642.7633209228516,981.5093078613281,642.7633209228516,SUPPORTED,995.1428571428572,631.9285714285714,792.2142857142858,258.8571428571429,405.8571428571429,746.1428571428571,SUPPORTED,translation_median_sparse_flow,-3.0517578125e-05,5.755767822265625,350.0,2.9756455421447754,,,SUPPORTED,partial_affine_ransac_sparse_flow,0.27275261970679954,-2.074036077431465,271.0,0.9065195861207874,1.0014670469446079,0.7742857142857142,-0.0802459716796875,2.0449371337890625,-0.0802154541015625,-3.7108306884765625,-35.86811065673828,-76.81929397583008,91.23834572085914,0.6161610844637556,path_segment_001,SUPPORTED,,-0.0802459716796875,2.0449371337890625,2.1846538651954006,-2.873989174417261,19.817372119021343,-64.87743496027417,52.75983245262744,0.5992885591742397,path_segment_001,SUPPORTED,,-0.0802459716796875,2.0449371337890625,-0.0802154541015625,-3.7108306884765625,-35.86811065673828,-76.81929397583008,91.23834572085914,0.6161610844637556,path_segment_001,SUPPORTED,,SUPPORTED,
37,37,1233.3333333333337,VALID_TARGET,,1.0,979.8729782104492,644.0721588134766,980.190803527832,644.0721588134766,SUPPORTED,994.8392857142857,632.0714285714286,791.3928571428571,258.78571428571433,406.89285714285717,746.5714285714284,SUPPORTED,translation_median_sparse_flow,0.00014495849609375,3.4023666381835938,350.0,2.941704750061035,,,SUPPORTED,partial_affine_ransac_sparse_flow,0.033713331385534125,-1.5539365031920973,286.0,0.7126326186800496,1.0015544229522162,0.8171428571428572,-1.3185043334960938,1.308837890625,-1.3186492919921875,-2.0935287475585938,-37.18675994873047,-78.91282272338867,122.20556275073514,0.4107311609749685,path_segment_001,SUPPORTED,,-1.3185043334960938,1.308837890625,0.1644199914925366,-2.7582374827021567,19.98179211051388,-67.63567244297633,86.58860523466949,0.45869455474237786,path_segment_001,SUPPORTED,,-1.3185043334960938,1.308837890625,-1.3186492919921875,-2.0935287475585938,-37.18675994873047,-78.91282272338867,122.20556275073514,0.4107311609749685,path_segment_001,SUPPORTED,,SUPPORTED,
38,38,1266.6666666666663,VALID_TARGET,,1.0,980.2299041748048,649.5624847412109,980.2137603759766,649.5624847412109,SUPPORTED,994.5357142857142,632.2142857142857,790.5714285714286,258.7142857142857,407.92857142857144,746.9999999999999,SUPPORTED,translation_median_sparse_flow,0.00049591064453125,4.9172515869140625,350.0,3.101210832595825,,,SUPPORTED,partial_affine_ransac_sparse_flow,-0.31650363420572625,-1.53218214320332,298.0,0.9905978103472299,1.0023245623479466,0.8514285714285714,0.02295684814453125,5.490325927734375,0.0224609375,0.5730743408203125,-37.16429901123047,-78.33974838256836,-87.7555118566476,0.0952063598468972,path_segment_001,SUPPORTED,,0.02295684814453125,5.490325927734375,1.5521059928537397,0.2432966943978272,21.53389810336762,-67.3923757485785,-8.908769164003704,0.2608039527896426,path_segment_001,SUPPORTED,,0.02295684814453125,5.490325927734375,0.0224609375,0.5730743408203125,-37.16429901123047,-78.33974838256836,-87.7555118566476,0.0952063598468972,path_segment_001,SUPPORTED,,SUPPORTED,
39,39,1300.0,VALID_TARGET,,1.0,980.2922592163086,652.7380523681641,980.2137603759766,652.7380523681641,SUPPORTED,994.2321428571429,632.3571428571429,789.75,258.64285714285717,408.9642857142858,747.4285714285713,SUPPORTED,translation_median_sparse_flow,0.000335693359375,3.00042724609375,350.0,3.0053787231445312,,,SUPPORTED,partial_affine_ransac_sparse_flow,0.11615714121089164,-1.1943381246519962,254.0,0.7204599003429674,1.002085951685925,0.7257142857142858,0.0,3.175567626953125,-0.000335693359375,0.175140380859375,-37.164634704589844,-78.16460800170898,-90.10981927214527,0.029074266675904934,path_segment_001,SUPPORTED,,0.0,3.175567626953125,1.1948053260333609,-2.0207082033954293,22.72870342940098,-69.41308395197393,59.405003593636046,0.3896995017738877,path_segment_001,SUPPORTED,,0.0,3.175567626953125,-0.000335693359375,0.175140380859375,-37.164634704589844,-78.16460800170898,-90.10981927214527,0.029074266675904934,path_segment_001,SUPPORTED,,SUPPORTED,
40,40,1333.3333333333333,VALID_TARGET,,1.0,980.5791854858398,657.79150390625,980.6500015258789,657.0030517578125,SUPPORTED,993.9285714285714,632.5,788.9285714285714,258.5714285714286,410.00000000000006,747.8571428571428,SUPPORTED,translation_median_sparse_flow,0.000244140625,3.3957901000976562,350.0,3.396484851837158,,,SUPPORTED,partial_affine_ransac_sparse_flow,-0.013972288878086537,-2.1206526340738754,249.0,0.8926384173159781,1.002099098955289,0.7114285714285714,0.43624114990234375,4.2649993896484375,0.43599700927734375,0.8692092895507812,-36.7286376953125,-77.2953987121582,-63.361571345021986,0.1614282686407148,path_segment_001,SUPPORTED,,0.43624114990234375,4.2649993896484375,2.1107291842084805,-0.5338288861177034,24.83943261360946,-69.94691283809163,14.193170177598681,0.3614246498006801,path_segment_001,SUPPORTED,,0.43624114990234375,4.2649993896484375,0.43599700927734375,0.8692092895507812,-36.7286376953125,-77.2953987121582,-63.361571345021986,0.1614282686407148,path_segment_001,SUPPORTED,,SUPPORTED,
41,41,1366.6666666666667,VALID_TARGET,,1.0,980.4349060058594,657.2888336181641,980.9448928833008,657.0030517578125,SUPPORTED,993.625,632.6428571428571,788.1071428571429,258.5,411.03571428571433,748.2857142857142,SUPPORTED,translation_median_sparse_flow,6.103515625e-05,2.7390899658203125,350.0,2.7396016120910645,,,SUPPORTED,partial_affine_ransac_sparse_flow,-0.0004154898732560264,-1.8674550236484717,242.0,0.7616065453839493,1.0018969749128235,0.6914285714285714,0.294891357421875,0.0,0.294830322265625,-2.7390899658203125,-36.433807373046875,-80.03448867797852,83.8564470495585,0.457329665587172,path_segment_001,SUPPORTED,,0.294891357421875,0.0,1.9311583014975895,-4.56747657514461,26.77059091510705,-74.51438941323624,67.08104777545543,0.8232119617705143,path_segment_001,SUPPORTED,,0.294891357421875,0.0,0.294830322265625,-2.7390899658203125,-36.433807373046875,-80.03448867797852,83.8564470495585,0.457329665587172,path_segment_001,SUPPORTED,,SUPPORTED,
42,42,1400.0,VALID_TARGET,,1.0,982.2460327148438,657.0030517578125,981.3015975952148,657.0030517578125,SUPPORTED,993.3214285714287,632.7857142857142,787.2857142857143,258.42857142857144,412.0714285714286,748.7142857142857,SUPPORTED,translation_median_sparse_flow,0.0,2.2096099853515625,350.0,2.2099151611328125,,,SUPPORTED,partial_affine_ransac_sparse_flow,0.13890978737180212,-0.14237631446928378,227.0,0.8355910945322027,0.9997808576497527,0.6485714285714286,0.3567047119140625,0.0,0.3567047119140625,-2.2096099853515625,-36.07710266113281,-82.24409866333008,80.8296668106156,0.37155562232705613,path_segment_001,SUPPORTED,,0.3567047119140625,0.0,1.5533070663030912,-1.3836095330159424,28.32389798141014,-75.89799894625219,41.693078161763175,0.34532026386086667,path_segment_001,SUPPORTED,,0.3567047119140625,0.0,0.3567047119140625,-2.2096099853515625,-36.07710266113281,-82.24409866333008,80.8296668106156,0.37155562232705613,path_segment_001,SUPPORTED,,SUPPORTED,
43,43,1433.3333333333333,VALID_TARGET,,1.0,980.7558822631836,654.0484161376953,983.1252822875977,655.9476776123047,SUPPORTED,993.0178571428572,632.9285714285714,786.4642857142858,258.3571428571429,413.1071428571429,749.1428571428571,SUPPORTED,translation_median_sparse_flow,3.0517578125e-05,2.051116943359375,350.0,2.053612232208252,,,SUPPORTED,partial_affine_ransac_sparse_flow,-0.13507151819669688,-1.6949291364174952,218.0,0.82641664125222,1.0020581709363254,0.6228571428571429,1.8236846923828125,-1.0553741455078125,1.8236541748046875,-3.1064910888671875,-34.253448486328125,-85.35058975219727,59.58509200905124,0.5979875256669036,path_segment_001,SUPPORTED,,1.8236846923828125,-1.0553741455078125,2.9890426174043796,-5.245448630123974,31.31294059881452,-81.14344757637616,60.32397604539898,1.0022247626116498,path_segment_001,SUPPORTED,,1.8236846923828125,-1.0553741455078125,1.8236541748046875,-3.1064910888671875,-34.253448486328125,-85.35058975219727,59.58509200905124,0.5979875256669036,path_segment_001,SUPPORTED,,SUPPORTED,
44,44,1466.6666666666663,VALID_TARGET,,1.0,984.8704071044922,655.3036956787109,984.8704071044922,655.3036956787109,SUPPORTED,992.7142857142857,633.0714285714286,785.6428571428571,258.28571428571433,414.14285714285717,749.5714285714284,SUPPORTED,translation_median_sparse_flow,0.16064453125,1.787872314453125,350.0,1.7980542182922363,,,SUPPORTED,partial_affine_ransac_sparse_flow,0.12842503397476443,-0.29442353389981546,259.0,1.0740027089313573,1.0009878514126822,0.74,1.7451248168945312,-0.64398193359375,1.5844802856445312,-2.431854248046875,-32.668968200683594,-87.78244400024414,56.91365194908915,0.4818296987526103,path_segment_001,SUPPORTED,,1.7451248168945312,-0.64398193359375,1.7114639603898922,-2.5923600310225083,33.02440455920441,-83.73580760739867,56.567394159994926,0.5156710183538925,path_segment_001,SUPPORTED,,1.7451248168945312,-0.64398193359375,1.5844802856445312,-2.431854248046875,-32.668968200683594,-87.78244400024414,56.91365194908915,0.4818296987526103,path_segment_001,SUPPORTED,,SUPPORTED,
45,45,1500.0,VALID_TARGET,,1.0,987.4072875976562,655.9476776123047,987.2665481567383,654.0484161376953,SUPPORTED,992.4107142857142,633.2142857142857,784.8214285714286,258.2142857142857,415.17857142857144,749.9999999999999,SUPPORTED,translation_median_sparse_flow,0.9828529357910156,1.2499656677246094,350.0,1.596562147140503,,,SUPPORTED,partial_affine_ransac_sparse_flow,0.06728389038099733,-0.22212295214544536,255.0,0.8068430982872485,1.0010825515300308,0.7285714285714285,2.3961410522460938,-1.255279541015625,1.4132881164550781,-2.5052452087402344,-31.255680084228516,-90.28768920898438,60.571279345049284,0.47749618880800837,path_segment_001,SUPPORTED,,2.3961410522460938,-1.255279541015625,1.8699365263020127,-2.6542949229312853,34.894341085506426,-86.39010253032995,54.835509960202735,0.5389916504530479,path_segment_001,SUPPORTED,,2.3961410522460938,-1.255279541015625,1.4132881164550781,-2.5052452087402344,-31.255680084228516,-90.28768920898438,60.571279345049284,0.47749618880800837,path_segment_001,SUPPORTED,,SUPPORTED,
46,46,1533.3333333333337,VALID_TARGET,,1.0,990.8944702148438,651.7904968261719,990.1650772094727,651.7904968261719,SUPPORTED,992.1071428571429,633.3571428571429,784.0,258.14285714285717,416.2142857142858,750.4285714285713,SUPPORTED,translation_median_sparse_flow,1.55279541015625,0.6966514587402344,350.0,1.8394217491149902,,,SUPPORTED,partial_affine_ransac_sparse_flow,0.10498081873236857,-0.43345485048188365,278.0,1.3237594321650794,1.0011944281342307,0.7942857142857143,2.898529052734375,-2.2579193115234375,1.345733642578125,-2.954570770263672,-29.90994644165039,-93.24225997924805,65.51191297762479,0.5389544104586078,path_segment_001,SUPPORTED,,2.898529052734375,-2.2579193115234375,2.304650573837648,-3.6465065965587655,37.198991659344074,-90.03660912688872,57.706457746025,0.7161046369087997,path_segment_001,SUPPORTED,,2.898529052734375,-2.2579193115234375,1.345733642578125,-2.954570770263672,-29.90994644165039,-93.24225997924805,65.51191297762479,0.5389544104586078,path_segment_001,SUPPORTED,,SUPPORTED,
47,47,1566.6666666666667,VALID_TARGET,,1.0,991.532196044922,649.0278472900391,992.4023284912109,649.0278472900391,SUPPORTED,991.8035714285714,633.5,783.1785714285714,258.0714285714286,417.25000000000006,750.8571428571428,SUPPORTED,translation_median_sparse_flow,2.01470947265625,0.4087677001953125,350.0,2.056229591369629,,,SUPPORTED,partial_affine_ransac_sparse_flow,0.11909590612464306,-0.7565924585868742,216.0,0.88715639305279,1.0011780370842103,0.6171428571428571,2.2372512817382812,-2.7626495361328125,0.22254180908203125,-3.171417236328125,-29.68740463256836,-96.41367721557617,85.98607215426213,0.5277663172826352,path_segment_001,SUPPORTED,,2.2372512817382812,-2.7626495361328125,2.0293801171524137,-4.408101609853816,39.22837177649649,-94.44471073674254,65.27983515951928,0.805591309095533,path_segment_001,SUPPORTED,,2.2372512817382812,-2.7626495361328125,0.22254180908203125,-3.171417236328125,-29.68740463256836,-96.41367721557617,85.98607215426213,0.5277663172826352,path_segment_001,SUPPORTED,,SUPPORTED,
48,48,1600.0,VALID_TARGET,,1.0,996.7426986694336,646.3804168701172,996.7426986694336,646.6445770263672,SUPPORTED,991.5,633.6428571428571,782.3571428571429,258.0,418.28571428571433,751.2857142857142,SUPPORTED,translation_median_sparse_flow,1.5599365234375,0.01418304443359375,350.0,2.0805857181549072,,,SUPPORTED,partial_affine_ransac_sparse_flow,-0.09727743309628953,-0.6334280820251506,237.0,0.8900676075504946,1.0017104323791857,0.6771428571428572,4.340370178222656,-2.383270263671875,2.7804336547851562,-2.3974533081054688,-26.906970977783203,-98.81113052368164,40.76984333006303,0.6094582673338111,path_segment_001,SUPPORTED,,4.340370178222656,-2.383270263671875,3.586402029350097,-4.152003197441104,42.814773805846585,-98.59671393418364,49.1803234679216,0.9107833906872969,path_segment_001,SUPPORTED,,4.340370178222656,-2.383270263671875,2.7804336547851562,-2.3974533081054688,-26.906970977783203,-98.81113052368164,40.76984333006303,0.6094582673338111,path_segment_001,SUPPORTED,,SUPPORTED,
49,49,1633.3333333333333,VALID_TARGET,,1.0,1000.1663513183594,645.7583160400391,1000.1663513183594,645.4941558837891,SUPPORTED,991.1964285714287,633.7857142857142,781.5357142857143,257.92857142857144,419.3214285714286,751.7142857142857,SUPPORTED,translation_median_sparse_flow,1.25811767578125,0.001613616943359375,350.0,2.0543863773345947,,,SUPPORTED,partial_affine_ransac_sparse_flow,0.20566038736792808,-0.2608247732471253,241.0,1.1617153145134504,1.0009136378656995,0.6885714285714286,3.4236526489257812,-1.150421142578125,2.1655349731445312,-1.1520347595214844,-24.741436004638672,-99.96316528320312,28.012361942915803,0.40719439582303524,path_segment_001,SUPPORTED,,3.4236526489257812,-1.150421142578125,2.667889887782735,-2.0358256450247154,45.48266369362932,-100.63253957920836,37.346694519164366,0.5571007380369936,path_segment_001,SUPPORTED,,3.4236526489257812,-1.150421142578125,2.1655349731445312,-1.1520347595214844,-24.741436004638672,-99.96316528320312,28.012361942915803,0.40719439582303524,path_segment_001,SUPPORTED,,SUPPORTED,
50,50,1666.6666666666667,VALID_TARGET,,1.0,1005.6587295532228,639.3697814941406,1005.6587295532227,639.3697814941406,SUPPORTED,990.8928571428572,633.9285714285714,780.7142857142858,257.8571428571429,420.3571428571429,752.1428571428571,SUPPORTED,translation_median_sparse_flow,0.87548828125,0.003543853759765625,350.0,2.0226211547851562,,,SUPPORTED,partial_affine_ransac_sparse_flow,0.08478653643734665,-0.16151422379628522,231.0,1.1590354178931719,1.0007680840005633,0.66,5.492378234863281,-6.1243743896484375,4.616889953613281,-6.127918243408203,-20.12454605102539,-106.09108352661133,53.00493611990445,1.273672688212306,path_segment_001,SUPPORTED,,5.492378234863281,-6.1243743896484375,4.9237399181969295,-6.899045181225802,50.40640361182625,-107.53158476043416,54.485147534337884,1.407035199860992,path_segment_001,SUPPORTED,,5.492378234863281,-6.1243743896484375,4.616889953613281,-6.127918243408203,-20.12454605102539,-106.09108352661133,53.00493611990445,1.273672688212306,path_segment_001,SUPPORTED,,SUPPORTED,
51,51,1700.0,VALID_TARGET,,1.0,1016.0028915405272,635.5773468017578,1016.0028915405273,635.8148498535156,SUPPORTED,990.5892857142858,634.0714285714286,779.8928571428571,257.78571428571433,421.3928571428572,752.5714285714284,SUPPORTED,translation_median_sparse_flow,0.520263671875,0.2957305908203125,350.0,2.103330612182617,,,SUPPORTED,partial_affine_ransac_sparse_flow,0.33329347089906836,-0.08041567747850703,209.0,1.1709869640444723,1.0000113541676903,0.5971428571428572,10.344161987304688,-3.554931640625,9.823898315429688,-3.8506622314453125,-10.300647735595703,-109.94174575805664,21.40363291150576,1.7516229064411446,path_segment_001,SUPPORTED,,10.344161987304688,-3.554931640625,10.23474164070501,-3.8517130185904307,60.64114525253126,-111.38329777902459,20.623180920163794,1.8153533846476242,path_segment_001,SUPPORTED,,10.344161987304688,-3.554931640625,9.823898315429688,-3.8506622314453125,-10.300647735595703,-109.94174575805664,21.40363291150576,1.7516229064411446,path_segment_001,SUPPORTED,,SUPPORTED,
52,52,1733.3333333333337,VALID_TARGET,,1.0,1022.065574645996,629.52197265625,1022.0655746459961,635.8148498535156,SUPPORTED,990.2857142857143,634.2142857142857,779.0714285714286,257.7142857142857,422.4285714285715,752.9999999999999,SUPPORTED,translation_median_sparse_flow,0.23270034790039062,0.3178062438964844,350.0,2.390925407409668,,,SUPPORTED,partial_affine_ransac_sparse_flow,0.08163589419930602,0.09283070367514887,173.0,0.4705221294829006,1.0000004503925362,0.4942857142857143,6.06268310546875,0.0,5.829982757568359,-0.3178062438964844,-4.470664978027344,-110.25955200195312,3.1202411307694895,0.9692443324068879,path_segment_001,SUPPORTED,,6.06268310546875,0.0,5.8890871646208325,0.05312303393009188,66.53023241715209,-111.3301747450945,-0.5168276510520924,0.9776588437444161,path_segment_001,SUPPORTED,,6.06268310546875,0.0,5.829982757568359,-0.3178062438964844,-4.470664978027344,-110.25955200195312,3.1202411307694895,0.9692443324068879,path_segment_001,SUPPORTED,,SUPPORTED,
53,53,1766.6666666666663,VALID_TARGET,,1.0,1026.850730895996,634.2501678466797,1026.850730895996,635.8148498535156,SUPPORTED,989.9821428571429,634.3571428571429,778.25,257.64285714285717,423.4642857142858,753.4285714285713,SUPPORTED,translation_median_sparse_flow,0.0037689208984375,0.5570068359375,350.0,2.957697868347168,,,SUPPORTED,partial_affine_ransac_sparse_flow,0.22566946762786644,0.1399289769262177,176.0,0.6036908973662389,0.9996230831668447,0.5028571428571429,4.78515625,0.0,4.7813873291015625,-0.5570068359375,0.31072235107421875,-110.81655883789062,6.6447107416349835,0.7991028975718624,path_segment_001,SUPPORTED,,4.78515625,0.0,5.044359797946186,-0.060420775303214214,71.57459221509828,-111.39059552039771,0.6862495966710221,0.8374500053911875,path_segment_001,SUPPORTED,,4.78515625,0.0,4.7813873291015625,-0.5570068359375,0.31072235107421875,-110.81655883789062,6.6447107416349835,0.7991028975718624,path_segment_001,SUPPORTED,,SUPPORTED,
54,54,1800.0,VALID_TARGET,,1.0,1027.8549346923828,638.6400146484375,1027.8549346923828,638.6400146484375,SUPPORTED,989.6785714285714,634.5,777.4285714285714,257.5714285714286,424.50000000000006,753.8571428571428,SUPPORTED,translation_median_sparse_flow,0.0008544921875,0.8735198974609375,350.0,2.993241548538208,,,SUPPORTED,partial_affine_ransac_sparse_flow,0.4395544381736113,0.13959554967941706,181.0,0.49637871117647225,0.9991529326806724,0.5171428571428571,1.0042037963867188,2.825164794921875,1.0033493041992188,1.9516448974609375,1.3140716552734375,-108.86491394042969,-62.7921029036477,0.36429073914207255,path_segment_001,SUPPORTED,,1.0042037963867188,2.825164794921875,1.7143142174563764,2.7724023348779383,73.28890643255465,-108.61819318551977,-58.26943719171277,0.5411129762195113,path_segment_001,SUPPORTED,,1.0042037963867188,2.825164794921875,1.0033493041992188,1.9516448974609375,1.3140716552734375,-108.86491394042969,-62.7921029036477,0.36429073914207255,path_segment_001,SUPPORTED,,SUPPORTED,
55,55,1833.3333333333333,VALID_TARGET,,1.0,1033.1718292236328,640.8171997070312,1033.1718292236328,640.8171997070312,SUPPORTED,989.375,634.6428571428571,776.6071428571429,257.5,425.53571428571433,754.2857142857142,SUPPORTED,translation_median_sparse_flow,0.000213623046875,1.4077205657958984,348.0,4.212209224700928,,,SUPPORTED,partial_affine_ransac_sparse_flow,0.8995016646860688,-0.21543440385698218,164.0,0.7114155365710935,0.998200344111784,0.47126436781609193,5.31689453125,2.17718505859375,5.316680908203125,0.7694644927978516,6.6307525634765625,-108.09544944763184,-8.235037586043696,0.8917920807845074,path_segment_001,SUPPORTED,,5.31689453125,2.17718505859375,7.207993741615837,2.0302487641173457,80.49690017417049,-106.58794442140243,-15.730738014493605,1.2431238322257225,path_segment_001,SUPPORTED,,5.31689453125,2.17718505859375,5.316680908203125,0.7694644927978516,6.6307525634765625,-108.09544944763184,-8.235037586043696,0.8917920807845074,path_segment_001,SUPPORTED,,SUPPORTED,
56,56,1866.6666666666667,VALID_TARGET,,1.0,1038.4983673095703,647.5370330810547,1038.4983673095703,647.5370330810547,SUPPORTED,989.0714285714287,634.7857142857142,775.7857142857143,257.42857142857144,426.5714285714286,754.7142857142857,SUPPORTED,translation_median_sparse_flow,0.00018310546875,1.902252197265625,345.0,4.828978061676025,,,SUPPORTED,partial_affine_ransac_sparse_flow,1.3586030109462268,-0.3483058143038142,152.0,0.7823374484553792,0.9972850475009859,0.4405797101449275,5.3265380859375,6.7198333740234375,5.32635498046875,4.8175811767578125,11.957107543945312,-103.27786827087402,-42.128709743380114,1.192226455746089,path_segment_001,SUPPORTED,,5.3265380859375,6.7198333740234375,8.189768223728606,6.529259535606684,88.6866683978991,-100.05868488579574,-38.56346212485342,1.7387293711740621,path_segment_001,SUPPORTED,,5.3265380859375,6.7198333740234375,5.32635498046875,4.8175811767578125,11.957107543945312,-103.27786827087402,-42.128709743380114,1.192226455746089,path_segment_001,SUPPORTED,,SUPPORTED,
57,57,1900.0,VALID_TARGET,,1.0,1039.458023071289,653.8482055664062,1039.458023071289,653.8482055664062,SUPPORTED,988.7678571428572,634.9285714285713,774.9642857142858,257.3571428571429,427.6071428571429,755.142857142857,SUPPORTED,translation_median_sparse_flow,-0.00121307373046875,1.62127685546875,350.0,4.712468147277832,,,SUPPORTED,partial_affine_ransac_sparse_flow,1.2459837992559246,-0.4164397625289471,174.0,0.8957947927193132,0.9970720747467284,0.49714285714285716,0.95965576171875,6.3111724853515625,0.9608688354492188,4.6898956298828125,12.917976379394531,-98.58797264099121,-78.4214367403944,0.7947192525659171,path_segment_001,SUPPORTED,,0.95965576171875,6.3111724853515625,4.462986101784736,5.891288718877718,93.14965449968383,-94.16739616691802,-52.85400174392628,1.2269292065836612,path_segment_001,SUPPORTED,,0.95965576171875,6.3111724853515625,0.9608688354492188,4.6898956298828125,12.917976379394531,-98.58797264099121,-78.4214367403944,0.7947192525659171,path_segment_001,SUPPORTED,,SUPPORTED,
58,58,1933.3333333333333,VALID_TARGET,,1.0,1042.1923904418943,656.7485198974609,1039.458023071289,653.8482055664062,SUPPORTED,988.4642857142858,635.0714285714286,774.1428571428571,257.28571428571433,428.6428571428572,755.5714285714284,SUPPORTED,translation_median_sparse_flow,-0.0012969970703125,1.4925537109375,350.0,5.601269721984863,,,SUPPORTED,partial_affine_ransac_sparse_flow,1.5860971180951833,-0.207854107384158,186.0,0.9020099801422052,0.9962185246114171,0.5314285714285715,0.0,0.0,0.0012969970703125,-1.4925537109375,12.919273376464844,-100.08052635192871,89.95021121255459,0.24777176502528903,path_segment_001,SUPPORTED,,0.0,0.0,4.3116605942389015,-0.43637077238167876,97.46131509392274,-94.6037669392997,5.779063301101704,0.719414436108038,path_segment_001,SUPPORTED,,0.0,0.0,0.0012969970703125,-1.4925537109375,12.919273376464844,-100.08052635192871,89.95021121255459,0.24777176502528903,path_segment_001,SUPPORTED,,SUPPORTED,
59,59,1966.6666666666663,VALID_TARGET,,1.0,1042.7653427124023,657.7371673583984,1039.458023071289,653.9509735107422,SUPPORTED,988.1607142857143,635.2142857142857,773.3214285714286,257.2142857142857,429.6785714285715,755.9999999999999,SUPPORTED,translation_median_sparse_flow,-0.0006103515625,1.40740966796875,350.0,6.348483085632324,,,SUPPORTED,partial_affine_ransac_sparse_flow,1.8103589467814196,-0.2302609555321288,180.0,0.8329731769627251,0.9954676636802189,0.5142857142857142,0.0,0.1027679443359375,0.0006103515625,-1.3046417236328125,12.919883728027344,-101.38516807556152,89.9731952724141,0.21657732887451545,path_segment_001,SUPPORTED,,0.0,0.1027679443359375,4.863438340115863,0.18678645637498903,102.3247534340386,-94.41698048292471,-2.199435363684463,0.8079512573802915,path_segment_001,SUPPORTED,,0.0,0.1027679443359375,0.0006103515625,-1.3046417236328125,12.919883728027344,-101.38516807556152,89.9731952724141,0.21657732887451545,path_segment_001,SUPPORTED,,SUPPORTED,
60,60,2000.0,VALID_TARGET,,1.0,1037.536117553711,650.0397033691406,1039.327392578125,652.3009185791016,SUPPORTED,987.8571428571429,635.3571428571429,772.5,257.14285714285717,430.7142857142858,756.4285714285713,SUPPORTED,translation_median_sparse_flow,-0.00049591064453125,1.5286903381347656,350.0,7.1634979248046875,,,SUPPORTED,partial_affine_ransac_sparse_flow,2.2163771587564995,-0.08220132805173293,187.0,0.8879785707104705,0.9942364203533214,0.5342857142857143,-0.1306304931640625,-1.650054931640625,-0.13013458251953125,-3.1787452697753906,12.789749145507812,-104.56391334533691,92.34432154491726,0.5281302494540309,path_segment_001,SUPPORTED,,-0.1306304931640625,-1.650054931640625,5.614920638712647,-0.9210716013959654,107.93967407275125,-95.33805208432068,9.315830896574656,0.9445638281752807,path_segment_001,SUPPORTED,,-0.1306304931640625,-1.650054931640625,-0.13013458251953125,-3.1787452697753906,12.789749145507812,-104.56391334533691,92.34432154491726,0.5281302494540309,path_segment_001,SUPPORTED,,SUPPORTED,
61,61,2033.3333333333333,VALID_TARGET,,1.0,1035.9572219848633,652.3009185791016,1035.991928100586,650.0397033691406,SUPPORTED,989.7077922077923,634.9675324675325,779.1233766233767,257.53246753246754,421.1688311688312,754.8701298701297,UNSTABLE_TRANSFORM,translation_median_sparse_flow,-0.0001678466796875,1.138427734375,350.0,9.212485313415527,,,SUPPORTED,partial_affine_ransac_sparse_flow,2.6459161624065817,0.06646596090627956,162.0,1.0361465641535166,0.9928600828454552,0.46285714285714286,,,,,,,,,,UNSTABLE_TRANSFORM,Camera compensation was not supported.,-3.3354644775390625,-2.2612152099609375,3.6347980555756294,-1.1553018709734033,111.57447212832687,-96.49335395529408,17.63259098934734,0.6331412786186519,path_segment_001,SUPPORTED,,,,,,,,,,,UNSTABLE_TRANSFORM,Camera compensation was not supported.,SUPPORTED,
62,62,2066.666666666667,VALID_TARGET,,1.0,1038.061981201172,644.9791107177734,1035.355697631836,644.9791107177734,SUPPORTED,991.5584415584416,634.577922077922,785.7467532467532,257.92207792207796,411.6233766233767,753.3116883116883,UNSTABLE_TRANSFORM,translation_median_sparse_flow,-9.1552734375e-05,0.3393745422363281,350.0,8.177160263061523,,,SUPPORTED,partial_affine_ransac_sparse_flow,2.7943788472613935,0.08852402490553192,191.0,1.1528912874360677,0.992991931223734,0.5457142857142857,,,,,0.0,0.0,,,path_segment_002,INSUFFICIENT_EVIDENCE,Continuous path run is shorter than the configured minimum sample count.,-0.63623046875,-5.0605926513671875,5.539007723737541,-3.3098120182385173,117.11347985206442,-99.8031659735326,30.86026024550974,1.0711576083703451,path_segment_001,SUPPORTED,,,,,,0.0,0.0,,,path_segment_002,INSUFFICIENT_EVIDENCE,Continuous path run is shorter than the configured minimum sample count.,SUPPORTED,
63,63,2100.0,VALID_TARGET,,1.0,1034.2997512817385,633.0458374023438,1035.393310546875,633.0458374023438,SUPPORTED,993.409090909091,634.1883116883116,792.3701298701299,258.31168831168833,402.07792207792215,751.7532467532467,UNSTABLE_TRANSFORM,translation_median_sparse_flow,-3.0517578125e-05,0.076446533203125,350.0,8.205663681030273,,,SUPPORTED,partial_affine_ransac_sparse_flow,2.435307945610689,0.06987832447086344,159.0,1.0402631312164718,0.9932974264996731,0.4542857142857143,,,,,,,,,,UNSTABLE_TRANSFORM,Camera compensation was not supported.,0.0376129150390625,-11.933273315429688,6.191537461425696,-10.320730086328695,123.30501731349011,-110.1238960598613,59.03991982191538,1.9979510232453854,path_segment_001,SUPPORTED,,,,,,,,,,,UNSTABLE_TRANSFORM,Camera compensation was not supported.,SUPPORTED,
64,64,2133.3333333333335,VALID_TARGET,,1.0,1036.195701599121,623.2540130615234,1036.1790313720703,623.2540130615234,SUPPORTED,995.2597402597403,633.7987012987012,798.9935064935065,258.7012987012987,392.5324675324676,750.1948051948051,UNSTABLE_TRANSFORM,translation_median_sparse_flow,0.0,8.0108642578125e-05,350.0,8.695640563964844,,,SUPPORTED,partial_affine_ransac_sparse_flow,2.7815017306394747,0.3820984979390125,167.0,1.2389986281122434,0.9923845303272525,0.47714285714285715,,,,,0.0,0.0,,,path_segment_003,INSUFFICIENT_EVIDENCE,Continuous path run is shorter than the configured minimum sample count.,0.7857208251953125,-9.791824340820312,6.923308265556443,-7.041181045168628,130.22832557904655,-117.16507710502992,45.483616138941095,1.639257627184552,path_segment_001,SUPPORTED,,,,,,0.0,0.0,,,path_segment_003,INSUFFICIENT_EVIDENCE,Continuous path run is shorter than the configured minimum sample count.,SUPPORTED,
65,65,2166.6666666666665,VALID_TARGET,,1.0,1036.5878982543943,614.7958221435547,1035.9490051269531,614.7958221435547,SUPPORTED,997.1103896103897,633.4090909090909,805.6168831168832,259.0909090909091,382.98701298701303,748.6363636363635,UNSTABLE_TRANSFORM,translation_median_sparse_flow,-6.866455078125e-05,-0.000339508056640625,350.0,9.008550643920898,,,SUPPORTED,partial_affine_ransac_sparse_flow,2.7384399894553457,0.6522073234772642,164.0,1.3502504487028049,0.9922493880360423,0.4685714285714286,,,,,,,,,,UNSTABLE_TRANSFORM,Camera compensation was not supported.,-0.2300262451171875,-8.45819091796875,5.630172070533945,-5.222499524320483,135.8584976495805,-122.3875766293504,42.848738088916726,1.2748219724754544,path_segment_001,SUPPORTED,,,,,,,,,,,UNSTABLE_TRANSFORM,Camera compensation was not supported.,SUPPORTED,
66,66,2200.0,VALID_TARGET,,1.0,1035.9131469726562,603.0453643798828,1035.9131469726562,603.0453643798828,SUPPORTED,998.961038961039,633.0194805194806,812.2402597402597,259.4805194805195,373.4415584415585,747.077922077922,UNSTABLE_TRANSFORM,translation_median_sparse_flow,0.0,-0.0001220703125,350.0,8.829828262329102,,,SUPPORTED,partial_affine_ransac_sparse_flow,0.18080872127181546,-0.029146932398116908,141.0,0.20335785518136862,0.9996411840350446,0.40285714285714286,,,,,0.0,0.0,,,path_segment_004,INSUFFICIENT_EVIDENCE,Continuous path run is shorter than the configured minimum sample count.,-0.035858154296875,-11.750457763671875,0.4280399825499899,-11.96047889024328,136.2865376321305,-134.3480555195937,87.95038121201353,1.9867727233976509,path_segment_001,SUPPORTED,,,,,,0.0,0.0,,,path_segment_004,INSUFFICIENT_EVIDENCE,Continuous path run is shorter than the configured minimum sample count.,SUPPORTED,
67,67,2233.3333333333335,VALID_TARGET,,1.0,1033.4842071533203,595.1046295166016,1033.4842071533203,595.1046295166016,SUPPORTED,1000.8116883116884,632.6298701298701,818.8636363636364,259.8701298701299,363.89610389610397,745.5194805194805,UNSTABLE_TRANSFORM,translation_median_sparse_flow,-6.103515625e-05,-0.00025177001953125,350.0,8.739289283752441,,,SUPPORTED,partial_affine_ransac_sparse_flow,0.31425867252761114,0.0968363015929694,147.0,0.31014001055979706,0.9990668957147201,0.42,,,,,,,,,,UNSTABLE_TRANSFORM,Camera compensation was not supported.,-2.4289398193359375,-7.94073486328125,-1.5919257036755425,-7.791960919289295,134.69461192845495,-142.14001643888298,101.54682966620264,1.3202254794194506,path_segment_001,SUPPORTED,,,,,,,,,,,UNSTABLE_TRANSFORM,Camera compensation was not supported.,SUPPORTED,
68,68,2266.6666666666665,VALID_TARGET,,1.0,1024.7654342651367,585.5745849609375,1028.9121170043945,585.5745849609375,SUPPORTED,1002.6623376623377,632.2402597402597,825.487012987013,260.2597402597403,354.3506493506494,743.9610389610389,UNSTABLE_TRANSFORM,translation_median_sparse_flow,0.0,-0.00038909912109375,350.0,9.060998916625977,,,SUPPORTED,partial_affine_ransac_sparse_flow,0.1779852603408353,0.1279269837608284,136.0,0.14196173858101585,0.9994681547315784,0.38857142857142857,,,,,0.0,0.0,,,path_segment_005,INSUFFICIENT_EVIDENCE,Continuous path run is shorter than the configured minimum sample count.,-4.572090148925781,-9.530044555664062,-4.206718620428319,-9.33053236338776,130.48789330802663,-151.47054880227074,114.26847806063847,1.699063917936177,path_segment_001,SUPPORTED,,,,,,0.0,0.0,,,path_segment_005,INSUFFICIENT_EVIDENCE,Continuous path run is shorter than the configured minimum sample count.,SUPPORTED,
69,69,2300.0,VALID_TARGET,,1.0,1026.5112533569336,583.9231719970703,1028.5461502075195,583.9231719970703,SUPPORTED,1004.5129870129871,631.8506493506493,832.1103896103897,260.64935064935065,344.80519480519484,742.4025974025973,UNSTABLE_TRANSFORM,translation_median_sparse_flow,0.0,-3.0517578125e-05,350.0,8.654088973999023,,,SUPPORTED,partial_affine_ransac_sparse_flow,2.392793605372303,1.416890392590201,147.0,1.4191309482957202,0.9923650975325714,0.42,,,,,,,,,,UNSTABLE_TRANSFORM,Camera compensation was not supported.,-0.365966796875,-1.6514129638671875,4.262916890225824,2.870314596959929,134.75081019825245,-148.6002342053108,-33.95323931767746,0.8531305065977651,path_segment_001,SUPPORTED,,,,,,,,,,,UNSTABLE_TRANSFORM,Camera compensation was not supported.,SUPPORTED,
70,70,2333.3333333333335,VALID_TARGET,,1.0,1028.9121170043943,577.0041198730469,1025.716407775879,577.0041198730469,SUPPORTED,1006.3636363636364,631.461038961039,838.7337662337662,261.0389610389611,335.25974025974034,740.8441558441558,UNSTABLE_TRANSFORM,translation_median_sparse_flow,4.57763671875e-05,3.0517578125e-05,350.0,8.269144058227539,,,SUPPORTED,partial_affine_ransac_sparse_flow,2.873335190791406,0.8345602008171481,120.0,1.3633835195325168,0.9918126549967459,0.34285714285714286,,,,,0.0,0.0,,,path_segment_006,INSUFFICIENT_EVIDENCE,Continuous path run is shorter than the configured minimum sample count.,-2.829742431640625,-6.9190521240234375,2.9335546035740663,-3.352381255565888,137.68436480182652,-151.9526154608767,48.8119355988777,0.7395005634489498,path_segment_001,SUPPORTED,,,,,,0.0,0.0,,,path_segment_006,INSUFFICIENT_EVIDENCE,Continuous path run is shorter than the configured minimum sample count.,SUPPORTED,
71,71,2366.6666666666665,VALID_TARGET,,1.0,1027.7419052124023,571.7949981689453,1025.7070083618164,573.0062713623047,SUPPORTED,1008.2142857142858,631.0714285714286,845.3571428571429,261.42857142857144,325.7142857142858,739.2857142857142,UNSTABLE_TRANSFORM,translation_median_sparse_flow,6.103515625e-05,8.392333984375e-05,350.0,8.000082015991211,,,SUPPORTED,partial_affine_ransac_sparse_flow,2.1102414903692472,1.390405892160901,138.0,1.1907982934315777,0.9933509777351277,0.3942857142857143,,,,,,,,,,UNSTABLE_TRANSFORM,Camera compensation was not supported.,-0.0093994140625,-3.9978485107421875,3.7421249638371137,0.15503430007788666,141.42648976566363,-151.7975811607988,-2.372377787801701,0.6217450848133426,path_segment_001,SUPPORTED,,,,,,,,,,,UNSTABLE_TRANSFORM,Camera compensation was not supported.,SUPPORTED,
72,72,2400.0,VALID_TARGET,,1.0,1020.3163452148438,568.9087371826172,1020.3163452148438,570.9091796875,SUPPORTED,1012.9285714285716,629.1428571428571,845.3571428571429,262.2857142857143,335.1428571428572,733.7142857142857,SUPPORTED,translation_median_sparse_flow,0.0,4.1961669921875e-05,350.0,6.385815620422363,,,SUPPORTED,partial_affine_ransac_sparse_flow,1.506598136775665,1.3783333752551956,142.0,0.9698378771581724,0.9949664376491367,0.4057142857142857,,,,,0.0,0.0,,,path_segment_007,SUPPORTED,,-5.390663146972656,-2.0970916748046875,-2.8624414464692336,1.4329690694593182,138.5640483191944,-150.3646120913395,-153.40695918235366,0.5313974228076758,path_segment_001,SUPPORTED,,,,,,0.0,0.0,,,path_segment_007,SUPPORTED,,SUPPORTED,
73,73,2433.333333333333,VALID_TARGET,,1.0,1016.2861480712892,572.1204528808594,1016.2861480712891,569.9206390380859,SUPPORTED,1017.6428571428572,627.2142857142858,845.3571428571429,263.14285714285717,344.5714285714286,728.1428571428571,SUPPORTED,translation_median_sparse_flow,1.52587890625e-05,-8.0108642578125e-05,350.0,6.868032455444336,,,SUPPORTED,partial_affine_ransac_sparse_flow,1.6795974241621858,0.94011058444485,122.0,0.8981150794783015,0.9949857252080834,0.3485714285714286,-4.0301971435546875,-0.9885406494140625,-4.03021240234375,-0.9884605407714844,-4.03021240234375,-0.9884605407714844,166.2195040339272,0.6888648846889499,path_segment_007,SUPPORTED,,-4.0301971435546875,-0.9885406494140625,-1.0809277754375444,1.8057778038308925,137.48312054375685,-148.5588342875086,-120.90448645390993,0.34937048031394874,path_segment_001,SUPPORTED,,-4.0301971435546875,-0.9885406494140625,-4.03021240234375,-0.9884605407714844,-4.03021240234375,-0.9884605407714844,166.2195040339272,0.6888648846889499,path_segment_007,SUPPORTED,,SUPPORTED,
74,74,2466.666666666667,VALID_TARGET,,1.0,1012.6938629150392,567.2936096191406,1016.0415649414062,567.2936096191406,SUPPORTED,1022.3571428571429,625.2857142857142,845.3571428571429,264.0,354.00000000000006,722.5714285714284,SUPPORTED,translation_median_sparse_flow,2.288818359375e-05,-0.0001068115234375,350.0,7.276493072509766,,,SUPPORTED,partial_affine_ransac_sparse_flow,0.9139192994274462,0.5029741957980778,132.0,0.5270650198854876,0.9972512190927345,0.37714285714285717,-0.2445831298828125,-2.6270294189453125,-0.24460601806640625,-2.626922607421875,-4.274818420410156,-3.6153831481933594,95.31975966754051,0.4379692311014878,path_segment_007,SUPPORTED,,-0.2445831298828125,-2.6270294189453125,1.3497000504871721,-1.0542870802903508,138.83282059424403,-149.61312136779895,37.99435400867085,0.2843108080169252,path_segment_001,SUPPORTED,,-0.2445831298828125,-2.6270294189453125,-0.24460601806640625,-2.626922607421875,-4.274818420410156,-3.6153831481933594,95.31975966754051,0.4379692311014878,path_segment_007,SUPPORTED,,SUPPORTED,
75,75,2500.0,VALID_TARGET,,1.0,1014.5522842407228,567.4389038085938,1015.4677429199219,567.7613067626953,SUPPORTED,1027.0714285714287,623.3571428571429,845.3571428571429,264.8571428571429,363.42857142857144,716.9999999999999,SUPPORTED,translation_median_sparse_flow,4.57763671875e-05,6.866455078125e-05,350.0,5.032827377319336,,,SUPPORTED,partial_affine_ransac_sparse_flow,0.40581763378796265,0.03320399605773513,135.0,0.22412352941376423,0.999065939781687,0.38571428571428573,-0.573822021484375,0.4676971435546875,-0.5738677978515625,0.46762847900390625,-4.848686218261719,-3.147754669189453,-140.82439223159528,0.12288877537842202,path_segment_007,SUPPORTED,,-0.573822021484375,0.4676971435546875,0.16123745776303622,0.6209366420157494,138.99405805200706,-148.9921847257832,-75.44359589150244,0.10649719575377593,path_segment_001,SUPPORTED,,-0.573822021484375,0.4676971435546875,-0.5738677978515625,0.46762847900390625,-4.848686218261719,-3.147754669189453,-140.82439223159528,0.12288877537842202,path_segment_007,SUPPORTED,,SUPPORTED,
76,76,2533.333333333333,VALID_TARGET,,1.0,1016.2886962890624,565.1336517333984,1015.7148742675781,567.7613067626953,SUPPORTED,1031.7857142857142,621.4285714285713,845.3571428571429,265.7142857142857,372.8571428571429,711.4285714285713,SUPPORTED,translation_median_sparse_flow,0.0001068115234375,0.000244140625,350.0,7.921142101287842,,,SUPPORTED,partial_affine_ransac_sparse_flow,0.23847723560494047,-0.09657554441360283,117.0,0.1273780842891038,0.9994884161931414,0.3342857142857143,0.24713134765625,0.0,0.2470245361328125,-0.000244140625,-4.601661682128906,-3.147998809814453,0.056626856119917135,0.041007376590331164,path_segment_007,SUPPORTED,,0.24713134765625,0.0,0.7785137216970952,-0.06052078623622492,139.77257177370416,-149.05270551201943,4.445169671835814,0.12962724695351235,path_segment_001,SUPPORTED,,0.24713134765625,0.0,0.2470245361328125,-0.000244140625,-4.601661682128906,-3.147998809814453,0.056626856119917135,0.041007376590331164,path_segment_007,SUPPORTED,,SUPPORTED,
77,77,2566.666666666667,VALID_TARGET,HUMAN_ACCEPTED_TARGET: operator reviewed the raw skeleton and confirmed that it belongs to the documented athlete.,1.0,1017.1074447631836,574.9018096923828,1017.681266784668,574.9018096923828,SUPPORTED,1028.1122448979593,621.5816326530612,836.6326530612246,265.2551020408163,382.9591836734694,712.6530612244898,SUPPORTED,translation_median_sparse_flow,0.0001678466796875,0.009624481201171875,350.0,6.726340293884277,,,SUPPORTED,partial_affine_ransac_sparse_flow,0.2702779633978476,-0.0566761875312907,125.0,0.1473351247919577,0.9994029443237196,0.35714285714285715,1.9663925170898438,7.1405029296875,1.9662246704101562,7.130878448486328,-2.63543701171875,3.982879638671875,-74.58466502528981,1.2279388410591574,path_segment_007,SUPPORTED,,1.9663925170898438,7.1405029296875,2.4858218157230567,7.208423619535779,142.25839358942721,-141.84428189248365,-70.97326803265224,1.2657902318064163,path_segment_001,SUPPORTED,,1.9663925170898438,7.1405029296875,1.9662246704101562,7.130878448486328,-2.63543701171875,3.982879638671875,-74.58466502528981,1.2279388410591574,path_segment_007,SUPPORTED,,SUPPORTED,
78,78,2600.0,VALID_TARGET,HUMAN_ACCEPTED_TARGET: operator reviewed the raw skeleton and confirmed that it belongs to the documented athlete.,1.0,1023.6095733642578,584.0971527099609,1023.6095733642578,577.8973236083984,SUPPORTED,1024.438775510204,621.734693877551,827.9081632653061,264.7959183673469,393.06122448979596,713.8775510204081,SUPPORTED,translation_median_sparse_flow,0.00168609619140625,0.215057373046875,350.0,7.917844772338867,,,SUPPORTED,partial_affine_ransac_sparse_flow,0.25574398301512613,-0.5945041461589285,134.0,0.3545214552060627,0.9999189184108006,0.38285714285714284,5.928306579589844,2.995513916015625,5.9266204833984375,2.78045654296875,3.2911834716796875,6.763336181640625,-25.133483390286305,1.0867416900267561,path_segment_007,SUPPORTED,,5.928306579589844,2.995513916015625,6.710032379227073,1.9494569924689813,148.9684259686543,-139.89482490001467,-16.200097456994655,1.159958466908021,path_segment_001,SUPPORTED,,5.928306579589844,2.995513916015625,5.9266204833984375,2.78045654296875,3.2911834716796875,6.763336181640625,-25.133483390286305,1.0867416900267561,path_segment_007,SUPPORTED,,SUPPORTED,
79,79,2633.3333333333335,VALID_TARGET,HUMAN_ACCEPTED_TARGET: operator reviewed the raw skeleton and confirmed that it belongs to the documented athlete.,1.0,1027.8781127929688,580.6320190429688,1027.8781127929688,580.6320190429688,SUPPORTED,1020.7653061224489,621.8877551020407,819.1836734693877,264.33673469387753,403.16326530612247,715.1020408163265,SUPPORTED,translation_median_sparse_flow,0.042724609375,0.6724853515625,350.0,7.916131019592285,,,SUPPORTED,partial_affine_ransac_sparse_flow,0.10170343280421457,-0.5876875223197066,129.0,0.30104856815330294,1.0003278110454439,0.36857142857142855,4.2685394287109375,2.7346954345703125,4.2258148193359375,2.0622100830078125,7.516998291015625,8.825546264648438,-26.012512260746764,0.7805814509634024,path_segment_007,SUPPORTED,,4.2685394287109375,2.7346954345703125,4.719875141523971,1.561831531481971,153.68830111017826,-138.3329933685327,-18.309651459563018,0.8253069673259897,path_segment_001,SUPPORTED,,4.2685394287109375,2.7346954345703125,4.2258148193359375,2.0622100830078125,7.516998291015625,8.825546264648438,-26.012512260746764,0.7805814509634024,path_segment_007,SUPPORTED,,SUPPORTED,
80,80,2666.6666666666665,VALID_TARGET,HUMAN_ACCEPTED_TARGET: operator reviewed the raw skeleton and confirmed that it belongs to the documented athlete.,1.0,1035.7384185791016,577.8973236083984,1032.3875885009766,580.6320190429688,SUPPORTED,1017.091836734694,622.0408163265306,810.4591836734694,263.8775510204082,413.26530612244903,716.3265306122448,UNSTABLE_TRANSFORM,translation_median_sparse_flow,0.10040283203125,2.3730621337890625,350.0,8.100570678710938,,,SUPPORTED,partial_affine_ransac_sparse_flow,0.3558561132685378,-1.057092009863371,149.0,0.6149990687624265,1.0000002260700938,0.4257142857142857,,,,,,,,,,UNSTABLE_TRANSFORM,Camera compensation was not supported.,4.5094757080078125,0.0,5.822315021400982,-1.8876346613579926,159.51061613157924,-140.2206280298907,17.963051563888524,1.0160618787221871,path_segment_001,SUPPORTED,,,,,,,,,,,UNSTABLE_TRANSFORM,Camera compensation was not supported.,SUPPORTED,
81,81,2700.0,VALID_TARGET,HUMAN_ACCEPTED_TARGET: operator reviewed the raw skeleton and confirmed that it belongs to the documented athlete.,1.0,1032.3875885009766,583.8811798095703,1035.7384185791016,577.8973236083984,SUPPORTED,1013.4183673469388,622.1938775510205,801.7346938775511,263.4183673469388,423.36734693877554,717.5510204081633,SUPPORTED,translation_median_sparse_flow,0.5950927734375,0.753204345703125,349.0,6.029098033905029,,,SUPPORTED,partial_affine_ransac_sparse_flow,0.6065190768032066,-1.2868606745490054,152.0,0.7321513153728896,0.9995859593147661,0.4355300859598854,,,,,0.0,0.0,,,path_segment_008,INSUFFICIENT_EVIDENCE,Continuous path run is shorter than the configured minimum sample count.,3.350830078125,-2.7346954345703125,5.308268844412851,-4.989969169801384,164.8188849759921,-145.21059719969207,43.22965600083844,1.2094194654613657,path_segment_001,SUPPORTED,,,,,,0.0,0.0,,,path_segment_008,INSUFFICIENT_EVIDENCE,Continuous path run is shorter than the configured minimum sample count.,SUPPORTED,
82,82,2733.3333333333335,VALID_TARGET,HUMAN_ACCEPTED_TARGET: operator reviewed the raw skeleton and confirmed that it belongs to the documented athlete.,1.0,1045.8050689697266,574.2721099853516,1045.5344772338867,574.2721099853516,SUPPORTED,1009.7448979591836,622.3469387755101,793.0102040816327,262.9591836734694,433.46938775510205,718.7755102040816,UNSTABLE_TRANSFORM,translation_median_sparse_flow,1.6324462890625,1.013443946838379,350.0,8.360848426818848,,,SUPPORTED,partial_affine_ransac_sparse_flow,0.7511901950185728,-1.554521085970681,134.0,0.849741026699595,0.9994809156343581,0.38285714285714284,,,,,,,,,,UNSTABLE_TRANSFORM,Camera compensation was not supported.,9.796058654785156,-3.625213623046875,12.250672596107052,-6.527003262957351,177.06955757209914,-151.73760046264943,28.04812603921318,2.30430969377375,path_segment_001,SUPPORTED,,,,,,,,,,,UNSTABLE_TRANSFORM,Camera compensation was not supported.,SUPPORTED,
83,83,2766.6666666666665,VALID_TARGET,HUMAN_ACCEPTED_TARGET: operator reviewed the raw skeleton and confirmed that it belongs to the documented athlete.,1.0,1051.4833908081057,561.7163391113281,1047.5198822021484,561.7163391113281,SUPPORTED,1006.0714285714286,622.5,784.2857142857142,262.5,443.5714285714286,720.0,SUPPORTED,translation_median_sparse_flow,0.39605712890625,0.93017578125,328.0,7.583980083465576,,,SUPPORTED,partial_affine_ransac_sparse_flow,1.1790469583448298,-1.2857110400112601,134.0,0.8153133248335236,0.9981933543607572,0.40853658536585363,,,,,0.0,0.0,,,path_segment_009,INSUFFICIENT_EVIDENCE,Continuous path run is shorter than the configured minimum sample count.,1.9854049682617188,-12.555770874023438,5.128353232254767,-14.640181380464355,182.1979108043539,-166.37778184311378,70.69499893188281,2.575140951495235,path_segment_001,SUPPORTED,,,,,,0.0,0.0,,,path_segment_009,INSUFFICIENT_EVIDENCE,Continuous path run is shorter than the configured minimum sample count.,SUPPORTED,
84,84,2800.0,VALID_TARGET,HUMAN_ACCEPTED_TARGET: operator reviewed the raw skeleton and confirmed that it belongs to the documented athlete.,1.0,1047.575050354004,553.7781829833984,1047.5198822021484,553.7781829833984,SUPPORTED,1002.3979591836735,622.6530612244899,775.5612244897959,262.0408163265306,453.6734693877551,721.2244897959184,SUPPORTED,translation_median_sparse_flow,7.1982421875,1.475555419921875,349.0,7.347410678863525,,,SUPPORTED,partial_affine_ransac_sparse_flow,8.261003595423066,1.4305601605330596,158.0,0.3861063603007576,1.0000067648781183,0.45272206303724927,0.0,-7.9381561279296875,-7.1982421875,-9.413711547851562,-7.1982421875,-9.413711547851562,,,path_segment_009,INSUFFICIENT_EVIDENCE,Continuous path run is shorter than the configured minimum sample count.,0.0,-7.9381561279296875,-8.218029543261991,-9.465861657036157,173.97988126109192,-175.84364350014994,130.96371616337532,2.080956720299378,path_segment_001,SUPPORTED,,0.0,-7.9381561279296875,-7.1982421875,-9.413711547851562,-7.1982421875,-9.413711547851562,,,path_segment_009,INSUFFICIENT_EVIDENCE,Continuous path run is shorter than the configured minimum sample count.,SUPPORTED,
85,85,2833.3333333333335,VALID_TARGET,HUMAN_ACCEPTED_TARGET: operator reviewed the raw skeleton and confirmed that it belongs to the documented athlete.,1.0,1050.3700637817385,540.1400146484375,1047.2492904663086,540.1400146484375,SUPPORTED,998.7244897959184,622.8061224489795,766.8367346938776,261.5816326530612,463.7755102040817,722.4489795918367,SUPPORTED,translation_median_sparse_flow,0.0018310546875,1.864501953125,301.0,7.62009859085083,,,SUPPORTED,partial_affine_ransac_sparse_flow,-1.972938628546772,-0.5621158325124355,142.0,0.9188544844301416,1.0056492640629844,0.4717607973421927,-0.27059173583984375,-13.638168334960938,-0.27242279052734375,-15.502670288085938,-7.470664978027344,-24.9163818359375,,,path_segment_009,INSUFFICIENT_EVIDENCE,Continuous path run is shorter than the configured minimum sample count.,-0.27059173583984375,-13.638168334960938,-4.413864382810289,-15.828859260378522,169.56601687828163,-191.67250276052846,105.58108458295698,2.7279204300810918,path_segment_001,SUPPORTED,,-0.27059173583984375,-13.638168334960938,-0.27242279052734375,-15.502670288085938,-7.470664978027344,-24.9163818359375,,,path_segment_009,INSUFFICIENT_EVIDENCE,Continuous path run is shorter than the configured minimum sample count.,SUPPORTED,
86,86,2866.6666666666665,VALID_TARGET,HUMAN_ACCEPTED_TARGET: operator reviewed the raw skeleton and confirmed that it belongs to the documented athlete.,1.0,1044.4361572265625,530.2621002197266,1044.4361572265625,530.2621002197266,SUPPORTED,995.0510204081633,622.9591836734694,758.1122448979592,261.1224489795918,473.8775510204082,723.6734693877552,UNSTABLE_TRANSFORM,translation_median_sparse_flow,0.00022125244140625,2.8151397705078125,260.0,8.337065696716309,,,SUPPORTED,partial_affine_ransac_sparse_flow,-2.191707906889949,-1.2414908235360416,117.0,1.1322744488103174,1.0067780984388517,0.45,,,,,,,,,,UNSTABLE_TRANSFORM,Camera compensation was not supported.,-2.8131332397460938,-9.877914428710938,-7.130312906635481,-13.438923460208343,162.43570397164615,-205.1114262207368,117.9491577720258,2.525495192084924,path_segment_001,SUPPORTED,,,,,,,,,,,UNSTABLE_TRANSFORM,Camera compensation was not supported.,SUPPORTED,
87,87,2900.0,VALID_TARGET,HUMAN_ACCEPTED_TARGET: operator reviewed the raw skeleton and confirmed that it belongs to the documented athlete.,1.0,1038.7044296264648,523.7127685546875,1041.6566467285156,523.7127685546875,SUPPORTED,991.3775510204081,623.1122448979593,749.3877551020407,260.66326530612247,483.97959183673476,724.8979591836735,SUPPORTED,translation_median_sparse_flow,6.79632568359375,3.274871826171875,310.0,2.550628185272217,,,SUPPORTED,partial_affine_ransac_sparse_flow,8.03467958748947,3.318629825658289,156.0,0.395890728336192,0.999961355594359,0.5032258064516129,,,,,0.0,0.0,,,path_segment_010,INSUFFICIENT_EVIDENCE,Continuous path run is shorter than the configured minimum sample count.,-2.779510498046875,-6.5493316650390625,-10.697261119238874,-9.9982545253132,151.73844285240727,-215.10968074605,136.93447261910384,2.430695273670769,path_segment_001,SUPPORTED,,,,,,0.0,0.0,,,path_segment_010,INSUFFICIENT_EVIDENCE,Continuous path run is shorter than the configured minimum sample count.,SUPPORTED,
88,88,2933.333333333333,VALID_TARGET,HUMAN_ACCEPTED_TARGET: operator reviewed the raw skeleton and confirmed that it belongs to the documented athlete.,1.0,1035.0030212402344,515.0489883422852,1040.2535247802734,515.0489883422852,SUPPORTED,987.704081632653,623.265306122449,740.6632653061224,260.2040816326531,494.08163265306126,726.1224489795919,SUPPORTED,translation_median_sparse_flow,6.37506103515625,3.527862548828125,264.0,3.7469773292541504,,,SUPPORTED,partial_affine_ransac_sparse_flow,-1.7484705841122177,-1.0504254548799539,136.0,0.9346852248226558,1.0060622510590014,0.5151515151515151,-1.4031219482421875,-8.663780212402344,-7.7781829833984375,-12.191642761230469,-7.7781829833984375,-12.191642761230469,,,path_segment_010,INSUFFICIENT_EVIDENCE,Continuous path run is shorter than the configured minimum sample count.,-1.4031219482421875,-8.663780212402344,-5.440721535577495,-11.838524846672954,146.29772131682978,-226.94820559272296,114.68245479525834,2.16286437427053,path_segment_001,SUPPORTED,,-1.4031219482421875,-8.663780212402344,-7.7781829833984375,-12.191642761230469,-7.7781829833984375,-12.191642761230469,,,path_segment_010,INSUFFICIENT_EVIDENCE,Continuous path run is shorter than the configured minimum sample count.,SUPPORTED,
89,89,2966.666666666667,VALID_TARGET,HUMAN_ACCEPTED_TARGET: operator reviewed the raw skeleton and confirmed that it belongs to the documented athlete.,1.0,1041.279769897461,507.23854064941406,1038.418254852295,511.1437644958496,SUPPORTED,984.0306122448981,623.4183673469388,731.9387755102041,259.7448979591837,504.1836734693878,727.3469387755102,SUPPORTED,translation_median_sparse_flow,0.001708984375,3.6402587890625,200.0,5.174533367156982,,,SUPPORTED,partial_affine_ransac_sparse_flow,-1.7608715038597071,-1.0050105319933815,119.0,0.8491725216278976,1.0055970725212295,0.595,-1.8352699279785156,-3.905223846435547,-1.8369789123535156,-7.545482635498047,-9.615161895751953,-19.737125396728516,,,path_segment_010,INSUFFICIENT_EVIDENCE,Continuous path run is shorter than the configured minimum sample count.,-1.8352699279785156,-3.905223846435547,-5.443770445183418,-6.696912325156973,140.85395087164636,-233.64511791787993,129.10689051475984,1.4326861201484982,path_segment_001,SUPPORTED,,-1.8352699279785156,-3.905223846435547,-1.8369789123535156,-7.545482635498047,-9.615161895751953,-19.737125396728516,,,path_segment_010,INSUFFICIENT_EVIDENCE,Continuous path run is shorter than the configured minimum sample count.,SUPPORTED,
90,90,3000.0,VALID_TARGET,HUMAN_ACCEPTED_TARGET: operator reviewed the raw skeleton and confirmed that it belongs to the documented athlete.,1.0,1037.0535583496094,497.9458541870117,1039.5352020263672,507.23854064941406,SUPPORTED,980.3571428571429,623.5714285714287,723.2142857142857,259.2857142857143,514.2857142857143,728.5714285714287,SUPPORTED,translation_median_sparse_flow,7.96612548828125,4.11322021484375,257.0,2.3523969650268555,,,SUPPORTED,partial_affine_ransac_sparse_flow,8.746537041748429,3.989788539805387,134.0,0.4375897422805831,1.000321196229921,0.5214007782101168,1.1169471740722656,-3.905223846435547,-6.849178314208984,-8.018444061279297,-16.464340209960938,-27.755569458007812,,,path_segment_010,INSUFFICIENT_EVIDENCE,Continuous path run is shorter than the configured minimum sample count.,1.1169471740722656,-3.905223846435547,-7.883747270216645,-8.22042054488179,132.97020360142972,-241.86553846276172,133.80235052292286,1.8907750256438063,path_segment_001,SUPPORTED,,1.1169471740722656,-3.905223846435547,-6.849178314208984,-8.018444061279297,-16.464340209960938,-27.755569458007812,,,path_segment_010,INSUFFICIENT_EVIDENCE,Continuous path run is shorter than the configured minimum sample count.,SUPPORTED,
91,91,3033.333333333333,TARGET_IDENTITY_UNCERTAIN,TARGET_OVERLAP_AMBIGUOUS: another detected person overlaps or is too close to the selected pose for automated identity acceptance.,,1035.1607208251953,503.6520385742187,,,,984.4211822660099,622.9433497536945,729.8645320197044,259.06403940886696,509.1133004926109,727.7586206896552,,,,,,,,,,,,,,,,,,,,,,,,,,,,,,,,,,,,,,,,,,,,,,,,,,,
92,92,3066.666666666667,TARGET_IDENTITY_UNCERTAIN,TARGET_OVERLAP_AMBIGUOUS: another detected person overlaps or is too close to the selected pose for automated identity acceptance.,,1024.8946533203125,496.4184494018554,,,,988.4852216748768,622.3152709359606,736.5147783251231,258.8423645320197,503.9408866995074,726.9458128078819,,,,,,,,,,,,,,,,,,,,,,,,,,,,,,,,,,,,,,,,,,,,,,,,,,,
93,93,3100.0,TARGET_IDENTITY_UNCERTAIN,TARGET_OVERLAP_AMBIGUOUS: another detected person overlaps or is too close to the selected pose for automated identity acceptance.,,1016.5996551513672,493.3013381958008,,,,992.5492610837438,621.6871921182267,743.1650246305418,258.6206896551724,498.768472906404,726.1330049261085,,,,,,,,,,,,,,,,,,,,,,,,,,,,,,,,,,,,,,,,,,,,,,,,,,,
94,94,3133.3333333333335,VALID_TARGET,HUMAN_ACCEPTED_TARGET: operator reviewed the raw skeleton and confirmed that it belongs to the documented athlete.,2.0,1009.8541412353516,486.62213134765625,1016.1001510620117,483.51318359375,SUPPORTED,996.6133004926108,621.0591133004926,749.8152709359606,258.3990147783251,493.59605911330056,725.320197044335,UNSTABLE_TRANSFORM,translation_median_sparse_flow,0.0002593994140625,9.089263916015625,196.0,10.76152229309082,,,SUPPORTED,partial_affine_ransac_sparse_flow,0.16385783625980951,0.17059646848481314,88.0,0.0930466523904433,0.9994011785368173,0.4489795918367347,,,,,0.0,0.0,,,path_segment_011,SUPPORTED,,,,,,0.0,0.0,,,path_segment_002,SUPPORTED,,,,,,0.0,0.0,,,path_segment_011,SUPPORTED,,SUPPORTED,
95,95,3166.6666666666665,VALID_TARGET,HUMAN_ACCEPTED_TARGET: operator reviewed the raw skeleton and confirmed that it belongs to the documented athlete.,2.0,1012.6094284057616,483.51318359375,1015.2637519836426,481.18053817749023,SUPPORTED,1000.6773399014778,620.4310344827586,756.4655172413793,258.1773399014778,488.42364532019707,724.5073891625617,SUPPORTED,translation_median_sparse_flow,9.1552734375e-05,2.316650390625,182.0,2.3168373107910156,,,SUPPORTED,partial_affine_ransac_sparse_flow,0.08510222748547473,-0.9739843336726646,117.0,0.41712319699262473,1.000672222180407,0.6428571428571429,-0.8363990783691406,-2.3326454162597656,-0.8364906311035156,-4.649295806884766,-0.8364906311035156,-4.649295806884766,100.1994064726256,0.7841996218989471,path_segment_011,SUPPORTED,,-0.8363990783691406,-2.3326454162597656,-0.32731029152500923,-4.358712968944417,-0.32731029152500923,-4.358712968944417,94.29447105961881,0.7256062392169472,path_segment_002,SUPPORTED,,-0.8363990783691406,-2.3326454162597656,-0.8364906311035156,-4.649295806884766,-0.8364906311035156,-4.649295806884766,100.1994064726256,0.7841996218989471,path_segment_011,SUPPORTED,,SUPPORTED,
96,96,3200.0,VALID_TARGET,HUMAN_ACCEPTED_TARGET: operator reviewed the raw skeleton and confirmed that it belongs to the documented athlete.,2.0,1022.4983291625977,478.84789276123047,1014.2691040039062,483.51318359375,SUPPORTED,1004.7413793103449,619.8029556650247,763.115763546798,257.95566502463055,483.25123152709364,723.6945812807883,SUPPORTED,translation_median_sparse_flow,0.68951416015625,3.273101806640625,228.0,5.034886837005615,,,SUPPORTED,partial_affine_ransac_sparse_flow,-2.360871590892014,-1.193513568429573,119.0,1.1640356484848078,1.0073514693056527,0.5219298245614035,-0.9946479797363281,2.3326454162597656,-1.6841621398925781,-0.9404563903808594,-2.5206527709960938,-5.589752197265625,150.82048386153903,0.32021624941146215,path_segment_011,SUPPORTED,,-0.9946479797363281,2.3326454162597656,-5.679711728098823,-0.8916636357851075,-6.007022019623832,-5.250376604729524,171.07790107562056,0.9544099039159538,path_segment_002,SUPPORTED,,-0.9946479797363281,2.3326454162597656,-1.6841621398925781,-0.9404563903808594,-2.5206527709960938,-5.589752197265625,150.82048386153903,0.32021624941146215,path_segment_011,SUPPORTED,,SUPPORTED,
97,97,3233.3333333333335,VALID_TARGET,HUMAN_ACCEPTED_TARGET: operator reviewed the raw skeleton and confirmed that it belongs to the documented athlete.,2.0,1014.4273529052734,478.19063568115234,1014.512451171875,481.4740524291992,SUPPORTED,1008.8054187192118,619.1748768472906,769.7660098522167,257.73399014778323,478.0788177339902,722.8817733990148,SUPPORTED,translation_median_sparse_flow,0.6405029296875,2.63299560546875,211.0,2.7118711471557617,,,SUPPORTED,partial_affine_ransac_sparse_flow,-2.634931710812454,-1.242800911663747,110.0,1.2596081099621494,1.0078064835658125,0.5213270142180095,0.24334716796875,-2.0391311645507812,-0.39715576171875,-4.672126770019531,-2.9178085327148438,-10.261878967285156,94.85876713548816,0.7783944746674775,path_segment_011,SUPPORTED,,0.24334716796875,-2.0391311645507812,-4.6953275414148266,-5.292387074159365,-10.702349561038659,-10.542763678888889,131.57896422426143,1.1744848461873763,path_segment_002,SUPPORTED,,0.24334716796875,-2.0391311645507812,-0.39715576171875,-4.672126770019531,-2.9178085327148438,-10.261878967285156,94.85876713548816,0.7783944746674775,path_segment_011,SUPPORTED,,SUPPORTED,
98,98,3266.6666666666665,VALID_TARGET,HUMAN_ACCEPTED_TARGET: operator reviewed the raw skeleton and confirmed that it belongs to the documented athlete.,2.0,1005.6863403320312,489.61192321777344,1014.4273529052734,478.84789276123047,SUPPORTED,1012.8694581280788,618.5467980295566,776.4162561576354,257.51231527093597,472.9064039408868,722.0689655172414,SUPPORTED,translation_median_sparse_flow,0.000762939453125,0.004058837890625,168.0,0.012486593797802925,,,SUPPORTED,partial_affine_ransac_sparse_flow,-0.21027641163817357,-0.645146426353244,106.0,0.2870585575558754,1.0010944508994402,0.6309523809523809,-0.0850982666015625,-2.62615966796875,-0.0858612060546875,-2.630218505859375,-3.0036697387695312,-12.892097473144531,91.86970716333259,0.43686252196431563,path_segment_011,SUPPORTED,,-0.0850982666015625,-2.62615966796875,-0.28108124647098975,-3.988727689880932,-10.983430807509649,-14.53149136876982,94.03090696600701,0.6637915591282287,path_segment_002,SUPPORTED,,-0.0850982666015625,-2.62615966796875,-0.0858612060546875,-2.630218505859375,-3.0036697387695312,-12.892097473144531,91.86970716333259,0.43686252196431563,path_segment_011,SUPPORTED,,SUPPORTED,
99,99,3300.0,VALID_TARGET,HUMAN_ACCEPTED_TARGET: operator reviewed the raw skeleton and confirmed that it belongs to the documented athlete.,2.0,1015.3740234375,483.9447937011719,1013.2838516235352,481.0677146911621,SUPPORTED,1016.9334975369458,617.9187192118227,783.0665024630541,257.29064039408865,467.7339901477833,721.2561576354681,SUPPORTED,translation_median_sparse_flow,0.89501953125,2.24676513671875,210.0,2.419038772583008,,,SUPPORTED,partial_affine_ransac_sparse_flow,-0.5380903414598011,-0.8887145499498608,112.0,0.486751842408986,1.0021577223097795,0.5333333333333333,-1.1435012817382812,2.2198219299316406,-2.0385208129882812,-0.026943206787109375,-5.0421905517578125,-12.91904067993164,179.2427636041426,0.3384346040304289,path_segment_011,SUPPORTED,,-1.1435012817382812,2.2198219299316406,-1.9219017199684458,0.23157384490400545,-12.905332527478095,-14.299917523865815,-173.1294370028519,0.3213533314190596,path_segment_002,SUPPORTED,,-1.1435012817382812,2.2198219299316406,-2.0385208129882812,-0.026943206787109375,-5.0421905517578125,-12.91904067993164,179.2427636041426,0.3384346040304289,path_segment_011,SUPPORTED,,SUPPORTED,
100,100,3333.3333333333335,VALID_TARGET,HUMAN_ACCEPTED_TARGET: operator reviewed the raw skeleton and confirmed that it belongs to the documented athlete.,2.0,1009.3240966796876,472.7914047241211,1012.1403503417969,483.9447937011719,SUPPORTED,1020.9975369458127,617.2906403940888,789.7167487684728,257.0689655172414,462.56157635467986,720.4433497536946,SUPPORTED,translation_median_sparse_flow,1.4654541015625,1.715179443359375,200.0,2.2604453563690186,,,SUPPORTED,partial_affine_ransac_sparse_flow,-0.4337685240569737,-0.3879312606970813,105.0,0.23609868687445576,1.001413019756138,0.525,-1.1435012817382812,2.8770790100097656,-2.6089553833007812,1.1618995666503906,-7.651145935058594,-11.75714111328125,-155.99417576792567,0.4741085962886404,path_segment_011,SUPPORTED,,-1.1435012817382812,2.8770790100097656,-1.8481386371020108,1.9677752968365212,-14.753471164580105,-12.332142227029294,-133.2042490512928,0.4481450410371639,path_segment_002,SUPPORTED,,-1.1435012817382812,2.8770790100097656,-2.6089553833007812,1.1618995666503906,-7.651145935058594,-11.75714111328125,-155.99417576792567,0.4741085962886404,path_segment_011,SUPPORTED,,SUPPORTED,
101,101,3366.6666666666665,TARGET_IDENTITY_UNCERTAIN,TARGET_OVERLAP_AMBIGUOUS: another detected person overlaps or is too close to the selected pose for automated identity acceptance.,,1023.3169326782228,465.79808044433594,,,,1025.0615763546798,616.6625615763546,796.3669950738915,256.8472906403941,457.3891625615764,719.6305418719212,,,,,,,,,,,,,,,,,,,,,,,,,,,,,,,,,,,,,,,,,,,,,,,,,,,
102,102,3400.0,TARGET_IDENTITY_UNCERTAIN,TARGET_OVERLAP_AMBIGUOUS: another detected person overlaps or is too close to the selected pose for automated identity acceptance.,,1035.1409301757812,461.58885192871094,,,,1029.1256157635469,616.0344827586207,803.0172413793103,256.6256157635468,452.21674876847294,718.8177339901479,,,,,,,,,,,,,,,,,,,,,,,,,,,,,,,,,,,,,,,,,,,,,,,,,,,
103,103,3433.333333333333,TARGET_IDENTITY_UNCERTAIN,TARGET_OVERLAP_AMBIGUOUS: another detected person overlaps or is too close to the selected pose for automated identity acceptance.,,1020.1317901611328,465.42830657958984,,,,1033.1896551724137,615.4064039408868,809.667487684729,256.4039408866995,447.0443349753695,718.0049261083744,,,,,,,,,,,,,,,,,,,,,,,,,,,,,,,,,,,,,,,,,,,,,,,,,,,
104,104,3466.666666666667,TARGET_IDENTITY_UNCERTAIN,TARGET_OVERLAP_AMBIGUOUS: another detected person overlaps or is too close to the selected pose for automated identity acceptance.,,1038.9892349243164,470.05426025390625,,,,1037.2536945812808,614.7783251231527,816.3177339901478,256.18226600985224,441.8719211822661,717.192118226601,,,,,,,,,,,,,,,,,,,,,,,,,,,,,,,,,,,,,,,,,,,,,,,,,,,
105,105,3500.0,TARGET_IDENTITY_UNCERTAIN,TARGET_OVERLAP_AMBIGUOUS: another detected person overlaps or is too close to the selected pose for automated identity acceptance.,,1046.1783828735352,481.4219284057617,,,,1041.3177339901476,614.1502463054187,822.9679802955665,255.96059113300493,436.6995073891626,716.3793103448277,,,,,,,,,,,,,,,,,,,,,,,,,,,,,,,,,,,,,,,,,,,,,,,,,,,
106,106,3533.333333333333,VALID_TARGET,HUMAN_ACCEPTED_TARGET: operator reviewed the raw skeleton and confirmed that it belongs to the documented athlete.,3.0,1051.448631286621,495.8067932128906,1060.8872909545898,495.76563262939453,SUPPORTED,1045.3817733990147,613.5221674876848,829.6182266009852,255.73891625615764,431.52709359605916,715.5665024630542,SUPPORTED,translation_median_sparse_flow,0.002685546875,0.0017852783203125,176.0,0.7550021409988403,,,SUPPORTED,partial_affine_ransac_sparse_flow,-0.22308154435641697,0.24284868262558515,92.0,0.14456336795857563,1.0003287345832528,0.5227272727272727,,,,,0.0,0.0,,,path_segment_012,SUPPORTED,,,,,,0.0,0.0,,,path_segment_003,SUPPORTED,,,,,,0.0,0.0,,,path_segment_012,SUPPORTED,,SUPPORTED,
107,107,3566.666666666667,VALID_TARGET,HUMAN_ACCEPTED_TARGET: operator reviewed the raw skeleton and confirmed that it belongs to the documented athlete.,3.0,1060.8872909545898,496.9000473022461,1066.00679397583,496.552978515625,SUPPORTED,1049.4458128078818,612.8940886699507,836.2684729064039,255.51724137931035,426.35467980295573,714.7536945812808,SUPPORTED,translation_median_sparse_flow,3.3590087890625,1.631103515625,197.0,3.7341761589050293,,,SUPPORTED,partial_affine_ransac_sparse_flow,-1.2307221922412868,-0.6767778999946861,114.0,0.651939503312837,1.003562324402983,0.5786802030456852,5.119503021240234,0.7873458862304688,1.7604942321777344,-0.8437576293945312,1.7604942321777344,-0.8437576293945312,25.607149504875792,0.3240830835609077,path_segment_012,SUPPORTED,,5.119503021240234,0.7873458862304688,2.899050557183955,-1.0033448924451136,2.899050557183955,-1.0033448924451136,19.09044560087576,0.509265282450787,path_segment_003,SUPPORTED,,5.119503021240234,0.7873458862304688,1.7604942321777344,-0.8437576293945312,1.7604942321777344,-0.8437576293945312,25.607149504875792,0.3240830835609077,path_segment_012,SUPPORTED,,SUPPORTED,
108,108,3600.0,VALID_TARGET,HUMAN_ACCEPTED_TARGET: operator reviewed the raw skeleton and confirmed that it belongs to the documented athlete.,3.0,1071.1262969970703,495.50233459472656,1071.1262969970703,497.34032440185547,SUPPORTED,1053.5098522167489,612.2660098522168,842.9187192118227,255.29556650246306,421.18226600985224,713.9408866995075,SUPPORTED,translation_median_sparse_flow,4.1976318359375,2.2500152587890625,224.0,4.762779235839844,,,SUPPORTED,partial_affine_ransac_sparse_flow,-1.6851196097013617,-0.3161278557639034,108.0,0.7929506690975134,1.0044252134015594,0.48214285714285715,5.119503021240234,0.7873458862304688,0.9218711853027344,-1.4626693725585938,2.6823654174804688,-2.306427001953125,57.778151718821896,0.2870137271624677,path_segment_012,SUPPORTED,,5.119503021240234,0.7873458862304688,1.805804104032859,-0.48908135688600396,4.704854661216814,-1.4924262493311176,15.15434627375654,0.3105730089647393,path_segment_003,SUPPORTED,,5.119503021240234,0.7873458862304688,0.9218711853027344,-1.4626693725585938,2.6823654174804688,-2.306427001953125,57.778151718821896,0.2870137271624677,path_segment_012,SUPPORTED,,SUPPORTED,
109,109,3633.3333333333335,VALID_TARGET,HUMAN_ACCEPTED_TARGET: operator reviewed the raw skeleton and confirmed that it belongs to the documented athlete.,3.0,1078.5231094360352,500.9367446899414,1078.5231094360352,500.9367446899414,SUPPORTED,1057.5738916256157,611.6379310344828,849.5689655172414,255.07389162561577,416.0098522167488,713.128078817734,SUPPORTED,translation_median_sparse_flow,6.710205078125,2.23388671875,233.0,7.085719585418701,,,SUPPORTED,partial_affine_ransac_sparse_flow,-4.130464963219916,-1.1779955263483197,118.0,1.506872030790931,1.0137318486740272,0.5064377682403434,7.396812438964844,3.5964202880859375,0.6866073608398438,1.3625335693359375,3.3689727783203125,-0.9438934326171875,-63.25556976720127,0.2532832076841947,path_segment_012,SUPPORTED,,7.396812438964844,3.5964202880859375,-4.248180885722604,0.24923048612515686,0.4566737754942096,-1.2431957632059607,-176.6424439283584,0.7064327016640247,path_segment_003,SUPPORTED,,7.396812438964844,3.5964202880859375,0.6866073608398438,1.3625335693359375,3.3689727783203125,-0.9438934326171875,-63.25556976720127,0.2532832076841947,path_segment_012,SUPPORTED,,SUPPORTED,
110,110,3666.6666666666665,VALID_TARGET,HUMAN_ACCEPTED_TARGET: operator reviewed the raw skeleton and confirmed that it belongs to the documented athlete.,3.0,1083.1289520263672,507.76619720458984,1083.1289520263672,507.76619720458984,SUPPORTED,1061.6379310344828,611.0098522167488,856.2192118226601,254.85221674876848,410.8374384236454,712.3152709359606,SUPPORTED,translation_median_sparse_flow,0.797119140625,1.599609375,205.0,3.231504440307617,,,SUPPORTED,partial_affine_ransac_sparse_flow,0.26657461441779134,0.04792427403358923,97.0,0.1145840397854589,0.9993093785316204,0.47317073170731705,4.605842590332031,6.8294525146484375,3.8087234497070312,5.2298431396484375,7.177696228027344,4.28594970703125,-53.935375189943095,1.0740117135994716,path_segment_012,SUPPORTED,,4.605842590332031,6.8294525146484375,5.131375182707643,7.025755730455103,5.588048958201853,5.782559967249142,-53.85686709745916,1.4442667183809028,path_segment_003,SUPPORTED,,4.605842590332031,6.8294525146484375,3.8087234497070312,5.2298431396484375,7.177696228027344,4.28594970703125,-53.935375189943095,1.0740117135994716,path_segment_012,SUPPORTED,,SUPPORTED,
111,111,3700.0,VALID_TARGET,HUMAN_ACCEPTED_TARGET: operator reviewed the raw skeleton and confirmed that it belongs to the documented athlete.,3.0,1093.650749206543,513.2651519775391,1093.650749206543,513.2651519775391,SUPPORTED,1065.7019704433496,610.3817733990148,862.8694581280788,254.6305418719212,405.6650246305419,711.5024630541873,SUPPORTED,translation_median_sparse_flow,2.91259765625,1.742645263671875,218.0,3.4086079597473145,,,SUPPORTED,partial_affine_ransac_sparse_flow,-4.620644229237192,-1.1615602495065358,121.0,1.270809318354166,1.0147221501620032,0.555045871559633,10.521797180175781,5.498954772949219,7.609199523925781,3.7563095092773438,14.786895751953125,8.042259216308594,-26.273420476295005,1.4086964482959288,path_segment_012,SUPPORTED,,10.521797180175781,5.498954772949219,-2.0286274108314046,1.8064825322036882,3.559421547370448,7.58904249945283,-138.31509600895555,0.45093282811583185,path_segment_003,SUPPORTED,,10.521797180175781,5.498954772949219,7.609199523925781,3.7563095092773438,14.786895751953125,8.042259216308594,-26.273420476295005,1.4086964482959288,path_segment_012,SUPPORTED,,SUPPORTED,
112,112,3733.3333333333335,VALID_TARGET,HUMAN_ACCEPTED_TARGET: operator reviewed the raw skeleton and confirmed that it belongs to the documented athlete.,3.0,1109.502899169922,519.1741638183594,1109.5028991699219,519.1741638183594,SUPPORTED,1069.7660098522167,609.7536945812808,869.5197044334975,254.40886699507388,400.49261083743846,710.6896551724138,SUPPORTED,translation_median_sparse_flow,3.376708984375,1.78363037109375,217.0,3.8202965259552,,,SUPPORTED,partial_affine_ransac_sparse_flow,-4.649472424318927,-1.1495546385112703,131.0,1.5241431583567335,1.0148210392180894,0.6036866359447005,15.852149963378906,5.9090118408203125,12.475440979003906,4.1253814697265625,27.26233673095703,12.167640686035156,-18.298028722474363,2.1812817454152484,path_segment_012,SUPPORTED,,15.852149963378906,5.9090118408203125,3.0150204311298694,2.1823605591744126,6.574441978500317,9.771403058627243,-35.89812642713745,0.6178660281103083,path_segment_003,SUPPORTED,,15.852149963378906,5.9090118408203125,12.475440979003906,4.1253814697265625,27.26233673095703,12.167640686035156,-18.298028722474363,2.1812817454152484,path_segment_012,SUPPORTED,,SUPPORTED,
113,113,3766.6666666666665,VALID_TARGET,HUMAN_ACCEPTED_TARGET: operator reviewed the raw skeleton and confirmed that it belongs to the documented athlete.,3.0,1122.0889358520508,521.9708251953125,1122.0889358520508,521.9708251953125,SUPPORTED,1073.8300492610838,609.1256157635468,876.1699507389162,254.1871921182266,395.32019704433503,709.8768472906404,SUPPORTED,translation_median_sparse_flow,7.1435546875,2.2745208740234375,258.0,7.513253211975098,,,SUPPORTED,partial_affine_ransac_sparse_flow,-3.5490784527775774,-1.3165141710233303,118.0,0.9170344406756101,1.0141519054477282,0.4573643410852713,12.586036682128906,2.796661376953125,5.442481994628906,0.5221405029296875,32.70481872558594,12.689781188964844,-5.480067033648783,0.90762862332818,path_segment_012,SUPPORTED,,12.586036682128906,2.796661376953125,-0.6437081679755465,-0.9258401497504565,5.930733810524771,8.845562908876786,124.80970073495844,0.18719175998780727,path_segment_003,SUPPORTED,,12.586036682128906,2.796661376953125,5.442481994628906,0.5221405029296875,32.70481872558594,12.689781188964844,-5.480067033648783,0.90762862332818,path_segment_012,SUPPORTED,,SUPPORTED,
114,114,3800.0,VALID_TARGET,HUMAN_ACCEPTED_TARGET: operator reviewed the raw skeleton and confirmed that it belongs to the documented athlete.,3.0,1140.940200805664,536.6557922363281,1140.940200805664,532.0667724609375,SUPPORTED,1077.8940886699506,608.4975369458127,882.8201970443349,253.9655172413793,390.14778325123154,709.064039408867,SUPPORTED,translation_median_sparse_flow,7.392822265625,2.2383575439453125,252.0,7.725847244262695,,,SUPPORTED,partial_affine_ransac_sparse_flow,-0.538567201486405,-1.4672169753527482,111.0,0.71828638121834,1.002507013009641,0.44047619047619047,18.85126495361328,10.095947265625,11.458442687988281,7.8575897216796875,44.16326141357422,20.54737091064453,-34.440254085612345,2.3064426747474798,path_segment_012,SUPPORTED,,18.85126495361328,10.095947265625,18.237571329652837,6.698978005082722,24.16830514017761,15.544540913959509,-20.169164179333972,3.2253118505920817,path_segment_003,SUPPORTED,,18.85126495361328,10.095947265625,11.458442687988281,7.8575897216796875,44.16326141357422,20.54737091064453,-34.440254085612345,2.3064426747474798,path_segment_012,SUPPORTED,,SUPPORTED,
115,115,3833.3333333333335,VALID_TARGET,,3.0,1157.650894165039,532.0667724609375,1157.650894165039,536.6557922363281,SUPPORTED,1081.9581280788177,607.8694581280788,889.4704433497536,253.74384236453201,384.97536945812817,708.2512315270936,UNSTABLE_TRANSFORM,translation_median_sparse_flow,8.3724365234375,2.7242889404296875,288.0,8.80456256866455,,,SUPPORTED,partial_affine_ransac_sparse_flow,-3.7581841785934493,-1.2705125547567389,133.0,1.1838927544345628,1.0139304820994228,0.4618055555555556,,,,,,,,,,UNSTABLE_TRANSFORM,Camera compensation was not supported.,16.710693359375,4.589019775390625,3.577204706420389,0.5924653331543368,27.745509846597997,16.137006247113845,-9.40409900589894,0.6019241436285765,path_segment_003,SUPPORTED,,,,,,,,,,,UNSTABLE_TRANSFORM,Camera compensation was not supported.,SUPPORTED,
116,116,3866.6666666666665,VALID_TARGET,,3.0,1162.6495666503906,538.9954071044922,1162.6495666503906,538.9954071044922,SUPPORTED,1086.0221674876848,607.2413793103449,896.1206896551723,253.52216748768473,379.8029556650247,707.4384236453202,UNSTABLE_TRANSFORM,translation_median_sparse_flow,15.4853515625,2.603759765625,293.0,8.775507926940918,,,SUPPORTED,partial_affine_ransac_sparse_flow,-4.381810190299263,-1.0725152737624373,150.0,1.4130058390774787,1.013834007183291,0.5119453924914675,,,,,0.0,0.0,,,path_segment_013,INSUFFICIENT_EVIDENCE,Continuous path run is shorter than the configured minimum sample count.,4.9986724853515625,2.3396148681640625,-7.764678849318216,-1.5672614559082376,19.98083099727978,14.569744791205608,168.5884598057955,1.314972269884877,path_segment_003,SUPPORTED,,,,,,0.0,0.0,,,path_segment_013,INSUFFICIENT_EVIDENCE,Continuous path run is shorter than the configured minimum sample count.,SUPPORTED,
117,117,3900.0,VALID_TARGET,,3.0,1175.5897216796875,552.4280242919922,1175.5897216796875,552.4280242919922,SUPPORTED,1090.0862068965516,606.6133004926108,902.7709359605911,253.30049261083744,374.6305418719212,706.6256157635468,UNSTABLE_TRANSFORM,translation_median_sparse_flow,15.3800048828125,2.86468505859375,317.0,8.008292198181152,,,SUPPORTED,partial_affine_ransac_sparse_flow,-3.9187329821653907,-1.3187301301515677,147.0,1.37263882840479,1.0133391607435833,0.4637223974763407,,,,,,,,,,UNSTABLE_TRANSFORM,Camera compensation was not supported.,12.940155029296875,13.4326171875,0.6951320301534452,8.97667704124001,20.675963027433227,23.546421832445617,-85.57199108897203,1.4946363289464015,path_segment_003,SUPPORTED,,,,,,,,,,,UNSTABLE_TRANSFORM,Camera compensation was not supported.,SUPPORTED,
118,118,3933.333333333333,VALID_TARGET,,3.0,1179.5255889892578,558.9251708984375,1179.5255889892578,558.0875854492188,SUPPORTED,1094.1502463054187,605.9852216748768,909.4211822660099,253.07881773399015,369.45812807881777,705.8128078817734,UNSTABLE_TRANSFORM,translation_median_sparse_flow,18.63287353515625,4.2074432373046875,340.0,8.915766716003418,,,SUPPORTED,partial_affine_ransac_sparse_flow,-2.626244846788163,0.1712970023210903,108.0,1.2063445863997733,1.0064712392878505,0.3176470588235294,,,,,0.0,0.0,,,path_segment_014,INSUFFICIENT_EVIDENCE,Continuous path run is shorter than the configured minimum sample count.,3.9358673095703125,5.6595611572265625,-2.3908859702294194,4.7856452781142025,18.285077057203807,28.33206711055982,-116.54649887666389,0.8880694076197069,path_segment_003,SUPPORTED,,,,,,0.0,0.0,,,path_segment_014,INSUFFICIENT_EVIDENCE,Continuous path run is shorter than the configured minimum sample count.,SUPPORTED,
119,119,3966.666666666667,VALID_TARGET,,3.0,1194.733169555664,559.8132629394531,1194.733169555664,560.6508483886719,SUPPORTED,1098.2142857142858,605.3571428571429,916.0714285714286,252.85714285714286,364.28571428571433,705.0,SUPPORTED,translation_median_sparse_flow,14.508544921875,3.893035888671875,350.0,5.637454032897949,,,SUPPORTED,partial_affine_ransac_sparse_flow,-3.801544276857859,-1.3392316163146523,151.0,1.2846765207302104,1.0122559515500602,0.43142857142857144,15.20758056640625,2.563262939453125,0.69903564453125,-1.32977294921875,0.69903564453125,-1.32977294921875,,,path_segment_014,INSUFFICIENT_EVIDENCE,Continuous path run is shorter than the configured minimum sample count.,15.20758056640625,2.563262939453125,4.186901466354357,-2.1631733399357245,22.471978523558164,26.168893770624095,27.323253115361606,0.7823313050393673,path_segment_003,SUPPORTED,,15.20758056640625,2.563262939453125,0.69903564453125,-1.32977294921875,0.69903564453125,-1.32977294921875,,,path_segment_014,INSUFFICIENT_EVIDENCE,Continuous path run is shorter than the configured minimum sample count.,SUPPORTED,
120,120,4000.0,VALID_TARGET,,3.0,1203.8162689208984,564.9865112304688,1203.8162689208984,564.9865112304688,SUPPORTED,1107.0,607.9285714285714,918.2142857142857,252.85714285714286,377.5714285714286,710.1428571428571,SUPPORTED,translation_median_sparse_flow,13.4334716796875,3.9575347900390625,350.0,5.888981819152832,,,SUPPORTED,partial_affine_ransac_sparse_flow,-3.6154059641844025,-2.056478568806143,145.0,1.578667996210703,1.0129223158900356,0.4142857142857143,9.083099365234375,4.335662841796875,-4.350372314453125,0.3781280517578125,-3.651336669921875,-0.9516448974609375,,,path_segment_014,INSUFFICIENT_EVIDENCE,Continuous path run is shorter than the configured minimum sample count.,9.083099365234375,4.335662841796875,-1.7677056264465136,-2.920560303534785,20.70427289711165,23.24833346708931,121.18494700946441,0.5667188772924981,path_segment_003,SUPPORTED,,9.083099365234375,4.335662841796875,-4.350372314453125,0.3781280517578125,-3.651336669921875,-0.9516448974609375,,,path_segment_014,INSUFFICIENT_EVIDENCE,Continuous path run is shorter than the configured minimum sample count.,SUPPORTED,
121,121,4033.333333333333,VALID_TARGET,,3.0,1218.9114227294922,569.997802734375,1218.5492858886719,569.997802734375,SUPPORTED,1115.7857142857142,610.5,920.3571428571429,252.85714285714286,390.8571428571429,715.2857142857142,UNSTABLE_TRANSFORM,translation_median_sparse_flow,15.37213134765625,5.265869140625,350.0,8.023578643798828,,,SUPPORTED,partial_affine_ransac_sparse_flow,-3.4213204516988194,-1.7307649151314326,118.0,1.265558656663461,1.0132625565008446,0.33714285714285713,,,,,,,,,,UNSTABLE_TRANSFORM,Camera compensation was not supported.,14.733016967773438,5.01129150390625,2.298200792935404,-0.9844577747888934,23.002473690047054,22.263875692300417,23.188365695852802,0.4150423387683811,path_segment_003,SUPPORTED,,,,,,,,,,,UNSTABLE_TRANSFORM,Camera compensation was not supported.,SUPPORTED,
122,122,4066.6666666666665,VALID_TARGET,,3.0,1218.8903045654297,586.8628692626953,1219.25244140625,578.9453735351562,SUPPORTED,1124.5714285714284,613.0714285714286,922.5,252.85714285714286,404.1428571428571,720.4285714285714,SUPPORTED,translation_median_sparse_flow,12.028076171875,4.128875732421875,350.0,5.938583850860596,,,SUPPORTED,partial_affine_ransac_sparse_flow,-3.5393462399057856,-1.992070085693908,149.0,1.4174415118833459,1.012154866318183,0.4257142857142857,,,,,0.0,0.0,,,path_segment_015,INSUFFICIENT_EVIDENCE,Continuous path run is shorter than the configured minimum sample count.,0.703155517578125,8.94757080078125,-9.650682642802167,2.0526810988247917,13.351791047244888,24.31655679112521,-167.99224556195657,1.637901648789341,path_segment_003,SUPPORTED,,,,,,0.0,0.0,,,path_segment_015,INSUFFICIENT_EVIDENCE,Continuous path run is shorter than the configured minimum sample count.,SUPPORTED,
123,123,4100.0,VALID_TARGET,,3.0,1223.7951202392578,586.7857818603516,1222.3288269042969,583.0623779296875,SUPPORTED,1133.357142857143,615.6428571428571,924.6428571428572,252.85714285714286,417.4285714285714,725.5714285714286,UNSTABLE_TRANSFORM,translation_median_sparse_flow,14.415771484375,5.304931640625,350.0,9.189769744873047,,,SUPPORTED,partial_affine_ransac_sparse_flow,-3.0189599341126034,-1.7956652539938807,144.0,1.293092892069222,1.011873727642337,0.4114285714285714,,,,,,,,,,UNSTABLE_TRANSFORM,Camera compensation was not supported.,3.076385498046875,4.11700439453125,-7.7343203013172115,-2.32305928414155,5.617470745927676,21.99349750698366,163.28197805716326,1.3406018356926597,path_segment_003,SUPPORTED,,,,,,,,,,,UNSTABLE_TRANSFORM,Camera compensation was not supported.,SUPPORTED,
124,124,4133.333333333334,VALID_TARGET,,3.0,1222.3288269042969,578.9453735351562,1223.7951202392578,583.0623779296875,SUPPORTED,1142.142857142857,618.2142857142857,926.7857142857143,252.85714285714286,430.71428571428567,730.7142857142857,UNSTABLE_TRANSFORM,translation_median_sparse_flow,11.00201416015625,4.124114990234375,350.0,8.504592895507812,,,SUPPORTED,partial_affine_ransac_sparse_flow,-3.120244534484433,-1.5297463389960995,194.0,1.425128918345512,1.0103659777369036,0.5542857142857143,,,,,0.0,0.0,,,path_segment_016,SUPPORTED,,1.4662933349609375,0.0,-7.656235261636766,-5.410392313776015,-2.03876451570909,16.583105193207643,144.75249450657378,1.5562956887939556,path_segment_003,SUPPORTED,,,,,,0.0,0.0,,,path_segment_016,SUPPORTED,,SUPPORTED,
125,125,4166.666666666667,VALID_TARGET,,3.0,1229.3590698242188,583.0623779296875,1223.7951202392578,578.9453735351562,SUPPORTED,1146.642857142857,615.4285714285714,925.5,252.42857142857144,442.2857142857142,726.0,SUPPORTED,translation_median_sparse_flow,12.85003662109375,4.603912353515625,350.0,7.381298065185547,,,SUPPORTED,partial_affine_ransac_sparse_flow,-2.8811080298263794,-2.0709981305201235,182.0,1.5709531067708413,1.0114782317229025,0.52,0.0,-4.11700439453125,-12.85003662109375,-8.720916748046875,-12.85003662109375,-8.720916748046875,145.83649228685238,2.578044287772192,path_segment_016,SUPPORTED,,0.0,-4.11700439453125,-9.950680146094328,-11.282420736669451,-11.989444661803418,5.3006844565381925,131.41110842010747,2.497311089745852,path_segment_003,SUPPORTED,,0.0,-4.11700439453125,-12.85003662109375,-8.720916748046875,-12.85003662109375,-8.720916748046875,145.83649228685238,2.578044287772192,path_segment_016,SUPPORTED,,SUPPORTED,
126,126,4200.0,VALID_TARGET,,3.0,1225.5106506347656,578.0308380126953,1224.4258728027344,578.0308380126953,SUPPORTED,1151.142857142857,612.6428571428571,924.2142857142858,252.0,453.8571428571428,721.2857142857142,SUPPORTED,translation_median_sparse_flow,9.8441162109375,3.204498291015625,350.0,4.949725151062012,,,SUPPORTED,partial_affine_ransac_sparse_flow,-2.979235187947802,-1.5995646155713281,230.0,1.4941892938726793,1.0088160762635567,0.6571428571428571,0.6307525634765625,-0.9145355224609375,-9.213363647460938,-4.1190338134765625,-22.063400268554688,-12.839950561523438,155.91193455405158,1.6753577093198253,path_segment_016,SUPPORTED,,0.6307525634765625,-0.9145355224609375,-6.395921339021697,-6.071609759335729,-18.385366000825115,-0.7709253027975365,136.49007010444248,1.4639762368145681,path_segment_003,SUPPORTED,,0.6307525634765625,-0.9145355224609375,-9.213363647460938,-4.1190338134765625,-22.063400268554688,-12.839950561523438,155.91193455405158,1.6753577093198253,path_segment_016,SUPPORTED,,SUPPORTED,
127,127,4233.333333333333,VALID_TARGET,,3.0,1217.099624633789,573.6732177734375,1223.9361877441406,573.6732177734375,SUPPORTED,1155.642857142857,609.8571428571429,922.9285714285714,251.57142857142858,465.42857142857133,716.5714285714286,SUPPORTED,translation_median_sparse_flow,11.4993896484375,3.6502685546875,349.0,7.191158771514893,,,SUPPORTED,partial_affine_ransac_sparse_flow,-3.5817496777516866,-1.3809382911745647,149.0,1.5941091629451993,1.0109916403473993,0.4269340974212034,-0.48968505859375,-4.3576202392578125,-11.98907470703125,-8.007888793945312,-34.05247497558594,-20.84783935546875,146.25976358424055,2.3933792758557813,path_segment_016,SUPPORTED,,-0.48968505859375,-4.3576202392578125,-10.306092083867497,-9.457887013078562,-28.691458084692613,-10.228812315876098,137.45743867701066,2.322098584177029,path_segment_003,SUPPORTED,,-0.48968505859375,-4.3576202392578125,-11.98907470703125,-8.007888793945312,-34.05247497558594,-20.84783935546875,146.25976358424055,2.3933792758557813,path_segment_016,SUPPORTED,,SUPPORTED,
128,128,4266.666666666667,VALID_TARGET,,3.0,1224.8735961914062,566.1435241699219,1217.099624633789,566.1435241699219,SUPPORTED,1160.142857142857,607.0714285714286,921.6428571428572,251.14285714285714,476.9999999999999,711.8571428571428,SUPPORTED,translation_median_sparse_flow,8.29742431640625,2.797882080078125,350.0,5.357142448425293,,,SUPPORTED,partial_affine_ransac_sparse_flow,-2.7787460083666673,-1.0410352210974239,181.0,1.4810136176507627,1.0074529080104007,0.5171428571428571,-6.8365631103515625,-7.529693603515625,-15.133987426757812,-10.32757568359375,-49.18646240234375,-31.1754150390625,145.6900039915134,3.0415504236518394,path_segment_016,SUPPORTED,,-6.8365631103515625,-7.529693603515625,-13.019677114366004,-11.105481190076489,-41.71113519905862,-21.334293505952587,139.53659440637364,2.840793255220937,path_segment_003,SUPPORTED,,-6.8365631103515625,-7.529693603515625,-15.133987426757812,-10.32757568359375,-49.18646240234375,-31.1754150390625,145.6900039915134,3.0415504236518394,path_segment_016,SUPPORTED,,SUPPORTED,
129,129,4300.0,VALID_TARGET,,3.0,1211.933135986328,559.1759185791016,1211.9331359863281,560.8706665039062,SUPPORTED,1164.642857142857,604.2857142857142,920.3571428571429,250.71428571428572,488.57142857142844,707.1428571428571,SUPPORTED,translation_median_sparse_flow,9.55328369140625,3.19512939453125,350.0,7.0433855056762695,,,SUPPORTED,partial_affine_ransac_sparse_flow,-2.1286543733464396,-1.8509010829394759,127.0,1.1824103439301268,1.0073521342740521,0.3628571428571429,-5.1664886474609375,-5.272857666015625,-14.719772338867188,-8.467987060546875,-63.90623474121094,-39.643402099609375,150.0890534588244,2.8190522357492336,path_segment_016,SUPPORTED,,-5.1664886474609375,-5.272857666015625,-10.448583663747513,-10.878130123507162,-52.15971886280613,-32.21242362945975,133.84614796730446,2.5039098980464667,path_segment_003,SUPPORTED,,-5.1664886474609375,-5.272857666015625,-14.719772338867188,-8.467987060546875,-63.90623474121094,-39.643402099609375,150.0890534588244,2.8190522357492336,path_segment_016,SUPPORTED,,SUPPORTED,
130,130,4333.333333333333,VALID_TARGET,,3.0,1208.8445892333984,559.6157989501953,1208.8445892333984,560.8706665039062,SUPPORTED,1156.9419642857142,605.0223214285714,914.5982142857143,249.10714285714286,484.6874999999999,711.8303571428571,SUPPORTED,translation_median_sparse_flow,9.106689453125,2.192596435546875,350.0,7.506970405578613,,,SUPPORTED,partial_affine_ransac_sparse_flow,-2.959476934076203,-2.5256017899096586,144.0,1.599559790304435,1.0092321614473256,0.4114285714285714,-3.0885467529296875,0.0,-12.195236206054688,-2.192596435546875,-76.10147094726562,-41.83599853515625,169.80761331894522,2.056932766779691,path_segment_016,SUPPORTED,,-3.0885467529296875,0.0,-9.248863257867697,-7.1018207476320185,-61.40858212067383,-39.31424437709177,142.4808275987738,1.9357752634228684,path_segment_003,SUPPORTED,,-3.0885467529296875,0.0,-12.195236206054688,-2.192596435546875,-76.10147094726562,-41.83599853515625,169.80761331894522,2.056932766779691,path_segment_016,SUPPORTED,,SUPPORTED,
131,131,4366.666666666666,VALID_TARGET,,3.0,1201.3096771240234,560.8014373779297,1201.3096771240234,560.8706665039062,SUPPORTED,1149.2410714285716,605.7589285714286,908.8392857142858,247.5,480.80357142857133,716.5178571428571,SUPPORTED,translation_median_sparse_flow,7.67742919921875,2.29376220703125,350.0,7.438467979431152,,,SUPPORTED,partial_affine_ransac_sparse_flow,-2.7563925235934748,-2.3682200388233605,158.0,1.6004774845069256,1.0088636086472176,0.4514285714285714,-7.534912109375,0.0,-15.21234130859375,-2.29376220703125,-91.31381225585938,-44.1297607421875,171.42536496881732,2.553873666419519,path_segment_016,SUPPORTED,,-7.534912109375,0.0,-13.587917855226578,-6.691690526410866,-74.9964999759004,-46.005934903502634,153.78097211897642,2.514363570385036,path_segment_003,SUPPORTED,,-7.534912109375,0.0,-15.21234130859375,-2.29376220703125,-91.31381225585938,-44.1297607421875,171.42536496881732,2.553873666419519,path_segment_016,SUPPORTED,,SUPPORTED,
132,132,4400.0,VALID_TARGET,,3.0,1189.5450592041016,565.7779235839844,1189.5450592041016,565.7779235839844,SUPPORTED,1141.5401785714284,606.4955357142857,903.0803571428571,245.89285714285714,476.9196428571428,721.2053571428571,SUPPORTED,translation_median_sparse_flow,7.28759765625,0.4993743896484375,350.0,7.30465030670166,,,SUPPORTED,partial_affine_ransac_sparse_flow,-2.121083559757062,0.304071443604704,157.0,1.0385592292674926,1.0050494088604143,0.44857142857142857,-11.764617919921875,4.907257080078125,-19.052215576171875,4.4078826904296875,-110.36602783203125,-39.72187805175781,-166.97335843329572,3.2463093828552436,path_segment_016,SUPPORTED,,-11.764617919921875,4.907257080078125,-17.20516844818485,4.985925398405584,-92.20166842408526,-41.02000950509705,-163.83881855848333,2.9736589753920923,path_segment_003,SUPPORTED,,-11.764617919921875,4.907257080078125,-19.052215576171875,4.4078826904296875,-110.36602783203125,-39.72187805175781,-166.97335843329572,3.2463093828552436,path_segment_016,SUPPORTED,,SUPPORTED,
133,133,4433.333333333334,VALID_TARGET,,3.0,1178.098663330078,567.1574096679688,1181.791488647461,567.0601043701172,SUPPORTED,1133.8392857142858,607.2321428571429,897.3214285714286,244.28571428571428,473.0357142857142,725.8928571428571,SUPPORTED,translation_median_sparse_flow,7.6929931640625,0.00020599365234375,350.0,7.693046569824219,,,SUPPORTED,partial_affine_ransac_sparse_flow,-2.2887456678065985,0.08552515497451774,149.0,1.061406980496049,1.0055825129686624,0.4257142857142857,-7.753570556640625,1.2821807861328125,-15.446563720703125,1.2819747924804688,-125.81259155273438,-38.439903259277344,-175.2556572492334,2.5730258651610014,path_segment_016,SUPPORTED,,-7.753570556640625,1.2821807861328125,-13.359096441465454,0.6814454916674322,-105.56076486555071,-40.33856401342962,-177.07988190656607,2.2205627562442745,path_segment_003,SUPPORTED,,-7.753570556640625,1.2821807861328125,-15.446563720703125,1.2819747924804688,-125.81259155273438,-38.439903259277344,-175.2556572492334,2.5730258651610014,path_segment_016,SUPPORTED,,SUPPORTED,
134,134,4466.666666666667,VALID_TARGET,,3.0,1174.6155853271484,568.2962646484375,1170.9227600097656,567.673828125,SUPPORTED,1126.138392857143,607.96875,891.5625,242.67857142857144,469.1517857142856,730.5803571428571,SUPPORTED,translation_median_sparse_flow,8.0184326171875,0.00026702880859375,350.0,7.414040565490723,,,SUPPORTED,partial_affine_ransac_sparse_flow,-2.1570485444877368,-0.3131642361770639,143.0,1.0144997760036907,1.005523114899603,0.4085714285714286,-10.868728637695312,0.6137237548828125,-18.887161254882812,0.6134567260742188,-144.6997528076172,-37.826446533203125,-178.13968183869997,3.1370203095723483,path_segment_016,SUPPORTED,,-10.868728637695312,0.6137237548828125,-15.916318729864543,-0.7910043371513211,-121.47708359541525,-41.12956835058094,177.1548727001211,2.645452522431903,path_segment_003,SUPPORTED,,-10.868728637695312,0.6137237548828125,-18.887161254882812,0.6134567260742188,-144.6997528076172,-37.826446533203125,-178.13968183869997,3.1370203095723483,path_segment_016,SUPPORTED,,SUPPORTED,
135,135,4500.0,VALID_TARGET,,3.0,1163.591079711914,569.1661834716797,1163.591079711914,568.2962646484375,SUPPORTED,1118.4375,608.7053571428571,885.8035714285714,241.07142857142858,465.26785714285705,735.2678571428571,UNSTABLE_TRANSFORM,translation_median_sparse_flow,9.475830078125,0.0,349.0,8.790881156921387,,,SUPPORTED,partial_affine_ransac_sparse_flow,-3.6393328667249674,-0.8859749159869892,130.0,1.2099883763158394,1.0099342504399555,0.37249283667621774,,,,,,,,,,UNSTABLE_TRANSFORM,Camera compensation was not supported.,-7.3316802978515625,0.6224365234375,-15.82241092336335,-3.103019976962173,-137.2994945187786,-44.23258832754311,168.9042319427965,2.6766371237493733,path_segment_003,SUPPORTED,,,,,,,,,,,UNSTABLE_TRANSFORM,Camera compensation was not supported.,SUPPORTED,
136,136,4533.333333333333,VALID_TARGET,,3.0,1157.1606521606443,566.6393585205078,1157.1606521606445,567.2617950439453,SUPPORTED,1110.736607142857,609.4419642857142,880.0446428571429,239.46428571428572,461.3839285714285,739.9553571428571,SUPPORTED,translation_median_sparse_flow,8.89520263671875,-3.0517578125e-05,350.0,6.5482940673828125,,,SUPPORTED,partial_affine_ransac_sparse_flow,-2.911640269513847,-0.17846094533763027,190.0,1.3752796959197915,1.007112423905607,0.5428571428571428,,,,,0.0,0.0,,,path_segment_017,INSUFFICIENT_EVIDENCE,Continuous path run is shorter than the configured minimum sample count.,-6.430427551269531,-1.0344696044921875,-12.682569856702912,-3.07654767963254,-149.9820643754815,-47.30913600717565,166.36453438051888,2.166432835088292,path_segment_003,SUPPORTED,,,,,,0.0,0.0,,,path_segment_017,INSUFFICIENT_EVIDENCE,Continuous path run is shorter than the configured minimum sample count.,SUPPORTED,
137,137,4566.666666666666,VALID_TARGET,,3.0,1155.5451583862305,567.6355133056641,1155.5451583862305,565.8082885742188,SUPPORTED,1103.0357142857142,610.1785714285714,874.2857142857142,237.85714285714286,457.49999999999994,744.6428571428571,SUPPORTED,translation_median_sparse_flow,10.77557373046875,-0.0001220703125,350.0,7.5762248039245605,,,SUPPORTED,partial_affine_ransac_sparse_flow,-3.1082933266243713,-0.12844158990265023,169.0,1.5619427799618795,1.0084867180697636,0.4828571428571429,-1.6154937744140625,-1.4535064697265625,-12.391067504882812,-1.4533843994140625,-12.391067504882812,-1.4533843994140625,,,path_segment_017,INSUFFICIENT_EVIDENCE,Continuous path run is shorter than the configured minimum sample count.,-1.6154937744140625,-1.4535064697265625,-9.604318787020702,-3.52768141720901,-159.58638316250222,-50.83681742438466,159.83163673810685,1.6985136666739993,path_segment_003,SUPPORTED,,-1.6154937744140625,-1.4535064697265625,-12.391067504882812,-1.4533843994140625,-12.391067504882812,-1.4533843994140625,,,path_segment_017,INSUFFICIENT_EVIDENCE,Continuous path run is shorter than the configured minimum sample count.,SUPPORTED,
138,138,4600.0,VALID_TARGET,,3.0,1147.5456085205078,556.8032684326172,1147.5456085205078,556.8032684326172,SUPPORTED,1095.3348214285713,610.9151785714286,868.5267857142857,236.25,453.6160714285714,749.3303571428571,UNSTABLE_TRANSFORM,translation_median_sparse_flow,9.41204833984375,-1.036651611328125,350.0,9.146142959594727,,,SUPPORTED,partial_affine_ransac_sparse_flow,-2.558176928073371,0.11947064222767509,159.0,0.9720403665481971,1.0066180828146907,0.4542857142857143,,,,,,,,,,UNSTABLE_TRANSFORM,Camera compensation was not supported.,-7.999549865722656,-9.005020141601562,-14.61032145001991,-9.751237319533743,-174.19670461252213,-60.588054743918406,146.28001593473078,2.91597056569487,path_segment_003,SUPPORTED,,,,,,,,,,,UNSTABLE_TRANSFORM,Camera compensation was not supported.,SUPPORTED,
139,139,4633.333333333334,VALID_TARGET,,3.0,1142.7237930297852,547.26220703125,1142.7237930297852,547.4285125732422,SUPPORTED,1087.6339285714284,611.6517857142857,862.7678571428571,234.64285714285714,449.73214285714283,754.0178571428571,UNSTABLE_TRANSFORM,translation_median_sparse_flow,9.988037109375,-2.0147705078125,335.0,10.189148902893066,,,SUPPORTED,partial_affine_ransac_sparse_flow,-3.2881752042987458,0.602550220658325,159.0,1.5119830394797273,1.007632522593513,0.4746268656716418,,,,,0.0,0.0,,,path_segment_018,INSUFFICIENT_EVIDENCE,Continuous path run is shorter than the configured minimum sample count.,-4.821815490722656,-9.374755859375,-12.451531730503575,-9.755082443174388,-186.6482363430257,-70.3431371870928,141.92327563938412,2.6258342573496085,path_segment_003,SUPPORTED,,,,,,0.0,0.0,,,path_segment_018,INSUFFICIENT_EVIDENCE,Continuous path run is shorter than the configured minimum sample count.,SUPPORTED,
140,140,4666.666666666667,VALID_TARGET,,3.0,1135.3346328735352,546.6988830566406,1135.3346328735352,546.5325775146484,SUPPORTED,1079.9330357142858,612.3883928571429,857.0089285714286,233.03571428571428,445.8482142857143,758.7053571428571,SUPPORTED,translation_median_sparse_flow,7.0625,-2.3531494140625,325.0,7.44426965713501,,,SUPPORTED,partial_affine_ransac_sparse_flow,-1.9839898261358992,0.6792371775895881,149.0,1.0014134841981939,1.0044374206107736,0.4584615384615385,-7.38916015625,-0.89593505859375,-14.45166015625,1.45721435546875,-14.45166015625,1.45721435546875,,,path_segment_018,INSUFFICIENT_EVIDENCE,Continuous path run is shorter than the configured minimum sample count.,-7.38916015625,-0.89593505859375,-12.308754481606229,-0.1619244897073031,-198.95699082463193,-70.5050616768001,179.24630434898674,2.043494002136429,path_segment_003,SUPPORTED,,-7.38916015625,-0.89593505859375,-14.45166015625,1.45721435546875,-14.45166015625,1.45721435546875,,,path_segment_018,INSUFFICIENT_EVIDENCE,Continuous path run is shorter than the configured minimum sample count.,SUPPORTED,
141,141,4700.0,VALID_TARGET,,3.0,1124.9180908203125,542.2436676025391,1124.9180908203125,542.2436676025391,SUPPORTED,1072.232142857143,613.125,851.25,231.42857142857144,441.96428571428567,763.3928571428571,SUPPORTED,translation_median_sparse_flow,6.8896484375,-3.21124267578125,339.0,7.6013336181640625,,,SUPPORTED,partial_affine_ransac_sparse_flow,-1.93764504036522,1.1688963408350823,159.0,1.1352942027662491,1.003898736102673,0.4690265486725664,-10.416542053222656,-4.288909912109375,-17.306190490722656,-1.077667236328125,-31.757850646972656,0.379547119140625,,,path_segment_018,INSUFFICIENT_EVIDENCE,Continuous path run is shorter than the configured minimum sample count.,-10.416542053222656,-4.288909912109375,-15.412705477601776,-2.349040007497024,-214.3696963022337,-72.85410168429712,171.3342759445521,2.5881348289990704,path_segment_003,SUPPORTED,,-10.416542053222656,-4.288909912109375,-17.306190490722656,-1.077667236328125,-31.757850646972656,0.379547119140625,,,path_segment_018,INSUFFICIENT_EVIDENCE,Continuous path run is shorter than the configured minimum sample count.,SUPPORTED,
142,142,4733.333333333333,VALID_TARGET,,3.0,1113.6626815795898,535.8329010009766,1113.6626815795898,537.9883270263672,SUPPORTED,1064.53125,613.8616071428571,845.4910714285713,229.82142857142858,438.0803571428571,768.0803571428571,UNSTABLE_TRANSFORM,translation_median_sparse_flow,7.98828125,-2.76751708984375,340.0,8.454214096069336,,,SUPPORTED,partial_affine_ransac_sparse_flow,-2.364735231508344,1.5100783527796016,149.0,1.1806767164581375,1.004604448428027,0.43823529411764706,,,,,,,,,,UNSTABLE_TRANSFORM,Camera compensation was not supported.,-11.255409240722656,-4.255340576171875,-17.15301292922686,-1.8200610813356661,-231.52270923146057,-74.67416276563279,173.9431585741172,2.8634740277188158,path_segment_003,SUPPORTED,,,,,,,,,,,UNSTABLE_TRANSFORM,Camera compensation was not supported.,SUPPORTED,
143,143,4766.666666666667,VALID_TARGET,,3.0,1108.9085006713867,533.4873504638672,1108.9085006713867,537.9883270263672,SUPPORTED,1056.830357142857,614.5982142857142,839.7321428571428,228.21428571428572,434.19642857142856,772.7678571428571,SUPPORTED,translation_median_sparse_flow,5.2257080078125,-2.20367431640625,343.0,5.671658992767334,,,SUPPORTED,partial_affine_ransac_sparse_flow,-1.7743446818303579,1.2648010417776745,161.0,0.9689656999552204,1.0032100408928448,0.46938775510204084,,,,,0.0,0.0,,,path_segment_019,SUPPORTED,,-4.754180908203125,0.0,-9.03341241602675,2.1695830916962677,-240.55612164748732,-72.50457967393652,-166.49488677855416,1.5422376854112396,path_segment_003,SUPPORTED,,,,,,0.0,0.0,,,path_segment_019,SUPPORTED,,SUPPORTED,
144,144,4800.0,VALID_TARGET,,3.0,1102.577651977539,537.9883270263672,1102.577651977539,537.9883270263672,SUPPORTED,1049.1294642857142,615.3348214285714,833.9732142857142,226.60714285714286,430.3125,777.4553571428571,SUPPORTED,translation_median_sparse_flow,4.5750732421875,-1.28436279296875,337.0,5.460440635681152,,,SUPPORTED,partial_affine_ransac_sparse_flow,-1.7741308034538052,1.397418845018939,164.0,1.013682860903435,1.0031069103263126,0.486646884272997,-6.330848693847656,0.0,-10.905921936035156,1.28436279296875,-10.905921936035156,1.28436279296875,-173.28335863496443,1.8229511318307765,path_segment_019,SUPPORTED,,-6.330848693847656,0.0,-10.646745600572785,2.4168519159356947,-251.2028672480601,-70.08772775800082,-167.2103853269114,1.812381182279013,path_segment_003,SUPPORTED,,-6.330848693847656,0.0,-10.905921936035156,1.28436279296875,-10.905921936035156,1.28436279296875,-173.28335863496443,1.8229511318307765,path_segment_019,SUPPORTED,,SUPPORTED,
145,145,4833.333333333333,VALID_TARGET,,3.0,1098.3859634399414,543.7818908691406,1098.3859634399414,543.7818908691406,SUPPORTED,1041.4285714285713,616.0714285714286,828.2142857142857,225.0,426.42857142857144,782.1428571428571,SUPPORTED,translation_median_sparse_flow,4.62518310546875,-0.0032196044921875,324.0,5.9628400802612305,,,SUPPORTED,partial_affine_ransac_sparse_flow,-1.975265853372994,1.1183142625265101,168.0,1.0954375643760228,1.0038464715626765,0.5185185185185185,-4.191688537597656,5.7935638427734375,-8.816871643066406,5.796783447265625,-19.722793579101562,7.081146240234375,-146.67648519113237,1.7516492283741172,path_segment_019,SUPPORTED,,-4.191688537597656,5.7935638427734375,-8.807468542621109,7.448942735316564,-260.0103357906812,-62.63878502268426,-139.7770292181104,1.9148845083262604,path_segment_003,SUPPORTED,,-4.191688537597656,5.7935638427734375,-8.816871643066406,5.796783447265625,-19.722793579101562,7.081146240234375,-146.67648519113237,1.7516492283741172,path_segment_019,SUPPORTED,,SUPPORTED,
146,146,4866.666666666666,VALID_TARGET,,3.0,1090.9547882080078,546.6858673095703,1090.9547882080078,546.6858673095703,SUPPORTED,1039.8214285714287,614.6785714285714,820.5,223.92857142857142,438.64285714285717,781.5,SUPPORTED,translation_median_sparse_flow,3.75421142578125,-5.340576171875e-05,304.0,4.6543474197387695,,,SUPPORTED,partial_affine_ransac_sparse_flow,-1.6756737609505363,0.8609511930227548,166.0,0.9685759657285402,1.0033875989866432,0.5460526315789473,-7.431175231933594,2.9039764404296875,-11.185386657714844,2.9040298461914062,-30.908180236816406,9.985176086425781,-165.44579669424553,1.9183928785942896,path_segment_019,SUPPORTED,,-7.431175231933594,2.9039764404296875,-11.381535797459946,4.066128885253988,-271.39187158814116,-58.57265613743027,-160.34039591815113,2.0063481759366644,path_segment_003,SUPPORTED,,-7.431175231933594,2.9039764404296875,-11.185386657714844,2.9040298461914062,-30.908180236816406,9.985176086425781,-165.44579669424553,1.9183928785942896,path_segment_019,SUPPORTED,,SUPPORTED,
147,147,4900.0,VALID_TARGET,,3.0,1081.8901824951172,551.6135101318359,1081.8901824951172,549.653564453125,SUPPORTED,1038.2142857142858,613.2857142857143,812.7857142857142,222.85714285714286,450.8571428571429,780.8571428571429,SUPPORTED,translation_median_sparse_flow,4.25482177734375,-7.62939453125e-06,334.0,4.2548828125,,,SUPPORTED,partial_affine_ransac_sparse_flow,-1.5794170422833786,0.35763789008317715,192.0,0.9810492150790437,1.0036234425231028,0.5748502994011976,-9.064605712890625,2.9676971435546875,-13.319427490234375,2.9677047729492188,-44.22760772705078,12.952880859375,-167.4390910678597,2.265313622881573,path_segment_019,SUPPORTED,,-9.064605712890625,2.9676971435546875,-12.583790112412089,2.9212723016401014,-283.97566170055325,-55.65138383579017,-166.93052954793066,2.14452503918526,path_segment_003,SUPPORTED,,-9.064605712890625,2.9676971435546875,-13.319427490234375,2.9677047729492188,-44.22760772705078,12.952880859375,-167.4390910678597,2.265313622881573,path_segment_019,SUPPORTED,,SUPPORTED,
148,148,4933.333333333334,VALID_TARGET,,3.0,1075.119529724121,551.2807159423828,1075.119529724121,550.6716156005859,SUPPORTED,1036.607142857143,611.8928571428571,805.0714285714286,221.78571428571428,463.07142857142856,780.2142857142857,SUPPORTED,translation_median_sparse_flow,3.65216064453125,0.000270843505859375,340.0,3.6523895263671875,,,SUPPORTED,partial_affine_ransac_sparse_flow,-1.3424704423891827,-0.1091445336273614,169.0,0.7199412973267173,1.0033286162474795,0.4970588235294118,-6.770652770996094,1.0180511474609375,-10.422813415527344,1.0177803039550781,-54.650421142578125,13.970661163330078,-174.42279004599845,1.7384708697151268,path_segment_019,SUPPORTED,,-6.770652770996094,1.0180511474609375,-9.469034946702322,0.16384479952625952,-293.44469664725557,-55.48753903626391,-179.00869741841788,1.5721443015173777,path_segment_003,SUPPORTED,,-6.770652770996094,1.0180511474609375,-10.422813415527344,1.0177803039550781,-54.650421142578125,13.970661163330078,-174.42279004599845,1.7384708697151268,path_segment_019,SUPPORTED,,SUPPORTED,
149,149,4966.666666666667,VALID_TARGET,,3.0,1068.0027923583984,549.2526702880859,1068.0027923583984,551.2206573486328,SUPPORTED,1035.0,610.5,797.3571428571428,220.71428571428572,475.2857142857143,779.5714285714286,SUPPORTED,translation_median_sparse_flow,2.6124267578125,1.601287841796875,321.0,3.0646164417266846,,,SUPPORTED,partial_affine_ransac_sparse_flow,-0.802629505925204,-0.6717121922142402,163.0,0.5142998339212114,1.0025008963240174,0.5077881619937694,-7.116737365722656,0.549041748046875,-9.729164123535156,-1.05224609375,-64.37958526611328,12.918415069580078,173.82723707485403,1.6245103975939241,path_segment_019,SUPPORTED,,-7.116737365722656,0.549041748046875,-8.469168610371298,-1.197167546927517,-301.91386525762687,-56.68470658319143,171.9542059359168,1.4199027843993954,path_segment_003,SUPPORTED,,-7.116737365722656,0.549041748046875,-9.729164123535156,-1.05224609375,-64.37958526611328,12.918415069580078,173.82723707485403,1.6245103975939241,path_segment_019,SUPPORTED,,SUPPORTED,
150,150,5000.0,VALID_TARGET,,3.0,1060.7840118408203,553.4083557128906,1060.7840118408203,549.8017120361328,SUPPORTED,1033.392857142857,609.1071428571429,789.6428571428571,219.64285714285714,487.5,778.9285714285714,SUPPORTED,translation_median_sparse_flow,2.87371826171875,3.535797119140625,344.0,4.556497573852539,,,SUPPORTED,partial_affine_ransac_sparse_flow,-0.7873901292319175,-1.046850989291102,186.0,0.7066222340788159,1.0028906517791767,0.5406976744186046,-7.218780517578125,-1.4189453125,-10.092498779296875,-4.954742431640625,-74.47208404541016,7.963672637939453,153.8520470009834,1.8664182365160935,path_segment_019,SUPPORTED,,-7.218780517578125,-1.4189453125,-8.461714347515453,-4.008464590519225,-310.3755796051423,-60.69317117371065,154.65225286242344,1.5543299575388487,path_segment_003,SUPPORTED,,-7.218780517578125,-1.4189453125,-10.092498779296875,-4.954742431640625,-74.47208404541016,7.963672637939453,153.8520470009834,1.8664182365160935,path_segment_019,SUPPORTED,,SUPPORTED,
151,151,5033.333333333333,VALID_TARGET,,3.0,1047.676254272461,548.2695617675781,1047.676254272461,547.7205200195312,SUPPORTED,1031.7857142857142,607.7142857142858,781.9285714285714,218.57142857142856,499.7142857142857,778.2857142857143,SUPPORTED,translation_median_sparse_flow,2.40234375,5.259765625,325.0,5.7824225425720215,,,SUPPORTED,partial_affine_ransac_sparse_flow,-0.8631715343165872,-1.6438068476534422,185.0,0.9325546669814206,1.003431326710518,0.5692307692307692,-13.107757568359375,-2.0811920166015625,-15.510101318359375,-7.3409576416015625,-89.98218536376953,0.6227149963378906,154.67172565413273,2.8485877444592225,path_segment_019,SUPPORTED,,-13.107757568359375,-2.0811920166015625,-14.064296542527018,-5.82169927420307,-324.43987614766934,-66.51487044791372,157.51364292198352,2.5268620380204725,path_segment_003,SUPPORTED,,-13.107757568359375,-2.0811920166015625,-15.510101318359375,-7.3409576416015625,-89.98218536376953,0.6227149963378906,154.67172565413273,2.8485877444592225,path_segment_019,SUPPORTED,,SUPPORTED,
152,152,5066.666666666666,VALID_TARGET,,3.0,1039.9924392700195,539.7365112304688,1039.9924392700195,539.7365112304688,SUPPORTED,1030.1785714285713,606.3214285714287,774.2142857142857,217.5,511.92857142857144,777.6428571428572,UNSTABLE_TRANSFORM,translation_median_sparse_flow,2.69805908203125,7.66455078125,348.0,8.125569343566895,,,SUPPORTED,partial_affine_ransac_sparse_flow,-0.627023729021625,-2.08560127658043,184.0,1.0444595123299565,1.0033151764261594,0.5287356321839081,,,,,,,,,,UNSTABLE_TRANSFORM,Camera compensation was not supported.,-7.683815002441406,-7.9840087890625,-8.039794038742457,-12.451430541193758,-332.4796701864118,-78.96630098910748,122.85002331110631,2.460443485312388,path_segment_003,SUPPORTED,,,,,,,,,,,UNSTABLE_TRANSFORM,Camera compensation was not supported.,SUPPORTED,
153,153,5100.0,VALID_TARGET,,3.0,1034.2017211914062,537.0595855712891,1034.2017211914062,537.0595855712891,SUPPORTED,1028.5714285714284,604.9285714285714,766.5,216.42857142857142,524.1428571428571,777.0,SUPPORTED,translation_median_sparse_flow,1.8359375,5.46099853515625,347.0,5.76139497756958,,,SUPPORTED,partial_affine_ransac_sparse_flow,-0.29381965085181977,-1.6523238277804704,182.0,1.073454385834212,1.002355814817943,0.5244956772334294,,,,,0.0,0.0,,,path_segment_020,SUPPORTED,,-5.790718078613281,-2.6769256591796875,-5.876648143384045,-6.266712524703735,-338.35631832979584,-85.23301351381122,133.16019950442492,1.426164149120252,path_segment_003,SUPPORTED,,,,,,0.0,0.0,,,path_segment_020,SUPPORTED,,SUPPORTED,
154,154,5133.333333333334,VALID_TARGET,,3.0,1032.276008605957,533.2893524169922,1032.276008605957,534.1472778320312,SUPPORTED,1026.9642857142858,603.5357142857143,758.7857142857142,215.35714285714286,536.3571428571429,776.3571428571429,SUPPORTED,translation_median_sparse_flow,0.36083984375,3.571533203125,343.0,3.6650173664093018,,,SUPPORTED,partial_affine_ransac_sparse_flow,-0.30523859120648644,-1.3300279660627015,178.0,0.9443918760907346,1.0020583854316696,0.5189504373177842,-1.9257125854492188,-2.9123077392578125,-2.2865524291992188,-6.4838409423828125,-2.2865524291992188,-6.4838409423828125,109.4254019928855,1.1413206184969578,path_segment_020,SUPPORTED,,-1.9257125854492188,-2.9123077392578125,-2.1403610569177545,-5.774711414794524,-340.4966793867136,-91.00772492860574,110.33691282343631,1.0223607249787228,path_segment_003,SUPPORTED,,-1.9257125854492188,-2.9123077392578125,-2.2865524291992188,-6.4838409423828125,-2.2865524291992188,-6.4838409423828125,109.4254019928855,1.1413206184969578,path_segment_020,SUPPORTED,,SUPPORTED,
155,155,5166.666666666667,VALID_TARGET,,3.0,1023.8522262573242,529.8614044189453,1023.8522262573242,533.7873077392578,SUPPORTED,1025.357142857143,602.1428571428571,751.0714285714286,214.28571428571428,548.5714285714286,775.7142857142858,SUPPORTED,translation_median_sparse_flow,0.0010986328125,2.84735107421875,341.0,3.7024221420288086,,,SUPPORTED,partial_affine_ransac_sparse_flow,-0.3640312036057993,-1.0808535644827737,163.0,0.657588024416841,1.0018697298298873,0.4780058651026393,-8.423782348632812,-0.3599700927734375,-8.424880981445312,-3.2073211669921875,-10.711433410644531,-9.691162109375,159.15835505499203,1.4964936018795176,path_segment_020,SUPPORTED,,-8.423782348632812,-0.3599700927734375,-8.758296116028077,-2.6511677854783784,-349.2549755027417,-93.65889271408412,163.1587470402864,1.5190740067464492,path_segment_003,SUPPORTED,,-8.423782348632812,-0.3599700927734375,-8.424880981445312,-3.2073211669921875,-10.711433410644531,-9.691162109375,159.15835505499203,1.4964936018795176,path_segment_020,SUPPORTED,,SUPPORTED,
156,156,5200.0,VALID_TARGET,,3.0,1016.9489669799804,533.6392211914062,1016.9489669799805,534.5108184814453,SUPPORTED,1020.5042016806723,603.4663865546219,745.2731092436975,214.6638655462185,550.4621848739496,777.6050420168068,SUPPORTED,translation_median_sparse_flow,-3.0517578125e-05,0.317779541015625,349.0,5.65385627746582,,,SUPPORTED,partial_affine_ransac_sparse_flow,0.7003136169497545,-0.6112750038134944,125.0,0.44631330903275845,0.9987490270165454,0.35816618911174786,-6.90325927734375,0.7235107421875,-6.903228759765625,0.405731201171875,-17.614662170410156,-9.285430908203125,-176.63636048680388,1.1479494586134351,path_segment_020,SUPPORTED,,-6.90325927734375,0.7235107421875,-5.120091420643121,-0.2979702236996218,-354.3750669233848,-93.95686293778374,176.66935602647595,0.8513998914906484,path_segment_003,SUPPORTED,,-6.90325927734375,0.7235107421875,-6.903228759765625,0.405731201171875,-17.614662170410156,-9.285430908203125,-176.63636048680388,1.1479494586134351,path_segment_020,SUPPORTED,,SUPPORTED,
157,157,5233.333333333333,VALID_TARGET,,3.0,1007.6641387939452,536.4568481445312,1007.6641387939453,536.4568481445312,SUPPORTED,1015.6512605042017,604.7899159663866,739.4747899159664,215.04201680672267,552.3529411764706,779.4957983193278,SUPPORTED,translation_median_sparse_flow,-6.103515625e-05,2.288818359375e-05,341.0,6.220601558685303,,,SUPPORTED,partial_affine_ransac_sparse_flow,1.164082190064376,0.20333790082972997,119.0,0.5391529049268421,0.9967634502055317,0.3489736070381232,-9.284828186035156,1.9460296630859375,-9.284767150878906,1.9460067749023438,-26.899429321289062,-7.339424133300781,-168.16264833059418,1.5748097029285557,path_segment_020,SUPPORTED,,-9.284828186035156,1.9460296630859375,-6.833377645745031,2.8564408894827693,-361.2084445691298,-91.10042204830097,-157.31443696704926,1.2294957700762044,path_segment_003,SUPPORTED,,-9.284828186035156,1.9460296630859375,-9.284767150878906,1.9460067749023438,-26.899429321289062,-7.339424133300781,-168.16264833059418,1.5748097029285557,path_segment_020,SUPPORTED,,SUPPORTED,
158,158,5266.666666666667,VALID_TARGET,,3.0,997.8304901123048,537.2572021484375,997.8304901123047,537.2070617675781,SUPPORTED,1010.7983193277311,606.1134453781513,733.6764705882352,215.42016806722688,554.2436974789916,781.3865546218487,SUPPORTED,translation_median_sparse_flow,-3.0517578125e-05,-9.1552734375e-05,343.0,7.381772518157959,,,SUPPORTED,partial_affine_ransac_sparse_flow,-0.5898962826219666,1.461195633890192,131.0,0.6184789721746499,1.0000503991830747,0.3819241982507289,-9.833648681640625,0.750213623046875,-9.8336181640625,0.75030517578125,-36.73304748535156,-6.589118957519531,-175.6367853750072,1.6371765730315002,path_segment_020,SUPPORTED,,-9.833648681640625,0.750213623046875,-11.613062452777513,3.6398994716730613,-372.82150702190734,-87.46052257662791,-162.59736606453723,2.0203049773624784,path_segment_003,SUPPORTED,,-9.833648681640625,0.750213623046875,-9.8336181640625,0.75030517578125,-36.73304748535156,-6.589118957519531,-175.6367853750072,1.6371765730315002,path_segment_020,SUPPORTED,,SUPPORTED,
159,159,5300.0,VALID_TARGET,,3.0,994.7622451782228,538.3482971191406,994.7622451782227,537.2070617675781,SUPPORTED,1005.9453781512605,607.436974789916,727.8781512605042,215.7983193277311,556.1344537815127,783.2773109243698,SUPPORTED,translation_median_sparse_flow,-3.0517578125e-05,-0.06787109375,347.0,6.409449100494385,,,SUPPORTED,partial_affine_ransac_sparse_flow,-0.17760497644343926,1.772138791854593,126.0,0.8295463766895494,0.9986651979944468,0.3631123919308357,-3.0682449340820312,0.0,-3.0682144165039062,0.06787109375,-39.80126190185547,-6.521247863769531,-178.73278311223737,0.5094641371886931,path_segment_020,SUPPORTED,,-3.0682449340820312,0.0,-4.2170532409078305,3.9121795107193975,-377.03856026281517,-83.54834306590851,-137.14777899339012,0.9549078119079688,path_segment_003,SUPPORTED,,-3.0682449340820312,0.0,-3.0682144165039062,0.06787109375,-39.80126190185547,-6.521247863769531,-178.73278311223737,0.5094641371886931,path_segment_020,SUPPORTED,,SUPPORTED,
160,160,5333.333333333333,VALID_TARGET,,3.0,986.8982467651368,537.81689453125,986.8982467651367,537.1995391845703,SUPPORTED,1001.09243697479,608.7605042016808,722.0798319327731,216.1764705882353,558.0252100840336,785.1680672268908,SUPPORTED,translation_median_sparse_flow,-6.103515625e-05,-1.82611083984375,349.0,4.947190284729004,,,SUPPORTED,partial_affine_ransac_sparse_flow,0.19916560498302283,1.1793047376339818,147.0,0.6113414774521646,0.9982311842094973,0.42120343839541546,-7.8639984130859375,-0.0075225830078125,-7.8639373779296875,1.8185882568359375,-47.665199279785156,-4.702659606933594,-166.9788679553051,1.3399074653760534,path_segment_020,SUPPORTED,,-7.8639984130859375,-0.0075225830078125,-7.878407930694266,2.6897848269303495,-384.91696819350943,-80.85855823897816,-161.14946766366916,1.381979587598583,path_segment_003,SUPPORTED,,-7.8639984130859375,-0.0075225830078125,-7.8639373779296875,1.8185882568359375,-47.665199279785156,-4.702659606933594,-166.9788679553051,1.3399074653760534,path_segment_020,SUPPORTED,,SUPPORTED,
161,161,5366.666666666666,VALID_TARGET,,3.0,977.7448959350586,533.5028533935547,977.7448959350586,537.1875457763672,SUPPORTED,996.2394957983194,610.0840336134454,716.281512605042,216.5546218487395,559.9159663865546,787.0588235294118,SUPPORTED,translation_median_sparse_flow,-9.1552734375e-05,-1.43438720703125,349.0,5.934063911437988,,,SUPPORTED,partial_affine_ransac_sparse_flow,0.11280434238007446,1.1292370466791504,130.0,0.5487077049527729,0.9985505223389919,0.37249283667621774,-9.153350830078125,-0.011993408203125,-9.15325927734375,1.422393798828125,-56.818458557128906,-3.2802658081054688,-171.16702645162306,1.5377257598439649,path_segment_020,SUPPORTED,,-9.153350830078125,-0.011993408203125,-9.42191307263272,2.5618621896586546,-394.33888126614215,-78.29669604931951,-164.78875901294322,1.6208737811658265,path_segment_003,SUPPORTED,,-9.153350830078125,-0.011993408203125,-9.15325927734375,1.422393798828125,-56.818458557128906,-3.2802658081054688,-171.16702645162306,1.5377257598439649,path_segment_020,SUPPORTED,,SUPPORTED,
162,162,5400.0,VALID_TARGET,,3.0,971.7179489135742,533.6353912353516,971.7179489135742,537.1875457763672,SUPPORTED,991.3865546218487,611.4075630252102,710.4831932773109,216.9327731092437,561.8067226890756,788.9495798319329,SUPPORTED,translation_median_sparse_flow,3.0517578125e-05,-0.2845458984375,347.0,4.24133825302124,,,SUPPORTED,partial_affine_ransac_sparse_flow,-0.11501224597161092,0.33097076312174045,148.0,0.2696770574289308,0.9998712670789086,0.4265129682997118,-6.026947021484375,0.0,-6.0269775390625,0.2845458984375,-62.845436096191406,-2.9957199096679688,-177.29695657273902,1.0016240238462468,path_segment_020,SUPPORTED,,-6.026947021484375,0.0,-6.405795560531601,0.8677077785235952,-400.74467682667375,-77.42898827079591,-172.2858564712685,1.0731068635115866,path_segment_003,SUPPORTED,,-6.026947021484375,0.0,-6.0269775390625,0.2845458984375,-62.845436096191406,-2.9957199096679688,-177.29695657273902,1.0016240238462468,path_segment_020,SUPPORTED,,SUPPORTED,
163,163,5433.333333333334,VALID_TARGET,,3.0,963.4075622558594,537.6368560791016,963.4075622558594,537.6368560791016,SUPPORTED,986.5336134453781,612.7310924369749,704.6848739495798,217.3109243697479,563.6974789915967,790.8403361344539,SUPPORTED,translation_median_sparse_flow,0.0135498046875,9.918212890625e-05,343.0,4.084050178527832,,,SUPPORTED,partial_affine_ransac_sparse_flow,-0.8162777616771577,0.23221441892009703,143.0,0.4487847808874464,1.0019335306903465,0.41690962099125367,-8.310386657714844,0.449310302734375,-8.323936462402344,0.44921112060546875,-71.16937255859375,-2.5465087890625,-176.91096164822534,1.3838274084371722,path_segment_020,SUPPORTED,,-8.310386657714844,0.449310302734375,-10.220043590227306,0.7135801154340697,-410.96472041690106,-76.71540815536184,-176.00599712650182,1.700710778093246,path_segment_003,SUPPORTED,,-8.310386657714844,0.449310302734375,-8.323936462402344,0.44921112060546875,-71.16937255859375,-2.5465087890625,-176.91096164822534,1.3838274084371722,path_segment_020,SUPPORTED,,SUPPORTED,
164,164,5466.666666666667,VALID_TARGET,,3.0,952.5415725708008,543.3627166748047,952.5415725708008,543.3627166748047,SUPPORTED,981.6806722689075,614.0546218487395,698.8865546218487,217.6890756302521,565.5882352941177,792.7310924369748,SUPPORTED,translation_median_sparse_flow,2.790771484375,0.3204193115234375,348.0,3.7922873497009277,,,SUPPORTED,partial_affine_ransac_sparse_flow,-0.3288698827209483,-0.5618912807581234,143.0,0.32655027388056446,1.0015138534703305,0.4109195402298851,-10.865989685058594,5.725860595703125,-13.656761169433594,5.4054412841796875,-84.82613372802734,2.8589324951171875,-158.40599536448906,2.4382197682126194,path_segment_020,SUPPORTED,,-10.865989685058594,5.725860595703125,-11.521401969312592,4.625036630033037,-422.48612238621365,-72.0903715253288,-158.12799247776553,2.060964151434882,path_segment_003,SUPPORTED,,-10.865989685058594,5.725860595703125,-13.656761169433594,5.4054412841796875,-84.82613372802734,2.8589324951171875,-158.40599536448906,2.4382197682126194,path_segment_020,SUPPORTED,,SUPPORTED,
165,165,5500.0,VALID_TARGET,,3.0,945.050537109375,548.5388793945312,945.050537109375,548.2104187011719,SUPPORTED,976.827731092437,615.3781512605042,693.0882352941177,218.0672268907563,567.4789915966387,794.6218487394958,SUPPORTED,translation_median_sparse_flow,3.8948974609375,1.9427947998046875,348.0,4.352663040161133,,,SUPPORTED,partial_affine_ransac_sparse_flow,-0.8733767339018659,-0.8599890850393987,156.0,0.5986513166180671,1.0032291560842743,0.4482758620689655,-7.491035461425781,4.8477020263671875,-11.385932922363281,2.9049072265625,-96.21206665039062,5.7638397216796875,-165.6873877832217,1.950670222565091,path_segment_020,SUPPORTED,,-7.491035461425781,4.8477020263671875,-9.025398761634506,2.783425678307026,-431.51152114784816,-69.30694584702178,-162.86027977194672,1.5678949654913445,path_segment_003,SUPPORTED,,-7.491035461425781,4.8477020263671875,-11.385932922363281,2.9049072265625,-96.21206665039062,5.7638397216796875,-165.6873877832217,1.950670222565091,path_segment_020,SUPPORTED,,SUPPORTED,
166,166,5533.333333333333,VALID_TARGET,,3.0,933.525733947754,549.7817840576172,938.6071243286133,550.1102447509766,SUPPORTED,971.9747899159663,616.7016806722689,687.2899159663865,218.4453781512605,569.3697478991597,796.5126050420168,SUPPORTED,translation_median_sparse_flow,4.149658203125,0.9142608642578125,348.0,4.249309539794922,,,SUPPORTED,partial_affine_ransac_sparse_flow,-1.3008506766653174,-0.7619839277091116,146.0,0.7007737977309917,1.0044439277027946,0.41954022988505746,-6.443412780761719,1.8998260498046875,-10.593070983886719,0.985565185546875,-106.80513763427734,6.7494049072265625,-174.68457900843984,1.7660994051649592,path_segment_020,SUPPORTED,,-6.443412780761719,1.8998260498046875,-9.034885295227696,-0.3040011163454892,-440.54640644307585,-69.61094696336727,178.0728684920577,1.500686687910358,path_segment_003,SUPPORTED,,-6.443412780761719,1.8998260498046875,-10.593070983886719,0.985565185546875,-106.80513763427734,6.7494049072265625,-174.68457900843984,1.7660994051649592,path_segment_020,SUPPORTED,,SUPPORTED,
167,167,5566.666666666666,VALID_TARGET,,3.0,927.239875793457,570.9139099121094,937.5022354125977,570.9139099121094,SUPPORTED,967.1218487394958,618.0252100840337,681.4915966386554,218.8235294117647,571.2605042016808,798.4033613445379,SUPPORTED,translation_median_sparse_flow,5.10845947265625,0.0096893310546875,346.0,5.108719825744629,,,SUPPORTED,partial_affine_ransac_sparse_flow,-1.027073927864673,-0.6050573525400871,139.0,0.5453593008030165,1.0035788192614405,0.40173410404624277,-1.104888916015625,20.803665161132812,-6.213348388671875,20.793975830078125,-113.01848602294922,27.543380737304688,-106.63641972798804,3.6027148519409007,path_segment_020,SUPPORTED,,-1.104888916015625,20.803665161132812,-3.1817372939187862,19.004810520687897,-443.72814373699464,-50.60613644267937,-99.5041723188044,3.198805444257037,path_segment_003,SUPPORTED,,-1.104888916015625,20.803665161132812,-6.213348388671875,20.793975830078125,-113.01848602294922,27.543380737304688,-106.63641972798804,3.6027148519409007,path_segment_020,SUPPORTED,,SUPPORTED,
168,168,5600.0,VALID_TARGET,,3.0,937.5022354125977,579.6860504150391,937.5022354125977,579.6860504150391,SUPPORTED,962.2689075630252,619.3487394957983,675.6932773109244,219.2016806722689,573.1512605042017,800.2941176470589,SUPPORTED,translation_median_sparse_flow,3.118408203125,-2.6701812744140625,348.0,4.111639976501465,,,SUPPORTED,partial_affine_ransac_sparse_flow,-1.0256991596639582,0.6899544307399552,178.0,0.8069757910003976,1.0020671923269864,0.5114942528735632,0.0,8.772140502929688,-3.118408203125,11.44232177734375,-116.13689422607422,38.98570251464844,-105.2447481080366,1.96876281885753,path_segment_020,SUPPORTED,,0.0,8.772140502929688,-2.633128059081173,9.737399864176496,-446.3612717960758,-40.868736578502876,-105.13167503181246,1.6745170458014846,path_segment_003,SUPPORTED,,0.0,8.772140502929688,-3.118408203125,11.44232177734375,-116.13689422607422,38.98570251464844,-105.2447481080366,1.96876281885753,path_segment_020,SUPPORTED,,SUPPORTED,
169,169,5633.333333333334,VALID_TARGET,,3.0,937.7745895385742,592.3340148925781,938.9647598266602,592.2875518798828,SUPPORTED,957.4159663865546,620.6722689075631,669.8949579831933,219.57983193277312,575.0420168067227,802.1848739495799,SUPPORTED,translation_median_sparse_flow,3.2647705078125,-2.2426300048828125,347.0,4.633345127105713,,,SUPPORTED,partial_affine_ransac_sparse_flow,-1.1170100744712554,1.0348587021645839,172.0,0.9051150587375882,1.0018524527825747,0.4956772334293948,1.4625244140625,12.60150146484375,-1.80224609375,14.844131469726562,-117.93914031982422,53.829833984375,-96.92247673468286,2.482298572861379,path_segment_020,SUPPORTED,,1.4625244140625,12.60150146484375,-1.5162036210292626,14.325448700253219,-447.8774754171051,-26.543287878249657,-96.04168501648404,2.391381650552523,path_segment_003,SUPPORTED,,1.4625244140625,12.60150146484375,-1.80224609375,14.844131469726562,-117.93914031982422,53.829833984375,-96.92247673468286,2.482298572861379,path_segment_020,SUPPORTED,,SUPPORTED,
170,170,5666.666666666667,VALID_TARGET,,3.0,947.7684020996094,594.2973937988281,947.7684020996094,593.3037567138672,SUPPORTED,952.563025210084,621.9957983193277,664.0966386554621,219.95798319327733,576.9327731092437,804.0756302521008,SUPPORTED,translation_median_sparse_flow,2.3702392578125,-5.099365234375,337.0,5.623476505279541,,,SUPPORTED,partial_affine_ransac_sparse_flow,-1.0179073802473466,1.334575831673125,170.0,1.0550084083480191,1.0011702918079655,0.5044510385756676,8.803642272949219,1.016204833984375,6.433403015136719,6.115570068359375,-111.5057373046875,59.945404052734375,-43.54915665650451,1.4735135111406137,path_segment_020,SUPPORTED,,8.803642272949219,1.016204833984375,5.767459607585579,3.6995358685563815,-442.1100158095195,-22.843752009693276,-32.678134467144744,1.1374706559290229,path_segment_003,SUPPORTED,,8.803642272949219,1.016204833984375,6.433403015136719,6.115570068359375,-111.5057373046875,59.945404052734375,-43.54915665650451,1.4735135111406137,path_segment_020,SUPPORTED,,SUPPORTED,
171,171,5700.0,VALID_TARGET,,3.0,957.3560485839844,594.7536468505859,956.3826904296875,595.7937469482422,SUPPORTED,947.7100840336134,623.3193277310925,658.2983193277311,220.3361344537815,578.8235294117648,805.9663865546219,SUPPORTED,translation_median_sparse_flow,0.671142578125,-5.985595703125,345.0,6.023536205291748,,,SUPPORTED,partial_affine_ransac_sparse_flow,-0.8110033926175813,1.5136079486128826,174.0,0.8289960349542569,1.000436744094679,0.5043478260869565,8.614288330078125,2.489990234375,7.943145751953125,8.4755859375,-103.56259155273438,68.42098999023438,-46.85738392773716,1.928299676012039,path_segment_020,SUPPORTED,,8.614288330078125,2.489990234375,5.991660928707688,5.568560482866474,-436.1183548808118,-17.275191526826802,-42.90392818675747,1.3578866495174402,path_segment_003,SUPPORTED,,8.614288330078125,2.489990234375,7.943145751953125,8.4755859375,-103.56259155273438,68.42098999023438,-46.85738392773716,1.928299676012039,path_segment_020,SUPPORTED,,SUPPORTED,
172,172,5733.333333333333,VALID_TARGET,,3.0,958.504364013672,598.5958862304688,959.4777221679688,595.7937469482422,SUPPORTED,942.8571428571429,624.6428571428571,652.5,220.71428571428572,580.7142857142858,807.8571428571429,SUPPORTED,translation_median_sparse_flow,0.4122314453125,-6.1881866455078125,344.0,6.2019548416137695,,,SUPPORTED,partial_affine_ransac_sparse_flow,-0.5144247287644226,1.4180465189802844,174.0,0.6923108147588191,0.9997845183593612,0.5058139534883721,3.09503173828125,0.0,2.68280029296875,6.1881866455078125,-100.87979125976562,74.60917663574219,-66.56154257499564,1.1196563941005249,path_segment_020,SUPPORTED,,3.09503173828125,0.0,1.1059887134796327,3.081977582945001,-435.0123661673322,-14.193213943881801,-70.25912870729375,0.5435699869285824,path_segment_003,SUPPORTED,,3.09503173828125,0.0,2.68280029296875,6.1881866455078125,-100.87979125976562,74.60917663574219,-66.56154257499564,1.1196563941005249,path_segment_020,SUPPORTED,,SUPPORTED,
173,173,5766.666666666667,VALID_TARGET,,3.0,965.5796813964844,600.6901702880859,959.4777221679688,594.7536468505859,SUPPORTED,942.8571428571429,624.6428571428571,652.5,220.71428571428572,580.7142857142858,807.8571428571429,SUPPORTED,translation_median_sparse_flow,0.8544921875,-5.789337158203125,345.0,5.852891445159912,,,SUPPORTED,partial_affine_ransac_sparse_flow,-0.7986081800895372,1.4565521424892267,161.0,0.8823287099068218,1.0006945320861613,0.4666666666666667,0.0,-1.04010009765625,-0.8544921875,4.749237060546875,-101.73428344726562,79.35841369628906,-100.19964434432703,0.8010573738129537,path_segment_020,SUPPORTED,,0.0,-1.04010009765625,-2.8472200720493674,1.9146672195347492,-437.85958623938154,-12.278546724347052,-146.0803914795934,0.5695844317455605,path_segment_003,SUPPORTED,,0.0,-1.04010009765625,-0.8544921875,4.749237060546875,-101.73428344726562,79.35841369628906,-100.19964434432703,0.8010573738129537,path_segment_020,SUPPORTED,,SUPPORTED,
174,174,5800.0,VALID_TARGET,,3.0,964.9650115966796,585.7140808105469,958.5043640136719,587.4673614501953,SUPPORTED,942.8571428571429,624.6428571428571,652.5,220.71428571428572,580.7142857142858,807.8571428571429,SUPPORTED,translation_median_sparse_flow,1.3408203125,-3.0963287353515625,342.0,3.4511852264404297,,,SUPPORTED,partial_affine_ransac_sparse_flow,-0.4244749806984597,0.6924171535460869,166.0,0.5038699689334292,1.0004916346059438,0.4853801169590643,-0.973358154296875,-7.286285400390625,-2.314178466796875,-4.1899566650390625,-104.0484619140625,75.16845703125,118.912555644053,0.7945938695577318,path_segment_020,SUPPORTED,,-0.973358154296875,-7.286285400390625,-2.5381231955416297,-5.815974695426235,-440.3977094349232,-18.094521419773287,113.57671987332549,1.0534155434666486,path_segment_003,SUPPORTED,,-0.973358154296875,-7.286285400390625,-2.314178466796875,-4.1899566650390625,-104.0484619140625,75.16845703125,118.912555644053,0.7945938695577318,path_segment_020,SUPPORTED,,SUPPORTED,
175,175,5833.333333333333,VALID_TARGET,,3.0,953.9436492919922,587.4088592529297,955.0553741455078,587.2249908447266,SUPPORTED,942.8571428571429,624.6428571428571,652.5,220.71428571428572,580.7142857142858,807.8571428571429,SUPPORTED,translation_median_sparse_flow,1.2008056640625,-1.5923309326171875,325.0,2.183504343032837,,,SUPPORTED,partial_affine_ransac_sparse_flow,-0.5265152401042764,0.23610456460973894,185.0,0.5358850065308512,1.0012986360862892,0.5692307692307692,-3.4489898681640625,-0.24237060546875,-4.6497955322265625,1.3499603271484375,-108.69825744628906,76.51841735839844,-163.8105699933462,0.8037633436768885,path_segment_020,SUPPORTED,,-3.4489898681640625,-0.24237060546875,-5.002312119719136,0.12331527776632356,-445.4000215546423,-17.971206142006963,-178.58785016115195,0.83066208781249,path_segment_003,SUPPORTED,,-3.4489898681640625,-0.24237060546875,-4.6497955322265625,1.3499603271484375,-108.69825744628906,76.51841735839844,-163.8105699933462,0.8037633436768885,path_segment_020,SUPPORTED,,SUPPORTED,
176,176,5866.666666666666,VALID_TARGET,,3.0,952.2455902099608,580.1484222412109,951.1338653564453,582.9755249023438,SUPPORTED,942.8571428571429,624.6428571428571,652.5,220.71428571428572,580.7142857142858,807.8571428571429,SUPPORTED,translation_median_sparse_flow,0.5177001953125,0.0007781982421875,318.0,2.5792579650878906,,,SUPPORTED,partial_affine_ransac_sparse_flow,-0.38129411787665535,-0.40800929403334213,184.0,0.6481361298490543,1.0015171678670234,0.5786163522012578,-3.9215087890625,-4.2494659423828125,-4.439208984375,-4.250244140625,-113.13746643066406,72.26817321777344,136.24578401453127,1.0202387051289572,path_segment_020,SUPPORTED,,-3.9215087890625,-4.2494659423828125,-4.689929432905956,-5.21881836016496,-450.08995098754826,-23.190024502171923,131.94468208189073,1.1647781900467888,path_segment_003,SUPPORTED,,-3.9215087890625,-4.2494659423828125,-4.439208984375,-4.250244140625,-113.13746643066406,72.26817321777344,136.24578401453127,1.0202387051289572,path_segment_020,SUPPORTED,,SUPPORTED,
177,177,5900.0,VALID_TARGET,,3.0,940.7718353271484,582.9755249023438,945.6437530517578,582.9755249023438,SUPPORTED,942.8571428571429,624.6428571428571,652.5,220.71428571428572,580.7142857142858,807.8571428571429,SUPPORTED,translation_median_sparse_flow,0.11859130859375,1.7593994140625,342.0,2.499291181564331,,,SUPPORTED,partial_affine_ransac_sparse_flow,-0.013289904322687056,-0.6546404420686217,186.0,0.8102127882099717,1.0007079632618583,0.543859649122807,-5.4901123046875,0.0,-5.60870361328125,-1.7593994140625,-118.74617004394531,70.50877380371094,162.58383230624798,0.9758090224321256,path_segment_020,SUPPORTED,,-5.4901123046875,0.0,-5.216837644221641,-1.278137525416696,-455.3067886317699,-24.46816202758862,166.23357184827208,0.8916353817381092,path_segment_003,SUPPORTED,,-5.4901123046875,0.0,-5.60870361328125,-1.7593994140625,-118.74617004394531,70.50877380371094,162.58383230624798,0.9758090224321256,path_segment_020,SUPPORTED,,SUPPORTED,
178,178,5933.333333333334,VALID_TARGET,,3.0,936.2876892089844,579.8006134033203,941.2291717529297,580.1484222412109,SUPPORTED,942.8571428571429,624.6428571428571,652.5,220.71428571428572,580.7142857142858,807.8571428571429,SUPPORTED,translation_median_sparse_flow,0.0007171630859375,4.525688171386719,344.0,4.5271148681640625,,,SUPPORTED,partial_affine_ransac_sparse_flow,0.14852111390953734,-0.958180456164051,158.0,0.5298243622201488,1.0006195023250528,0.45930232558139533,-4.414581298828125,-2.8271026611328125,-4.4152984619140625,-7.352790832519531,-123.16146850585938,63.155982971191406,120.9845162167714,1.4237633195963362,path_segment_020,SUPPORTED,,-4.414581298828125,-2.8271026611328125,-3.589454696302937,-4.752164291572399,-458.89624332807284,-29.220326319161018,127.06486424674063,0.9886337743015022,path_segment_003,SUPPORTED,,-4.414581298828125,-2.8271026611328125,-4.4152984619140625,-7.352790832519531,-123.16146850585938,63.155982971191406,120.9845162167714,1.4237633195963362,path_segment_020,SUPPORTED,,SUPPORTED,
179,179,5966.666666666667,VALID_TARGET,,3.0,931.848892211914,579.7660217285156,931.8488922119141,578.2469329833984,SUPPORTED,942.8571428571429,624.6428571428571,652.5,220.71428571428572,580.7142857142858,807.8571428571429,SUPPORTED,translation_median_sparse_flow,-3.0517578125e-05,5.63519287109375,349.0,5.63623046875,,,SUPPORTED,partial_affine_ransac_sparse_flow,0.46983316454781154,-1.4381849902379311,143.0,0.7059066188308156,1.0002971495671482,0.40974212034383956,-9.380279541015625,-1.9014892578125,-9.3802490234375,-7.53668212890625,-132.54171752929688,55.619300842285156,141.2194143384164,1.9975236954596243,path_segment_020,SUPPORTED,,-9.380279541015625,-1.9014892578125,-7.578276148288182,-4.755039544528245,-466.474519476361,-33.97536586368926,147.893512158692,1.485172985106633,path_segment_003,SUPPORTED,,-9.380279541015625,-1.9014892578125,-9.3802490234375,-7.53668212890625,-132.54171752929688,55.619300842285156,141.2194143384164,1.9975236954596243,path_segment_020,SUPPORTED,,SUPPORTED,
180,180,6000.0,VALID_TARGET,,3.0,926.0288238525392,575.9169006347656,926.04443359375,575.5027923583984,SUPPORTED,942.8571428571429,624.6428571428571,652.5,220.71428571428572,580.7142857142858,807.8571428571429,SUPPORTED,translation_median_sparse_flow,0.5638427734375,4.950592041015625,345.0,5.0091328620910645,,,SUPPORTED,partial_affine_ransac_sparse_flow,-0.05562327529343552,-1.207833938978391,146.0,1.067644296150997,1.0011189104070792,0.42318840579710143,-5.8044586181640625,-2.744140625,-6.3683013916015625,-7.694732666015625,-138.91001892089844,47.92456817626953,129.611778784334,1.6580933837033875,path_segment_020,SUPPORTED,,-5.8044586181640625,-2.744140625,-5.0512307742955045,-4.978390577589607,-471.52575025065653,-38.95375644127887,135.41610369239987,1.1773421013924605,path_segment_003,SUPPORTED,,-5.8044586181640625,-2.744140625,-6.3683013916015625,-7.694732666015625,-138.91001892089844,47.92456817626953,129.611778784334,1.6580933837033875,path_segment_020,SUPPORTED,,SUPPORTED,
181,181,6033.333333333333,VALID_TARGET,,3.0,916.5132827758788,573.6603851318359,924.5359191894531,575.5027923583984,SUPPORTED,942.8571428571429,624.6428571428571,652.5,220.71428571428572,580.7142857142858,807.8571428571429,SUPPORTED,translation_median_sparse_flow,0.0264434814453125,3.1991958618164062,342.0,4.234619617462158,,,SUPPORTED,partial_affine_ransac_sparse_flow,-0.07667656544168103,-0.46281816255189284,133.0,0.37018122177372753,1.0007987082963428,0.3888888888888889,-1.508514404296875,0.0,-1.5349578857421875,-3.1991958618164062,-140.44497680664062,44.725372314453125,115.63145460645858,0.5890483305867029,path_segment_020,SUPPORTED,,-1.508514404296875,0.0,-1.3858154672105911,-1.2591338589734278,-472.9115657178671,-40.2128903002523,137.74212396623946,0.3108290522958612,path_segment_003,SUPPORTED,,-1.508514404296875,0.0,-1.5349578857421875,-3.1991958618164062,-140.44497680664062,44.725372314453125,115.63145460645858,0.5890483305867029,path_segment_020,SUPPORTED,,SUPPORTED,
182,182,6066.666666666666,VALID_TARGET,,3.0,902.5141525268556,572.9547271728516,901.0056381225586,573.9848022460938,SUPPORTED,942.8571428571429,624.6428571428571,652.5,220.71428571428572,580.7142857142858,807.8571428571429,SUPPORTED,translation_median_sparse_flow,0.00347900390625,1.062744140625,349.0,3.049708127975464,,,SUPPORTED,partial_affine_ransac_sparse_flow,0.012668680238224081,-0.09039241176220845,166.0,0.5720219718142973,1.0000706156585413,0.47564469914040114,-23.53028106689453,-1.5179901123046875,-23.53376007080078,-2.5807342529296875,-163.9787368774414,42.14463806152344,173.74189666674124,3.930146468541521,path_segment_020,SUPPORTED,,-23.53028106689453,-1.5179901123046875,-23.364970830422408,-1.8588555387981387,-496.2765365482895,-42.071745839050436,175.45127939966434,3.89096209595675,path_segment_003,SUPPORTED,,-23.53028106689453,-1.5179901123046875,-23.53376007080078,-2.5807342529296875,-163.9787368774414,42.14463806152344,173.74189666674124,3.930146468541521,path_segment_020,SUPPORTED,,SUPPORTED,
183,183,6100.0,VALID_TARGET,,3.0,899.821533203125,575.3565063476562,900.4785461425781,575.8744354248047,SUPPORTED,942.8571428571429,624.6428571428571,652.5,220.71428571428572,580.7142857142858,807.8571428571429,SUPPORTED,translation_median_sparse_flow,3.0517578125e-05,0.493133544921875,348.0,2.2384538650512695,,,SUPPORTED,partial_affine_ransac_sparse_flow,0.042673666628773865,-0.12337067164864532,192.0,0.4824832261328878,0.9999403264343306,0.5517241379310345,-0.5270919799804688,1.8896331787109375,-0.5271224975585938,1.3964996337890625,-164.505859375,43.5411376953125,-110.67950655437305,0.24779128889206797,path_segment_020,SUPPORTED,,-0.5270919799804688,1.8896331787109375,-0.29789039015304297,1.7050250441070602,-496.57442693844257,-40.366720794943376,-99.91030087128726,0.28733044676710334,path_segment_003,SUPPORTED,,-0.5270919799804688,1.8896331787109375,-0.5271224975585938,1.3964996337890625,-164.505859375,43.5411376953125,-110.67950655437305,0.24779128889206797,path_segment_020,SUPPORTED,,SUPPORTED,
184,184,6133.333333333334,VALID_TARGET,,3.0,896.7742156982422,581.8700866699219,894.5971908569336,581.5008392333984,SUPPORTED,942.8571428571429,624.6428571428571,652.5,220.71428571428572,580.7142857142858,807.8571428571429,SUPPORTED,translation_median_sparse_flow,-0.001312255859375,0.904937744140625,347.0,2.37404465675354,,,SUPPORTED,partial_affine_ransac_sparse_flow,0.12930317432435795,-0.21612093915476852,184.0,0.4002310371667443,0.9997028091166361,0.5302593659942363,-5.881355285644531,5.62640380859375,-5.880043029785156,4.721466064453125,-170.38590240478516,48.262603759765625,-141.23677080499195,1.251850322113955,path_segment_020,SUPPORTED,,-5.881355285644531,5.62640380859375,-5.3154333366762785,5.345572465168743,-501.88986027511885,-35.02114832977463,-134.83802276328112,1.2514301079083294,path_segment_003,SUPPORTED,,-5.881355285644531,5.62640380859375,-5.880043029785156,4.721466064453125,-170.38590240478516,48.262603759765625,-141.23677080499195,1.251850322113955,path_segment_020,SUPPORTED,,SUPPORTED,
185,185,6166.666666666667,VALID_TARGET,,3.0,894.5971908569336,583.0395965576172,892.0798568725586,583.0395965576172,SUPPORTED,942.8571428571429,624.6428571428571,652.5,220.71428571428572,580.7142857142858,807.8571428571429,SUPPORTED,translation_median_sparse_flow,-0.00048065185546875,0.3532562255859375,350.0,1.2183787822723389,,,SUPPORTED,partial_affine_ransac_sparse_flow,0.06583429282420751,-0.04291460874428603,218.0,0.2688180564754916,0.9997285037610304,0.6228571428571429,-2.517333984375,1.53875732421875,-2.5168533325195312,1.1855010986328125,-172.9027557373047,49.44810485839844,-154.77838729664686,0.4618395696674859,path_segment_020,SUPPORTED,,-2.517333984375,1.53875732421875,-2.1432101460801505,1.4364687620454788,-504.033070421199,-33.584679567729154,-146.16835890339163,0.42830602455064726,path_segment_003,SUPPORTED,,-2.517333984375,1.53875732421875,-2.5168533325195312,1.1855010986328125,-172.9027557373047,49.44810485839844,-154.77838729664686,0.4618395696674859,path_segment_020,SUPPORTED,,SUPPORTED,
186,186,6200.0,VALID_TARGET,,3.0,890.6308517456055,587.0736999511719,890.1166687011719,584.5564422607422,SUPPORTED,942.8571428571429,624.6428571428571,652.5,220.71428571428572,580.7142857142858,807.8571428571429,SUPPORTED,translation_median_sparse_flow,-0.06805419921875,0.721588134765625,348.0,2.0329291820526123,,,SUPPORTED,partial_affine_ransac_sparse_flow,0.3052285569123551,-0.1633711271080153,210.0,0.4177232721170957,0.9991351326401207,0.603448275862069,-1.9631881713867188,1.516845703125,-1.8951339721679688,0.795257568359375,-174.79788970947266,50.24336242675781,-157.23555299728335,0.34117873881701677,path_segment_020,SUPPORTED,,-1.9631881713867188,1.516845703125,-1.0640781111457045,1.5227875522271006,-505.0971485323447,-32.06189201550205,-124.94469129471507,0.3083920914029203,path_segment_003,SUPPORTED,,-1.9631881713867188,1.516845703125,-1.8951339721679688,0.795257568359375,-174.79788970947266,50.24336242675781,-157.23555299728335,0.34117873881701677,path_segment_020,SUPPORTED,,SUPPORTED,
187,187,6233.333333333333,VALID_TARGET,,3.0,886.2853012084961,580.8867340087891,888.7713241577148,586.4957885742188,SUPPORTED,942.8571428571429,624.6428571428571,652.5,220.71428571428572,580.7142857142858,807.8571428571429,SUPPORTED,translation_median_sparse_flow,-0.0024871826171875,0.7318115234375,349.0,1.945624828338623,,,SUPPORTED,partial_affine_ransac_sparse_flow,0.25788623022740453,-0.1139574370812886,207.0,0.4485287585072276,0.9992455852558132,0.5931232091690545,-1.3453445434570312,1.9393463134765625,-1.3428573608398438,1.2075347900390625,-176.1407470703125,51.450897216796875,-138.037238156211,0.2997948207075968,path_segment_020,SUPPORTED,,-1.3453445434570312,1.9393463134765625,-0.5963732302307108,1.983990877333781,-505.6935217625754,-30.077901138168272,-106.73039586023124,0.34391055849620106,path_segment_003,SUPPORTED,,-1.3453445434570312,1.9393463134765625,-1.3428573608398438,1.2075347900390625,-176.1407470703125,51.450897216796875,-138.037238156211,0.2997948207075968,path_segment_020,SUPPORTED,,SUPPORTED,
188,188,6266.666666666667,VALID_TARGET,,3.0,883.9059066772461,586.5269622802734,883.9059066772461,587.1048736572266,SUPPORTED,942.8571428571429,624.6428571428571,652.5,220.71428571428572,580.7142857142858,807.8571428571429,SUPPORTED,translation_median_sparse_flow,-0.004364013671875,0.6155929565429688,348.0,2.1270532608032227,,,SUPPORTED,partial_affine_ransac_sparse_flow,0.3372167959757628,-0.1017778219095074,210.0,0.3132441307059216,0.9989418704735854,0.603448275862069,-4.86541748046875,0.6090850830078125,-4.861053466796875,-0.00650787353515625,-181.00180053710938,51.44438934326172,179.9232936920061,0.8069608571835986,path_segment_020,SUPPORTED,,-4.86541748046875,0.6090850830078125,-3.87944951093516,0.7518472863428087,-509.5729712735106,-29.326053851825463,-169.03190026906398,0.6559916002306411,path_segment_003,SUPPORTED,,-4.86541748046875,0.6090850830078125,-4.861053466796875,-0.00650787353515625,-181.00180053710938,51.44438934326172,179.9232936920061,0.8069608571835986,path_segment_020,SUPPORTED,,SUPPORTED,
189,189,6300.0,VALID_TARGET,,3.0,883.6258850097656,602.1804962158203,881.1398620605469,602.1804962158203,SUPPORTED,942.8571428571429,624.6428571428571,652.5,220.71428571428572,580.7142857142858,807.8571428571429,SUPPORTED,translation_median_sparse_flow,-0.0033721923828125,0.682403564453125,343.0,2.3918073177337646,,,SUPPORTED,partial_affine_ransac_sparse_flow,0.3759826643098105,-0.09068712375097637,206.0,0.4498150608671895,0.9988628432729723,0.6005830903790087,-2.7660446166992188,15.07562255859375,-2.7626724243164062,14.393218994140625,-183.76447296142578,65.83760833740234,-100.86535556056555,2.4329652217133377,path_segment_020,SUPPORTED,,-2.7660446166992188,15.07562255859375,-1.7641089649399646,15.273095775176671,-511.33708023845054,-14.052958076648792,-96.58871458600262,2.5522700195054417,path_segment_003,SUPPORTED,,-2.7660446166992188,15.07562255859375,-2.7626724243164062,14.393218994140625,-183.76447296142578,65.83760833740234,-100.86535556056555,2.4329652217133377,path_segment_020,SUPPORTED,,SUPPORTED,
190,190,6333.333333333333,VALID_TARGET,,3.0,877.9431838989258,604.3226318359375,878.8861083984375,604.3226318359375,SUPPORTED,942.8571428571429,624.6428571428571,652.5,220.71428571428572,580.7142857142858,807.8571428571429,SUPPORTED,translation_median_sparse_flow,-0.0003509521484375,0.776824951171875,348.0,2.520641803741455,,,SUPPORTED,partial_affine_ransac_sparse_flow,0.36603231598332814,-0.07389419216059956,199.0,0.5529671974458933,0.9988303695702728,0.5718390804597702,-2.253753662109375,2.1421356201171875,-2.2534027099609375,1.3653106689453125,-186.01787567138672,67.20291900634766,-148.7888119349087,0.43738185755140047,path_segment_020,SUPPORTED,,-2.253753662109375,2.1421356201171875,-1.223793613152111,2.386058515649893,-512.5608738516027,-11.6668995609989,-117.15298717414794,0.445158527523036,path_segment_003,SUPPORTED,,-2.253753662109375,2.1421356201171875,-2.2534027099609375,1.3653106689453125,-186.01787567138672,67.20291900634766,-148.7888119349087,0.43738185755140047,path_segment_020,SUPPORTED,,SUPPORTED,
191,191,6366.666666666666,VALID_TARGET,,3.0,876.6149749755859,609.8839721679688,875.6720504760742,609.8839721679688,SUPPORTED,942.8571428571429,624.6428571428571,652.5,220.71428571428572,580.7142857142858,807.8571428571429,SUPPORTED,translation_median_sparse_flow,-0.0023956298828125,0.730377197265625,349.0,2.780579090118408,,,SUPPORTED,partial_affine_ransac_sparse_flow,0.4717389420645539,-0.14373590719362622,213.0,0.5089183656543368,0.998591579424613,0.6103151862464183,-3.2140579223632812,5.56134033203125,-3.2116622924804688,4.830963134765625,-189.2295379638672,72.03388214111328,-123.61627249707544,0.9630158662726174,path_segment_020,SUPPORTED,,-3.2140579223632812,5.56134033203125,-1.9315806484449922,5.805923101988924,-514.4924545000476,-5.860976459009976,-108.40184006130735,1.0157530473577334,path_segment_003,SUPPORTED,,-3.2140579223632812,5.56134033203125,-3.2116622924804688,4.830963134765625,-189.2295379638672,72.03388214111328,-123.61627249707544,0.9630158662726174,path_segment_020,SUPPORTED,,SUPPORTED,
192,192,6400.0,VALID_TARGET,,3.0,870.1882629394531,611.8470458984375,870.1882629394531,611.8470458984375,SUPPORTED,942.8571428571429,624.6428571428571,652.5,220.71428571428572,580.7142857142858,807.8571428571429,SUPPORTED,translation_median_sparse_flow,-0.16070556640625,0.8984832763671875,350.0,2.7116856575012207,,,SUPPORTED,partial_affine_ransac_sparse_flow,0.5702481018423347,-0.11786884895611002,213.0,0.663738255536186,0.9983686939848465,0.6085714285714285,-5.483787536621094,1.96307373046875,-5.323081970214844,1.0645904541015625,-194.55261993408203,73.09847259521484,-168.69033599584017,0.9011583239779939,path_segment_020,SUPPORTED,,-5.483787536621094,1.96307373046875,-4.110550643378701,2.3370842617042626,-518.6030051434263,-3.523892197305713,-150.3792813974064,0.7849534139613192,path_segment_003,SUPPORTED,,-5.483787536621094,1.96307373046875,-5.323081970214844,1.0645904541015625,-194.55261993408203,73.09847259521484,-168.69033599584017,0.9011583239779939,path_segment_020,SUPPORTED,,SUPPORTED,
193,193,6433.333333333334,VALID_TARGET,,3.0,863.1958389282227,616.4853363037109,863.1958389282227,616.4853363037109,SUPPORTED,942.8571428571429,624.6428571428571,652.5,220.71428571428572,580.7142857142858,807.8571428571429,SUPPORTED,translation_median_sparse_flow,-0.01812744140625,0.8785858154296875,349.0,3.2064342498779297,,,SUPPORTED,partial_affine_ransac_sparse_flow,0.624281495156287,-0.08615161368333751,205.0,0.5227270808800487,0.9982135623065915,0.5873925501432665,-6.992424011230469,4.6382904052734375,-6.974296569824219,3.75970458984375,-201.52691650390625,76.8581771850586,-151.6717758305579,1.3152828681524817,path_segment_020,SUPPORTED,,-6.992424011230469,4.6382904052734375,-5.543606866677123,5.0806186366895645,-524.1466120101035,1.5567264393838514,-137.49528759454483,1.2482913332742385,path_segment_003,SUPPORTED,,-6.992424011230469,4.6382904052734375,-6.974296569824219,3.75970458984375,-201.52691650390625,76.8581771850586,-151.6717758305579,1.3152828681524817,path_segment_020,SUPPORTED,,SUPPORTED,
194,194,6466.666666666667,VALID_TARGET,,3.0,860.0297546386719,622.7389068603516,860.0297546386719,622.7389068603516,SUPPORTED,942.8571428571429,624.6428571428571,652.5,220.71428571428572,580.7142857142858,807.8571428571429,SUPPORTED,translation_median_sparse_flow,-0.722412109375,1.24932861328125,349.0,2.748626708984375,,,SUPPORTED,partial_affine_ransac_sparse_flow,0.6533329423346169,-0.1616246884078107,210.0,0.5463560902548521,0.9981071739748274,0.6017191977077364,-3.1660842895507812,6.253570556640625,-2.4436721801757812,5.004241943359375,-203.97058868408203,81.86241912841797,-116.02718919079597,0.9244860692708071,path_segment_020,SUPPORTED,,-3.1660842895507812,6.253570556640625,-1.4781094722892476,6.592763708106531,-525.6247214823927,8.149490147490383,-102.63684611327557,1.1216024204880435,path_segment_003,SUPPORTED,,-3.1660842895507812,6.253570556640625,-2.4436721801757812,5.004241943359375,-203.97058868408203,81.86241912841797,-116.02718919079597,0.9244860692708071,path_segment_020,SUPPORTED,,SUPPORTED,
195,195,6500.0,VALID_TARGET,,3.0,851.2920837402344,626.1297302246094,851.3814544677734,626.1297302246094,SUPPORTED,942.8571428571429,624.6428571428571,652.5,220.71428571428572,580.7142857142858,807.8571428571429,SUPPORTED,translation_median_sparse_flow,-1.2418212890625,1.147918701171875,349.0,2.4728360176086426,,,SUPPORTED,partial_affine_ransac_sparse_flow,0.4839410924309382,0.06843575639930173,189.0,0.7196813464269026,0.9984538283156017,0.5415472779369628,-8.648300170898438,3.3908233642578125,-7.4064788818359375,2.2429046630859375,-211.37706756591797,84.1053237915039,-163.15210841019407,1.2846544690480914,path_segment_020,SUPPORTED,,-8.648300170898438,3.3908233642578125,-7.321863102481188,3.6220248159751236,-532.9465845848739,11.771514963465506,-153.67903166820267,1.356057653520136,path_segment_003,SUPPORTED,,-8.648300170898438,3.3908233642578125,-7.4064788818359375,2.2429046630859375,-211.37706756591797,84.1053237915039,-163.15210841019407,1.2846544690480914,path_segment_020,SUPPORTED,,SUPPORTED,
196,196,6533.333333333333,VALID_TARGET,,3.0,848.5767822265625,630.4698333740234,848.94384765625,630.4698333740234,SUPPORTED,942.8571428571429,624.6428571428571,652.5,220.71428571428572,580.7142857142858,807.8571428571429,SUPPORTED,translation_median_sparse_flow,-1.56329345703125,0.9456329345703125,350.0,2.3780572414398193,,,SUPPORTED,partial_affine_ransac_sparse_flow,0.5747659968308036,0.06643055745718254,233.0,0.8045533373361565,0.9980752020231523,0.6657142857142857,-2.4376068115234375,4.3401031494140625,-0.8743133544921875,3.39447021484375,-212.25138092041016,87.49979400634766,-104.44372100185453,0.5818914734648786,path_segment_020,SUPPORTED,,-2.4376068115234375,4.3401031494140625,-0.7630392784830065,4.64943479537942,-533.7096238633569,16.420949758844927,-99.3199826741184,0.7821553369272113,path_segment_003,SUPPORTED,,-2.4376068115234375,4.3401031494140625,-0.8743133544921875,3.39447021484375,-212.25138092041016,87.49979400634766,-104.44372100185453,0.5818914734648786,path_segment_020,SUPPORTED,,SUPPORTED,
197,197,6566.666666666666,VALID_TARGET,,3.0,846.7387847900391,637.6082916259766,846.2823486328125,633.4987945556641,SUPPORTED,942.8571428571429,624.6428571428571,652.5,220.71428571428572,580.7142857142858,807.8571428571429,SUPPORTED,translation_median_sparse_flow,-1.41375732421875,1.412506103515625,350.0,2.602090358734131,,,SUPPORTED,partial_affine_ransac_sparse_flow,0.7708416219860617,0.0008815788347314403,227.0,0.6173570613707867,0.997724176661487,0.6485714285714286,-2.6614990234375,3.028961181640625,-1.24774169921875,1.616455078125,-213.4991226196289,89.11624908447266,-127.6645509518178,0.33898351962805495,path_segment_020,SUPPORTED,,-2.6614990234375,3.028961181640625,-0.7253520475351252,3.420778337843899,-534.434975910892,19.841728096688826,-101.97184324578811,0.5804928988839786,path_segment_003,SUPPORTED,,-2.6614990234375,3.028961181640625,-1.24774169921875,1.616455078125,-213.4991226196289,89.11624908447266,-127.6645509518178,0.33898351962805495,path_segment_020,SUPPORTED,,SUPPORTED,
198,198,6600.0,VALID_TARGET,,3.0,837.6706085205078,633.4987945556641,840.5365447998047,637.6082916259766,SUPPORTED,942.8571428571429,624.6428571428571,652.5,220.71428571428572,580.7142857142858,807.8571428571429,SUPPORTED,translation_median_sparse_flow,-2.22808837890625,1.4308547973632812,350.0,2.6480660438537598,,,SUPPORTED,partial_affine_ransac_sparse_flow,0.9301003575801335,-0.14540758536077972,228.0,0.5654146151426633,0.9973690226138477,0.6514285714285715,-5.7458038330078125,4.1094970703125,-3.5177154541015625,2.6786422729492188,-217.01683807373047,91.79489135742188,-142.7117387059085,0.7339879233049365,path_segment_020,SUPPORTED,,-5.7458038330078125,4.1094970703125,-3.535919124274187,4.703214964189101,-537.9708950351662,24.544943060877927,-126.93617315681409,0.9767957200080799,path_segment_003,SUPPORTED,,-5.7458038330078125,4.1094970703125,-3.5177154541015625,2.6786422729492188,-217.01683807373047,91.79489135742188,-142.7117387059085,0.7339879233049365,path_segment_020,SUPPORTED,,SUPPORTED,
199,199,6633.333333333334,VALID_TARGET,,3.0,839.674690246582,645.3969421386719,839.5259323120117,645.3969421386719,SUPPORTED,942.8571428571429,624.6428571428571,652.5,220.71428571428572,580.7142857142858,807.8571428571429,SUPPORTED,translation_median_sparse_flow,-2.654541015625,1.3024139404296875,350.0,2.956754207611084,,,SUPPORTED,partial_affine_ransac_sparse_flow,0.8132034435664155,0.03155811176987664,231.0,0.712377363219788,0.9974569055729521,0.66,-1.0106124877929688,7.7886505126953125,1.6439285278320312,6.486236572265625,-215.37290954589844,98.2811279296875,-75.77793281115834,1.1107939202060857,path_segment_020,SUPPORTED,,-1.0106124877929688,7.7886505126953125,1.1463748557534927,8.282457312531847,-536.8245201794127,32.82740037340977,-82.11975850550667,1.388038472179074,path_segment_003,SUPPORTED,,-1.0106124877929688,7.7886505126953125,1.6439285278320312,6.486236572265625,-215.37290954589844,98.2811279296875,-75.77793281115834,1.1107939202060857,path_segment_020,SUPPORTED,,SUPPORTED,
200,200,6666.666666666667,VALID_TARGET,,3.0,836.688606262207,656.7447204589844,836.7486801147461,651.0708312988281,SUPPORTED,942.8571428571429,624.6428571428571,652.5,220.71428571428572,580.7142857142858,807.8571428571429,SUPPORTED,translation_median_sparse_flow,-2.64544677734375,1.6913986206054688,350.0,3.13983154296875,,,SUPPORTED,partial_affine_ransac_sparse_flow,1.0197180006729751,-0.10219403222877091,229.0,0.5571522187492592,0.9971231621621133,0.6542857142857142,-2.777252197265625,5.67388916015625,-0.131805419921875,3.9824905395507812,-215.5047149658203,102.26361846923828,-91.89558234115941,0.6614761030051464,path_segment_020,SUPPORTED,,-2.777252197265625,5.67388916015625,-0.33318208242565106,6.271061489210183,-537.1577022618384,39.098461862619956,-93.04127062610078,1.0424970684339494,path_segment_003,SUPPORTED,,-2.777252197265625,5.67388916015625,-0.131805419921875,3.9824905395507812,-215.5047149658203,102.26361846923828,-91.89558234115941,0.6614761030051464,path_segment_020,SUPPORTED,,SUPPORTED,
201,201,6700.0,VALID_TARGET,,3.0,829.9144058227539,658.4920806884766,836.688606262207,656.7447204589844,SUPPORTED,942.8571428571429,624.6428571428571,652.5,220.71428571428572,580.7142857142858,807.8571428571429,SUPPORTED,translation_median_sparse_flow,-3.445556640625,1.7668075561523438,350.0,3.8679237365722656,,,SUPPORTED,partial_affine_ransac_sparse_flow,1.0544829167078658,-0.05394502671674485,238.0,0.6184708391401419,0.9969369070832447,0.68,-0.0600738525390625,5.67388916015625,3.3854827880859375,3.9070816040039062,-212.11923217773438,106.17070007324219,-49.0910991686334,0.8582128332089377,path_segment_020,SUPPORTED,,-0.0600738525390625,5.67388916015625,2.558115073455724,6.298546933467151,-534.5995871883827,45.39700879608711,-67.89578025320816,1.1285380254418338,path_segment_003,SUPPORTED,,-0.0600738525390625,5.67388916015625,3.3854827880859375,3.9070816040039062,-212.11923217773438,106.17070007324219,-49.0910991686334,0.8582128332089377,path_segment_020,SUPPORTED,,SUPPORTED,
