source_frame_index,analysis_frame_index,timestamp_ms,frame_status,frame_rejection_reason,valid_segment_id,raw_pelvis_mid_x,raw_pelvis_mid_y,path_input_center_x,path_input_center_y,center_status,roi_center_x,roi_center_y,roi_x,roi_y,roi_width,roi_height,translation_camera_motion_status,translation_camera_motion_method,translation_background_dx_px,translation_background_dy_px,translation_background_feature_count,translation_camera_motion_residual_px,translation_affine_scale,translation_affine_inlier_fraction,affine_camera_motion_status,affine_camera_motion_method,affine_background_dx_px,affine_background_dy_px,affine_background_feature_count,affine_camera_motion_residual_px,affine_affine_scale,affine_affine_inlier_fraction,translation_raw_dx,translation_raw_dy,translation_compensated_dx,translation_compensated_dy,translation_compensated_x,translation_compensated_y,translation_projected_heading_deg,translation_normalized_projected_speed_per_s,translation_path_segment_id,translation_path_status,translation_path_rejection_reason,affine_raw_dx,affine_raw_dy,affine_compensated_dx,affine_compensated_dy,affine_compensated_x,affine_compensated_y,affine_projected_heading_deg,affine_normalized_projected_speed_per_s,affine_path_segment_id,affine_path_status,affine_path_rejection_reason,chosen_raw_dx,chosen_raw_dy,chosen_compensated_dx,chosen_compensated_dy,chosen_compensated_x,chosen_compensated_y,chosen_projected_heading_deg,chosen_normalized_projected_speed_per_s,chosen_path_segment_id,chosen_path_status,chosen_path_rejection_reason,chosen_path_validation_status,chosen_path_validation_reason
3,0,100.0,TARGET_IDENTITY_UNCERTAIN,TARGET_OVERLAP_AMBIGUOUS: another detected person overlaps or is too close to the selected pose for automated identity acceptance.,,662.0784301757812,391.48018646240234,,,,595.7142857142858,407.85714285714283,327.85714285714283,144.28571428571428,535.7142857142858,527.1428571428571,,,,,,,,,,,,,,,,,,,,,,,,,,,,,,,,,,,,,,,,,,,,,,,,,,,
4,1,133.33333333333334,TARGET_IDENTITY_UNCERTAIN,TARGET_OVERLAP_AMBIGUOUS: another detected person overlaps or is too close to the selected pose for automated identity acceptance.,,652.5959014892578,385.58736419677734,,,,595.5357142857143,409.82142857142856,346.07142857142856,143.03571428571428,498.9285714285715,533.5714285714286,,,,,,,,,,,,,,,,,,,,,,,,,,,,,,,,,,,,,,,,,,,,,,,,,,,
5,2,166.66666666666666,TARGET_IDENTITY_UNCERTAIN,TARGET_OVERLAP_AMBIGUOUS: another detected person overlaps or is too close to the selected pose for automated identity acceptance.,,650.1569366455078,388.0727462768554,,,,595.3571428571429,411.7857142857143,364.2857142857143,141.78571428571428,462.1428571428572,540.0,,,,,,,,,,,,,,,,,,,,,,,,,,,,,,,,,,,,,,,,,,,,,,,,,,,
6,3,200.0,VALID_TARGET,HUMAN_ACCEPTED_TARGET: operator reviewed the raw skeleton and confirmed that it belongs to the documented athlete.,1.0,665.6405181884766,429.6199951171875,662.9008560180664,417.97776794433594,SUPPORTED,595.1785714285714,413.75,382.5,140.53571428571428,425.3571428571429,546.4285714285714,INSUFFICIENT_EVIDENCE,translation_median_sparse_flow,0.0,0.0,0.0,,,,INSUFFICIENT_EVIDENCE,partial_affine_ransac_sparse_flow,0.0,0.0,0.0,,,,,,,,0.0,0.0,,,path_segment_001,SUPPORTED,,,,,,0.0,0.0,,,path_segment_001,SUPPORTED,,,,,,0.0,0.0,,,path_segment_001,SUPPORTED,,SUPPORTED,
7,4,233.33333333333337,VALID_TARGET,HUMAN_ACCEPTED_TARGET: operator reviewed the raw skeleton and confirmed that it belongs to the documented athlete.,1.0,660.9752655029297,417.97776794433594,659.4757957458496,413.5020065307617,SUPPORTED,595.0,415.7142857142857,400.7142857142857,139.28571428571428,388.5714285714286,552.8571428571429,SUPPORTED,translation_median_sparse_flow,-27.79547119140625,0.000751495361328125,344.0,0.4709932804107666,,,SUPPORTED,partial_affine_ransac_sparse_flow,-28.528776635973426,-0.6206233301889124,311.0,0.29228073414519834,1.0010430088366244,0.9040697674418605,-3.425060272216797,-4.475761413574219,24.370410919189453,-4.476512908935547,24.370410919189453,-4.476512908935547,10.408427685215152,4.446475970414918,path_segment_001,SUPPORTED,,-3.425060272216797,-4.475761413574219,24.609324066249428,-4.603396426977326,24.609324066249428,-4.603396426977326,10.595245999962609,4.492781325678582,path_segment_001,SUPPORTED,,-3.425060272216797,-4.475761413574219,24.370410919189453,-4.476512908935547,24.370410919189453,-4.476512908935547,10.408427685215152,4.446475970414918,path_segment_001,SUPPORTED,,SUPPORTED,
8,5,266.6666666666667,VALID_TARGET,HUMAN_ACCEPTED_TARGET: operator reviewed the raw skeleton and confirmed that it belongs to the documented athlete.,1.0,661.7659530639648,406.34251403808594,656.9775161743164,409.0262451171875,SUPPORTED,620.3571428571429,410.7142857142858,409.2857142857143,133.92857142857144,422.14285714285717,553.5714285714287,SUPPORTED,translation_median_sparse_flow,-13.7161865234375,-0.243408203125,349.0,0.4790177643299103,,,SUPPORTED,partial_affine_ransac_sparse_flow,-14.688060665101716,-0.5291250490277782,322.0,0.2485310250911194,1.0011391321477627,0.9226361031518625,-2.498279571533203,-4.475761413574219,11.217906951904297,-4.232353210449219,35.58831787109375,-8.708866119384766,20.67076202091227,2.1515806921967022,path_segment_001,SUPPORTED,,-2.498279571533203,-4.475761413574219,11.489891435177356,-4.499539048409247,36.099215501426784,-9.102935475386573,21.38573287690537,2.2143442273008676,path_segment_001,SUPPORTED,,-2.498279571533203,-4.475761413574219,11.217906951904297,-4.232353210449219,35.58831787109375,-8.708866119384766,20.67076202091227,2.1515806921967022,path_segment_001,SUPPORTED,,SUPPORTED,
9,6,300.0,VALID_TARGET,HUMAN_ACCEPTED_TARGET: operator reviewed the raw skeleton and confirmed that it belongs to the documented athlete.,1.0,648.9059371948242,409.0262451171875,654.2500076293945,409.0262451171875,SUPPORTED,645.7142857142857,405.7142857142858,417.85714285714283,128.57142857142858,455.7142857142857,554.2857142857143,SUPPORTED,translation_median_sparse_flow,-27.5863037109375,-0.5212249755859375,349.0,0.6128178238868713,,,SUPPORTED,partial_affine_ransac_sparse_flow,-28.65366917766258,-1.1086289974650225,325.0,0.28331523126585023,1.0014263638366951,0.9312320916905444,-2.727508544921875,0.0,24.858795166015625,0.5212249755859375,60.447113037109375,-8.187641143798828,-1.2011690765311422,4.461930605310367,path_segment_001,SUPPORTED,,-2.727508544921875,0.0,25.153022328616657,0.2619887541904973,61.25223783004344,-8.840946721196076,-0.5967595821216767,4.513994491481943,path_segment_001,SUPPORTED,,-2.727508544921875,0.0,24.858795166015625,0.5212249755859375,60.447113037109375,-8.187641143798828,-1.2011690765311422,4.461930605310367,path_segment_001,SUPPORTED,,SUPPORTED,
10,7,333.3333333333333,VALID_TARGET,HUMAN_ACCEPTED_TARGET: operator reviewed the raw skeleton and confirmed that it belongs to the documented athlete.,1.0,648.831657409668,399.13172912597656,653.0211563110352,409.0262451171875,SUPPORTED,642.1428571428571,408.05357251848494,435.35714285714283,124.83928680419923,413.57142857142856,566.4285714285714,SUPPORTED,translation_median_sparse_flow,-27.93585205078125,-0.7288742065429688,344.0,0.8117800951004028,,,SUPPORTED,partial_affine_ransac_sparse_flow,-28.80940457275296,-1.2386389186798108,321.0,0.3032516074760169,1.0015441032140553,0.9331395348837209,-1.228851318359375,0.0,26.707000732421875,0.7288742065429688,87.15411376953125,-7.458766937255859,-1.563299920814039,4.7943980353955755,path_segment_001,SUPPORTED,,-1.228851318359375,0.0,26.715910577319278,0.37428153839033484,87.96814840736272,-8.466665182805741,-0.8026434137785065,4.7946828815176605,path_segment_001,SUPPORTED,,-1.228851318359375,0.0,26.707000732421875,0.7288742065429688,87.15411376953125,-7.458766937255859,-1.563299920814039,4.7943980353955755,path_segment_001,SUPPORTED,,SUPPORTED,
11,8,366.66666666666663,VALID_TARGET,HUMAN_ACCEPTED_TARGET: operator reviewed the raw skeleton and confirmed that it belongs to the documented athlete.,1.0,650.8138275146484,419.7751770019531,651.624397277832,419.7751770019531,SUPPORTED,638.5714285714286,410.39285932268416,452.85714285714283,121.10714503696988,371.42857142857144,578.5714285714286,SUPPORTED,translation_median_sparse_flow,-14.49078369140625,-0.4486083984375,339.0,0.4778819680213928,,,SUPPORTED,partial_affine_ransac_sparse_flow,-14.816447807541685,-0.6275492308937787,324.0,0.22405308682862335,1.000768513464596,0.9557522123893806,-1.396759033203125,10.748931884765625,13.094024658203125,11.197540283203125,100.24813842773438,3.7387733459472656,-40.535874873121706,3.091771043827558,path_segment_001,SUPPORTED,,-1.396759033203125,10.748931884765625,12.941269928788984,11.024724002742005,100.9094183361517,2.5580588199362637,-40.427821389879696,3.050787767493035,path_segment_001,SUPPORTED,,-1.396759033203125,10.748931884765625,13.094024658203125,11.197540283203125,100.24813842773438,3.7387733459472656,-40.535874873121706,3.091771043827558,path_segment_001,SUPPORTED,,SUPPORTED,
12,9,400.0,VALID_TARGET,HUMAN_ACCEPTED_TARGET: operator reviewed the raw skeleton and confirmed that it belongs to the documented athlete.,1.0,669.9540023803711,447.2811737060547,649.4875030517578,447.2811737060547,SUPPORTED,635.0,412.7321461268833,470.35714285714283,117.37500326974052,329.28571428571433,590.7142857142857,SUPPORTED,translation_median_sparse_flow,-28.6776123046875,-0.9932708740234375,344.0,0.798751950263977,,,SUPPORTED,partial_affine_ransac_sparse_flow,-29.604358103717193,-1.7423066266413205,314.0,0.38511861490572974,1.0020019782060254,0.9127906976744186,-2.1368942260742188,27.505996704101562,26.54071807861328,28.499267578125,126.78885650634766,32.238040924072266,-47.03796005574261,6.988522861598275,path_segment_001,SUPPORTED,,-2.1368942260742188,27.505996704101562,26.426778440661337,27.99862174443831,127.33619677681304,30.556680564374574,-46.65428200927655,6.908996468431626,path_segment_001,SUPPORTED,,-2.1368942260742188,27.505996704101562,26.54071807861328,28.499267578125,126.78885650634766,32.238040924072266,-47.03796005574261,6.988522861598275,path_segment_001,SUPPORTED,,SUPPORTED,
13,10,433.33333333333337,VALID_TARGET,HUMAN_ACCEPTED_TARGET: operator reviewed the raw skeleton and confirmed that it belongs to the documented athlete.,1.0,647.9600524902344,454.5615997314453,647.9600524902344,452.75767517089844,SUPPORTED,631.4285714285714,415.07143293108254,487.85714285714283,113.64286150251117,287.14285714285717,602.8571428571428,SUPPORTED,translation_median_sparse_flow,-28.245361328125,-1.053314208984375,341.0,0.8402683138847351,,,SUPPORTED,partial_affine_ransac_sparse_flow,-29.11144570367565,-1.4805387766189753,309.0,0.36745214990411007,1.0015916964189442,0.906158357771261,-1.5274505615234375,5.47650146484375,26.717910766601562,6.529815673828125,153.50676727294922,38.76785659790039,-13.733780962941129,4.935686007504589,path_segment_001,SUPPORTED,,-1.5274505615234375,5.47650146484375,26.627491043238365,6.132904351847287,153.9636878200514,36.68958491622186,-12.970300629843049,4.9034493668600945,path_segment_001,SUPPORTED,,-1.5274505615234375,5.47650146484375,26.717910766601562,6.529815673828125,153.50676727294922,38.76785659790039,-13.733780962941129,4.935686007504589,path_segment_001,SUPPORTED,,SUPPORTED,
14,11,466.6666666666667,VALID_TARGET,HUMAN_ACCEPTED_TARGET: operator reviewed the raw skeleton and confirmed that it belongs to the documented athlete.,1.0,625.2109451293945,453.6082763671875,631.1913070678711,452.75767517089844,SUPPORTED,625.1785714285714,414.7053609575544,472.32142857142856,115.33036095755442,305.7142857142857,598.7499999999999,SUPPORTED,translation_median_sparse_flow,-14.5654296875,-0.5107421875,343.0,0.4878394901752472,,,SUPPORTED,partial_affine_ransac_sparse_flow,-14.870750513488689,-0.714145714198144,300.0,0.3761823874570088,1.0004462199674684,0.8746355685131195,-16.76874542236328,0.0,-2.2033157348632812,0.5107421875,151.30345153808594,39.27859878540039,-166.94898764655696,0.4058724239618441,path_segment_001,SUPPORTED,,-16.76874542236328,0.0,-2.107092013785973,0.3975955095176005,151.85659580626543,37.08718042573946,-169.31427419286254,0.38479369478215614,path_segment_001,SUPPORTED,,-16.76874542236328,0.0,-2.2033157348632812,0.5107421875,151.30345153808594,39.27859878540039,-166.94898764655696,0.4058724239618441,path_segment_001,SUPPORTED,,SUPPORTED,
15,12,500.0,VALID_TARGET,HUMAN_ACCEPTED_TARGET: operator reviewed the raw skeleton and confirmed that it belongs to the documented athlete.,1.0,631.1913070678711,453.2945098876953,628.7574310302734,452.75767517089844,SUPPORTED,618.9285714285714,414.3392889840262,456.7857142857143,117.01786041259766,324.28571428571433,594.6428571428571,SUPPORTED,translation_median_sparse_flow,-29.3245849609375,-1.250396728515625,331.0,0.6711414456367493,,,SUPPORTED,partial_affine_ransac_sparse_flow,-29.983005539686197,-1.6281523382634115,288.0,0.31686561903750704,1.0011831553034896,0.8700906344410876,-2.4338760375976562,0.0,26.890708923339844,1.250396728515625,178.19416046142578,40.528995513916016,-2.6622908232656273,4.830794322488476,path_segment_001,SUPPORTED,,-2.4338760375976562,0.0,26.895696198224186,0.962338803580792,178.75229200448962,38.04951922932025,-2.0491917990974944,4.829563763688705,path_segment_001,SUPPORTED,,-2.4338760375976562,0.0,26.890708923339844,1.250396728515625,178.19416046142578,40.528995513916016,-2.6622908232656273,4.830794322488476,path_segment_001,SUPPORTED,,SUPPORTED,
16,13,533.3333333333334,VALID_TARGET,HUMAN_ACCEPTED_TARGET: operator reviewed the raw skeleton and confirmed that it belongs to the documented athlete.,1.0,623.7416076660156,451.2127685546875,623.8868255615234,451.2127685546875,SUPPORTED,612.6785714285714,413.97321701049805,441.25,118.70535986764091,342.8571428571429,590.5357142857142,SUPPORTED,translation_median_sparse_flow,-29.477447509765625,-1.0302581787109375,311.0,0.5797587633132935,,,SUPPORTED,partial_affine_ransac_sparse_flow,-30.19357044341283,-1.5492148479510854,275.0,0.30448090281146484,1.0011378135068976,0.8842443729903537,-4.87060546875,-1.5449066162109375,24.606842041015625,-0.5146484375,202.8010025024414,40.014347076416016,1.198158014128639,4.416702420181531,path_segment_001,SUPPORTED,,-4.87060546875,-1.5449066162109375,24.768992622119185,-0.7349526498799719,203.5212846266088,37.31456657944028,1.6995981117152639,4.446791198974546,path_segment_001,SUPPORTED,,-4.87060546875,-1.5449066162109375,24.606842041015625,-0.5146484375,202.8010025024414,40.014347076416016,1.198158014128639,4.416702420181531,path_segment_001,SUPPORTED,,SUPPORTED,
17,14,566.6666666666666,VALID_TARGET,HUMAN_ACCEPTED_TARGET: operator reviewed the raw skeleton and confirmed that it belongs to the documented athlete.,1.0,621.3970108032227,443.5525207519531,621.7974548339844,443.5525207519531,SUPPORTED,606.4285714285713,413.6071450369698,425.71428571428567,120.39285932268416,361.42857142857144,586.4285714285713,SUPPORTED,translation_median_sparse_flow,-15.1639404296875,-0.7195320129394531,331.0,0.4043148159980774,,,SUPPORTED,partial_affine_ransac_sparse_flow,-15.647491235115448,-0.6862649110690985,286.0,0.27360389281506514,1.0004724864652161,0.8640483383685801,-2.0893707275390625,-7.660247802734375,13.074569702148438,-6.940715789794922,215.87557220458984,33.073631286621094,27.961872674900984,2.6563556985471712,path_segment_001,SUPPORTED,,-2.0893707275390625,-7.660247802734375,13.179911630166089,-7.071793537785709,216.7011962567749,30.242773041654573,28.216160403321418,2.68410821690069,path_segment_001,SUPPORTED,,-2.0893707275390625,-7.660247802734375,13.074569702148438,-6.940715789794922,215.87557220458984,33.073631286621094,27.961872674900984,2.6563556985471712,path_segment_001,SUPPORTED,,SUPPORTED,
18,15,600.0,VALID_TARGET,HUMAN_ACCEPTED_TARGET: operator reviewed the raw skeleton and confirmed that it belongs to the documented athlete.,1.0,623.0728607177734,436.5625457763672,620.9834899902344,436.5625457763672,SUPPORTED,600.1785714285714,413.24107306344166,410.17857142857144,122.0803587777274,380.00000000000006,582.3214285714286,SUPPORTED,translation_median_sparse_flow,-31.123367309570312,-1.2680130004882812,326.0,0.8687863945960999,,,SUPPORTED,partial_affine_ransac_sparse_flow,-31.844235683823893,-1.8130904804055292,274.0,0.3990432836477537,1.0014021350624387,0.8404907975460123,-0.81396484375,-6.9899749755859375,30.309402465820312,-5.721961975097656,246.18497467041016,27.351669311523438,10.6907659025503,5.535145367137376,path_segment_001,SUPPORTED,,-0.81396484375,-6.9899749755859375,30.36184490365406,-6.083830176062577,247.06304116042895,24.158942865591996,11.330727501804128,5.556786018246809,path_segment_001,SUPPORTED,,-0.81396484375,-6.9899749755859375,30.309402465820312,-5.721961975097656,246.18497467041016,27.351669311523438,10.6907659025503,5.535145367137376,path_segment_001,SUPPORTED,,SUPPORTED,
19,16,633.3333333333333,VALID_TARGET,HUMAN_ACCEPTED_TARGET: operator reviewed the raw skeleton and confirmed that it belongs to the documented athlete.,1.0,613.873779296875,415.0858917236328,620.5830459594727,420.45094299316406,SUPPORTED,593.9285714285714,412.8750010899135,394.6428571428571,123.76785823277065,398.5714285714286,578.2142857142857,SUPPORTED,translation_median_sparse_flow,-31.34008026123047,-0.9154510498046875,324.0,0.5755347013473511,,,SUPPORTED,partial_affine_ransac_sparse_flow,-31.973287971028455,-1.1825800180342565,285.0,0.4617619635187649,1.0007619527642415,0.8796296296296297,-0.40044403076171875,-16.111602783203125,30.93963623046875,-15.196151733398438,277.1246109008789,12.155517578125,26.158185687151352,6.1857044117303985,path_segment_001,SUPPORTED,,-0.40044403076171875,-16.111602783203125,31.16341199933538,-15.352298139757067,278.22645315976433,8.806644725834929,26.226634651579836,6.234105878554868,path_segment_001,SUPPORTED,,-0.40044403076171875,-16.111602783203125,30.93963623046875,-15.196151733398438,277.1246109008789,12.155517578125,26.158185687151352,6.1857044117303985,path_segment_001,SUPPORTED,,SUPPORTED,
20,17,666.6666666666666,VALID_TARGET,,1.0,626.0876388549805,420.45094299316406,620.077018737793,415.0858917236328,SUPPORTED,587.6785714285714,412.50892911638533,379.10714285714283,125.45535768781389,417.1428571428572,574.1071428571429,SUPPORTED,translation_median_sparse_flow,-16.005355834960938,-0.29965972900390625,338.0,0.4409884512424469,,,SUPPORTED,partial_affine_ransac_sparse_flow,-16.42056372566132,-0.6414430122566289,298.0,0.2896095149859772,1.0004878333216634,0.8816568047337278,-0.5060272216796875,-5.36505126953125,15.49932861328125,-5.065391540527344,292.62393951416016,7.090126037597656,18.098096486531873,2.926147088990159,path_segment_001,SUPPORTED,,-0.5060272216796875,-5.36505126953125,15.748096227882456,-5.1298272558428835,293.9745493876468,3.676817469992045,18.042641027689104,2.97217363467004,path_segment_001,SUPPORTED,,-0.5060272216796875,-5.36505126953125,15.49932861328125,-5.065391540527344,292.62393951416016,7.090126037597656,18.098096486531873,2.926147088990159,path_segment_001,SUPPORTED,,SUPPORTED,
21,18,700.0,VALID_TARGET,,1.0,620.6574554443359,399.88963317871094,619.2856597900391,400.47206115722656,SUPPORTED,581.4285714285714,412.1428571428571,363.57142857142856,127.14285714285714,435.7142857142858,570.0,SUPPORTED,translation_median_sparse_flow,-32.7105712890625,-0.7568359375,333.0,0.8113958239555359,,,SUPPORTED,partial_affine_ransac_sparse_flow,-34.15740965556873,-1.3788646799553637,227.0,0.3949219424899079,1.0014659417829015,0.6816816816816816,-0.7913589477539062,-14.61383056640625,31.919212341308594,-13.85699462890625,324.54315185546875,-6.766868591308594,23.46697057744341,6.244431388403893,path_segment_001,SUPPORTED,,-0.7913589477539062,-14.61383056640625,32.57764554901985,-14.023547254687514,326.55219493666664,-10.34672978469547,23.29020248257033,6.36474784204467,path_segment_001,SUPPORTED,,-0.7913589477539062,-14.61383056640625,31.919212341308594,-13.85699462890625,324.54315185546875,-6.766868591308594,23.46697057744341,6.244431388403893,path_segment_001,SUPPORTED,,SUPPORTED,
22,19,733.3333333333333,VALID_TARGET,,1.0,620.6010284423828,400.47206115722656,617.059196472168,399.88963317871094,SUPPORTED,573.3333333333334,412.1428571428571,349.76190476190476,128.0952380952381,447.14285714285717,568.0952380952381,SUPPORTED,translation_median_sparse_flow,-33.9713134765625,-0.613037109375,335.0,0.4882506728172302,,,SUPPORTED,partial_affine_ransac_sparse_flow,-35.346857333391945,-1.1747475779121737,293.0,0.2558337679935267,1.0013607949863732,0.8746268656716418,-2.2264633178710938,-0.582427978515625,31.744850158691406,0.030609130859375,356.28800201416016,-6.736259460449219,-0.055245920536047474,5.696666233925021,path_segment_001,SUPPORTED,,-2.2264633178710938,-0.582427978515625,32.40297389153022,-0.1463380599788593,358.95516882819686,-10.493067844674329,0.25875699693257037,5.814824229504882,path_segment_001,SUPPORTED,,-2.2264633178710938,-0.582427978515625,31.744850158691406,0.030609130859375,356.28800201416016,-6.736259460449219,-0.055245920536047474,5.696666233925021,path_segment_001,SUPPORTED,,SUPPORTED,
23,20,766.6666666666667,VALID_TARGET,,1.0,620.3492126464844,397.01377868652344,615.7821350097656,397.74546813964844,SUPPORTED,565.2380952380952,412.14285714285717,335.95238095238096,129.04761904761904,458.57142857142856,566.1904761904763,SUPPORTED,translation_median_sparse_flow,-17.544677734375,-0.0895538330078125,347.0,0.5091690421104431,,,SUPPORTED,partial_affine_ransac_sparse_flow,-18.212274652173743,-0.3638464996380812,304.0,0.31847243391568814,1.0007313242455798,0.8760806916426513,-1.2770614624023438,-2.1441650390625,16.267616271972656,-2.0546112060546875,372.5556182861328,-8.790870666503906,7.198382248033372,2.9424410929889415,path_segment_001,SUPPORTED,,-1.2770614624023438,-2.1441650390625,16.538686023221885,-2.157227638099755,375.49385485141875,-12.650295482774084,7.43143427544743,2.993033804360015,path_segment_001,SUPPORTED,,-1.2770614624023438,-2.1441650390625,16.267616271972656,-2.0546112060546875,372.5556182861328,-8.790870666503906,7.198382248033372,2.9424410929889415,path_segment_001,SUPPORTED,,SUPPORTED,
24,21,800.0,VALID_TARGET,,1.0,612.7868804931641,396.3010864257813,612.6257934570312,397.904052734375,SUPPORTED,557.1428571428571,412.14285714285717,322.14285714285717,130.0,469.99999999999994,564.2857142857143,SUPPORTED,translation_median_sparse_flow,-35.29779052734375,0.01122283935546875,338.0,0.4834303855895996,,,SUPPORTED,partial_affine_ransac_sparse_flow,-37.29785984240229,-0.6721695310404149,285.0,0.2906879282391336,1.001818863976951,0.8431952662721893,-3.156341552734375,0.1585845947265625,32.141448974609375,0.14736175537109375,404.6970672607422,-8.643508911132812,-0.262687207794295,5.767894491192859,path_segment_001,SUPPORTED,,-3.156341552734375,0.1585845947265625,33.150852433792465,-0.09288927339150632,408.6447072852112,-12.74318475616559,0.16054336489314203,5.948996272061416,path_segment_001,SUPPORTED,,-3.156341552734375,0.1585845947265625,32.141448974609375,0.14736175537109375,404.6970672607422,-8.643508911132812,-0.262687207794295,5.767894491192859,path_segment_001,SUPPORTED,,SUPPORTED,
25,22,833.3333333333334,VALID_TARGET,HUMAN_ACCEPTED_TARGET: operator reviewed the raw skeleton and confirmed that it belongs to the documented athlete.,1.0,595.5733871459961,402.2449188232422,596.3837051391602,400.8891143798828,SUPPORTED,555.7142857142858,414.1428571428572,321.5714285714286,130.57142857142858,468.2857142857142,567.1428571428572,SUPPORTED,translation_median_sparse_flow,-36.839691162109375,0.16236114501953125,334.0,0.3376571536064148,,,SUPPORTED,partial_affine_ransac_sparse_flow,-37.3901988919056,-0.16398761698823047,282.0,0.24539041656721688,1.00054212839854,0.844311377245509,-16.242088317871094,2.9850616455078125,20.59760284423828,2.8227005004882812,425.29467010498047,-5.820808410644531,-7.8032215658856625,3.7308190267232666,path_segment_001,SUPPORTED,,-16.242088317871094,2.9850616455078125,20.897415882232508,2.807994393440026,429.5421231674437,-9.935190362725564,-7.653017771471371,3.7837774531198667,path_segment_001,SUPPORTED,,-16.242088317871094,2.9850616455078125,20.59760284423828,2.8227005004882812,425.29467010498047,-5.820808410644531,-7.8032215658856625,3.7308190267232666,path_segment_001,SUPPORTED,,SUPPORTED,
26,23,866.6666666666667,VALID_TARGET,HUMAN_ACCEPTED_TARGET: operator reviewed the raw skeleton and confirmed that it belongs to the documented athlete.,1.0,593.6216049194336,401.28761291503906,592.8112869262695,403.2135009765625,SUPPORTED,554.2857142857142,416.1428571428571,321.0,131.14285714285714,466.5714285714285,570.0,SUPPORTED,translation_median_sparse_flow,-18.59173583984375,0.3193511962890625,342.0,0.3384277820587158,,,SUPPORTED,partial_affine_ransac_sparse_flow,-19.299905874172502,-0.04618237508415589,311.0,0.2384880694497983,1.0006714466591906,0.9093567251461988,-3.572418212890625,2.3243865966796875,15.019317626953125,2.005035400390625,440.3139877319336,-3.8157730102539062,-7.60386261137346,2.7191508321980296,path_segment_001,SUPPORTED,,-3.572418212890625,2.3243865966796875,15.41912046436073,1.9644551437946234,444.96124363180445,-7.97073521893094,-7.26058690481172,2.7893516603815747,path_segment_001,SUPPORTED,,-3.572418212890625,2.3243865966796875,15.019317626953125,2.005035400390625,440.3139877319336,-3.8157730102539062,-7.60386261137346,2.7191508321980296,path_segment_001,SUPPORTED,,SUPPORTED,
27,24,900.0,VALID_TARGET,HUMAN_ACCEPTED_TARGET: operator reviewed the raw skeleton and confirmed that it belongs to the documented athlete.,1.0,585.4524230957031,411.4653778076172,592.5274887084961,410.72450256347656,SUPPORTED,552.8571428571429,418.14285714285717,320.42857142857144,131.71428571428572,464.85714285714283,572.8571428571429,SUPPORTED,translation_median_sparse_flow,-38.302154541015625,0.272430419921875,334.0,0.3131158947944641,,,SUPPORTED,partial_affine_ransac_sparse_flow,-39.434075803719246,-0.15071044795564942,297.0,0.20965391990793394,1.0010785610335418,0.8892215568862275,-0.2837982177734375,7.5110015869140625,38.01835632324219,7.2385711669921875,478.3323440551758,3.4227981567382812,-10.779905093913316,6.945013476566884,path_segment_001,SUPPORTED,,-0.2837982177734375,7.5110015869140625,38.589905726862185,7.110682367180004,483.55114935866663,-0.860052851750936,-10.440369627262163,7.041600115464336,path_segment_001,SUPPORTED,,-0.2837982177734375,7.5110015869140625,38.01835632324219,7.2385711669921875,478.3323440551758,3.4227981567382812,-10.779905093913316,6.945013476566884,path_segment_001,SUPPORTED,,SUPPORTED,
28,25,933.3333333333334,VALID_TARGET,HUMAN_ACCEPTED_TARGET: operator reviewed the raw skeleton and confirmed that it belongs to the documented athlete.,1.0,582.7969741821289,410.7690124511719,586.8651504516602,411.5098876953125,SUPPORTED,551.4285714285713,420.1428571428571,319.85714285714283,132.28571428571428,463.1428571428571,575.7142857142857,SUPPORTED,translation_median_sparse_flow,-38.449462890625,0.335906982421875,343.0,0.3951181173324585,,,SUPPORTED,partial_affine_ransac_sparse_flow,-40.306329100064175,-0.14147600471055732,300.0,0.32599889549202754,1.0017046494339208,0.8746355685131195,-5.6623382568359375,0.7853851318359375,32.78712463378906,0.4494781494140625,511.11946868896484,3.8722763061523438,-0.7854176935150582,5.884254243682062,path_segment_001,SUPPORTED,,-5.6623382568359375,0.7853851318359375,33.68480127812472,0.1533538687861551,517.2359506367914,-0.706698982964781,-0.2608437163578799,6.044853526118929,path_segment_001,SUPPORTED,,-5.6623382568359375,0.7853851318359375,32.78712463378906,0.4494781494140625,511.11946868896484,3.8722763061523438,-0.7854176935150582,5.884254243682062,path_segment_001,SUPPORTED,,SUPPORTED,
29,26,966.6666666666666,VALID_TARGET,HUMAN_ACCEPTED_TARGET: operator reviewed the raw skeleton and confirmed that it belongs to the documented athlete.,1.0,581.8649139404297,420.29176330566406,571.7049026489258,417.5764465332031,SUPPORTED,550.0,422.1428571428571,319.2857142857143,132.85714285714286,461.4285714285714,578.5714285714286,SUPPORTED,translation_median_sparse_flow,-20.039031982421875,0.3709259033203125,340.0,0.35956764221191406,,,SUPPORTED,partial_affine_ransac_sparse_flow,-20.798042264307032,-0.017609439208582257,296.0,0.2552246108039741,1.000798220213954,0.8705882352941177,-15.160247802734375,6.066558837890625,4.8787841796875,5.6956329345703125,515.9982528686523,9.567909240722656,-49.41719153892236,1.3458003627855728,path_segment_001,SUPPORTED,,-15.160247802734375,6.066558837890625,5.260211386534024,5.626138824711347,522.4961620233254,4.919439841746566,-46.92518213109675,1.3821647191445217,path_segment_001,SUPPORTED,,-15.160247802734375,6.066558837890625,4.8787841796875,5.6956329345703125,515.9982528686523,9.567909240722656,-49.41719153892236,1.3458003627855728,path_segment_001,SUPPORTED,,SUPPORTED,
30,27,1000.0,VALID_TARGET,HUMAN_ACCEPTED_TARGET: operator reviewed the raw skeleton and confirmed that it belongs to the documented athlete.,1.0,569.1781234741211,417.5764465332031,571.142448425293,418.9341049194336,SUPPORTED,546.0714285714287,416.07142857142856,322.8571428571429,128.57142857142858,446.42857142857144,575.0,SUPPORTED,translation_median_sparse_flow,-39.68927001953125,0.50445556640625,330.0,0.37481701374053955,,,SUPPORTED,partial_affine_ransac_sparse_flow,-40.92360567252839,-0.0052180770562944385,285.0,0.27021491834066613,1.0012080540010868,0.8636363636363636,-0.5624542236328125,1.3576583862304688,39.12681579589844,0.8532028198242188,555.1250686645508,10.421112060546875,-1.2491988808836862,7.0230381500703345,path_segment_001,SUPPORTED,,-0.5624542236328125,1.3576583862304688,39.77146972505284,0.7202201534389019,562.2676317483782,5.639659995185468,-1.037453870360443,7.13822331363001,path_segment_001,SUPPORTED,,-0.5624542236328125,1.3576583862304688,39.12681579589844,0.8532028198242188,555.1250686645508,10.421112060546875,-1.2491988808836862,7.0230381500703345,path_segment_001,SUPPORTED,,SUPPORTED,
31,28,1033.3333333333337,VALID_TARGET,HUMAN_ACCEPTED_TARGET: operator reviewed the raw skeleton and confirmed that it belongs to the documented athlete.,1.0,563.8336639404297,426.3082733154297,570.5799942016602,420.29176330566406,SUPPORTED,542.1428571428571,409.99999999999994,326.42857142857144,124.28571428571429,431.42857142857144,571.4285714285713,SUPPORTED,translation_median_sparse_flow,-40.16387939453125,0.2929229736328125,333.0,0.3049639165401459,,,SUPPORTED,partial_affine_ransac_sparse_flow,-41.72731003445554,-0.11858716816221196,284.0,0.22300155730294266,1.0014785046759143,0.8528528528528528,-0.5624542236328125,1.3576583862304688,39.60142517089844,1.0647354125976562,594.7264938354492,11.485847473144531,-1.5400999325617433,7.10910649883745,path_segment_001,SUPPORTED,,-0.5624542236328125,1.3576583862304688,40.34838202860817,0.8187295896138949,602.6160137769864,6.458389584799363,-1.162458343766852,7.242071476239172,path_segment_001,SUPPORTED,,-0.5624542236328125,1.3576583862304688,39.60142517089844,1.0647354125976562,594.7264938354492,11.485847473144531,-1.5400999325617433,7.10910649883745,path_segment_001,SUPPORTED,,SUPPORTED,
32,29,1066.6666666666667,TARGET_IDENTITY_UNCERTAIN,TARGET_OVERLAP_AMBIGUOUS: another detected person overlaps or is too close to the selected pose for automated identity acceptance.,,573.1628646850586,415.8701934814453,,,,543.3333333333334,409.5238095238095,332.14285714285717,123.33333333333334,422.3809523809524,572.3809523809523,,,,,,,,,,,,,,,,,,,,,,,,,,,,,,,,,,,,,,,,,,,,,,,,,,,
33,30,1100.0,INVALID_TRACK_SEGMENT,Valid-looking pose segment is too short to establish target identity continuity.,,560.734130859375,425.8410186767578,,,,544.5238095238095,409.04761904761904,337.85714285714283,122.38095238095238,413.33333333333337,573.3333333333333,,,,,,,,,,,,,,,,,,,,,,,,,,,,,,,,,,,,,,,,,,,,,,,,,,,
34,31,1133.3333333333333,INVALID_TRACK_SEGMENT,Valid-looking pose segment is too short to establish target identity continuity.,,558.3837585449219,414.9960479736328,,,,545.7142857142858,408.57142857142856,343.57142857142856,121.42857142857143,404.28571428571433,574.2857142857142,,,,,,,,,,,,,,,,,,,,,,,,,,,,,,,,,,,,,,,,,,,,,,,,,,,
35,32,1166.6666666666667,INVALID_TRACK_SEGMENT,Valid-looking pose segment is too short to establish target identity continuity.,,556.8284683227539,428.6959533691406,,,,532.8571428571429,408.85714394705633,349.2857142857143,120.46428680419922,367.14285714285717,576.7857142857142,,,,,,,,,,,,,,,,,,,,,,,,,,,,,,,,,,,,,,,,,,,,,,,,,,,
36,33,1200.0,TARGET_IDENTITY_UNCERTAIN,TARGET_OVERLAP_AMBIGUOUS: another detected person overlaps or is too close to the selected pose for automated identity acceptance.,,547.8330383300781,433.6293182373047,,,,520.0,409.1428593226841,355.0,119.500002179827,330.0,579.2857142857142,,,,,,,,,,,,,,,,,,,,,,,,,,,,,,,,,,,,,,,,,,,,,,,,,,,
37,34,1233.3333333333337,TARGET_IDENTITY_UNCERTAIN,TARGET_OVERLAP_AMBIGUOUS: another detected person overlaps or is too close to the selected pose for automated identity acceptance.,,547.9497756958008,446.12733459472656,,,,507.1428571428571,409.428574698312,360.7142857142857,118.5357175554548,292.85714285714283,581.7857142857143,,,,,,,,,,,,,,,,,,,,,,,,,,,,,,,,,,,,,,,,,,,,,,,,,,,
38,35,1266.6666666666663,INVALID_TRACK_SEGMENT,Valid-looking pose segment is too short to establish target identity continuity.,,545.5989227294922,440.09886169433594,,,,494.2857142857143,409.71429007393976,366.42857142857144,117.57143293108258,255.71428571428567,584.2857142857143,,,,,,,,,,,,,,,,,,,,,,,,,,,,,,,,,,,,,,,,,,,,,,,,,,,
39,36,1300.0,TARGET_IDENTITY_UNCERTAIN,TARGET_OVERLAP_AMBIGUOUS: another detected person overlaps or is too close to the selected pose for automated identity acceptance.,,523.1055526733398,438.20660400390625,,,,480.7142857142857,433.2857186453683,335.0,154.71429007393974,291.42857142857144,557.1428571428571,,,,,,,,,,,,,,,,,,,,,,,,,,,,,,,,,,,,,,,,,,,,,,,,,,,
40,37,1333.3333333333333,VALID_TARGET,HUMAN_ACCEPTED_TARGET: operator reviewed the raw skeleton and confirmed that it belongs to the documented athlete.,2.0,517.731689453125,447.0330657958984,520.544563293457,437.7066650390625,SUPPORTED,471.42857142857144,431.500004359654,314.2857142857143,151.85714721679688,314.2857142857143,559.2857142857142,UNSTABLE_TRANSFORM,translation_median_sparse_flow,-6.37353515625,-0.8582763671875,277.0,63.90941619873047,,,LOW_BACKGROUND_FEATURE_COUNT,partial_affine_ransac_sparse_flow,0.0,0.0,8.0,,,,,,,,0.0,0.0,,,path_segment_002,SUPPORTED,,,,,,0.0,0.0,,,path_segment_002,SUPPORTED,,,,,,0.0,0.0,,,path_segment_002,SUPPORTED,,SUPPORTED,
41,38,1366.6666666666667,VALID_TARGET,HUMAN_ACCEPTED_TARGET: operator reviewed the raw skeleton and confirmed that it belongs to the documented athlete.,2.0,532.0864868164062,437.7066650390625,518.6021461486816,434.2947006225586,SUPPORTED,462.1428571428571,429.71429007393976,293.57142857142856,149.000004359654,337.1428571428571,561.4285714285714,SUPPORTED,translation_median_sparse_flow,-20.28070068359375,-0.4427490234375,342.0,0.7732958793640137,,,SUPPORTED,partial_affine_ransac_sparse_flow,-21.200796612842463,-0.5320751628250601,228.0,0.3251737806875104,1.000896372751222,0.6666666666666666,-1.9424171447753906,-3.4119644165039062,18.33828353881836,-2.9692153930664062,18.33828353881836,-2.9692153930664062,9.197142909883123,3.333691139898872,path_segment_002,SUPPORTED,,-1.9424171447753906,-3.4119644165039062,18.722520070466942,-3.1898596545518103,18.722520070466942,-3.1898596545518103,9.668957061118286,3.408200660342431,path_segment_002,SUPPORTED,,-1.9424171447753906,-3.4119644165039062,18.33828353881836,-2.9692153930664062,18.33828353881836,-2.9692153930664062,9.197142909883123,3.333691139898872,path_segment_002,SUPPORTED,,SUPPORTED,
42,39,1400.0,VALID_TARGET,HUMAN_ACCEPTED_TARGET: operator reviewed the raw skeleton and confirmed that it belongs to the documented athlete.,2.0,519.4726028442383,430.8827362060547,516.6597290039062,430.8827362060547,SUPPORTED,456.7857142857143,418.78571646554127,260.7142857142857,124.500002179827,392.1428571428571,588.5714285714286,SUPPORTED,translation_median_sparse_flow,-40.52484130859375,-0.746490478515625,321.0,1.6105490922927856,,,SUPPORTED,partial_affine_ransac_sparse_flow,-42.44660636342924,-1.42224045697936,199.0,0.562112285458135,1.001843921932926,0.6199376947040498,-1.9424171447753906,-3.4119644165039062,38.58242416381836,-2.6654739379882812,56.92070770263672,-5.6346893310546875,3.952010213594745,6.9401799257812264,path_segment_002,SUPPORTED,,-1.9424171447753906,-3.4119644165039062,39.625875473719645,-2.8835923529983347,58.34839554418659,-6.073452007550145,4.162102517058417,7.12972927223642,path_segment_002,SUPPORTED,,-1.9424171447753906,-3.4119644165039062,38.58242416381836,-2.6654739379882812,56.92070770263672,-5.6346893310546875,3.952010213594745,6.9401799257812264,path_segment_002,SUPPORTED,,SUPPORTED,
43,40,1433.3333333333333,VALID_TARGET,HUMAN_ACCEPTED_TARGET: operator reviewed the raw skeleton and confirmed that it belongs to the documented athlete.,2.0,505.8940200805664,425.67100524902344,506.34021759033203,429.3813934326172,SUPPORTED,451.42857142857144,407.85714285714283,227.85714285714286,100.0,447.1428571428571,615.7142857142857,SUPPORTED,translation_median_sparse_flow,-40.1240234375,-0.7181167602539062,324.0,1.0313594341278076,,,SUPPORTED,partial_affine_ransac_sparse_flow,-40.74822395108549,-0.4664086202568787,166.0,0.32547183288775783,1.0004924512896562,0.5123456790123457,-10.319511413574219,-1.5013427734375,29.80451202392578,-0.7832260131835938,86.7252197265625,-6.417915344238281,1.5053163508240333,5.350313274729213,path_segment_002,SUPPORTED,,-10.319511413574219,-1.5013427734375,29.98153149822099,-1.0158949981023397,88.32992704240758,-7.089347005652485,1.9406692083704722,5.3833209724565885,path_segment_002,SUPPORTED,,-10.319511413574219,-1.5013427734375,29.80451202392578,-0.7832260131835938,86.7252197265625,-6.417915344238281,1.5053163508240333,5.350313274729213,path_segment_002,SUPPORTED,,SUPPORTED,
44,41,1466.6666666666663,VALID_TARGET,HUMAN_ACCEPTED_TARGET: operator reviewed the raw skeleton and confirmed that it belongs to the documented athlete.,2.0,500.7104263305664,425.3675231933594,503.3022232055664,427.52620697021484,SUPPORTED,428.57142857142856,411.8571472167969,232.14285714285714,104.71429007393974,392.8571428571429,614.2857142857142,SUPPORTED,translation_median_sparse_flow,-19.922454833984375,-0.4341850280761719,332.0,0.5457390546798706,,,SUPPORTED,partial_affine_ransac_sparse_flow,-20.828065682617595,-0.7498626984173314,234.0,0.32512102750864835,1.00073962908088,0.7048192771084337,-3.037994384765625,-1.8551864624023438,16.88446044921875,-1.4210014343261719,103.60968017578125,-7.838916778564453,4.810693987818092,3.0406546870961084,path_segment_002,SUPPORTED,,-3.037994384765625,-1.8551864624023438,17.453303638787816,-1.4674026046582753,105.78323068119539,-8.55674961031076,4.8058928843233115,3.1430732184576256,path_segment_002,SUPPORTED,,-3.037994384765625,-1.8551864624023438,16.88446044921875,-1.4210014343261719,103.60968017578125,-7.838916778564453,4.810693987818092,3.0406546870961084,path_segment_002,SUPPORTED,,SUPPORTED,
45,42,1500.0,VALID_TARGET,HUMAN_ACCEPTED_TARGET: operator reviewed the raw skeleton and confirmed that it belongs to the documented athlete.,2.0,493.9436798095703,430.3724670410156,500.2642288208008,425.6710205078125,SUPPORTED,445.71428571428567,406.42857142857144,230.71428571428572,102.85714285714286,429.99999999999994,607.1428571428571,SUPPORTED,translation_median_sparse_flow,-39.802764892578125,-0.5223541259765625,332.0,1.4361985921859741,,,SUPPORTED,partial_affine_ransac_sparse_flow,-41.89253519447118,-1.347738543256966,201.0,0.670833639221602,1.00172666215987,0.6054216867469879,-3.037994384765625,-1.8551864624023438,36.7647705078125,-1.3328323364257812,140.37445068359375,-9.171749114990234,2.0762332453831838,6.601830283972131,path_segment_002,SUPPORTED,,-3.037994384765625,-1.8551864624023438,38.065467525252586,-1.3397553375172038,143.84869820644798,-9.896504947827964,2.015754912219749,6.835138005273142,path_segment_002,SUPPORTED,,-3.037994384765625,-1.8551864624023438,36.7647705078125,-1.3328323364257812,140.37445068359375,-9.171749114990234,2.0762332453831838,6.601830283972131,path_segment_002,SUPPORTED,,SUPPORTED,
46,43,1533.3333333333337,TARGET_IDENTITY_UNCERTAIN,TARGET_OVERLAP_AMBIGUOUS: another detected person overlaps or is too close to the selected pose for automated identity acceptance.,,481.4056930541992,451.1558990478515,,,,425.0,408.2857186453683,236.42857142857142,104.71429007393974,377.1428571428571,607.1428571428571,,,,,,,,,,,,,,,,,,,,,,,,,,,,,,,,,,,,,,,,,,,,,,,,,,,
47,44,1566.6666666666667,TARGET_IDENTITY_UNCERTAIN,TARGET_OVERLAP_AMBIGUOUS: another detected person overlaps or is too close to the selected pose for automated identity acceptance.,,480.1232376098633,450.0745391845703,,,,426.7857142857143,408.3571461268833,237.14285714285714,103.89286041259766,379.2857142857143,608.9285714285713,,,,,,,,,,,,,,,,,,,,,,,,,,,,,,,,,,,,,,,,,,,,,,,,,,,
48,45,1600.0,TARGET_IDENTITY_UNCERTAIN,TARGET_OVERLAP_AMBIGUOUS: another detected person overlaps or is too close to the selected pose for automated identity acceptance.,,463.5808563232422,444.40867614746094,,,,428.57142857142856,408.42857360839844,237.85714285714283,103.07143075125558,381.42857142857144,610.7142857142857,,,,,,,,,,,,,,,,,,,,,,,,,,,,,,,,,,,,,,,,,,,,,,,,,,,
49,46,1633.3333333333333,TARGET_IDENTITY_UNCERTAIN,TARGET_OVERLAP_AMBIGUOUS: another detected person overlaps or is too close to the selected pose for automated identity acceptance.,,456.1263275146485,430.92311096191406,,,,430.35714285714283,408.5000010899135,238.57142857142856,102.25000108991351,383.57142857142856,612.5,,,,,,,,,,,,,,,,,,,,,,,,,,,,,,,,,,,,,,,,,,,,,,,,,,,
50,47,1666.6666666666667,TARGET_IDENTITY_UNCERTAIN,TARGET_OVERLAP_AMBIGUOUS: another detected person overlaps or is too close to the selected pose for automated identity acceptance.,,444.69641876220703,449.30963134765625,,,,432.1428571428571,408.57142857142856,239.28571428571428,101.42857142857143,385.7142857142857,614.2857142857142,,,,,,,,,,,,,,,,,,,,,,,,,,,,,,,,,,,,,,,,,,,,,,,,,,,
51,48,1700.0,INVALID_TRACK_SEGMENT,Valid-looking pose segment is too short to establish target identity continuity.,,439.7017517089844,432.00978088378906,,,,427.85714285714283,407.1428571428571,245.0,94.28571428571429,365.71428571428567,625.7142857142857,,,,,,,,,,,,,,,,,,,,,,,,,,,,,,,,,,,,,,,,,,,,,,,,,,,
52,49,1733.3333333333337,TARGET_IDENTITY_UNCERTAIN,TARGET_OVERLAP_AMBIGUOUS: another detected person overlaps or is too close to the selected pose for automated identity acceptance.,,423.7872848510742,458.8788146972656,,,,412.1428571428571,405.3571428571429,226.42857142857144,91.42857142857143,371.4285714285714,627.8571428571429,,,,,,,,,,,,,,,,,,,,,,,,,,,,,,,,,,,,,,,,,,,,,,,,,,,
53,50,1766.6666666666663,TARGET_IDENTITY_UNCERTAIN,TARGET_OVERLAP_AMBIGUOUS: another detected person overlaps or is too close to the selected pose for automated identity acceptance.,,421.907470703125,456.40211486816406,,,,396.42857142857144,403.57142857142856,207.85714285714286,88.57142857142857,377.1428571428571,630.0,,,,,,,,,,,,,,,,,,,,,,,,,,,,,,,,,,,,,,,,,,,,,,,,,,,
54,51,1800.0,INVALID_TRACK_SEGMENT,Valid-looking pose segment is too short to establish target identity continuity.,,415.2867813110352,443.9733428955078,,,,370.7142857142858,401.8571472167969,212.14285714285714,90.42857578822544,317.1428571428572,622.8571428571429,,,,,,,,,,,,,,,,,,,,,,,,,,,,,,,,,,,,,,,,,,,,,,,,,,,
55,52,1833.3333333333333,INVALID_TRACK_SEGMENT,Valid-looking pose segment is too short to establish target identity continuity.,,406.6557846069336,440.27886962890625,,,,368.57142857142856,397.8571428571429,180.71428571428572,82.85714285714286,375.7142857142857,630.0,,,,,,,,,,,,,,,,,,,,,,,,,,,,,,,,,,,,,,,,,,,,,,,,,,,
56,53,1866.6666666666667,TARGET_IDENTITY_UNCERTAIN,TARGET_OVERLAP_AMBIGUOUS: another detected person overlaps or is too close to the selected pose for automated identity acceptance.,,397.0986557006836,456.5691375732422,,,,366.25,395.17857142857144,167.85714285714286,76.42857142857143,396.78571428571433,637.5,,,,,,,,,,,,,,,,,,,,,,,,,,,,,,,,,,,,,,,,,,,,,,,,,,,
57,54,1900.0,TARGET_IDENTITY_UNCERTAIN,TARGET_OVERLAP_AMBIGUOUS: another detected person overlaps or is too close to the selected pose for automated identity acceptance.,,404.7736587524414,447.91943359375,,,,363.92857142857144,392.5,155.0,70.0,417.8571428571429,645.0,,,,,,,,,,,,,,,,,,,,,,,,,,,,,,,,,,,,,,,,,,,,,,,,,,,
58,55,1933.3333333333333,INVALID_TRACK_SEGMENT,Valid-looking pose segment is too short to establish target identity continuity.,,389.2695236206054,445.1937103271485,,,,361.6071428571429,389.82142857142856,142.14285714285714,63.57142857142858,438.92857142857144,652.5,,,,,,,,,,,,,,,,,,,,,,,,,,,,,,,,,,,,,,,,,,,,,,,,,,,
59,56,1966.6666666666663,VALID_TARGET,HUMAN_ACCEPTED_TARGET: operator reviewed the raw skeleton and confirmed that it belongs to the documented athlete.,3.0,388.4354553222656,442.1455383300781,383.2878723144531,443.65098571777344,SUPPORTED,359.28571428571433,387.14285714285717,129.28571428571428,57.142857142857146,460.00000000000006,660.0,UNSTABLE_TRANSFORM,translation_median_sparse_flow,-37.6192626953125,7.56982421875,270.0,99.63679504394531,,,LOW_BACKGROUND_FEATURE_COUNT,partial_affine_ransac_sparse_flow,0.0,0.0,6.0,,,,,,,,0.0,0.0,,,path_segment_003,INSUFFICIENT_EVIDENCE,Continuous path run is shorter than the configured minimum sample count.,,,,,0.0,0.0,,,path_segment_003,SUPPORTED,,,,,,0.0,0.0,,,path_segment_003,INSUFFICIENT_EVIDENCE,Continuous path run is shorter than the configured minimum sample count.,SUPPORTED,
60,57,2000.0,VALID_TARGET,HUMAN_ACCEPTED_TARGET: operator reviewed the raw skeleton and confirmed that it belongs to the documented athlete.,3.0,383.2878723144531,443.1712951660156,381.1660842895508,445.1822814941406,SUPPORTED,371.0714285714286,385.71428571428567,133.21428571428572,56.07142857142857,475.7142857142858,659.2857142857142,SUPPORTED,translation_median_sparse_flow,-36.070709228515625,-0.17566680908203125,326.0,0.9147900342941284,,,SUPPORTED,partial_affine_ransac_sparse_flow,-36.831569538294175,0.04617934480186165,179.0,0.28567007419438534,1.000397166737781,0.549079754601227,-2.1217880249023438,1.5312957763671875,33.94892120361328,1.7069625854492188,33.94892120361328,1.7069625854492188,,,path_segment_003,INSUFFICIENT_EVIDENCE,Continuous path run is shorter than the configured minimum sample count.,-2.1217880249023438,1.5312957763671875,34.36766399958202,1.4730361157459697,34.36766399958202,1.4730361157459697,-2.454258372954588,6.172994003620843,path_segment_003,SUPPORTED,,-2.1217880249023438,1.5312957763671875,33.94892120361328,1.7069625854492188,33.94892120361328,1.7069625854492188,,,path_segment_003,INSUFFICIENT_EVIDENCE,Continuous path run is shorter than the configured minimum sample count.,SUPPORTED,
61,58,2033.3333333333333,VALID_TARGET,HUMAN_ACCEPTED_TARGET: operator reviewed the raw skeleton and confirmed that it belongs to the documented athlete.,3.0,376.9690246582031,446.9074401855469,378.82159423828125,446.09950256347656,SUPPORTED,382.8571428571429,384.2857142857143,137.14285714285714,55.0,491.42857142857144,658.5714285714286,UNSTABLE_TRANSFORM,translation_median_sparse_flow,-35.236572265625,-0.096923828125,299.0,13.716764450073242,,,SUPPORTED,partial_affine_ransac_sparse_flow,-35.95283085257549,-0.0631631916330389,142.0,0.29888104487884803,1.0001888453950267,0.47491638795986624,,,,,,,,,,UNSTABLE_TRANSFORM,Camera compensation was not supported.,-2.3444900512695312,0.9172210693359375,33.43005579631006,0.9873529714336087,67.79771979589208,2.4603890871795784,-1.6917326705187725,6.001692359389212,path_segment_003,SUPPORTED,,,,,,,,,,,UNSTABLE_TRANSFORM,Camera compensation was not supported.,SUPPORTED,
62,59,2066.666666666667,VALID_TARGET,HUMAN_ACCEPTED_TARGET: operator reviewed the raw skeleton and confirmed that it belongs to the documented athlete.,3.0,379.0442962646485,447.0911560058594,376.9690246582031,446.38404846191406,SUPPORTED,394.6428571428571,382.8571428571429,141.07142857142856,53.92857142857143,507.14285714285717,657.8571428571429,SUPPORTED,translation_median_sparse_flow,-17.251708984375,0.10137939453125,311.0,3.075711965560913,,,SUPPORTED,partial_affine_ransac_sparse_flow,-17.727697730114773,-0.4519019200939264,156.0,0.29351056922197727,1.000288062068025,0.5016077170418006,,,,,0.0,0.0,,,path_segment_004,INSUFFICIENT_EVIDENCE,Continuous path run is shorter than the configured minimum sample count.,-1.852569580078125,0.2845458984375,15.983077888145885,0.4236981491222309,83.78079768403796,2.8840872363018093,-1.5185079951699012,2.869196227422676,path_segment_003,SUPPORTED,,,,,,0.0,0.0,,,path_segment_004,INSUFFICIENT_EVIDENCE,Continuous path run is shorter than the configured minimum sample count.,SUPPORTED,
63,60,2100.0,VALID_TARGET,HUMAN_ACCEPTED_TARGET: operator reviewed the raw skeleton and confirmed that it belongs to the documented athlete.,3.0,369.49034118652344,441.6183166503906,373.37962341308594,444.49700927734375,SUPPORTED,406.42857142857144,381.4285714285714,145.0,52.857142857142854,522.8571428571429,657.1428571428571,UNSTABLE_TRANSFORM,translation_median_sparse_flow,-31.4505615234375,-0.33990478515625,327.0,22.98128318786621,,,SUPPORTED,partial_affine_ransac_sparse_flow,-35.53328321708677,-0.3167984865726977,137.0,0.2886241344857506,1.0007066532491555,0.41896024464831805,,,,,,,,,,UNSTABLE_TRANSFORM,Camera compensation was not supported.,-3.5894012451171875,-1.8870391845703125,31.49158228939882,-1.728610314685568,115.27237997343678,1.1554769216162413,3.141880307321635,5.659721536485404,path_segment_003,SUPPORTED,,,,,,,,,,,UNSTABLE_TRANSFORM,Camera compensation was not supported.,SUPPORTED,
64,61,2133.3333333333335,VALID_TARGET,HUMAN_ACCEPTED_TARGET: operator reviewed the raw skeleton and confirmed that it belongs to the documented athlete.,3.0,367.70355224609375,441.6448669433594,369.79022216796875,442.2804412841797,SUPPORTED,398.33333333333337,380.4761904761905,148.33333333333334,50.476190476190474,500.00000000000006,660.0,UNSTABLE_TRANSFORM,translation_median_sparse_flow,-15.68804931640625,-0.14785003662109375,314.0,18.38592529296875,,,SUPPORTED,partial_affine_ransac_sparse_flow,-34.76091854832573,-0.05561916525812853,117.0,0.30606172911912166,1.000581336642057,0.37261146496815284,,,,,0.0,0.0,,,path_segment_005,INSUFFICIENT_EVIDENCE,Continuous path run is shorter than the configured minimum sample count.,-3.5894012451171875,-2.2165679931640625,30.69799818361753,-2.203797533339923,145.9703781570543,-1.0483206117236818,4.106197633426084,5.5229815972831355,path_segment_003,SUPPORTED,,,,,,0.0,0.0,,,path_segment_005,INSUFFICIENT_EVIDENCE,Continuous path run is shorter than the configured minimum sample count.,SUPPORTED,
65,62,2166.6666666666665,TARGET_IDENTITY_UNCERTAIN,TARGET_OVERLAP_AMBIGUOUS: another detected person overlaps or is too close to the selected pose for automated identity acceptance.,,358.97999572753906,422.6297454833984,,,,390.23809523809524,379.5238095238095,151.66666666666666,48.095238095238095,477.14285714285717,662.8571428571429,,,,,,,,,,,,,,,,,,,,,,,,,,,,,,,,,,,,,,,,,,,,,,,,,,,
66,63,2200.0,VALID_TARGET,HUMAN_ACCEPTED_TARGET: operator reviewed the raw skeleton and confirmed that it belongs to the documented athlete.,4.0,351.7481231689453,436.7222900390625,354.4715042114258,437.9573669433594,SUPPORTED,382.14285714285717,378.5714285714286,155.0,45.714285714285715,454.28571428571433,665.7142857142858,UNSTABLE_TRANSFORM,translation_median_sparse_flow,-3.05712890625,-0.19016265869140625,290.0,41.5261344909668,,,SUPPORTED,partial_affine_ransac_sparse_flow,-67.22464631460207,-0.07049803974721615,50.0,0.42891661567675143,1.0001509160032613,0.1724137931034483,,,,,0.0,0.0,,,path_segment_006,INSUFFICIENT_EVIDENCE,Continuous path run is shorter than the configured minimum sample count.,,,,,0.0,0.0,,,path_segment_004,SUPPORTED,,,,,,0.0,0.0,,,path_segment_006,INSUFFICIENT_EVIDENCE,Continuous path run is shorter than the configured minimum sample count.,SUPPORTED,
67,64,2233.3333333333335,VALID_TARGET,HUMAN_ACCEPTED_TARGET: operator reviewed the raw skeleton and confirmed that it belongs to the documented athlete.,4.0,354.12745666503906,443.5361633300781,354.0423889160156,437.9062194824219,SUPPORTED,375.3571428571429,378.39285714285717,156.42857142857144,44.285714285714285,437.8571428571429,668.2142857142858,SUPPORTED,translation_median_sparse_flow,-15.537081718444824,-0.27620887756347656,340.0,1.6184778213500977,,,SUPPORTED,partial_affine_ransac_sparse_flow,-16.66178562746581,-0.39212902279109335,181.0,0.38658570304584244,1.0009372090275392,0.5323529411764706,-0.42911529541015625,-0.0511474609375,15.107966423034668,0.22506141662597656,15.107966423034668,0.22506141662597656,,,path_segment_006,INSUFFICIENT_EVIDENCE,Continuous path run is shorter than the configured minimum sample count.,-0.42911529541015625,-0.0511474609375,15.792531800284792,0.017897401484333386,15.792531800284792,0.017897401484333386,-0.06493228212350408,2.8339966374384775,path_segment_004,SUPPORTED,,-0.42911529541015625,-0.0511474609375,15.107966423034668,0.22506141662597656,15.107966423034668,0.22506141662597656,,,path_segment_006,INSUFFICIENT_EVIDENCE,Continuous path run is shorter than the configured minimum sample count.,SUPPORTED,
68,65,2266.6666666666665,VALID_TARGET,HUMAN_ACCEPTED_TARGET: operator reviewed the raw skeleton and confirmed that it belongs to the documented athlete.,4.0,356.2303237915039,437.9573669433594,353.3212203979492,437.8550720214844,SUPPORTED,368.57142857142856,378.2142857142858,157.85714285714286,42.85714285714286,421.42857142857144,670.7142857142858,SUPPORTED,translation_median_sparse_flow,0.0,0.0,350.0,0.0003718884545378387,,,SUPPORTED,partial_affine_ransac_sparse_flow,-0.005122654593360883,0.008425693578064436,350.0,0.004598593102591929,1.0000004160197402,1.0,-0.7211685180664062,-0.0511474609375,-0.7211685180664062,-0.0511474609375,14.386797904968262,0.17391395568847656,,,path_segment_006,INSUFFICIENT_EVIDENCE,Continuous path run is shorter than the configured minimum sample count.,-0.7211685180664062,-0.0511474609375,-0.7212800997866111,-0.05564254171719085,15.07125170049818,-0.037745140232857466,175.5887026939297,0.12981943140865454,path_segment_004,SUPPORTED,,-0.7211685180664062,-0.0511474609375,-0.7211685180664062,-0.0511474609375,14.386797904968262,0.17391395568847656,,,path_segment_006,INSUFFICIENT_EVIDENCE,Continuous path run is shorter than the configured minimum sample count.,SUPPORTED,
69,66,2300.0,VALID_TARGET,HUMAN_ACCEPTED_TARGET: operator reviewed the raw skeleton and confirmed that it belongs to the documented athlete.,4.0,356.07645416259766,435.7940673828125,352.9771728515625,440.26417541503906,SUPPORTED,361.78571428571433,378.0357142857143,159.28571428571428,41.42857142857143,405.00000000000006,673.2142857142857,UNSTABLE_TRANSFORM,translation_median_sparse_flow,-7.465087890625,-1.45562744140625,305.0,43.474246978759766,,,SUPPORTED,partial_affine_ransac_sparse_flow,-63.70665734749306,-1.8556807444064156,62.0,0.5845951209909512,1.001479351024786,0.20327868852459016,,,,,,,,,,UNSTABLE_TRANSFORM,Camera compensation was not supported.,-0.34404754638671875,2.4091033935546875,63.14442097782057,3.371507291663363,78.21567267831875,3.3337621514305056,-3.0563251342979925,11.347506908807203,path_segment_004,SUPPORTED,,,,,,,,,,,UNSTABLE_TRANSFORM,Camera compensation was not supported.,SUPPORTED,
70,67,2333.3333333333335,VALID_TARGET,HUMAN_ACCEPTED_TARGET: operator reviewed the raw skeleton and confirmed that it belongs to the documented athlete.,4.0,347.47008514404297,439.6243743896485,347.6487503051758,437.5012969970703,SUPPORTED,355.0,377.85714285714283,160.71428571428572,40.0,388.5714285714286,675.7142857142857,SUPPORTED,translation_median_sparse_flow,-13.87152099609375,-0.22305679321289062,337.0,4.298403739929199,,,SUPPORTED,partial_affine_ransac_sparse_flow,-16.309462760636983,-0.19042859414290023,163.0,0.3207221355916075,1.0012034039884434,0.4836795252225519,,,,,0.0,0.0,,,path_segment_007,SUPPORTED,,-5.328422546386719,-2.76287841796875,10.400975715463744,-2.977718124731325,88.6166483937825,0.35604402669918045,15.97600376867419,1.9414563137859489,path_segment_004,SUPPORTED,,,,,,0.0,0.0,,,path_segment_007,SUPPORTED,,SUPPORTED,
71,68,2366.6666666666665,VALID_TARGET,HUMAN_ACCEPTED_TARGET: operator reviewed the raw skeleton and confirmed that it belongs to the documented athlete.,4.0,344.6370315551758,440.36827087402344,346.7815399169922,435.7940673828125,SUPPORTED,357.04081632653066,377.5612251126036,170.3061224489796,39.295918990154654,373.4693877551021,676.530612244898,SUPPORTED,translation_median_sparse_flow,-29.28662109375,-0.26062774658203125,341.0,2.29907488822937,,,SUPPORTED,partial_affine_ransac_sparse_flow,-31.297569003754838,-0.8920452908635249,183.0,0.431266646341108,1.001972367579286,0.5366568914956011,-0.8672103881835938,-1.7072296142578125,28.419410705566406,-1.4466018676757812,28.419410705566406,-1.4466018676757812,2.91394882198638,5.106510879065708,path_segment_007,SUPPORTED,,-0.8672103881835938,-1.7072296142578125,29.83099851326608,-1.7466844774775154,118.44764690704858,-1.390640450778335,3.3509945742942886,5.362388556916881,path_segment_004,SUPPORTED,,-0.8672103881835938,-1.7072296142578125,28.419410705566406,-1.4466018676757812,28.419410705566406,-1.4466018676757812,2.91394882198638,5.106510879065708,path_segment_007,SUPPORTED,,SUPPORTED,
72,69,2400.0,VALID_TARGET,HUMAN_ACCEPTED_TARGET: operator reviewed the raw skeleton and confirmed that it belongs to the documented athlete.,4.0,345.4242935180664,429.5696105957031,346.6028747558594,434.3958435058594,SUPPORTED,359.0816326530612,377.2653073680644,179.89795918367346,38.591837980309315,358.36734693877554,677.3469387755101,SUPPORTED,translation_median_sparse_flow,-13.77105712890625,0.00579833984375,347.0,2.550027370452881,,,SUPPORTED,partial_affine_ransac_sparse_flow,-15.517000093043713,0.09706782282766892,176.0,0.5086994286134252,1.0008658153884555,0.5072046109510087,-0.1786651611328125,-1.398223876953125,13.592391967773438,-1.404022216796875,42.011802673339844,-2.8506240844726562,5.89743558996705,2.452154475138238,path_segment_007,SUPPORTED,,-0.1786651611328125,-1.398223876953125,14.792313422106417,-1.6769230265471151,133.239960329155,-3.06756347732545,6.4676944451078455,2.6715067824339767,path_segment_004,SUPPORTED,,-0.1786651611328125,-1.398223876953125,13.592391967773438,-1.404022216796875,42.011802673339844,-2.8506240844726562,5.89743558996705,2.452154475138238,path_segment_007,SUPPORTED,,SUPPORTED,
73,70,2433.333333333333,VALID_TARGET,HUMAN_ACCEPTED_TARGET: operator reviewed the raw skeleton and confirmed that it belongs to the documented athlete.,4.0,346.91114807128906,426.2405242919922,345.4242935180664,434.3958435058594,SUPPORTED,361.12244897959187,376.96938962352516,189.48979591836735,37.88775697046397,343.26530612244903,678.1632653061224,SUPPORTED,translation_median_sparse_flow,-28.2158203125,-0.227386474609375,325.0,2.5681724548339844,,,SUPPORTED,partial_affine_ransac_sparse_flow,-29.830738531040016,-0.7132703416056234,167.0,0.36369095804611623,1.0016599572051463,0.5138461538461538,-1.1785812377929688,0.0,27.03723907470703,0.227386474609375,69.04904174804688,-2.6232376098632812,-0.4818531258433864,4.852046912535899,path_segment_007,SUPPORTED,,-1.1785812377929688,0.0,28.12049445362493,-0.04265916769685418,161.36045478277993,-3.1102226450223043,0.08691840023088543,5.046273026803771,path_segment_004,SUPPORTED,,-1.1785812377929688,0.0,27.03723907470703,0.227386474609375,69.04904174804688,-2.6232376098632812,-0.4818531258433864,4.852046912535899,path_segment_007,SUPPORTED,,SUPPORTED,
74,71,2466.666666666667,VALID_TARGET,HUMAN_ACCEPTED_TARGET: operator reviewed the raw skeleton and confirmed that it belongs to the documented athlete.,4.0,346.45506286621094,434.3958435058594,347.3939895629883,432.31134033203125,SUPPORTED,363.16326530612247,376.673471878986,199.08163265306123,37.18367596061862,328.16326530612247,678.9795918367347,SUPPORTED,translation_median_sparse_flow,-13.552001953125,0.02928924560546875,325.0,1.485548496246338,,,SUPPORTED,partial_affine_ransac_sparse_flow,-14.69676008871859,-0.05347024207400346,173.0,0.34558705677918267,1.0008729472641291,0.5323076923076923,1.969696044921875,-2.084503173828125,15.521697998046875,-2.1137924194335938,84.57073974609375,-4.737030029296875,7.755008711433438,2.811103318649013,path_segment_007,SUPPORTED,,1.969696044921875,-2.084503173828125,16.2969654519477,-2.3561934495359083,177.65742023472762,-5.4664160945582125,8.226742001701421,2.9549237202138605,path_segment_004,SUPPORTED,,1.969696044921875,-2.084503173828125,15.521697998046875,-2.1137924194335938,84.57073974609375,-4.737030029296875,7.755008711433438,2.811103318649013,path_segment_007,SUPPORTED,,SUPPORTED,
75,72,2500.0,VALID_TARGET,HUMAN_ACCEPTED_TARGET: operator reviewed the raw skeleton and confirmed that it belongs to the documented athlete.,4.0,347.8381881713867,436.59754943847656,346.63641357421875,434.3958435058594,SUPPORTED,365.20408163265313,376.37755413444677,208.67346938775512,36.479594950773276,313.06122448979596,679.795918367347,SUPPORTED,translation_median_sparse_flow,-27.036590576171875,-0.027919769287109375,332.0,2.3579325675964355,,,SUPPORTED,partial_affine_ransac_sparse_flow,-28.71572188567209,-0.5500656061199105,170.0,0.4357552030558647,1.0015832202402928,0.5120481927710844,-0.7575759887695312,2.084503173828125,26.279014587402344,2.1124229431152344,110.8497543334961,-2.6246070861816406,-4.595805293663912,4.731022176774067,path_segment_007,SUPPORTED,,-0.7575759887695312,2.084503173828125,27.4308704909908,1.9318638521110643,205.08829072571842,-3.5345522424471483,-4.0284973003735285,4.934705621927499,path_segment_004,SUPPORTED,,-0.7575759887695312,2.084503173828125,26.279014587402344,2.1124229431152344,110.8497543334961,-2.6246070861816406,-4.595805293663912,4.731022176774067,path_segment_007,SUPPORTED,,SUPPORTED,
76,73,2533.333333333333,VALID_TARGET,HUMAN_ACCEPTED_TARGET: operator reviewed the raw skeleton and confirmed that it belongs to the documented athlete.,4.0,353.6986503601074,432.3113403320313,346.45506286621094,436.59754943847656,SUPPORTED,367.2448979591837,376.08163638990754,218.26530612244898,35.77551394092794,297.9591836734694,680.6122448979592,SUPPORTED,translation_median_sparse_flow,-26.1080322265625,0.032181739807128906,338.0,2.728926181793213,,,SUPPORTED,partial_affine_ransac_sparse_flow,-28.123819448986538,-0.43798883048747506,172.0,0.4138320174327853,1.001911264037457,0.5088757396449705,-0.1813507080078125,2.2017059326171875,25.926681518554688,2.1695241928100586,136.77643585205078,-0.45508289337158203,-4.783321653110825,4.668844787537136,path_segment_007,SUPPORTED,,-0.1813507080078125,2.2017059326171875,27.290772858914238,1.8008174873044709,232.37906358463266,-1.7337347551426774,-3.7752641935694577,4.908022839937199,path_segment_004,SUPPORTED,,-0.1813507080078125,2.2017059326171875,25.926681518554688,2.1695241928100586,136.77643585205078,-0.45508289337158203,-4.783321653110825,4.668844787537136,path_segment_007,SUPPORTED,,SUPPORTED,
77,74,2566.666666666667,VALID_TARGET,HUMAN_ACCEPTED_TARGET: operator reviewed the raw skeleton and confirmed that it belongs to the documented athlete.,4.0,340.24978256225586,440.2132110595703,345.4628715515137,437.42615509033203,SUPPORTED,369.28571428571433,375.7857186453683,227.85714285714286,35.07143293108259,282.8571428571429,681.4285714285714,SUPPORTED,translation_median_sparse_flow,-12.653533935546875,0.004032135009765625,338.0,1.2301199436187744,,,SUPPORTED,partial_affine_ransac_sparse_flow,-13.634619399475215,-0.035453297203780335,182.0,0.24491132243851743,1.0007823747942102,0.5384615384615384,-0.9921913146972656,0.8286056518554688,11.66134262084961,0.8245735168457031,148.4377784729004,0.3694906234741211,-4.0446524781835755,2.0978713755726606,path_segment_007,SUPPORTED,,-0.9921913146972656,0.8286056518554688,12.295539002852877,0.5826615405870257,244.67460258748554,-1.1510732145556517,-2.7131052489446836,2.2089299739473147,path_segment_004,SUPPORTED,,-0.9921913146972656,0.8286056518554688,11.66134262084961,0.8245735168457031,148.4377784729004,0.3694906234741211,-4.0446524781835755,2.0978713755726606,path_segment_007,SUPPORTED,,SUPPORTED,
78,75,2600.0,VALID_TARGET,HUMAN_ACCEPTED_TARGET: operator reviewed the raw skeleton and confirmed that it belongs to the documented athlete.,4.0,340.5566864013672,438.9513092041016,343.0875549316406,438.2547607421875,SUPPORTED,379.82142857142856,375.60714721679693,237.14285714285714,34.00000435965402,285.3571428571429,683.2142857142858,SUPPORTED,translation_median_sparse_flow,-25.18927001953125,-0.19698143005371094,334.0,1.281876802444458,,,SUPPORTED,partial_affine_ransac_sparse_flow,-26.41846948244131,-0.35172787716015125,193.0,0.37379153041152313,1.0011948385046203,0.5778443113772455,-2.375316619873047,0.8286056518554688,22.813953399658203,1.0255870819091797,171.2517318725586,1.3950777053833008,-2.5739631521685498,4.098134718863105,path_segment_007,SUPPORTED,,-2.375316619873047,0.8286056518554688,23.53939950048749,0.7295486824004342,268.21400208797303,-0.42152453215521746,-1.775180566631527,4.22621075508366,path_segment_004,SUPPORTED,,-2.375316619873047,0.8286056518554688,22.813953399658203,1.0255870819091797,171.2517318725586,1.3950777053833008,-2.5739631521685498,4.098134718863105,path_segment_007,SUPPORTED,,SUPPORTED,
79,76,2633.3333333333335,TARGET_IDENTITY_UNCERTAIN,TARGET_OVERLAP_AMBIGUOUS: another detected person overlaps or is too close to the selected pose for automated identity acceptance.,,347.31054306030273,439.6578369140625,,,,390.3571428571429,375.42857578822543,246.42857142857144,32.928575788225444,287.8571428571429,685.0,,,,,,,,,,,,,,,,,,,,,,,,,,,,,,,,,,,,,,,,,,,,,,,,,,,
80,77,2666.6666666666665,TARGET_IDENTITY_UNCERTAIN,TARGET_OVERLAP_AMBIGUOUS: another detected person overlaps or is too close to the selected pose for automated identity acceptance.,,345.24936294555664,440.2845153808594,,,,400.89285714285717,375.250004359654,255.71428571428572,31.857147216796875,290.3571428571429,686.7857142857142,,,,,,,,,,,,,,,,,,,,,,,,,,,,,,,,,,,,,,,,,,,,,,,,,,,
81,78,2700.0,INVALID_TRACK_SEGMENT,Valid-looking pose segment is too short to establish target identity continuity.,,357.4970703125,456.9761962890625,,,,411.42857142857144,375.0714329310826,265.0,30.785718645368302,292.8571428571429,688.5714285714286,,,,,,,,,,,,,,,,,,,,,,,,,,,,,,,,,,,,,,,,,,,,,,,,,,,
82,79,2733.3333333333335,TARGET_IDENTITY_UNCERTAIN,TARGET_OVERLAP_AMBIGUOUS: another detected person overlaps or is too close to the selected pose for automated identity acceptance.,,364.7219848632813,446.37635803222656,,,,415.3571428571429,375.5357179187593,263.8095238095238,32.08333696637835,303.09523809523813,686.9047619047619,,,,,,,,,,,,,,,,,,,,,,,,,,,,,,,,,,,,,,,,,,,,,,,,,,,
83,80,2766.6666666666665,INVALID_TRACK_SEGMENT,Valid-looking pose segment is too short to establish target identity continuity.,,380.52386474609375,447.6648864746094,,,,419.2857142857143,376.00000290643595,262.6190476190476,33.38095528738839,313.33333333333337,685.2380952380952,,,,,,,,,,,,,,,,,,,,,,,,,,,,,,,,,,,,,,,,,,,,,,,,,,,
84,81,2800.0,INVALID_TRACK_SEGMENT,Valid-looking pose segment is too short to establish target identity continuity.,,385.9071540832519,451.1348876953125,,,,423.2142857142857,376.4642878941127,261.42857142857144,34.67857360839844,323.57142857142856,683.5714285714286,,,,,,,,,,,,,,,,,,,,,,,,,,,,,,,,,,,,,,,,,,,,,,,,,,,
85,82,2833.3333333333335,TARGET_IDENTITY_UNCERTAIN,TARGET_OVERLAP_AMBIGUOUS: another detected person overlaps or is too close to the selected pose for automated identity acceptance.,,388.77479553222656,457.9563903808594,,,,427.1428571428571,376.9285728817894,260.23809523809524,35.97619192940848,333.8095238095238,681.9047619047619,,,,,,,,,,,,,,,,,,,,,,,,,,,,,,,,,,,,,,,,,,,,,,,,,,,
86,83,2866.6666666666665,INVALID_TRACK_SEGMENT,Valid-looking pose segment is too short to establish target identity continuity.,,390.5745697021485,449.6614990234375,,,,431.07142857142856,377.3928578694661,259.04761904761904,37.27381025041853,344.04761904761904,680.2380952380952,,,,,,,,,,,,,,,,,,,,,,,,,,,,,,,,,,,,,,,,,,,,,,,,,,,
87,84,2900.0,TARGET_IDENTITY_UNCERTAIN,TARGET_OVERLAP_AMBIGUOUS: another detected person overlaps or is too close to the selected pose for automated identity acceptance.,,407.46817779541016,448.3474884033203,,,,435.0,377.85714285714283,257.85714285714283,38.57142857142857,354.2857142857143,678.5714285714286,,,,,,,,,,,,,,,,,,,,,,,,,,,,,,,,,,,,,,,,,,,,,,,,,,,
88,85,2933.333333333333,INVALID_TRACK_SEGMENT,Valid-looking pose segment is too short to establish target identity continuity.,,407.6254081726074,445.2251281738281,,,,443.57142857142856,386.8714294433594,273.57142857142856,59.58571515764508,340.0,654.5714285714286,,,,,,,,,,,,,,,,,,,,,,,,,,,,,,,,,,,,,,,,,,,,,,,,,,,
89,86,2966.666666666667,INVALID_TRACK_SEGMENT,Valid-looking pose segment is too short to establish target identity continuity.,,407.4764900207519,436.1462707519531,,,,452.1428571428571,395.88571602957586,289.2857142857143,80.60000174386161,325.7142857142857,630.5714285714286,,,,,,,,,,,,,,,,,,,,,,,,,,,,,,,,,,,,,,,,,,,,,,,,,,,
90,87,3000.0,TARGET_IDENTITY_UNCERTAIN,TARGET_OVERLAP_AMBIGUOUS: another detected person overlaps or is too close to the selected pose for automated identity acceptance.,,420.79035568237305,448.4950714111328,,,,460.7142857142857,404.90000261579246,305.0,101.61428833007812,311.42857142857144,606.5714285714287,,,,,,,,,,,,,,,,,,,,,,,,,,,,,,,,,,,,,,,,,,,,,,,,,,,
91,88,3033.333333333333,TARGET_IDENTITY_UNCERTAIN,TARGET_OVERLAP_AMBIGUOUS: another detected person overlaps or is too close to the selected pose for automated identity acceptance.,,427.3498954772949,425.3071594238281,,,,469.28571428571433,413.91428920200894,320.7142857142857,122.62857491629464,297.14285714285717,582.5714285714287,,,,,,,,,,,,,,,,,,,,,,,,,,,,,,,,,,,,,,,,,,,,,,,,,,,
92,89,3066.666666666667,INVALID_TRACK_SEGMENT,Valid-looking pose segment is too short to establish target identity continuity.,,425.06007957458496,439.8565368652344,,,,477.8571428571429,422.9285757882255,336.42857142857144,143.64286150251115,282.8571428571429,558.5714285714287,,,,,,,,,,,,,,,,,,,,,,,,,,,,,,,,,,,,,,,,,,,,,,,,,,,
93,90,3100.0,INVALID_TRACK_SEGMENT,Valid-looking pose segment is too short to establish target identity continuity.,,448.239990234375,435.8881072998047,,,,483.80952380952385,422.7500043596541,342.8571428571429,142.51190912155877,281.9047619047619,560.4761904761906,,,,,,,,,,,,,,,,,,,,,,,,,,,,,,,,,,,,,,,,,,,,,,,,,,,
94,91,3133.3333333333335,INVALID_TRACK_SEGMENT,Valid-looking pose segment is too short to establish target identity continuity.,,454.76305389404297,430.5113220214844,,,,489.76190476190476,422.5714329310826,349.2857142857143,141.3809567406064,280.95238095238096,562.3809523809524,,,,,,,,,,,,,,,,,,,,,,,,,,,,,,,,,,,,,,,,,,,,,,,,,,,
95,92,3166.6666666666665,INVALID_TRACK_SEGMENT,Valid-looking pose segment is too short to establish target identity continuity.,,452.3839721679687,417.7403869628906,,,,495.7142857142857,422.3928615025112,355.7142857142857,140.250004359654,280.0,564.2857142857143,,,,,,,,,,,,,,,,,,,,,,,,,,,,,,,,,,,,,,,,,,,,,,,,,,,
96,93,3200.0,TARGET_IDENTITY_UNCERTAIN,TARGET_OVERLAP_AMBIGUOUS: another detected person overlaps or is too close to the selected pose for automated identity acceptance.,,472.2670593261719,411.6407470703125,,,,501.6666666666667,422.21429007393976,362.14285714285717,139.11905197870163,279.04761904761904,566.1904761904763,,,,,,,,,,,,,,,,,,,,,,,,,,,,,,,,,,,,,,,,,,,,,,,,,,,
97,94,3233.3333333333335,VALID_TARGET,,5.0,477.8067359924317,408.2233428955078,477.80673599243164,408.3537902832031,SUPPORTED,507.6190476190476,422.0357186453683,368.57142857142856,137.98809959774925,278.0952380952381,568.0952380952381,UNSTABLE_TRANSFORM,translation_median_sparse_flow,-0.3962364196777344,-0.31601715087890625,294.0,67.69932556152344,,,LOW_BACKGROUND_FEATURE_COUNT,partial_affine_ransac_sparse_flow,0.0,0.0,7.0,,,,,,,,0.0,0.0,,,path_segment_008,SUPPORTED,,,,,,0.0,0.0,,,path_segment_005,SUPPORTED,,,,,,0.0,0.0,,,path_segment_008,SUPPORTED,,SUPPORTED,
98,95,3266.6666666666665,VALID_TARGET,,5.0,468.75696182250977,418.6875,482.51248359680176,413.52064514160156,SUPPORTED,513.5714285714286,421.8571472167969,375.0,136.85714721679688,277.1428571428571,570.0,SUPPORTED,translation_median_sparse_flow,-6.28143310546875,0.0816650390625,343.0,0.34901919960975647,,,SUPPORTED,partial_affine_ransac_sparse_flow,-6.488924326495207,-0.06411841739004841,251.0,0.24498928446856225,1.0002737493134102,0.7317784256559767,4.705747604370117,5.1668548583984375,10.987180709838867,5.0851898193359375,10.987180709838867,5.0851898193359375,-24.83608502874473,2.172604344794073,path_segment_008,SUPPORTED,,4.705747604370117,5.1668548583984375,11.116648712711765,5.0574425670414485,11.116648712711765,5.0574425670414485,-24.46283383382186,2.1916438985703888,path_segment_005,SUPPORTED,,4.705747604370117,5.1668548583984375,10.987180709838867,5.0851898193359375,10.987180709838867,5.0851898193359375,-24.83608502874473,2.172604344794073,path_segment_008,SUPPORTED,,SUPPORTED,
99,96,3300.0,VALID_TARGET,,5.0,489.3331184387207,407.2810974121094,487.2182312011719,415.7925567626953,SUPPORTED,523.3928571428571,421.8035752432687,378.75,136.8928609575544,289.2857142857143,569.8214285714286,SUPPORTED,translation_median_sparse_flow,-12.79522705078125,0.2533998489379883,328.0,0.39818453788757324,,,SUPPORTED,partial_affine_ransac_sparse_flow,-13.06241160101244,0.25424526038559414,245.0,0.25187791297548157,1.000232047771125,0.7469512195121951,4.705747604370117,2.27191162109375,17.500974655151367,2.0185117721557617,28.488155364990234,7.103701591491699,-6.5792583285757384,3.1613975785597277,path_segment_008,SUPPORTED,,4.705747604370117,2.27191162109375,17.60047447353037,1.9867335957294472,28.717123186242134,7.044176162770896,-6.440260509136523,3.1784913465944005,path_segment_005,SUPPORTED,,4.705747604370117,2.27191162109375,17.500974655151367,2.0185117721557617,28.488155364990234,7.103701591491699,-6.5792583285757384,3.1613975785597277,path_segment_008,SUPPORTED,,SUPPORTED,
100,97,3333.3333333333335,VALID_TARGET,,5.0,493.8005790710449,422.8885955810547,493.8005790710449,415.7925567626953,SUPPORTED,533.2142857142858,421.7500032697405,382.5,136.92857469831193,301.42857142857144,569.6428571428571,SUPPORTED,translation_median_sparse_flow,-11.91937255859375,0.193511962890625,331.0,0.4299977421760559,,,SUPPORTED,partial_affine_ransac_sparse_flow,-12.272277681812978,0.11778524536910397,245.0,0.23580123298391129,1.0004035611110709,0.7401812688821753,6.582347869873047,0.0,18.501720428466797,-0.193511962890625,46.98987579345703,6.910189628601074,0.599242353231197,3.3203446003024846,path_segment_008,SUPPORTED,,6.582347869873047,0.0,18.61735052891629,-0.23794214426430926,47.334473715158424,6.806234018506586,0.7322383701016099,3.3411858579528384,path_segment_005,SUPPORTED,,6.582347869873047,0.0,18.501720428466797,-0.193511962890625,46.98987579345703,6.910189628601074,0.599242353231197,3.3203446003024846,path_segment_008,SUPPORTED,,SUPPORTED,
101,98,3366.6666666666665,VALID_TARGET,,5.0,505.7554130554199,416.6134948730469,494.91634368896484,415.4981994628906,SUPPORTED,543.0357142857142,421.69643129621227,386.25,136.96428843906946,313.57142857142856,569.4642857142857,SUPPORTED,translation_median_sparse_flow,-5.9964599609375,0.09588623046875,347.0,0.21749962866306305,,,SUPPORTED,partial_affine_ransac_sparse_flow,-6.092673054716533,0.009931130779195182,277.0,0.18763273595478672,1.0001949590002,0.7982708933717579,1.1157646179199219,-0.2943572998046875,7.112224578857422,-0.3902435302734375,54.10210037231445,6.519946098327637,3.140636065507097,1.2782197565731988,path_segment_008,SUPPORTED,,1.1157646179199219,-0.2943572998046875,7.118931954235222,-0.3933851766777252,54.453405669393646,6.412848841828861,3.1628916708983006,1.2794525818671738,path_segment_005,SUPPORTED,,1.1157646179199219,-0.2943572998046875,7.112224578857422,-0.3902435302734375,54.10210037231445,6.519946098327637,3.140636065507097,1.2782197565731988,path_segment_008,SUPPORTED,,SUPPORTED,
102,99,3400.0,VALID_TARGET,,5.0,488.5234184265137,414.4933776855469,494.5362911224365,418.0365524291992,SUPPORTED,552.8571428571429,421.6428593226841,390.0,137.000002179827,325.7142857142857,569.2857142857142,SUPPORTED,translation_median_sparse_flow,-11.61541748046875,0.2761344909667969,337.0,0.3012745678424835,,,SUPPORTED,partial_affine_ransac_sparse_flow,-11.805717473627944,0.15700767612224825,258.0,0.2118839532404987,1.000271657147251,0.7655786350148368,-0.3800525665283203,2.5383529663085938,11.23536491394043,2.262218475341797,65.33746528625488,8.782164573669434,-11.384178412269641,2.0566674651892645,path_segment_008,SUPPORTED,,-0.3800525665283203,2.5383529663085938,11.31835385122821,2.2361510112092446,65.77175952062186,8.648999853038106,-11.175917608002516,2.070357294278755,path_segment_005,SUPPORTED,,-0.3800525665283203,2.5383529663085938,11.23536491394043,2.262218475341797,65.33746528625488,8.782164573669434,-11.384178412269641,2.0566674651892645,path_segment_008,SUPPORTED,,SUPPORTED,
103,100,3433.333333333333,VALID_TARGET,,5.0,489.8877754211426,420.5433044433594,494.1562385559082,415.4981994628906,SUPPORTED,562.6785714285714,421.589287349156,393.75,137.03571592058455,337.8571428571429,569.1071428571429,SUPPORTED,translation_median_sparse_flow,-11.3570556640625,0.34639739990234375,337.0,0.29934197664260864,,,SUPPORTED,partial_affine_ransac_sparse_flow,-11.554578332127022,0.3618153819770047,245.0,0.2081508431986729,1.0001318075127932,0.7270029673590505,-0.3800525665283203,-2.5383529663085938,10.97700309753418,-2.8847503662109375,76.31446838378906,5.897414207458496,14.724353861470492,2.036727089198859,path_segment_008,SUPPORTED,,-0.3800525665283203,-2.5383529663085938,11.081575537094864,-2.922418633804284,76.85333505771672,5.726581219233822,14.773609093977086,2.056595358824406,path_segment_005,SUPPORTED,,-0.3800525665283203,-2.5383529663085938,10.97700309753418,-2.8847503662109375,76.31446838378906,5.897414207458496,14.724353861470492,2.036727089198859,path_segment_008,SUPPORTED,,SUPPORTED,
104,101,3466.666666666667,TARGET_IDENTITY_UNCERTAIN,TARGET_OVERLAP_AMBIGUOUS: another detected person overlaps or is too close to the selected pose for automated identity acceptance.,,494.0126037597656,420.5125427246094,,,,572.5,421.5357153756278,397.5,137.07142966134208,350.0,568.9285714285714,,,,,,,,,,,,,,,,,,,,,,,,,,,,,,,,,,,,,,,,,,,,,,,,,,,
105,102,3500.0,TARGET_IDENTITY_UNCERTAIN,TARGET_OVERLAP_AMBIGUOUS: another detected person overlaps or is too close to the selected pose for automated identity acceptance.,,520.2383995056152,410.785888671875,,,,582.3214285714286,421.4821434020996,401.25,137.1071434020996,362.14285714285717,568.75,,,,,,,,,,,,,,,,,,,,,,,,,,,,,,,,,,,,,,,,,,,,,,,,,,,
106,103,3533.333333333333,VALID_TARGET,HUMAN_ACCEPTED_TARGET: operator reviewed the raw skeleton and confirmed that it belongs to the documented athlete.,6.0,488.2228698730469,410.2723846435547,491.0806121826172,410.2723846435547,SUPPORTED,592.1428571428571,421.42857142857144,405.0,137.14285714285714,374.28571428571433,568.5714285714286,SUPPORTED,translation_median_sparse_flow,-28.8157958984375,0.5101318359375,301.0,0.6311390995979309,,,SUPPORTED,partial_affine_ransac_sparse_flow,-29.101685064763657,0.08946917011506827,207.0,0.32360358435364606,1.0004191255476587,0.6877076411960132,,,,,0.0,0.0,,,path_segment_009,SUPPORTED,,,,,,0.0,0.0,,,path_segment_006,SUPPORTED,,,,,,0.0,0.0,,,path_segment_009,SUPPORTED,,SUPPORTED,
107,104,3566.666666666667,VALID_TARGET,HUMAN_ACCEPTED_TARGET: operator reviewed the raw skeleton and confirmed that it belongs to the documented athlete.,6.0,486.26086616516113,423.1991882324219,500.9194583892822,412.71566009521484,SUPPORTED,593.8571428571429,419.72857230050226,415.85714285714283,133.3000008719308,356.00000000000006,572.8571428571429,SUPPORTED,translation_median_sparse_flow,-5.817626953125,0.00299072265625,343.0,0.347817599773407,,,SUPPORTED,partial_affine_ransac_sparse_flow,-6.22081388562317,-0.04633944381165302,268.0,0.17036002216126503,1.0003413353454833,0.7813411078717201,9.838846206665039,2.4432754516601562,15.656473159790039,2.4402847290039062,15.656473159790039,2.4402847290039062,-8.859083779828273,2.8435015799709205,path_segment_009,SUPPORTED,,9.838846206665039,2.4432754516601562,15.835996912787436,2.4166615213887326,15.835996912787436,2.4166615213887326,-8.676713260312113,2.8746947713398545,path_segment_006,SUPPORTED,,9.838846206665039,2.4432754516601562,15.656473159790039,2.4402847290039062,15.656473159790039,2.4402847290039062,-8.859083779828273,2.8435015799709205,path_segment_009,SUPPORTED,,SUPPORTED,
108,105,3600.0,VALID_TARGET,HUMAN_ACCEPTED_TARGET: operator reviewed the raw skeleton and confirmed that it belongs to the documented athlete.,6.0,510.75830459594727,405.92872619628906,510.75830459594727,411.7003479003906,SUPPORTED,595.5714285714286,418.028573172433,426.7142857142857,129.45714460100447,337.7142857142857,577.1428571428571,SUPPORTED,translation_median_sparse_flow,-11.790924072265625,-0.006916046142578125,340.0,0.3015095293521881,,,SUPPORTED,partial_affine_ransac_sparse_flow,-11.958334104780642,-0.2841160753092415,272.0,0.22278042238214618,1.0002353597421476,0.8,9.838846206665039,-1.0153121948242188,21.629770278930664,-1.0083961486816406,37.2862434387207,1.4318885803222656,2.669239568390906,3.8857124139081987,path_segment_009,SUPPORTED,,9.838846206665039,-1.0153121948242188,21.773792525977456,-0.9430124564176481,37.60978943876489,1.4736490649710845,2.479902831510153,3.9110043294229317,path_segment_006,SUPPORTED,,9.838846206665039,-1.0153121948242188,21.629770278930664,-1.0083961486816406,37.2862434387207,1.4318885803222656,2.669239568390906,3.8857124139081987,path_segment_009,SUPPORTED,,SUPPORTED,
109,106,3633.3333333333335,VALID_TARGET,HUMAN_ACCEPTED_TARGET: operator reviewed the raw skeleton and confirmed that it belongs to the documented athlete.,6.0,518.7760925292969,415.158935546875,518.5302772521973,409.24403381347656,SUPPORTED,597.2857142857142,416.32857404436385,437.57142857142856,125.61428833007812,319.42857142857144,581.4285714285714,SUPPORTED,translation_median_sparse_flow,-12.103713989257812,-0.0386962890625,339.0,0.25150758028030396,,,SUPPORTED,partial_affine_ransac_sparse_flow,-12.31542159587615,-0.08695106473710461,270.0,0.17741654993491343,1.0002307027848227,0.7964601769911505,7.77197265625,-2.4563140869140625,19.875686645507812,-2.4176177978515625,57.161930084228516,-0.9857292175292969,6.935214051606556,3.593012342671377,path_segment_009,SUPPORTED,,7.77197265625,-2.4563140869140625,19.947288635036728,-2.4367107970644497,57.55707807380162,-0.9630617320933652,6.9646026594577055,3.6061816062318277,path_segment_006,SUPPORTED,,7.77197265625,-2.4563140869140625,19.875686645507812,-2.4176177978515625,57.161930084228516,-0.9857292175292969,6.935214051606556,3.593012342671377,path_segment_009,SUPPORTED,,SUPPORTED,
110,107,3666.6666666666665,VALID_TARGET,HUMAN_ACCEPTED_TARGET: operator reviewed the raw skeleton and confirmed that it belongs to the documented athlete.,6.0,521.7842788696289,409.24403381347656,522.0300941467285,405.92872619628906,SUPPORTED,599.0,414.6285749162946,448.42857142857144,121.77143205915178,301.1428571428571,585.7142857142857,SUPPORTED,translation_median_sparse_flow,-6.06201171875,-0.033893585205078125,345.0,0.20591069757938385,,,SUPPORTED,partial_affine_ransac_sparse_flow,-6.1907907149243195,-0.16109153248711805,280.0,0.17345344541788948,1.0001892039566334,0.8115942028985508,3.49981689453125,-3.3153076171875,9.56182861328125,-3.281414031982422,66.72375869750977,-4.267143249511719,18.94111863430954,1.814114772942941,path_segment_009,SUPPORTED,,3.49981689453125,-3.3153076171875,9.638445277909796,-3.289855124895098,67.19552335171142,-4.252916856988463,18.846124114408013,1.8276134835990763,path_segment_006,SUPPORTED,,3.49981689453125,-3.3153076171875,9.56182861328125,-3.281414031982422,66.72375869750977,-4.267143249511719,18.94111863430954,1.814114772942941,path_segment_009,SUPPORTED,,SUPPORTED,
111,108,3700.0,VALID_TARGET,HUMAN_ACCEPTED_TARGET: operator reviewed the raw skeleton and confirmed that it belongs to the documented athlete.,6.0,538.2726249694824,395.6227111816406,537.8537139892578,395.6227111816406,SUPPORTED,600.7142857142857,412.92857578822543,459.2857142857143,117.92857578822544,282.85714285714283,590.0,SUPPORTED,translation_median_sparse_flow,-12.3565673828125,-0.38689422607421875,336.0,0.3682922124862671,,,SUPPORTED,partial_affine_ransac_sparse_flow,-12.798289115705444,-0.5534565361715935,293.0,0.22653859909229854,1.000520521460983,0.8720238095238095,15.823619842529297,-10.306015014648438,28.180187225341797,-9.919120788574219,94.90394592285156,-14.186264038085938,19.3915165423864,5.36110485668729,path_segment_009,SUPPORTED,,15.823619842529297,-10.306015014648438,28.371826086898636,-9.991687333031962,95.56734943861005,-14.244604190020425,19.400700996083845,5.397867590742877,path_segment_006,SUPPORTED,,15.823619842529297,-10.306015014648438,28.180187225341797,-9.919120788574219,94.90394592285156,-14.186264038085938,19.3915165423864,5.36110485668729,path_segment_009,SUPPORTED,,SUPPORTED,
112,109,3733.3333333333335,VALID_TARGET,HUMAN_ACCEPTED_TARGET: operator reviewed the raw skeleton and confirmed that it belongs to the documented athlete.,6.0,541.0354881286621,394.2741088867187,541.2020263671875,394.5100402832031,SUPPORTED,630.0,417.92857578822543,459.2857142857143,117.92857578822544,341.4285714285714,600.0,SUPPORTED,translation_median_sparse_flow,-12.41357421875,-0.5232620239257812,341.0,0.24102835357189178,,,SUPPORTED,partial_affine_ransac_sparse_flow,-12.67312685578632,-0.6555420702109805,299.0,0.21520307699894115,1.0003176593345413,0.8768328445747801,3.3483123779296875,-1.1126708984375,15.761886596679688,-0.5894088745117188,110.66583251953125,-14.775672912597656,2.141552840576945,2.8304724145534057,path_segment_009,SUPPORTED,,3.3483123779296875,-1.1126708984375,15.88382645679826,-0.6279902756807587,111.45117589540831,-14.872594465701184,2.26409311712827,2.8526046761496944,path_segment_006,SUPPORTED,,3.3483123779296875,-1.1126708984375,15.761886596679688,-0.5894088745117188,110.66583251953125,-14.775672912597656,2.141552840576945,2.8304724145534057,path_segment_009,SUPPORTED,,SUPPORTED,
113,110,3766.6666666666665,VALID_TARGET,HUMAN_ACCEPTED_TARGET: operator reviewed the raw skeleton and confirmed that it belongs to the documented athlete.,6.0,543.5381622314453,392.9075164794922,543.7905349731445,394.2970733642578,SUPPORTED,630.2380952380952,418.55555943080356,453.25396825396825,119.26984514508928,353.9682539682539,598.5714285714286,SUPPORTED,translation_median_sparse_flow,-6.2109832763671875,-0.2498626708984375,348.0,0.20245669782161713,,,SUPPORTED,partial_affine_ransac_sparse_flow,-6.361474809677818,-0.33850851637886814,309.0,0.15545062012466548,1.0002081131642528,0.8879310344827587,2.5885086059570312,-0.2129669189453125,8.799491882324219,0.036895751953125,119.46532440185547,-14.738777160644531,-0.24023642602032397,1.5790966209787487,path_segment_009,SUPPORTED,,2.5885086059570312,-0.2129669189453125,8.850545801208455,0.02534000887169441,120.30172169661677,-14.84725445682949,-0.16404317051459202,1.5882509565074696,path_segment_006,SUPPORTED,,2.5885086059570312,-0.2129669189453125,8.799491882324219,0.036895751953125,119.46532440185547,-14.738777160644531,-0.24023642602032397,1.5790966209787487,path_segment_009,SUPPORTED,,SUPPORTED,
114,111,3800.0,VALID_TARGET,HUMAN_ACCEPTED_TARGET: operator reviewed the raw skeleton and confirmed that it belongs to the documented athlete.,6.0,561.4112319946289,394.6769714355469,555.1276473999023,392.9792022705078,SUPPORTED,630.4761904761905,419.1825430733817,447.22222222222223,120.61111450195312,366.5079365079365,597.1428571428571,SUPPORTED,translation_median_sparse_flow,-12.58489990234375,-0.4931640625,337.0,0.2449994832277298,,,SUPPORTED,partial_affine_ransac_sparse_flow,-12.653942485075895,-0.5114814274742405,301.0,0.22647926615116631,1.0001110505170103,0.8931750741839762,11.337112426757812,-1.31787109375,23.922012329101562,-0.82470703125,143.38733673095703,-15.563484191894531,1.9744796109905076,4.295393252934055,path_segment_009,SUPPORTED,,11.337112426757812,-1.31787109375,23.93212678722739,-0.85219022709515,144.23384848384416,-15.69944468392464,2.0393625015443786,4.297379911735746,path_segment_006,SUPPORTED,,11.337112426757812,-1.31787109375,23.922012329101562,-0.82470703125,143.38733673095703,-15.563484191894531,1.9744796109905076,4.295393252934055,path_segment_009,SUPPORTED,,SUPPORTED,
115,112,3833.3333333333335,VALID_TARGET,HUMAN_ACCEPTED_TARGET: operator reviewed the raw skeleton and confirmed that it belongs to the documented athlete.,6.0,560.5340003967285,392.98779296875,560.3110961914062,392.9476547241211,SUPPORTED,630.7142857142858,419.8095267159598,441.1904761904762,121.95238385881696,379.04761904761904,595.7142857142857,SUPPORTED,translation_median_sparse_flow,-12.442657470703125,-0.4196968078613281,344.0,0.24598610401153564,,,SUPPORTED,partial_affine_ransac_sparse_flow,-12.566727524603595,-0.526235718262598,300.0,0.21738506859378667,1.0001197673983286,0.872093023255814,5.183448791503906,-0.03154754638671875,17.62610626220703,0.3881492614746094,161.01344299316406,-15.175334930419922,-1.2615219909759077,3.1637994975463517,path_segment_009,SUPPORTED,,5.183448791503906,-0.03154754638671875,17.72371539525477,0.39108794605994035,161.95756387909893,-15.308356737864699,-1.2640720371544232,3.1813229786353636,path_segment_006,SUPPORTED,,5.183448791503906,-0.03154754638671875,17.62610626220703,0.3881492614746094,161.01344299316406,-15.175334930419922,-1.2615219909759077,3.1637994975463517,path_segment_009,SUPPORTED,,SUPPORTED,
116,113,3866.6666666666665,VALID_TARGET,HUMAN_ACCEPTED_TARGET: operator reviewed the raw skeleton and confirmed that it belongs to the documented athlete.,6.0,567.9444351196289,388.2544860839844,565.4945449829102,392.98779296875,SUPPORTED,630.952380952381,420.43651035853793,435.1587301587302,123.2936532156808,391.58730158730157,594.2857142857142,SUPPORTED,translation_median_sparse_flow,-6.2296142578125,-0.314178466796875,344.0,0.18825030326843262,,,SUPPORTED,partial_affine_ransac_sparse_flow,-6.255656604004915,-0.4278643251262772,318.0,0.1717236712686212,1.000102496893268,0.9244186046511628,5.183448791503906,0.04013824462890625,11.413063049316406,0.35431671142578125,172.42650604248047,-14.82101821899414,-1.778167174843475,2.049078940842316,path_segment_009,SUPPORTED,,5.183448791503906,0.04013824462890625,11.435160763260342,0.35147174126586833,173.39272464235927,-14.95688499659883,-1.7604920436935059,2.0530267568896283,path_segment_006,SUPPORTED,,5.183448791503906,0.04013824462890625,11.413063049316406,0.35431671142578125,172.42650604248047,-14.82101821899414,-1.778167174843475,2.049078940842316,path_segment_009,SUPPORTED,,SUPPORTED,
117,114,3900.0,TARGET_IDENTITY_UNCERTAIN,TARGET_OVERLAP_AMBIGUOUS: another detected person overlaps or is too close to the selected pose for automated identity acceptance.,,569.3650131225586,402.0257873535156,,,,631.1904761904761,421.06349400111606,429.1269841269841,124.63492257254464,404.12698412698415,592.8571428571429,,,,,,,,,,,,,,,,,,,,,,,,,,,,,,,,,,,,,,,,,,,,,,,,,,,
118,115,3933.333333333333,TARGET_IDENTITY_UNCERTAIN,TARGET_OVERLAP_AMBIGUOUS: another detected person overlaps or is too close to the selected pose for automated identity acceptance.,,577.4669151306152,407.0366973876953,,,,631.4285714285714,421.6904776436942,423.0952380952381,125.97619192940849,416.6666666666667,591.4285714285714,,,,,,,,,,,,,,,,,,,,,,,,,,,,,,,,,,,,,,,,,,,,,,,,,,,
119,116,3966.666666666667,TARGET_IDENTITY_UNCERTAIN,TARGET_OVERLAP_AMBIGUOUS: another detected person overlaps or is too close to the selected pose for automated identity acceptance.,,578.3201370239258,401.6526489257813,,,,631.6666666666666,422.3174612862723,417.06349206349205,127.31746128627232,429.2063492063492,590.0,,,,,,,,,,,,,,,,,,,,,,,,,,,,,,,,,,,,,,,,,,,,,,,,,,,
120,117,4000.0,TARGET_IDENTITY_UNCERTAIN,TARGET_OVERLAP_AMBIGUOUS: another detected person overlaps or is too close to the selected pose for automated identity acceptance.,,587.2067794799805,390.7237701416016,,,,631.9047619047619,422.94444492885043,411.031746031746,128.65873064313615,441.7460317460318,588.5714285714286,,,,,,,,,,,,,,,,,,,,,,,,,,,,,,,,,,,,,,,,,,,,,,,,,,,
121,118,4033.333333333333,TARGET_IDENTITY_UNCERTAIN,TARGET_OVERLAP_AMBIGUOUS: another detected person overlaps or is too close to the selected pose for automated identity acceptance.,,568.6089935302734,401.3595123291016,,,,632.1428571428571,423.57142857142856,405.0,130.0,454.28571428571433,587.1428571428571,,,,,,,,,,,,,,,,,,,,,,,,,,,,,,,,,,,,,,,,,,,,,,,,,,,
122,119,4066.6666666666665,TARGET_IDENTITY_UNCERTAIN,TARGET_OVERLAP_AMBIGUOUS: another detected person overlaps or is too close to the selected pose for automated identity acceptance.,,586.0253524780273,394.8098449707031,,,,646.0439560439561,422.41758241758237,419.61538461538464,130.16483516483515,452.8571428571429,584.5054945054944,,,,,,,,,,,,,,,,,,,,,,,,,,,,,,,,,,,,,,,,,,,,,,,,,,,
123,120,4100.0,TARGET_IDENTITY_UNCERTAIN,TARGET_OVERLAP_AMBIGUOUS: another detected person overlaps or is too close to the selected pose for automated identity acceptance.,,618.1128311157227,366.2606658935547,,,,659.945054945055,421.2637362637363,434.2307692307692,130.32967032967034,451.4285714285715,581.8681318681319,,,,,,,,,,,,,,,,,,,,,,,,,,,,,,,,,,,,,,,,,,,,,,,,,,,
124,121,4133.333333333334,TARGET_IDENTITY_UNCERTAIN,TARGET_OVERLAP_AMBIGUOUS: another detected person overlaps or is too close to the selected pose for automated identity acceptance.,,642.8940582275391,375.16123962402344,,,,673.8461538461539,420.1098901098901,448.84615384615387,130.4945054945055,450.00000000000006,579.2307692307692,,,,,,,,,,,,,,,,,,,,,,,,,,,,,,,,,,,,,,,,,,,,,,,,,,,
125,122,4166.666666666667,TARGET_IDENTITY_UNCERTAIN,TARGET_OVERLAP_AMBIGUOUS: another detected person overlaps or is too close to the selected pose for automated identity acceptance.,,642.897819519043,367.16890716552734,,,,687.7472527472528,418.95604395604397,463.46153846153845,130.65934065934067,448.5714285714286,576.5934065934066,,,,,,,,,,,,,,,,,,,,,,,,,,,,,,,,,,,,,,,,,,,,,,,,,,,
126,123,4200.0,TARGET_IDENTITY_UNCERTAIN,TARGET_OVERLAP_AMBIGUOUS: another detected person overlaps or is too close to the selected pose for automated identity acceptance.,,660.0478897094727,386.5755004882813,,,,701.6483516483518,417.8021978021978,478.0769230769231,130.82417582417582,447.1428571428572,573.9560439560439,,,,,,,,,,,,,,,,,,,,,,,,,,,,,,,,,,,,,,,,,,,,,,,,,,,
127,124,4233.333333333333,VALID_TARGET,HUMAN_ACCEPTED_TARGET: operator reviewed the raw skeleton and confirmed that it belongs to the documented athlete.,7.0,673.6676025390625,380.69771575927734,677.6791305541992,373.0207214355469,SUPPORTED,715.5494505494505,416.64835164835165,492.6923076923077,130.98901098901098,445.7142857142858,571.3186813186813,UNSTABLE_TRANSFORM,translation_median_sparse_flow,-30.573108673095703,-1.74078369140625,284.0,62.657127380371094,,,CAMERA_CUT,partial_affine_ransac_sparse_flow,-93.55577853711493,-2.050897861563308,59.0,0.6835733108065525,1.0011419599045304,0.20774647887323944,,,,,0.0,0.0,,,path_segment_010,SUPPORTED,,,,,,0.0,0.0,,,path_segment_007,SUPPORTED,,,,,,0.0,0.0,,,path_segment_010,SUPPORTED,,SUPPORTED,
128,125,4266.666666666667,VALID_TARGET,HUMAN_ACCEPTED_TARGET: operator reviewed the raw skeleton and confirmed that it belongs to the documented athlete.,7.0,670.1899108886719,373.0207214355469,692.979248046875,366.3697853088379,SUPPORTED,729.4505494505495,415.49450549450546,507.3076923076923,131.15384615384616,444.28571428571433,568.6813186813187,SUPPORTED,translation_median_sparse_flow,-2.1825180053710938,-0.2006053924560547,346.0,0.2714608907699585,,,SUPPORTED,partial_affine_ransac_sparse_flow,-2.1594598546822956,-0.16079068849869738,328.0,0.259244153452055,1.000038447709471,0.9479768786127167,15.300117492675781,-6.650936126708984,17.482635498046875,-6.45033073425293,17.482635498046875,-6.45033073425293,20.251863449717284,3.3440132356602463,path_segment_010,SUPPORTED,,15.300117492675781,-6.650936126708984,17.40534292003474,-6.453288533522198,17.40534292003474,-6.453288533522198,20.343007490939435,3.3311883632340384,path_segment_007,SUPPORTED,,15.300117492675781,-6.650936126708984,17.482635498046875,-6.45033073425293,17.482635498046875,-6.45033073425293,20.251863449717284,3.3440132356602463,path_segment_010,SUPPORTED,,SUPPORTED,
129,126,4300.0,VALID_TARGET,HUMAN_ACCEPTED_TARGET: operator reviewed the raw skeleton and confirmed that it belongs to the documented athlete.,7.0,708.2793655395508,359.7188491821289,706.4380722045898,367.80797576904297,SUPPORTED,743.3516483516484,414.3406593406594,521.9230769230769,131.3186813186813,442.8571428571429,566.0439560439561,SUPPORTED,translation_median_sparse_flow,-3.3838958740234375,-0.47139739990234375,327.0,0.3165813982486725,,,SUPPORTED,partial_affine_ransac_sparse_flow,-3.5021881412594675,-0.634503654501015,291.0,0.326732964726207,1.000454321325035,0.8899082568807339,13.458824157714844,1.4381904602050781,16.84272003173828,1.9095878601074219,34.325355529785156,-4.540742874145508,-6.468438517696915,3.0418167707833046,path_segment_010,SUPPORTED,,13.458824157714844,1.4381904602050781,16.706409037829076,1.7923398611143284,34.11175195786382,-4.660948672407869,-6.1235306778054115,3.0151955795914858,path_segment_007,SUPPORTED,,13.458824157714844,1.4381904602050781,16.84272003173828,1.9095878601074219,34.325355529785156,-4.540742874145508,-6.468438517696915,3.0418167707833046,path_segment_010,SUPPORTED,,SUPPORTED,
130,127,4333.333333333333,VALID_TARGET,HUMAN_ACCEPTED_TARGET: operator reviewed the raw skeleton and confirmed that it belongs to the documented athlete.,7.0,715.9181518554688,339.8823699951172,709.8913803100586,360.4114532470703,SUPPORTED,757.2527472527473,413.1868131868132,536.5384615384615,131.48351648351647,441.4285714285715,563.4065934065934,SUPPORTED,translation_median_sparse_flow,-2.0015869140625,-0.5003890991210938,345.0,0.2863207161426544,,,SUPPORTED,partial_affine_ransac_sparse_flow,-2.0002095735106638,-0.5425330954983135,337.0,0.30224728771130427,1.0001522421809135,0.9768115942028985,3.45330810546875,-7.396522521972656,5.45489501953125,-6.8961334228515625,39.780250549316406,-11.43687629699707,51.65572977834196,1.5778737488655488,path_segment_010,SUPPORTED,,3.45330810546875,-7.396522521972656,5.376913161924449,-6.969414672624453,39.488665119788266,-11.630363345032322,52.34976354105439,1.5796218360127259,path_segment_007,SUPPORTED,,3.45330810546875,-7.396522521972656,5.45489501953125,-6.8961334228515625,39.780250549316406,-11.43687629699707,51.65572977834196,1.5778737488655488,path_segment_010,SUPPORTED,,SUPPORTED,
131,128,4366.666666666666,VALID_TARGET,HUMAN_ACCEPTED_TARGET: operator reviewed the raw skeleton and confirmed that it belongs to the documented athlete.,7.0,720.1499252319336,367.80797576904297,715.9181518554688,359.90699768066406,SUPPORTED,771.1538461538462,412.03296703296706,551.1538461538462,131.64835164835165,440.00000000000006,560.7692307692308,SUPPORTED,translation_median_sparse_flow,-0.5636100769042969,-0.2793121337890625,348.0,0.2544108033180237,,,SUPPORTED,partial_affine_ransac_sparse_flow,-0.6424149845004692,-0.2792716459835624,344.0,0.252887878261692,1.0001070793544236,0.9885057471264368,6.026771545410156,-0.50445556640625,6.590381622314453,-0.2251434326171875,46.37063217163086,-11.662019729614258,1.9566019704241444,1.1833443288777366,path_segment_010,SUPPORTED,,6.026771545410156,-0.50445556640625,6.566116495380584,-0.2104815496320498,46.05478161516885,-11.840844894664372,1.8360283871646972,1.1789052303058338,path_segment_007,SUPPORTED,,6.026771545410156,-0.50445556640625,6.590381622314453,-0.2251434326171875,46.37063217163086,-11.662019729614258,1.9566019704241444,1.1833443288777366,path_segment_010,SUPPORTED,,SUPPORTED,
132,129,4400.0,VALID_TARGET,HUMAN_ACCEPTED_TARGET: operator reviewed the raw skeleton and confirmed that it belongs to the documented athlete.,7.0,741.8233871459961,369.3533782958984,734.9206886291504,364.6154899597168,SUPPORTED,785.054945054945,410.8791208791209,565.7692307692307,131.8131868131868,438.5714285714286,558.1318681318681,SUPPORTED,translation_median_sparse_flow,-0.2217254638671875,-0.3919677734375,349.0,0.2976987957954407,,,SUPPORTED,partial_affine_ransac_sparse_flow,-0.284914646484533,-0.2677759385037228,343.0,0.2997086828478635,0.9999456507732017,0.9828080229226361,19.00253677368164,4.708492279052734,19.224262237548828,5.100460052490234,65.59489440917969,-6.561559677124023,-14.859019804084024,3.5691785187465674,path_segment_010,SUPPORTED,,19.00253677368164,4.708492279052734,19.259817056505995,5.128227003102381,65.31459867167484,-6.71261789156199,-14.90996193312383,3.576624742631903,path_segment_007,SUPPORTED,,19.00253677368164,4.708492279052734,19.224262237548828,5.100460052490234,65.59489440917969,-6.561559677124023,-14.859019804084024,3.5691785187465674,path_segment_010,SUPPORTED,,SUPPORTED,
133,130,4433.333333333334,VALID_TARGET,HUMAN_ACCEPTED_TARGET: operator reviewed the raw skeleton and confirmed that it belongs to the documented athlete.,7.0,776.2806701660156,369.490837097168,753.923225402832,369.35337829589844,SUPPORTED,798.9560439560439,409.72527472527474,580.3846153846154,131.97802197802199,437.1428571428572,555.4945054945056,SUPPORTED,translation_median_sparse_flow,0.540771484375,-0.2966766357421875,349.0,0.2996279299259186,,,SUPPORTED,partial_affine_ransac_sparse_flow,0.47010553412681455,-0.20641953978793937,336.0,0.27419115293826263,0.9998697032527243,0.9627507163323782,19.00253677368164,4.737888336181641,18.46176528930664,5.034564971923828,84.05665969848633,-1.5269947052001953,-15.253784365221103,3.433972000297213,path_segment_010,SUPPORTED,,19.00253677368164,4.737888336181641,18.547675740085424,5.1541440514332635,83.86227441176027,-1.5584738401287268,-15.52988061749347,3.4545314049282965,path_segment_007,SUPPORTED,,19.00253677368164,4.737888336181641,18.46176528930664,5.034564971923828,84.05665969848633,-1.5269947052001953,-15.253784365221103,3.433972000297213,path_segment_010,SUPPORTED,,SUPPORTED,
134,131,4466.666666666667,TARGET_IDENTITY_UNCERTAIN,TARGET_OVERLAP_AMBIGUOUS: another detected person overlaps or is too close to the selected pose for automated identity acceptance.,,824.4546279907227,368.39725494384766,,,,812.8571428571429,408.57142857142856,595.0,132.14285714285714,435.7142857142858,552.8571428571429,,,,,,,,,,,,,,,,,,,,,,,,,,,,,,,,,,,,,,,,,,,,,,,,,,,
