frame_index,source_frame_index,analysis_frame_index,timestamp_ms,observed_landmark_count,observed_fraction,median_confidence,core_observed_count,lower_limb_observed_count,core_median_confidence,lower_limb_median_confidence,human_target_unavailable,human_target_unavailable_reason,human_target_unavailable_note,human_target_unavailable_start_frame,human_target_unavailable_end_frame,human_target_accepted,human_target_accepted_note,human_target_accepted_start_frame,human_target_accepted_end_frame,pelvis_x,pelvis_y,shoulder_mid_x,shoulder_mid_y,body_scale_px,backend_pose_count,selected_pose_index,multiple_pose_candidates,competing_pose_count,competing_pose_max_iou,competing_pose_min_center_distance_fraction,pose_bbox_x,pose_bbox_y,pose_bbox_width,pose_bbox_height,pose_centroid_x,pose_centroid_y,roi_center_x,roi_center_y,roi_pose_centroid_distance_px,roi_pose_centroid_distance_fraction,pose_roi_overlap_fraction,pose_scale_px,pose_scale_relative_change,pose_centroid_consistent_with_roi,pelvis_jump_px,shoulder_jump_px,body_scale_reference_px,body_scale_relative_change,identity_jump_flag,competing_pose_proximity_flag,target_overlap_ambiguous_flag,identity_uncertain_flag,frame_status,frame_rejection_reason,valid_target_frame,valid_segment_id,automatic_frame_status,automatic_frame_rejection_reason,manual_review_decision,manual_override_applied
3,3,0,100.0,17,1.0,0.935198187828064,4,6,0.9713543355464935,0.9960006177425385,False,,,,,False,,,,662.0784301757812,391.0614318847656,707.2970581054688,237.02627182006836,160.53521373206698,5,1,True,4,0.6635066257655948,0.11368683706418353,493.3422546386719,201.48312759399414,241.87530517578125,419.08669662475586,614.2799072265625,411.02647590637207,595.7142857142858,407.85714285714283,18.834196933080232,0.02505953958076788,1.0,483.87738378821496,,True,,,167.69101007101378,,False,True,True,False,TARGET_IDENTITY_UNCERTAIN,TARGET_OVERLAP_AMBIGUOUS: another detected person overlaps or is too close to the selected pose for automated identity acceptance.,False,,TARGET_IDENTITY_UNCERTAIN,TARGET_OVERLAP_AMBIGUOUS: another detected person overlaps or is too close to the selected pose for automated identity acceptance.,NOT_REVIEWED,False
4,4,1,133.33333333333334,17,1.0,0.9706116318702698,4,6,0.9953964054584503,0.9992362856864929,False,,,,,False,,,,652.5959014892578,385.58736419677734,697.0182952880859,240.1723747253418,152.0489007977232,5,1,True,4,0.6975126425233661,0.09650603164845327,552.5068817138672,196.81268310546875,194.76100158691406,428.6162414550781,649.8873825073242,411.1208038330078,595.5357142857142,409.8214285714286,54.367197964787316,0.07442478160944296,1.0,470.7905374773539,0.07804143051746809,True,10.949144594141465,10.749461779390698,167.69101007101378,0.05060684487946008,False,True,True,False,TARGET_IDENTITY_UNCERTAIN,TARGET_OVERLAP_AMBIGUOUS: another detected person overlaps or is too close to the selected pose for automated identity acceptance.,False,,TARGET_IDENTITY_UNCERTAIN,TARGET_OVERLAP_AMBIGUOUS: another detected person overlaps or is too close to the selected pose for automated identity acceptance.,NOT_REVIEWED,False
5,5,2,166.66666666666666,17,1.0,0.9851759672164917,4,6,0.996862918138504,0.9992650747299194,False,,,,,False,,,,650.1569366455078,388.07274627685547,695.1788940429688,242.7784652709961,152.10984432609357,4,0,True,3,0.7040701415239783,0.09263766594057565,536.8488616943359,206.06387329101562,259.5122528076172,410.40484619140625,666.6049880981445,411.26629638671875,595.3571428571429,411.7857142857143,71.24973857102577,0.1002448133359121,1.0,485.57053775396673,0.0881382983521526,True,3.482193790273874,3.1898440201187537,167.69101007101378,0.0003634275227070946,False,True,True,False,TARGET_IDENTITY_UNCERTAIN,TARGET_OVERLAP_AMBIGUOUS: another detected person overlaps or is too close to the selected pose for automated identity acceptance.,False,,TARGET_IDENTITY_UNCERTAIN,TARGET_OVERLAP_AMBIGUOUS: another detected person overlaps or is too close to the selected pose for automated identity acceptance.,NOT_REVIEWED,False
6,6,3,200.0,17,1.0,0.9073188304901123,4,6,0.9857910871505737,0.995530754327774,False,,,,,False,,,,665.2139739990234,429.6199951171875,709.3035278320312,252.77713775634766,182.2560971730165,4,0,True,3,0.6488528391516241,0.10688256574165092,480.03257751464844,223.0874786376953,256.86415100097656,380.07090759277344,608.4646530151367,413.12293243408203,595.1785714285714,413.75000000000006,13.300871311951528,0.01920790291198966,1.0,458.7298626292461,0.16006031040873417,True,44.19149533638386,17.305453797703557,167.69101007101378,0.17977262367348504,False,True,True,False,TARGET_IDENTITY_UNCERTAIN,TARGET_OVERLAP_AMBIGUOUS: another detected person overlaps or is too close to the selected pose for automated identity acceptance.,False,,TARGET_IDENTITY_UNCERTAIN,TARGET_OVERLAP_AMBIGUOUS: another detected person overlaps or is too close to the selected pose for automated identity acceptance.,NOT_REVIEWED,False
7,7,4,233.33333333333334,17,1.0,0.8185535669326782,4,6,0.9918484091758728,0.9834969341754913,False,,,,,False,,,,660.5432357788086,417.97776794433594,692.8502655029297,251.69103240966797,169.39605244624755,5,1,True,4,0.6074595351160352,0.10623383257689704,603.7487182617188,209.34927368164062,180.39614868164062,420.5010681152344,693.9467926025391,419.5998077392578,595.0,415.7142857142857,99.02305311257788,0.1465378850221038,1.0,457.56302161038053,0.0069582801032174275,True,12.544211775399003,16.489071110718115,167.69101007101378,0.07668893354105859,False,True,True,False,TARGET_IDENTITY_UNCERTAIN,TARGET_OVERLAP_AMBIGUOUS: another detected person overlaps or is too close to the selected pose for automated identity acceptance.,False,,TARGET_IDENTITY_UNCERTAIN,TARGET_OVERLAP_AMBIGUOUS: another detected person overlaps or is too close to the selected pose for automated identity acceptance.,NOT_REVIEWED,False
8,8,5,266.6666666666667,17,1.0,0.9465931057929993,4,6,0.9971056282520294,0.9970627427101135,False,,,,,False,,,,661.7659530639648,406.34251403808594,699.0398864746094,250.32559967041016,160.40767961887562,3,0,True,2,0.6360801883236479,0.1038367914586409,521.9828643798828,215.7864532470703,288.12644958496094,416.59739685058594,666.0460891723633,424.0851516723633,620.3571428571429,410.7142857142858,47.60525046530022,0.0683821221913963,1.0,506.5276320331593,0.2919930555731237,True,11.699323528406493,6.338439424534567,167.69101007101378,0.05360080318894577,False,True,True,False,TARGET_IDENTITY_UNCERTAIN,TARGET_OVERLAP_AMBIGUOUS: another detected person overlaps or is too close to the selected pose for automated identity acceptance.,False,,TARGET_IDENTITY_UNCERTAIN,TARGET_OVERLAP_AMBIGUOUS: another detected person overlaps or is too close to the selected pose for automated identity acceptance.,NOT_REVIEWED,False
9,9,6,300.0,17,1.0,0.9692888855934143,4,6,0.9989305138587952,0.9920963048934937,False,,,,,False,,,,648.4731216430664,409.0262451171875,696.7306137084961,261.5463523864746,155.17443185108684,1,0,False,0,0.0,,599.1230773925781,215.94386291503906,236.98202514648438,457.02684020996094,717.6140899658203,444.45728302001953,645.7142857142857,405.7142857142858,81.67375154626542,0.11381974704157193,1.0,514.8145422526738,0.049417736919857534,True,13.561039034283487,11.455916908889497,167.69101007101378,0.031207682305524946,False,False,False,False,INVALID_TRACK_SEGMENT,Valid-looking pose segment is too short to establish target identity continuity.,False,,INVALID_TRACK_SEGMENT,Valid-looking pose segment is too short to establish target identity continuity.,NOT_REVIEWED,False
10,10,7,333.3333333333333,17,1.0,0.9561147093772888,4,6,0.9962154924869537,0.9871545433998108,False,,,,,False,,,,648.831657409668,399.13172912597656,706.0677795410156,262.0049133300781,148.59252096574986,3,0,True,2,0.07943785183767021,0.17915971640811443,614.0292816162109,224.0140609741211,191.27894592285156,443.9633560180664,709.6687545776367,445.9957389831543,642.1428571428571,408.05357251848494,77.45550219580953,0.11043875972976473,1.0,483.41606990270975,0.18724004546616704,True,9.901009776596604,9.34841932751033,167.69101007101378,0.039250231020432604,False,True,True,False,TARGET_IDENTITY_UNCERTAIN,TARGET_OVERLAP_AMBIGUOUS: another detected person overlaps or is too close to the selected pose for automated identity acceptance.,False,,TARGET_IDENTITY_UNCERTAIN,TARGET_OVERLAP_AMBIGUOUS: another detected person overlaps or is too close to the selected pose for automated identity acceptance.,NOT_REVIEWED,False
11,11,8,366.66666666666663,17,1.0,0.9141464233398438,4,6,0.9935256242752075,0.992167055606842,False,,,,,False,,,,650.8138275146484,419.7751770019531,722.4151153564453,268.31060791015625,167.5358472410235,3,0,True,2,0.6506869930763121,0.10058815262880214,552.604736328125,227.11431121826172,243.018798828125,422.21875762939453,674.1141357421875,438.223690032959,638.5714285714286,410.39285932268416,45.142432046249965,0.06565839719109666,1.0,487.16200167703363,0.022338298115907058,True,20.738392862833887,17.521334777911665,167.69101007101378,0.11296566385551336,False,True,True,False,TARGET_IDENTITY_UNCERTAIN,TARGET_OVERLAP_AMBIGUOUS: another detected person overlaps or is too close to the selected pose for automated identity acceptance.,False,,TARGET_IDENTITY_UNCERTAIN,TARGET_OVERLAP_AMBIGUOUS: another detected person overlaps or is too close to the selected pose for automated identity acceptance.,NOT_REVIEWED,False
12,12,9,400.0,17,1.0,0.908719539642334,4,6,0.9769792556762695,0.970766544342041,False,,,,,False,,,,669.4922714233398,447.2811737060547,727.3974151611328,282.7274856567383,174.44460989645452,2,0,True,1,0.026668546932864762,0.20675577941539272,549.8825836181641,238.20148468017578,226.3102569580078,364.3955612182617,663.037712097168,420.39926528930664,635.0,412.7321461268833,29.067129474622668,0.04298007262720673,1.0,428.952744996429,0.3471221066409833,True,33.248520591692156,15.253513539630182,167.69101007101378,0.04119936216321493,False,True,True,False,TARGET_IDENTITY_UNCERTAIN,TARGET_OVERLAP_AMBIGUOUS: another detected person overlaps or is too close to the selected pose for automated identity acceptance.,False,,TARGET_IDENTITY_UNCERTAIN,TARGET_OVERLAP_AMBIGUOUS: another detected person overlaps or is too close to the selected pose for automated identity acceptance.,NOT_REVIEWED,False
13,13,10,433.33333333333337,17,1.0,0.8815402388572693,4,6,0.9772031903266907,0.9719665050506592,False,,,,,False,,,,647.4889602661133,454.5615997314453,718.5749206542969,294.9959487915039,174.683744876842,2,0,True,1,0.024571781999949922,0.255928015488195,534.9435615539551,248.9832000732422,235.11750411987305,369.54527282714844,652.5023136138916,433.7558364868164,631.4285714285714,415.07143293108254,28.163976031925298,0.04217753486165663,1.0,437.99994225165153,0.05395159377590516,True,23.17650329521078,15.111306926015812,167.69101007101378,0.0014260453216080062,False,True,True,False,TARGET_IDENTITY_UNCERTAIN,TARGET_OVERLAP_AMBIGUOUS: another detected person overlaps or is too close to the selected pose for automated identity acceptance.,False,,TARGET_IDENTITY_UNCERTAIN,TARGET_OVERLAP_AMBIGUOUS: another detected person overlaps or is too close to the selected pose for automated identity acceptance.,NOT_REVIEWED,False
14,14,11,466.6666666666667,17,1.0,0.826180636882782,4,6,0.9720431864261627,0.9694727063179016,False,,,,,False,,,,624.7429809570312,453.6082763671875,712.0605316162109,306.02205657958984,171.4819142776039,2,0,True,1,0.010781748249280364,0.3081349677338724,543.8696136474609,254.79444885253906,228.1256866455078,372.3531951904297,657.9324569702148,440.9710464477539,625.1785714285713,414.7053609575544,41.984559689785506,0.06245083707234704,1.0,436.6786356990764,0.007879411973340758,True,22.765948259759085,12.806729383180688,167.69101007101378,0.019093632973420642,False,True,True,False,TARGET_IDENTITY_UNCERTAIN,TARGET_OVERLAP_AMBIGUOUS: another detected person overlaps or is too close to the selected pose for automated identity acceptance.,False,,TARGET_IDENTITY_UNCERTAIN,TARGET_OVERLAP_AMBIGUOUS: another detected person overlaps or is too close to the selected pose for automated identity acceptance.,NOT_REVIEWED,False
15,15,12,500.0,17,1.0,0.8537533283233643,4,6,0.9659788906574249,0.955621063709259,False,,,,,False,,,,630.7264633178711,453.2945098876953,720.9991455078125,303.9820251464844,174.48030046214532,2,0,True,1,0.0012176783778020824,0.3242623738724968,548.2372741699219,255.48147583007812,232.76272583007812,390.5368347167969,664.6186370849609,450.74989318847656,618.9285714285714,414.3392889840262,58.42357570551738,0.0862570739295431,1.0,454.6399738325512,0.10710972595292123,True,5.991703477821184,9.168453880082005,167.69101007101378,0.017880422947370134,False,True,True,False,TARGET_IDENTITY_UNCERTAIN,TARGET_OVERLAP_AMBIGUOUS: another detected person overlaps or is too close to the selected pose for automated identity acceptance.,False,,TARGET_IDENTITY_UNCERTAIN,TARGET_OVERLAP_AMBIGUOUS: another detected person overlaps or is too close to the selected pose for automated identity acceptance.,NOT_REVIEWED,False
16,16,13,533.3333333333334,17,1.0,0.8893736600875854,4,6,0.9744865894317627,0.9802228510379791,False,,,,,False,,,,623.7416076660156,451.2127685546875,719.0927886962891,295.2026596069336,182.84146635202316,1,0,False,0,0.0,,530.2473526000977,253.1178436279297,253.75264739990234,387.0644073486328,657.1236763000488,446.6500473022461,612.6785714285714,413.97321701049805,55.16468603148508,0.08078600834322928,1.0,462.827464071232,0.04882486088677937,True,7.2884741513440545,8.98395545235469,167.69101007101378,0.0498605493898394,False,False,False,False,INVALID_TRACK_SEGMENT,Valid-looking pose segment is too short to establish target identity continuity.,False,,INVALID_TRACK_SEGMENT,Valid-looking pose segment is too short to establish target identity continuity.,NOT_REVIEWED,False
17,17,14,566.6666666666666,17,1.0,0.8868197202682495,4,6,0.9927065372467041,0.9855212569236755,False,,,,,False,,,,621.3970108032227,443.5525207519531,713.4248199462891,299.6127471923828,170.84430358678347,1,0,False,0,0.0,,525.9061813354492,259.3187561035156,260.2858352661133,405.3666687011719,656.0490989685059,462.00209045410156,606.4285714285713,413.6071450369698,69.31282345474438,0.10061950430225143,1.0,481.7373269055076,0.11276610968153661,True,8.011025580305898,7.181555699311249,167.69101007101378,0.07154326734724262,False,False,False,False,INVALID_TRACK_SEGMENT,Valid-looking pose segment is too short to establish target identity continuity.,False,,INVALID_TRACK_SEGMENT,Valid-looking pose segment is too short to establish target identity continuity.,NOT_REVIEWED,False
18,18,15,600.0,17,1.0,0.9298556447029114,4,6,0.9943625926971436,0.9941560328006744,False,,,,,False,,,,623.0728607177734,436.5625457763672,720.5427398681641,285.8931655883789,179.448152589611,2,0,True,1,0.18953056998954818,0.2188094052904678,491.54730224609375,240.63574981689453,298.45269775390625,386.14086151123047,640.7736511230469,433.70618057250977,600.1785714285716,413.24107306344166,45.46186446636915,0.06538073391759469,1.0,488.0356316143523,0.03755898844057015,True,7.18806114994979,15.456121874621312,167.69101007101378,0.05130775346384981,False,True,True,False,TARGET_IDENTITY_UNCERTAIN,TARGET_OVERLAP_AMBIGUOUS: another detected person overlaps or is too close to the selected pose for automated identity acceptance.,False,,TARGET_IDENTITY_UNCERTAIN,TARGET_OVERLAP_AMBIGUOUS: another detected person overlaps or is too close to the selected pose for automated identity acceptance.,NOT_REVIEWED,False
19,19,16,633.3333333333333,17,1.0,0.9393190741539001,4,6,0.9985619485378265,0.9977688193321228,False,,,,,False,,,,613.4222183227539,415.0858917236328,721.442138671875,276.70528411865234,175.54912632466744,3,0,True,2,0.17885644860869632,0.24375550305399674,433.7625503540039,234.14238739013672,357.4972457885742,398.2683792114258,612.511173248291,433.2765769958496,593.9285714285714,412.8750010899135,27.595966912502234,0.03929507019205118,1.0,535.1840642490323,0.2811625537631001,True,23.54530883079218,9.23179744740218,167.69101007101378,0.023251253977732013,False,True,True,False,TARGET_IDENTITY_UNCERTAIN,TARGET_OVERLAP_AMBIGUOUS: another detected person overlaps or is too close to the selected pose for automated identity acceptance.,False,,TARGET_IDENTITY_UNCERTAIN,TARGET_OVERLAP_AMBIGUOUS: another detected person overlaps or is too close to the selected pose for automated identity acceptance.,NOT_REVIEWED,False
20,20,17,666.6666666666666,17,1.0,0.9314701557159424,4,6,0.9953999519348145,0.9959832429885864,False,,,,,False,,,,626.0876388549805,420.45094299316406,719.5965881347656,274.5324020385742,173.3093886369857,1,0,False,0,0.0,,443.73702239990234,235.53890991210938,343.5205764770508,392.97698974609375,615.4973106384277,432.02740478515625,587.6785714285714,412.50892911638533,33.9831302804553,0.047886977465752746,1.0,521.9552671762464,0.07888793243706867,True,13.75487740341022,2.8508723785798167,167.69101007101378,0.013356337270156993,False,False,False,False,VALID_TARGET,,True,1,VALID_TARGET,,NOT_REVIEWED,False
21,21,18,700.0,17,1.0,0.9325026273727417,4,6,0.9979280233383179,0.9970574080944061,False,,,,,False,,,,620.6574554443359,399.88963317871094,715.9624481201172,262.8698043823242,166.90558742091844,1,0,False,0,0.0,,419.845760345459,232.72127532958984,375.5558204650879,390.4923782348633,607.6236705780029,427.9674644470215,581.4285714285714,412.1428571428571,30.603944448053728,0.0426560384005643,1.0,541.7808336815957,0.11822677015871998,True,21.26627266728153,12.215693092806356,167.69101007101378,0.038188100920588226,False,False,False,False,VALID_TARGET,,True,1,VALID_TARGET,,NOT_REVIEWED,False
22,22,19,733.3333333333333,17,1.0,0.9538270235061646,4,6,0.9969929754734039,0.9972898960113525,False,,,,,False,,,,620.6010284423828,400.47206115722656,723.7949829101562,264.6126403808594,170.6070762084237,1,0,False,0,0.0,,421.8380584716797,226.83653259277344,363.9737091064453,400.7998504638672,603.8249130249023,427.23645782470703,573.3333333333334,412.1428571428571,34.022833709590415,0.04706056518183654,1.0,541.403159440875,0.0022522032669536453,True,0.5851549852023952,8.024093628252496,167.69101007101378,0.022073269079468022,False,False,False,False,VALID_TARGET,,True,1,VALID_TARGET,,NOT_REVIEWED,False
23,23,20,766.6666666666667,17,1.0,0.9141355752944946,4,6,0.995874673128128,0.9970800876617432,False,,,,,False,,,,619.9070129394531,397.01377868652344,716.6162109375,266.05809783935547,162.7945310001867,1,0,False,0,0.0,,415.9838333129883,226.09278106689453,365.76717376708984,389.93636322021484,598.8674201965332,421.06096267700195,565.2380952380952,412.14285714285717,34.79172464075856,0.047751409705190664,1.0,534.6363182266725,0.04035303509315654,True,3.527233358523257,7.322848783070485,167.69101007101378,0.046588932852921226,False,False,False,False,VALID_TARGET,,True,1,VALID_TARGET,,NOT_REVIEWED,False
24,24,21,800.0,17,1.0,0.9285065531730652,4,6,0.9952070415019989,0.9960716664791107,False,,,,,False,,,,612.3462524414062,396.30108642578125,702.4750061035156,257.4146842956543,165.56758418644793,1,0,False,0,0.0,,410.14447021484375,224.1893310546875,367.95489501953125,387.9049072265625,594.1219177246094,418.14178466796875,557.1428571428571,412.14285714285717,37.46248861141563,0.05101219584619532,1.0,534.6597252639124,0.00013958432971413764,True,7.5942761055513275,16.573541318744763,167.69101007101378,0.016536683660542624,False,False,False,False,VALID_TARGET,,True,1,VALID_TARGET,,NOT_REVIEWED,False
25,25,22,833.3333333333334,17,1.0,0.9393766522407532,4,6,0.9977138340473175,0.9976742565631866,False,,,,,False,,,,595.5733871459961,402.2449188232422,685.9905395507812,256.91977310180664,171.156826997776,2,0,True,1,0.07234868770421107,0.32806341563030383,405.0362243652344,226.10152435302734,345.17608642578125,393.4297866821289,577.624267578125,422.8164176940918,555.7142857142858,414.1428571428572,23.564336568418305,0.03203905167632213,1.0,523.3865948693793,0.06722560970775414,True,17.794891227177555,16.491894209520446,167.69101007101378,0.0333306049558717,False,True,True,False,TARGET_IDENTITY_UNCERTAIN,TARGET_OVERLAP_AMBIGUOUS: another detected person overlaps or is too close to the selected pose for automated identity acceptance.,False,,TARGET_IDENTITY_UNCERTAIN,TARGET_OVERLAP_AMBIGUOUS: another detected person overlaps or is too close to the selected pose for automated identity acceptance.,NOT_REVIEWED,False
26,26,23,866.6666666666667,17,1.0,0.9552620649337769,4,6,0.9979871213436127,0.9980987906455994,False,,,,,False,,,,593.6216049194336,401.28761291503906,681.8178100585938,253.56154251098633,172.05104614030094,3,0,True,2,0.27236700304922445,0.23191330434655982,396.59674072265625,225.86434936523438,365.87554931640625,385.3202819824219,579.5345153808594,418.5244903564453,554.2857142857142,416.1428571428571,25.36087801134396,0.03442935077375836,1.0,531.3535897070755,0.04750996988045011,True,2.1739108679533943,5.356247204535345,167.69101007101378,0.005332540737552134,False,True,True,False,TARGET_IDENTITY_UNCERTAIN,TARGET_OVERLAP_AMBIGUOUS: another detected person overlaps or is too close to the selected pose for automated identity acceptance.,False,,TARGET_IDENTITY_UNCERTAIN,TARGET_OVERLAP_AMBIGUOUS: another detected person overlaps or is too close to the selected pose for automated identity acceptance.,NOT_REVIEWED,False
27,27,24,900.0,17,1.0,0.9815279245376587,4,6,0.9991745948791504,0.9990111291408539,False,,,,,False,,,,585.0047607421875,411.4653778076172,667.2567749023438,261.9149932861328,170.67721389783225,2,0,True,1,0.20872915320464427,0.23957187175374908,421.78519439697266,229.8218765258789,325.86263275146484,393.1038131713867,584.7165107727051,426.37378311157227,552.8571428571429,418.14285714285717,32.905432169804754,0.04460313656284433,1.0,510.60460569172363,0.12373343094877325,True,13.335550299239088,16.787015359328883,167.69101007101378,0.008192640988249183,False,True,True,False,TARGET_IDENTITY_UNCERTAIN,TARGET_OVERLAP_AMBIGUOUS: another detected person overlaps or is too close to the selected pose for automated identity acceptance.,False,,TARGET_IDENTITY_UNCERTAIN,TARGET_OVERLAP_AMBIGUOUS: another detected person overlaps or is too close to the selected pose for automated identity acceptance.,NOT_REVIEWED,False
28,28,25,933.3333333333334,17,1.0,0.9811899662017822,4,6,0.9986351132392883,0.9992362558841705,False,,,,,False,,,,582.7969741821289,410.7690124511719,674.9722442626953,271.21146392822266,167.25008150718696,1,0,False,0,0.0,,420.0870895385742,236.84513092041016,308.3541030883789,391.5156784057617,574.2641410827637,432.602970123291,551.4285714285714,420.14285714285717,26.01379743360513,0.03520691867074089,1.0,498.36410317052577,0.07299438721261362,True,2.3150045797865206,12.08109406675414,167.69101007101378,0.020437186162776178,False,False,False,False,INVALID_TRACK_SEGMENT,Valid-looking pose segment is too short to establish target identity continuity.,False,,INVALID_TRACK_SEGMENT,Valid-looking pose segment is too short to establish target identity continuity.,NOT_REVIEWED,False
29,29,26,966.6666666666666,17,1.0,0.9702558517456055,4,6,0.9989595711231232,0.998681902885437,False,,,,,False,,,,581.8649139404297,420.29176330566406,686.6205139160156,273.5353012084961,180.30861014805276,2,0,True,1,0.3045784582101719,0.21790661370484374,429.00074005126953,234.61962890625,314.4284896850586,368.68890380859375,586.2149848937988,418.9640808105469,550.0,422.1428571428571,36.354226024341834,0.049124586351673175,1.0,484.5583379916287,0.08232859455644392,True,9.568255856261793,11.877811482830142,167.69101007101378,0.07787256237132675,False,True,True,False,TARGET_IDENTITY_UNCERTAIN,TARGET_OVERLAP_AMBIGUOUS: another detected person overlaps or is too close to the selected pose for automated identity acceptance.,False,,TARGET_IDENTITY_UNCERTAIN,TARGET_OVERLAP_AMBIGUOUS: another detected person overlaps or is too close to the selected pose for automated identity acceptance.,NOT_REVIEWED,False
30,30,27,1000.0,17,1.0,0.9673143625259399,4,6,0.9987733066082001,0.9957935810089111,False,,,,,False,,,,569.1781234741211,417.5764465332031,665.1313934326172,273.22918701171875,173.32963205144927,2,0,True,1,0.1472782478043657,0.28636057892928607,422.87628173828125,236.84423828125,318.685546875,384.259033203125,582.2190551757812,428.9737548828125,546.0714285714287,416.07142857142856,38.38125757935934,0.05272451864025285,1.0,499.2148659497413,0.08740198983777264,True,12.974112590494439,21.491300683101592,167.69101007101378,0.04161808133690674,False,True,True,False,TARGET_IDENTITY_UNCERTAIN,TARGET_OVERLAP_AMBIGUOUS: another detected person overlaps or is too close to the selected pose for automated identity acceptance.,False,,TARGET_IDENTITY_UNCERTAIN,TARGET_OVERLAP_AMBIGUOUS: another detected person overlaps or is too close to the selected pose for automated identity acceptance.,NOT_REVIEWED,False
31,31,28,1033.3333333333335,17,1.0,0.9758771657943726,4,6,0.9977848827838898,0.9896109998226166,False,,,,,False,,,,563.3867874145508,426.3082733154297,646.3526611328125,279.87071990966797,168.30713962663577,2,0,True,1,0.14232511842682388,0.2768108077470481,463.771484375,236.76380920410156,251.8209228515625,385.6792755126953,589.6819458007812,429.6034469604492,542.1428571428571,409.99999999999994,51.42236948213413,0.07181858583914277,1.0,460.610769246454,0.2302096975081682,True,10.477803792288176,19.91860301382277,167.69101007101378,0.02995087466338576,False,True,True,False,TARGET_IDENTITY_UNCERTAIN,TARGET_OVERLAP_AMBIGUOUS: another detected person overlaps or is too close to the selected pose for automated identity acceptance.,False,,TARGET_IDENTITY_UNCERTAIN,TARGET_OVERLAP_AMBIGUOUS: another detected person overlaps or is too close to the selected pose for automated identity acceptance.,NOT_REVIEWED,False
32,32,29,1066.6666666666667,17,1.0,0.9529114365577698,4,6,0.9951460957527161,0.9697871804237366,False,,,,,False,,,,573.1628646850586,415.8701934814453,640.7940826416016,280.3920593261719,151.42095785088566,2,0,True,1,0.19258197097643004,0.25525585273819834,530.4547119140625,237.6038360595703,179.24002075195312,376.5081329345703,620.0747222900391,425.85790252685547,543.3333333333334,409.5238095238095,78.46045738610339,0.1102972237610609,1.0,416.9956345155626,0.2600922656045861,True,14.301230626053506,5.582973189094991,167.69101007101378,0.10069819347262061,False,True,True,False,TARGET_IDENTITY_UNCERTAIN,TARGET_OVERLAP_AMBIGUOUS: another detected person overlaps or is too close to the selected pose for automated identity acceptance.,False,,TARGET_IDENTITY_UNCERTAIN,TARGET_OVERLAP_AMBIGUOUS: another detected person overlaps or is too close to the selected pose for automated identity acceptance.,NOT_REVIEWED,False
33,33,30,1100.0,17,1.0,0.9669793844223022,4,6,0.9980894923210144,0.9888856410980225,False,,,,,False,,,,560.734130859375,425.8410186767578,636.1950988769531,282.91492462158203,161.62371749226318,2,0,True,1,0.19544008623563375,0.2656102912691288,488.01853942871094,236.8465576171875,207.5170135498047,370.42779541015625,591.7770462036133,422.0604553222656,544.5238095238095,409.04761904761904,49.01226667507135,0.0693446389459632,1.0,424.5939972786455,0.04531168820478292,True,15.933950532908344,5.245521991783552,167.69101007101378,0.06084261545718439,False,True,True,False,TARGET_IDENTITY_UNCERTAIN,TARGET_OVERLAP_AMBIGUOUS: another detected person overlaps or is too close to the selected pose for automated identity acceptance.,False,,TARGET_IDENTITY_UNCERTAIN,TARGET_OVERLAP_AMBIGUOUS: another detected person overlaps or is too close to the selected pose for automated identity acceptance.,NOT_REVIEWED,False
34,34,31,1133.3333333333333,17,1.0,0.9812520742416382,4,6,0.9974484443664551,0.9732362627983093,False,,,,,False,,,,558.3837585449219,414.9960479736328,614.653205871582,273.0136413574219,152.7260766568003,3,0,True,2,0.647245944573646,0.09404337296194275,505.11976623535156,231.74871063232422,190.77842712402344,366.9918899536133,600.5089797973633,415.24465560913086,545.7142857142858,408.57142857142856,55.19955125501266,0.07859620033560141,1.0,413.61752325988476,0.06545654423640478,True,11.096740042381244,23.708407043325245,167.69101007101378,0.0530597366650419,False,True,True,False,TARGET_IDENTITY_UNCERTAIN,TARGET_OVERLAP_AMBIGUOUS: another detected person overlaps or is too close to the selected pose for automated identity acceptance.,False,,TARGET_IDENTITY_UNCERTAIN,TARGET_OVERLAP_AMBIGUOUS: another detected person overlaps or is too close to the selected pose for automated identity acceptance.,NOT_REVIEWED,False
35,35,32,1166.6666666666667,17,1.0,0.9841426014900208,4,6,0.9967222213745117,0.9777174592018127,False,,,,,False,,,,561.3137435913086,422.05210876464844,604.1095275878906,276.31465911865234,151.89102461041387,3,0,True,2,0.4913856068631818,0.11537560422393461,529.657958984375,233.50860595703125,161.19876098632812,387.0986633300781,610.2573394775391,427.0579376220703,540.5714285714286,409.2857142857142,71.91646613350584,0.10226217973226845,1.0,419.3213751950412,0.03401405914807809,True,7.640209830793774,11.04834241006065,167.69101007101378,0.004979706700036032,False,True,True,False,TARGET_IDENTITY_UNCERTAIN,TARGET_OVERLAP_AMBIGUOUS: another detected person overlaps or is too close to the selected pose for automated identity acceptance.,False,,TARGET_IDENTITY_UNCERTAIN,TARGET_OVERLAP_AMBIGUOUS: another detected person overlaps or is too close to the selected pose for automated identity acceptance.,NOT_REVIEWED,False
36,36,33,1200.0,17,1.0,0.9870437979698181,4,6,0.9978468418121338,0.9834945797920227,False,,,,,False,,,,544.8217620849609,435.1815490722656,585.6491546630859,278.5302963256836,161.8841899995236,2,0,True,1,0.4461944540213879,0.13426914954021882,480.5845184326172,230.06958770751953,202.61058044433594,405.46178436279297,581.8898086547852,432.800479888916,535.4285714285714,410.0,51.75430849461106,0.07349193156673874,1.0,453.2662637861445,0.20242521394992108,True,21.08002981015435,18.592859294794955,167.69101007101378,0.05959273180403555,False,True,True,False,TARGET_IDENTITY_UNCERTAIN,TARGET_OVERLAP_AMBIGUOUS: another detected person overlaps or is too close to the selected pose for automated identity acceptance.,False,,TARGET_IDENTITY_UNCERTAIN,TARGET_OVERLAP_AMBIGUOUS: another detected person overlaps or is too close to the selected pose for automated identity acceptance.,NOT_REVIEWED,False
37,37,34,1233.3333333333335,17,1.0,0.971492350101471,4,6,0.9969762563705444,0.9832258522510529,False,,,,,False,,,,558.1625442504883,443.69085693359375,587.9369812011719,283.4545135498047,162.97914847224413,2,0,True,1,0.22882538229617083,0.22637520203959094,430.7789993286133,227.43508911132812,215.06902313232422,433.8226013183594,538.3135108947754,444.3463897705078,530.2857142857142,410.71428571428567,34.57692788038012,0.049031125603681745,1.0,484.2073255597445,0.18451234660997667,True,15.823551720992132,5.42973899360744,167.69101007101378,0.006529619400925712,False,True,True,False,TARGET_IDENTITY_UNCERTAIN,TARGET_OVERLAP_AMBIGUOUS: another detected person overlaps or is too close to the selected pose for automated identity acceptance.,False,,TARGET_IDENTITY_UNCERTAIN,TARGET_OVERLAP_AMBIGUOUS: another detected person overlaps or is too close to the selected pose for automated identity acceptance.,NOT_REVIEWED,False
38,38,35,1266.6666666666665,17,1.0,0.9591108560562134,4,6,0.9966239929199219,0.9855510592460632,False,,,,,False,,,,545.8270645141602,441.3296203613281,574.5772933959961,279.88578033447266,163.98380756457283,2,0,True,1,0.21084610630576633,0.22364735824139223,418.6851119995117,225.92532348632812,219.38843536376953,423.4439392089844,528.3793296813965,437.6472930908203,525.1428571428572,411.42857142857144,26.417723597902917,0.037407539611498106,1.0,476.90256365864184,0.0435608438282365,True,12.559438621035834,13.828127675646352,167.69101007101378,0.005991132690436066,False,True,True,False,TARGET_IDENTITY_UNCERTAIN,TARGET_OVERLAP_AMBIGUOUS: another detected person overlaps or is too close to the selected pose for automated identity acceptance.,False,,TARGET_IDENTITY_UNCERTAIN,TARGET_OVERLAP_AMBIGUOUS: another detected person overlaps or is too close to the selected pose for automated identity acceptance.,NOT_REVIEWED,False
39,39,36,1300.0,17,1.0,0.968027651309967,4,6,0.9961225390434265,0.9840323626995087,False,,,,,False,,,,544.1644668579102,441.77606201171875,572.6434020996094,281.8621063232422,162.43005564376608,4,0,True,3,0.6846321479603431,0.0008722685640546868,382.7363052368164,228.33924865722656,261.97533416748047,437.39781188964844,513.7239723205566,447.0381546020508,520.0,412.1428571428571,35.45518732426537,0.050131181536570577,1.0,509.85088168798467,0.1964823159893299,True,1.7214938610902737,2.765103969135007,167.69101007101378,0.009265564803675306,False,True,True,False,TARGET_IDENTITY_UNCERTAIN,TARGET_OVERLAP_AMBIGUOUS: another detected person overlaps or is too close to the selected pose for automated identity acceptance.,False,,TARGET_IDENTITY_UNCERTAIN,TARGET_OVERLAP_AMBIGUOUS: another detected person overlaps or is too close to the selected pose for automated identity acceptance.,NOT_REVIEWED,False
40,40,37,1333.3333333333333,17,1.0,0.976823091506958,4,6,0.9952853918075562,0.9845423400402069,False,,,,,False,,,,529.061897277832,443.27008056640625,563.5188293457031,276.47318267822266,170.3187755728975,2,0,True,1,0.17609373558457156,0.24577970764576115,361.96566009521484,223.8601837158203,265.0703811645508,414.7313690185547,494.50085067749023,431.22586822509766,502.5,410.71428571428567,22.016162403599242,0.030363760827269968,1.0,492.20363206575877,0.10523670657569922,True,15.176287403803727,10.597090449419543,167.69101007101378,0.047043189290771746,False,True,True,False,TARGET_IDENTITY_UNCERTAIN,TARGET_OVERLAP_AMBIGUOUS: another detected person overlaps or is too close to the selected pose for automated identity acceptance.,False,,TARGET_IDENTITY_UNCERTAIN,TARGET_OVERLAP_AMBIGUOUS: another detected person overlaps or is too close to the selected pose for automated identity acceptance.,NOT_REVIEWED,False
41,41,38,1366.6666666666667,17,1.0,0.9790923595428467,4,6,0.9958480000495911,0.9869070053100586,False,,,,,False,,,,529.4075775146484,434.8337097167969,557.6281967163086,270.73756408691406,166.50510009819163,2,0,True,1,0.09807310289950233,0.30593715247481157,363.8095016479492,220.9917221069336,245.66480255126953,407.31229400634766,486.641902923584,424.6478691101074,485.0,409.2857142857142,15.449648735783638,0.0207946435023566,1.0,475.66217009687415,0.09864250899245965,True,8.443450002117869,8.221731776180265,167.69101007101378,0.022742277436881352,False,True,True,False,TARGET_IDENTITY_UNCERTAIN,TARGET_OVERLAP_AMBIGUOUS: another detected person overlaps or is too close to the selected pose for automated identity acceptance.,False,,TARGET_IDENTITY_UNCERTAIN,TARGET_OVERLAP_AMBIGUOUS: another detected person overlaps or is too close to the selected pose for automated identity acceptance.,NOT_REVIEWED,False
42,42,39,1400.0,17,1.0,0.9781792759895325,4,6,0.994097501039505,0.9959080815315247,False,,,,,False,,,,515.8746032714844,428.25506591796875,538.0257797241211,269.3238525390625,160.46745839679545,2,0,True,1,0.13778132560821765,0.30495544180215484,345.0990905761719,215.4557342529297,245.76412963867188,413.3517608642578,467.9811553955078,422.1316146850586,468.2142857142857,408.57142857142856,13.562189984726597,0.018037584410370313,1.0,480.89467207137625,0.031203234879951167,True,15.04725709549756,19.65332878359618,167.69101007101378,0.03600456398252573,False,True,True,False,TARGET_IDENTITY_UNCERTAIN,TARGET_OVERLAP_AMBIGUOUS: another detected person overlaps or is too close to the selected pose for automated identity acceptance.,False,,TARGET_IDENTITY_UNCERTAIN,TARGET_OVERLAP_AMBIGUOUS: another detected person overlaps or is too close to the selected pose for automated identity acceptance.,NOT_REVIEWED,False
43,43,40,1433.3333333333333,17,1.0,0.9773657321929932,4,6,0.9933181405067444,0.9966788291931152,False,,,,,False,,,,505.8940200805664,425.67100524902344,531.5807189941406,267.3192672729492,160.4215678177965,2,0,True,1,0.19894101297928563,0.2509010014834792,322.11387634277344,219.36927032470703,260.6402130126953,392.8585739135742,452.4339828491211,415.79855728149414,451.42857142857144,407.85714285714283,8.004805755536275,0.01051952690667046,1.0,471.45644521706396,0.05628343970446234,True,10.309675570629,6.74960516639713,167.69101007101378,0.0002736615336714614,False,True,True,False,TARGET_IDENTITY_UNCERTAIN,TARGET_OVERLAP_AMBIGUOUS: another detected person overlaps or is too close to the selected pose for automated identity acceptance.,False,,TARGET_IDENTITY_UNCERTAIN,TARGET_OVERLAP_AMBIGUOUS: another detected person overlaps or is too close to the selected pose for automated identity acceptance.,NOT_REVIEWED,False
44,44,41,1466.6666666666665,17,1.0,0.9831120371818542,4,6,0.996027261018753,0.9986342489719391,False,,,,,False,,,,498.9453353881836,422.8564453125,524.6166076660156,263.5079650878906,161.40307422801868,3,0,True,2,0.22930400559037983,0.24478814548574782,322.5497741699219,217.46353149414062,262.1707763671875,396.9748840332031,453.6351623535156,415.9509735107422,448.57142857142856,407.1428571428571,10.15993670088819,0.013502369332539689,1.0,475.7337223007729,0.02550689558073275,True,7.497063864636478,7.938820500323166,167.69101007101378,0.005853065169125839,False,True,True,False,TARGET_IDENTITY_UNCERTAIN,TARGET_OVERLAP_AMBIGUOUS: another detected person overlaps or is too close to the selected pose for automated identity acceptance.,False,,TARGET_IDENTITY_UNCERTAIN,TARGET_OVERLAP_AMBIGUOUS: another detected person overlaps or is too close to the selected pose for automated identity acceptance.,NOT_REVIEWED,False
45,45,42,1500.0,17,1.0,0.9829436540603638,4,6,0.9949135482311249,0.9969730079174042,False,,,,,False,,,,493.4694595336914,430.3724670410156,511.52066802978516,266.03731536865234,165.3235863491598,2,0,True,1,0.15608163266593433,0.29559404781078286,316.3890380859375,219.88967895507812,274.0489196777344,401.4509582519531,453.4134979248047,420.6151580810547,445.71428571428567,406.42857142857144,16.14116196285202,0.02169537572714546,1.0,486.0716842791243,0.06164887416429477,True,9.299236473890184,13.3379626554651,167.69101007101378,0.02337938163459602,False,True,True,False,TARGET_IDENTITY_UNCERTAIN,TARGET_OVERLAP_AMBIGUOUS: another detected person overlaps or is too close to the selected pose for automated identity acceptance.,False,,TARGET_IDENTITY_UNCERTAIN,TARGET_OVERLAP_AMBIGUOUS: another detected person overlaps or is too close to the selected pose for automated identity acceptance.,NOT_REVIEWED,False
46,46,43,1533.3333333333335,17,1.0,0.980418860912323,4,6,0.9958933293819427,0.9948174059391022,False,,,,,False,,,,481.3603515625,449.18125915527344,499.0787353515625,265.55667877197266,184.4774448138303,3,0,True,2,0.655958289983212,0.09621895308842142,344.0531005859375,214.50030517578125,222.67218017578125,424.01751708984375,455.3891906738281,426.5090637207031,443.0,406.85714285714283,23.231229824959897,0.03139010058633607,1.0,478.9298013522144,0.04258953967708525,True,22.369648112014147,12.451212804682628,167.69101007101378,0.11422114075500658,False,True,True,False,TARGET_IDENTITY_UNCERTAIN,TARGET_OVERLAP_AMBIGUOUS: another detected person overlaps or is too close to the selected pose for automated identity acceptance.,False,,TARGET_IDENTITY_UNCERTAIN,TARGET_OVERLAP_AMBIGUOUS: another detected person overlaps or is too close to the selected pose for automated identity acceptance.,NOT_REVIEWED,False
47,47,44,1566.6666666666667,17,1.0,0.9878976941108704,4,6,0.9979990422725677,0.9958567917346954,False,,,,,False,,,,478.9213104248047,449.3260498046875,495.29273986816406,267.46905517578125,182.59241549822636,3,0,True,2,0.6953089869497034,0.08436742912301623,341.0002975463867,218.83943939208984,226.66886138916016,409.09061431884766,454.3347282409668,423.3847465515137,440.28571428571433,407.2857142857143,21.367115692346694,0.029021135809253487,1.0,467.68996509143795,0.06702706517192891,True,2.4433350166376675,4.241573447455232,167.69101007101378,0.011241087490651155,False,True,True,False,TARGET_IDENTITY_UNCERTAIN,TARGET_OVERLAP_AMBIGUOUS: another detected person overlaps or is too close to the selected pose for automated identity acceptance.,False,,TARGET_IDENTITY_UNCERTAIN,TARGET_OVERLAP_AMBIGUOUS: another detected person overlaps or is too close to the selected pose for automated identity acceptance.,NOT_REVIEWED,False
48,48,45,1600.0,17,1.0,0.9842448830604553,4,6,0.9973942041397095,0.9953689873218536,False,,,,,False,,,,465.1805191040039,447.5150146484375,478.24110412597656,272.0754165649414,175.92507341710794,2,0,True,1,0.2967683663623697,0.20451823732843796,347.4384994506836,223.0345230102539,214.81354522705078,399.94466400146484,454.845272064209,423.0068550109863,437.57142857142856,407.71428571428567,23.070508115502456,0.031494304620090466,1.0,453.9830321457607,0.0817392234674514,True,13.859624614648391,17.662866322649666,167.69101007101378,0.039759687047593875,False,True,True,False,TARGET_IDENTITY_UNCERTAIN,TARGET_OVERLAP_AMBIGUOUS: another detected person overlaps or is too close to the selected pose for automated identity acceptance.,False,,TARGET_IDENTITY_UNCERTAIN,TARGET_OVERLAP_AMBIGUOUS: another detected person overlaps or is too close to the selected pose for automated identity acceptance.,NOT_REVIEWED,False
49,49,46,1633.3333333333333,17,1.0,0.9890778660774231,4,6,0.9987367689609528,0.9908795058727264,False,,,,,False,,,,451.315185546875,436.1876525878906,478.4857177734375,270.5706558227539,167.83094899028004,3,0,True,2,0.3652059734400113,0.1716024917096006,352.377685546875,225.4980926513672,243.76040649414062,427.8024444580078,474.2578887939453,439.3993148803711,434.85714285714283,408.14285714285705,50.29299087023418,0.06899943421606972,1.0,492.37594098253373,0.22895031057725987,True,17.904094668571258,1.5245132756892672,167.69101007101378,0.0482680879756178,False,True,True,False,TARGET_IDENTITY_UNCERTAIN,TARGET_OVERLAP_AMBIGUOUS: another detected person overlaps or is too close to the selected pose for automated identity acceptance.,False,,TARGET_IDENTITY_UNCERTAIN,TARGET_OVERLAP_AMBIGUOUS: another detected person overlaps or is too close to the selected pose for automated identity acceptance.,NOT_REVIEWED,False
50,50,47,1666.6666666666667,17,1.0,0.967369556427002,4,6,0.9967517256736755,0.9766344428062439,False,,,,,False,,,,444.69641876220703,449.30963134765625,477.11651611328125,271.5967788696289,180.64584315209203,2,0,True,1,0.34131710040958063,0.1798147692726822,326.07540130615234,221.10584259033203,221.15528106689453,401.5579147338867,436.6530418395996,421.8847999572754,432.1428571428571,408.57142857142856,14.056586486633785,0.019379227118800545,1.0,458.43038427792345,0.20242919814386603,True,14.696747950535322,1.7110352695086868,167.69101007101378,0.07641968496930839,False,True,True,False,TARGET_IDENTITY_UNCERTAIN,TARGET_OVERLAP_AMBIGUOUS: another detected person overlaps or is too close to the selected pose for automated identity acceptance.,False,,TARGET_IDENTITY_UNCERTAIN,TARGET_OVERLAP_AMBIGUOUS: another detected person overlaps or is too close to the selected pose for automated identity acceptance.,NOT_REVIEWED,False
51,51,48,1700.0,17,1.0,0.9755951166152954,4,6,0.9976085126399994,0.9794762134552002,False,,,,,False,,,,439.7017517089844,432.00978088378906,464.48030853271484,278.1728973388672,155.8196509336377,1,0,False,0,0.0,,319.8801956176758,230.50621032714844,235.89305877685547,383.99708557128906,437.8267250061035,422.50475311279297,427.85714285714283,407.1428571428571,18.31339444275711,0.0252685017101694,1.0,450.6653935086928,0.046305349141509494,True,18.0064301027359,14.24496669496355,167.69101007101378,0.1480472459909505,False,False,False,False,INVALID_TRACK_SEGMENT,Valid-looking pose segment is too short to establish target identity continuity.,False,,INVALID_TRACK_SEGMENT,Valid-looking pose segment is too short to establish target identity continuity.,NOT_REVIEWED,False
52,52,49,1733.3333333333335,17,1.0,0.9823724627494812,4,6,0.9975460171699524,0.9754067659378052,False,,,,,False,,,,423.2966537475586,458.8788146972656,448.56214904785156,281.1829528808594,179.48304811163774,2,0,True,1,0.2033973477134031,0.2384310059715115,287.5024642944336,230.0030975341797,223.83466339111328,364.94993591308594,399.41979598999023,412.47806549072266,412.14285714285717,405.3571428571429,14.580254601790061,0.01998676257127828,1.0,428.1242953376724,0.13442043292287817,True,31.481299483879685,16.200254187864484,167.69101007101378,0.14111309346863066,False,True,True,False,TARGET_IDENTITY_UNCERTAIN,TARGET_OVERLAP_AMBIGUOUS: another detected person overlaps or is too close to the selected pose for automated identity acceptance.,False,,TARGET_IDENTITY_UNCERTAIN,TARGET_OVERLAP_AMBIGUOUS: another detected person overlaps or is too close to the selected pose for automated identity acceptance.,NOT_REVIEWED,False
53,53,50,1766.6666666666665,17,1.0,0.9793460369110107,4,6,0.9931932985782623,0.959223210811615,False,,,,,False,,,,421.415283203125,456.40211486816406,445.7724075317383,287.8502960205078,170.30262811363968,2,0,True,1,0.28056520309870175,0.21041613832712752,271.99448013305664,233.4578857421875,254.57436752319336,385.03717041015625,399.2816638946533,425.9764709472656,396.42857142857144,403.57142857142856,22.585970434831175,0.030760209805218385,1.0,461.58610377403437,0.1995444384418198,True,3.110240693086962,7.227456140893773,167.69101007101378,0.05474604747213541,False,True,True,False,TARGET_IDENTITY_UNCERTAIN,TARGET_OVERLAP_AMBIGUOUS: another detected person overlaps or is too close to the selected pose for automated identity acceptance.,False,,TARGET_IDENTITY_UNCERTAIN,TARGET_OVERLAP_AMBIGUOUS: another detected person overlaps or is too close to the selected pose for automated identity acceptance.,NOT_REVIEWED,False
54,54,51,1800.0,17,1.0,0.9623060822486877,4,6,0.9921486973762512,0.9572013318538666,False,,,,,False,,,,417.1921691894531,431.86683654785156,432.39427185058594,289.6673889160156,143.00974383628156,2,0,True,1,0.08078588561805433,0.41192578749027936,237.99000549316406,238.4951171875,308.69007873535156,367.62939453125,392.33504486083984,422.309814453125,382.5,400.7142857142857,23.729622182511996,0.032333913049170555,1.0,480.04264022381494,0.11006276628642525,True,24.896075478429694,13.50097555342674,167.69101007101378,0.16275699136047983,False,True,True,False,TARGET_IDENTITY_UNCERTAIN,TARGET_OVERLAP_AMBIGUOUS: another detected person overlaps or is too close to the selected pose for automated identity acceptance.,False,,TARGET_IDENTITY_UNCERTAIN,TARGET_OVERLAP_AMBIGUOUS: another detected person overlaps or is too close to the selected pose for automated identity acceptance.,NOT_REVIEWED,False
55,55,52,1833.3333333333333,17,1.0,0.9841633439064026,4,6,0.9967063069343567,0.9784759879112244,False,,,,,False,,,,406.1635971069336,440.27886962890625,423.0058898925781,285.21326446533203,155.97757765468364,1,0,False,0,0.0,,247.0947494506836,236.69375610351562,265.5989761352539,349.8398132324219,379.89423751831055,411.61366271972656,368.57142857142856,397.8571428571429,17.817066009229745,0.024289598783288086,1.0,439.238785908748,0.24332761963677907,True,13.870533613963365,10.39138780007868,167.69101007101378,0.07733171750179373,False,False,False,False,INVALID_TRACK_SEGMENT,Valid-looking pose segment is too short to establish target identity continuity.,False,,INVALID_TRACK_SEGMENT,Valid-looking pose segment is too short to establish target identity continuity.,NOT_REVIEWED,False
56,56,53,1866.6666666666667,17,1.0,0.9836779832839966,4,6,0.9970376491546631,0.9846455156803131,False,,,,,False,,,,397.0986557006836,456.5691375732422,425.07655334472656,289.41959381103516,169.47487346652454,2,0,True,1,0.1469399939797546,0.22659694095370014,238.17798614501953,238.9747772216797,280.6286849975586,419.9135284423828,378.4923286437988,448.9315414428711,366.25,395.17857142857144,55.1294512577531,0.07341820190185457,1.0,505.0542844213786,0.39248078048285984,True,18.642585453659713,4.688374312764134,167.69101007101378,0.08048908409654797,False,True,True,False,TARGET_IDENTITY_UNCERTAIN,TARGET_OVERLAP_AMBIGUOUS: another detected person overlaps or is too close to the selected pose for automated identity acceptance.,False,,TARGET_IDENTITY_UNCERTAIN,TARGET_OVERLAP_AMBIGUOUS: another detected person overlaps or is too close to the selected pose for automated identity acceptance.,NOT_REVIEWED,False
57,57,54,1900.0,17,1.0,0.9845490455627441,4,6,0.9983395934104919,0.9868078529834747,False,,,,,False,,,,404.2697525024414,447.91943359375,418.32804107666016,290.3927001953125,158.1527970439297,3,0,True,2,0.6602530295258906,0.09627240926340123,206.36228561401367,237.6685333251953,294.7044868469238,425.65440368652344,353.7145290374756,450.49573516845703,363.92857142857144,392.5,58.88830070308454,0.07662516474054375,1.0,517.718462048089,0.07552090968590011,True,11.235746894311214,6.8183101914891,167.69101007101378,0.06751749195022545,False,True,True,False,TARGET_IDENTITY_UNCERTAIN,TARGET_OVERLAP_AMBIGUOUS: another detected person overlaps or is too close to the selected pose for automated identity acceptance.,False,,TARGET_IDENTITY_UNCERTAIN,TARGET_OVERLAP_AMBIGUOUS: another detected person overlaps or is too close to the selected pose for automated identity acceptance.,NOT_REVIEWED,False
58,58,55,1933.3333333333333,17,1.0,0.99081951379776,4,6,0.9993271827697754,0.995571106672287,False,,,,,False,,,,388.7601318359375,445.19371032714844,407.6387405395508,281.8577651977539,164.42333422570144,1,0,False,0,0.0,,213.66387939453125,230.2064971923828,326.5210876464844,428.5120086669922,376.92442321777344,444.4625015258789,361.6071428571429,389.82142857142856,56.747386999400454,0.072161578132746,1.0,538.73793466737,0.12534644886675622,True,15.747314073991735,13.678679080422835,167.69101007101378,0.037393400988617674,False,False,False,False,INVALID_TRACK_SEGMENT,Valid-looking pose segment is too short to establish target identity continuity.,False,,INVALID_TRACK_SEGMENT,Valid-looking pose segment is too short to establish target identity continuity.,NOT_REVIEWED,False
59,59,56,1966.6666666666665,17,1.0,0.9914612770080566,4,6,0.9991253912448883,0.9938688278198242,False,,,,,False,,,,388.4354553222656,442.1455383300781,403.36128997802734,280.8187789916992,162.01575176134685,2,0,True,1,0.32649322916003787,0.1846817326593009,203.99420166015625,230.00543212890625,344.7457580566406,433.72003173828125,376.36708068847656,446.8654479980469,359.28571428571433,387.14285714285717,62.11731591627091,0.07721353348845572,1.0,554.0421496863786,0.09126437375818491,True,3.0654147129309828,4.401826398513358,167.69101007101378,0.014357254234052423,False,True,True,False,TARGET_IDENTITY_UNCERTAIN,TARGET_OVERLAP_AMBIGUOUS: another detected person overlaps or is too close to the selected pose for automated identity acceptance.,False,,TARGET_IDENTITY_UNCERTAIN,TARGET_OVERLAP_AMBIGUOUS: another detected person overlaps or is too close to the selected pose for automated identity acceptance.,NOT_REVIEWED,False
60,60,57,2000.0,17,1.0,0.992536187171936,4,6,0.9994623363018036,0.996403306722641,False,,,,,False,,,,383.2878723144531,443.1712951660156,392.93236541748047,282.1187438964844,161.3410689119151,3,0,True,2,0.31555523277807057,0.18916857466077197,216.60163116455078,227.06101989746094,339.55297088623047,428.3365020751953,386.378116607666,441.2292709350586,371.07142857142867,385.71428571428567,57.586528656460345,0.07083252786198524,1.0,546.5970902297954,0.044397487101010054,True,5.248789185020913,10.509632545586497,167.69101007101378,0.004023369226209755,False,True,True,False,TARGET_IDENTITY_UNCERTAIN,TARGET_OVERLAP_AMBIGUOUS: another detected person overlaps or is too close to the selected pose for automated identity acceptance.,False,,TARGET_IDENTITY_UNCERTAIN,TARGET_OVERLAP_AMBIGUOUS: another detected person overlaps or is too close to the selected pose for automated identity acceptance.,NOT_REVIEWED,False
61,61,58,2033.3333333333333,17,1.0,0.9910898208618164,4,6,0.9993085563182831,0.9971365332603455,False,,,,,False,,,,376.9690246582031,446.9074401855469,380.5254821777344,278.9742660522461,167.97082890958703,2,0,True,1,0.4179823379158672,0.17802034148438609,228.3460464477539,218.92726135253906,337.44664764404297,441.87620544433594,397.0693702697754,439.86536407470703,382.8571428571429,384.2857142857143,57.36797781598602,0.06981478707242486,1.0,555.9899468012779,0.05601288087837767,True,7.34075032335689,12.79915984108324,167.69101007101378,0.03953557197171366,False,True,True,False,TARGET_IDENTITY_UNCERTAIN,TARGET_OVERLAP_AMBIGUOUS: another detected person overlaps or is too close to the selected pose for automated identity acceptance.,False,,TARGET_IDENTITY_UNCERTAIN,TARGET_OVERLAP_AMBIGUOUS: another detected person overlaps or is too close to the selected pose for automated identity acceptance.,NOT_REVIEWED,False
62,62,59,2066.666666666667,17,1.0,0.9913120865821838,4,6,0.9986433386802673,0.995191216468811,False,,,,,False,,,,378.53023529052734,447.0911560058594,375.48604583740234,277.22181701660156,169.89661390997145,2,0,True,1,0.39245944826601165,0.18901233421247587,231.46778869628906,215.34266662597656,324.5805206298828,444.50059509277344,393.75804901123047,437.5929641723633,394.64285714285717,382.8571428571429,54.74297233875347,0.06590423184401818,1.0,550.3937621468792,0.03337200158809253,True,1.5719828692181355,5.335447146284044,167.69101007101378,0.011484127858547046,False,True,True,False,TARGET_IDENTITY_UNCERTAIN,TARGET_OVERLAP_AMBIGUOUS: another detected person overlaps or is too close to the selected pose for automated identity acceptance.,False,,TARGET_IDENTITY_UNCERTAIN,TARGET_OVERLAP_AMBIGUOUS: another detected person overlaps or is too close to the selected pose for automated identity acceptance.,NOT_REVIEWED,False
63,63,60,2100.0,17,1.0,0.9912012815475464,4,6,0.9996630847454071,0.9989111423492432,False,,,,,False,,,,368.97705841064453,441.6183166503906,368.69505310058594,273.05850982666016,168.56004272498342,3,0,True,2,0.3885270373377581,0.1898722560020806,231.05178833007812,218.07205200195312,336.0402526855469,433.5158996582031,399.07191467285156,434.8300018310547,406.42857142857144,381.4285714285714,53.905780466038586,0.06419100263356758,1.0,548.5062321263337,0.011256000066707439,True,11.009775615746904,7.965595339289524,167.69101007101378,0.00797044030220833,False,True,True,False,TARGET_IDENTITY_UNCERTAIN,TARGET_OVERLAP_AMBIGUOUS: another detected person overlaps or is too close to the selected pose for automated identity acceptance.,False,,TARGET_IDENTITY_UNCERTAIN,TARGET_OVERLAP_AMBIGUOUS: another detected person overlaps or is too close to the selected pose for automated identity acceptance.,NOT_REVIEWED,False
64,64,61,2133.3333333333335,17,1.0,0.994771420955658,4,6,0.9998001456260681,0.999382495880127,False,,,,,False,,,,367.18792724609375,441.6448669433594,365.2040023803711,274.98375701904297,166.67291777333807,2,0,True,1,0.4082000088254614,0.18435305454408601,234.648681640625,217.34054565429688,317.4541931152344,435.8043518066406,393.3757781982422,435.2427215576172,398.33333333333337,380.4761904761905,54.990456259339645,0.06641281955716088,1.0,539.1684317354371,0.05568456166458862,True,1.7893281538118047,3.986729471997126,167.69101007101378,0.011253584499527958,False,True,True,False,TARGET_IDENTITY_UNCERTAIN,TARGET_OVERLAP_AMBIGUOUS: another detected person overlaps or is too close to the selected pose for automated identity acceptance.,False,,TARGET_IDENTITY_UNCERTAIN,TARGET_OVERLAP_AMBIGUOUS: another detected person overlaps or is too close to the selected pose for automated identity acceptance.,NOT_REVIEWED,False
65,65,62,2166.6666666666665,17,1.0,0.9850422739982605,4,6,0.9988104999065399,0.9980331361293793,False,,,,,False,,,,358.97999572753906,422.62974548339844,374.88783264160156,256.0608673095703,167.3267774487156,2,0,True,1,0.41742928805168106,0.1773998353676091,248.69879913330078,211.37367248535156,207.7436752319336,421.4224090576172,352.5706367492676,422.08487701416016,390.2380952380953,379.5238095238095,56.835568924096656,0.06958933370384142,1.0,469.84495469760736,0.4134000803529818,True,20.71098703467197,21.256818282263907,167.69101007101378,0.003899193374174536,False,True,True,False,TARGET_IDENTITY_UNCERTAIN,TARGET_OVERLAP_AMBIGUOUS: another detected person overlaps or is too close to the selected pose for automated identity acceptance.,False,,TARGET_IDENTITY_UNCERTAIN,TARGET_OVERLAP_AMBIGUOUS: another detected person overlaps or is too close to the selected pose for automated identity acceptance.,NOT_REVIEWED,False
66,66,63,2200.0,17,1.0,0.988358199596405,4,6,0.9993808269500732,0.9984628260135651,False,,,,,False,,,,351.2285919189453,436.7222900390625,356.85906982421875,271.41011810302734,165.40803025140897,3,0,True,2,0.3577195035015743,0.17649327160243053,235.60104370117188,211.25555419921875,219.74615478515625,453.5322265625,345.47412109375,438.02166748046875,382.14285714285717,378.5714285714286,69.84931717476586,0.08666735255038059,1.0,503.9641386781411,0.20346459816829163,True,16.083658571893974,23.6777488086576,167.69101007101378,0.011442158983323427,False,True,True,False,TARGET_IDENTITY_UNCERTAIN,TARGET_OVERLAP_AMBIGUOUS: another detected person overlaps or is too close to the selected pose for automated identity acceptance.,False,,TARGET_IDENTITY_UNCERTAIN,TARGET_OVERLAP_AMBIGUOUS: another detected person overlaps or is too close to the selected pose for automated identity acceptance.,NOT_REVIEWED,False
67,67,64,2233.3333333333335,17,1.0,0.9907091856002808,4,6,0.9993434846401215,0.9977945983409882,False,,,,,False,,,,353.6048049926758,443.5361633300781,357.1039276123047,274.2307357788086,169.3415827770172,5,0,True,4,0.33876078406898996,0.17648652890059965,232.6566925048828,213.76773071289062,220.21092224121094,443.0718688964844,342.7621536254883,435.3036651611328,375.3571428571429,378.39285714285717,65.58409404958421,0.08209376723674656,1.0,494.77826476286134,0.05477857108374356,True,7.216318853666578,2.8312257785835375,167.69101007101378,0.02345714611619582,False,True,True,False,TARGET_IDENTITY_UNCERTAIN,TARGET_OVERLAP_AMBIGUOUS: another detected person overlaps or is too close to the selected pose for automated identity acceptance.,False,,TARGET_IDENTITY_UNCERTAIN,TARGET_OVERLAP_AMBIGUOUS: another detected person overlaps or is too close to the selected pose for automated identity acceptance.,NOT_REVIEWED,False
68,68,65,2266.6666666666665,17,1.0,0.9868634939193726,4,6,0.999110221862793,0.9973738491535187,False,,,,,False,,,,356.2303237915039,437.9573669433594,357.72727966308594,269.14483642578125,168.81916756289763,3,0,True,2,0.3086118125234641,0.18942390925562752,238.37574768066406,211.1177215576172,219.18482971191406,449.82582092285156,347.9681625366211,436.03063201904297,368.57142857142856,378.2142857142858,61.377719665467055,0.07748503483833062,1.0,500.3851104347112,0.03343557695475418,True,6.165737432575771,5.12395745575011,167.69101007101378,0.003115344191071087,False,True,True,False,TARGET_IDENTITY_UNCERTAIN,TARGET_OVERLAP_AMBIGUOUS: another detected person overlaps or is too close to the selected pose for automated identity acceptance.,False,,TARGET_IDENTITY_UNCERTAIN,TARGET_OVERLAP_AMBIGUOUS: another detected person overlaps or is too close to the selected pose for automated identity acceptance.,NOT_REVIEWED,False
69,69,66,2300.0,17,1.0,0.9898256659507751,4,6,0.9984841644763947,0.994112104177475,False,,,,,False,,,,355.54988861083984,435.7940673828125,362.1120071411133,265.73600006103516,170.18462815666845,4,0,True,3,0.17090351427507894,0.24899626436781858,244.52957916259766,210.1595916748047,192.25408172607422,403.1455841064453,340.65662002563477,411.73238372802734,361.78571428571433,378.0357142857143,39.77315873495394,0.050624667249094826,1.0,446.640788469731,0.32049614312789076,True,2.2677868117941857,5.553917573945745,167.69101007101378,0.008142717926217838,False,True,True,False,TARGET_IDENTITY_UNCERTAIN,TARGET_OVERLAP_AMBIGUOUS: another detected person overlaps or is too close to the selected pose for automated identity acceptance.,False,,TARGET_IDENTITY_UNCERTAIN,TARGET_OVERLAP_AMBIGUOUS: another detected person overlaps or is too close to the selected pose for automated identity acceptance.,NOT_REVIEWED,False
70,70,67,2333.3333333333335,17,1.0,0.986270546913147,4,6,0.9974169731140137,0.9900128841400146,False,,,,,False,,,,346.94195556640625,439.62437438964844,359.9358825683594,268.6510009765625,171.46642981989976,4,0,True,3,0.1810663621968322,0.2394421015292685,241.31427764892578,212.6929168701172,214.75225067138672,392.11317443847656,348.69040298461914,408.74950408935547,355.0,377.85714285714283,31.530128401229472,0.040450591802079744,1.0,447.06964864173597,0.002557442833836916,True,9.421664559092957,3.637684496169043,167.69101007101378,0.007643830535032789,False,True,True,False,TARGET_IDENTITY_UNCERTAIN,TARGET_OVERLAP_AMBIGUOUS: another detected person overlaps or is too close to the selected pose for automated identity acceptance.,False,,TARGET_IDENTITY_UNCERTAIN,TARGET_OVERLAP_AMBIGUOUS: another detected person overlaps or is too close to the selected pose for automated identity acceptance.,NOT_REVIEWED,False
71,71,68,2366.6666666666665,17,1.0,0.9888066053390503,4,6,0.9981344044208527,0.9945657253265381,False,,,,,False,,,,344.6370315551758,440.36827087402344,361.8572311401367,267.3267059326172,173.89628653630533,4,0,True,3,0.29409538278472663,0.19083618371398015,245.55316162109375,214.27789306640625,224.19290161132812,430.48846435546875,357.6496124267578,429.5221252441406,357.0408163265306,377.5612251126036,51.96446646672335,0.06724443850125517,1.0,485.36870014045644,0.2283906065238774,True,2.4219943594096662,2.3335247368924454,167.69101007101378,0.01449008337045958,False,True,True,False,TARGET_IDENTITY_UNCERTAIN,TARGET_OVERLAP_AMBIGUOUS: another detected person overlaps or is too close to the selected pose for automated identity acceptance.,False,,TARGET_IDENTITY_UNCERTAIN,TARGET_OVERLAP_AMBIGUOUS: another detected person overlaps or is too close to the selected pose for automated identity acceptance.,NOT_REVIEWED,False
72,72,69,2400.0,17,1.0,0.9865161180496216,4,6,0.995010495185852,0.9867317974567413,False,,,,,False,,,,345.4242935180664,429.5696105957031,358.4352722167969,264.9170379638672,165.1658416288938,3,0,True,2,0.28063225587388824,0.19074718641887906,252.7351531982422,210.0575714111328,210.03318786621094,426.0247039794922,357.75174713134766,423.0699234008789,359.0816326530612,377.2653073680644,45.82391783135127,0.05979840057281616,1.0,474.98525072475354,0.061920131623667336,True,10.827319391464691,4.1852482115933025,167.69101007101378,0.052062689011858,False,True,True,False,TARGET_IDENTITY_UNCERTAIN,TARGET_OVERLAP_AMBIGUOUS: another detected person overlaps or is too close to the selected pose for automated identity acceptance.,False,,TARGET_IDENTITY_UNCERTAIN,TARGET_OVERLAP_AMBIGUOUS: another detected person overlaps or is too close to the selected pose for automated identity acceptance.,NOT_REVIEWED,False
73,73,70,2433.333333333333,17,1.0,0.9889320135116577,4,6,0.9961981773376465,0.9868390560150146,False,,,,,False,,,,346.38145446777344,426.2405242919922,358.6055450439453,267.6319274902344,159.07895954474003,3,0,True,2,0.40255978626260036,0.15414165635641658,256.5990982055664,212.66688537597656,201.1262435913086,431.7523651123047,357.1622200012207,428.5430679321289,361.12244897959187,376.96938962352516,51.725503456616785,0.0680518332426953,1.0,476.30018962962765,0.007841439468444142,True,3.463953334154463,2.7202238834410988,167.69101007101378,0.03629820156474747,False,True,True,False,TARGET_IDENTITY_UNCERTAIN,TARGET_OVERLAP_AMBIGUOUS: another detected person overlaps or is too close to the selected pose for automated identity acceptance.,False,,TARGET_IDENTITY_UNCERTAIN,TARGET_OVERLAP_AMBIGUOUS: another detected person overlaps or is too close to the selected pose for automated identity acceptance.,NOT_REVIEWED,False
74,74,71,2466.666666666667,17,1.0,0.9757335782051086,4,6,0.9845803678035736,0.971653163433075,False,,,,,False,,,,345.92459869384766,434.3958435058594,366.47288513183594,268.90589141845703,166.7607757160788,4,0,True,3,0.37951354367905166,0.1503615487609001,255.28367614746094,209.91192626953125,214.45143127441406,445.95367431640625,362.50939178466797,432.8887634277344,363.1632653061225,376.673471878986,56.21909421622551,0.0745487806376857,1.0,494.83744402778177,0.11054411557485379,True,8.168105574626264,7.969819580702149,167.69101007101378,0.04580934999488447,False,True,True,False,TARGET_IDENTITY_UNCERTAIN,TARGET_OVERLAP_AMBIGUOUS: another detected person overlaps or is too close to the selected pose for automated identity acceptance.,False,,TARGET_IDENTITY_UNCERTAIN,TARGET_OVERLAP_AMBIGUOUS: another detected person overlaps or is too close to the selected pose for automated identity acceptance.,NOT_REVIEWED,False
75,75,72,2500.0,17,1.0,0.9807643294334412,4,6,0.9879979491233826,0.9722806811332703,False,,,,,False,,,,347.3069381713867,436.59754943847656,373.04331970214844,269.05308532714844,169.50961267329075,3,0,True,2,0.3744041486269399,0.14663714846867681,266.45598220825195,211.05030822753906,194.8340721130371,408.44761657714844,363.8730182647705,415.2741165161133,365.20408163265313,376.37755413444677,38.91933060575674,0.052002115865219044,1.0,452.5370384219411,0.25225207712642034,True,2.5996867974593956,6.572083116448959,167.69101007101378,0.01639227383774403,False,True,True,False,TARGET_IDENTITY_UNCERTAIN,TARGET_OVERLAP_AMBIGUOUS: another detected person overlaps or is too close to the selected pose for automated identity acceptance.,False,,TARGET_IDENTITY_UNCERTAIN,TARGET_OVERLAP_AMBIGUOUS: another detected person overlaps or is too close to the selected pose for automated identity acceptance.,NOT_REVIEWED,False
76,76,73,2533.333333333333,17,1.0,0.9764372110366821,4,6,0.9871307611465454,0.9692554473876953,False,,,,,False,,,,353.6986503601074,432.31134033203125,376.4595489501953,268.0940475463867,165.7871459265596,4,0,True,3,0.42373733279991743,0.13159316338592028,276.02241134643555,211.5579833984375,181.28882217407227,410.4066162109375,366.6668224334717,416.76129150390625,367.2448979591836,376.08163638990754,40.68376225851424,0.054757873207935244,1.0,448.6638247897574,0.023097324242625894,True,7.695815304931345,3.548291946858274,167.69101007101378,0.022198367969486068,False,True,True,False,TARGET_IDENTITY_UNCERTAIN,TARGET_OVERLAP_AMBIGUOUS: another detected person overlaps or is too close to the selected pose for automated identity acceptance.,False,,TARGET_IDENTITY_UNCERTAIN,TARGET_OVERLAP_AMBIGUOUS: another detected person overlaps or is too close to the selected pose for automated identity acceptance.,NOT_REVIEWED,False
77,77,74,2566.666666666667,17,1.0,0.973039448261261,4,6,0.9827146530151367,0.9552085101604462,False,,,,,False,,,,340.24978256225586,440.2132110595703,372.5944519042969,269.87908935546875,173.3778839747263,4,0,True,3,0.4159392633041695,0.13071722672220037,276.4739112854004,213.6019287109375,171.80410385131836,405.28955078125,362.37596321105957,416.2467041015625,369.28571428571433,375.7857186453683,41.0467538789616,0.055633768946419616,1.0,440.2002613272986,0.05047118184137992,True,15.598448834381816,4.257387630270901,167.69101007101378,0.04526621936949505,False,True,True,False,TARGET_IDENTITY_UNCERTAIN,TARGET_OVERLAP_AMBIGUOUS: another detected person overlaps or is too close to the selected pose for automated identity acceptance.,False,,TARGET_IDENTITY_UNCERTAIN,TARGET_OVERLAP_AMBIGUOUS: another detected person overlaps or is too close to the selected pose for automated identity acceptance.,NOT_REVIEWED,False
78,78,75,2600.0,17,1.0,0.9805400967597961,4,6,0.9872410297393799,0.9674729704856873,False,,,,,False,,,,340.0230941772461,438.95130920410156,363.6636772155762,265.73648834228516,174.82062616460144,4,0,True,3,0.42353865633622073,0.12437649009438775,291.0477638244629,218.39456176757812,173.42939376831055,401.9866638183594,377.76246070861816,419.3878936767578,379.82142857142856,375.60714721679693,43.829135392469965,0.05919557520441907,1.0,437.80250400227084,0.014298663500281743,True,1.2821013675734887,9.84478946931442,167.69101007101378,0.008603575047130798,False,True,True,False,TARGET_IDENTITY_UNCERTAIN,TARGET_OVERLAP_AMBIGUOUS: another detected person overlaps or is too close to the selected pose for automated identity acceptance.,False,,TARGET_IDENTITY_UNCERTAIN,TARGET_OVERLAP_AMBIGUOUS: another detected person overlaps or is too close to the selected pose for automated identity acceptance.,NOT_REVIEWED,False
79,79,76,2633.3333333333335,17,1.0,0.9672913551330566,4,6,0.9859707951545715,0.9754764139652252,False,,,,,False,,,,346.77538681030273,439.6578369140625,368.38476943969727,272.85323333740234,168.19851721103348,3,0,True,2,0.3033693024985505,0.21063454068622334,288.4707908630371,224.16990661621094,191.46591567993164,404.95704650878906,384.20374870300293,426.64842987060547,390.3571428571429,375.42857578822543,51.58815476285721,0.06942986773598869,1.0,447.9390654813177,0.0604478527188442,True,6.789155853813758,8.540302753075103,167.69101007101378,0.039489946126292814,False,True,True,False,TARGET_IDENTITY_UNCERTAIN,TARGET_OVERLAP_AMBIGUOUS: another detected person overlaps or is too close to the selected pose for automated identity acceptance.,False,,TARGET_IDENTITY_UNCERTAIN,TARGET_OVERLAP_AMBIGUOUS: another detected person overlaps or is too close to the selected pose for automated identity acceptance.,NOT_REVIEWED,False
80,80,77,2666.6666666666665,17,1.0,0.9764521718025208,4,6,0.9899252355098724,0.982796311378479,False,,,,,False,,,,345.24936294555664,440.2845153808594,364.3514747619629,274.2709197998047,167.10896024329895,2,0,True,1,0.3063482053595484,0.21989618572249217,310.62091064453125,222.389404296875,208.83334350585938,412.68316650390625,415.03758239746094,428.7309875488281,400.8928571428572,375.250004359654,55.319877217948985,0.07419094205028862,1.0,462.5135255055003,0.08691259011446474,True,1.64968928484169,4.275196002889143,167.69101007101378,0.006497408342123517,False,True,True,False,TARGET_IDENTITY_UNCERTAIN,TARGET_OVERLAP_AMBIGUOUS: another detected person overlaps or is too close to the selected pose for automated identity acceptance.,False,,TARGET_IDENTITY_UNCERTAIN,TARGET_OVERLAP_AMBIGUOUS: another detected person overlaps or is too close to the selected pose for automated identity acceptance.,NOT_REVIEWED,False
81,81,78,2700.0,17,1.0,0.974616289138794,4,6,0.9839098453521729,0.9759689271450043,False,,,,,False,,,,356.9595718383789,456.9761962890625,383.5213050842285,282.4854507446289,176.50083839369134,1,0,False,0,0.0,,325.84032821655273,230.59521484375,199.8345069885254,405.44696044921875,425.75758171081543,433.3186950683594,411.42857142857144,375.0714329310826,59.98386518187446,0.08016426152941813,1.0,452.01888004911626,0.06258323241025122,True,20.389732804889974,20.855716559924986,167.69101007101378,0.05600704621204867,False,False,False,False,INVALID_TRACK_SEGMENT,Valid-looking pose segment is too short to establish target identity continuity.,False,,INVALID_TRACK_SEGMENT,Valid-looking pose segment is too short to establish target identity continuity.,NOT_REVIEWED,False
82,82,79,2733.3333333333335,17,1.0,0.922329306602478,4,6,0.9680826961994171,0.9288655817508698,False,,,,,False,,,,364.72198486328125,446.37635803222656,404.5310401916504,283.6231689453125,167.55107115174752,3,0,True,2,0.6868149075729342,0.07046501963109202,340.4714813232422,228.2234344482422,170.62600708007812,411.9829864501953,425.78448486328125,434.21492767333984,415.3571428571429,375.5357179187593,59.59848252040514,0.0793796731877544,1.0,445.9183954677276,0.03637931800163439,True,13.138174418093874,21.040517388795408,167.69101007101378,0.053370584613652045,False,True,True,False,TARGET_IDENTITY_UNCERTAIN,TARGET_OVERLAP_AMBIGUOUS: another detected person overlaps or is too close to the selected pose for automated identity acceptance.,False,,TARGET_IDENTITY_UNCERTAIN,TARGET_OVERLAP_AMBIGUOUS: another detected person overlaps or is too close to the selected pose for automated identity acceptance.,NOT_REVIEWED,False
83,83,80,2766.6666666666665,17,1.0,0.8994097113609314,4,6,0.9649947881698608,0.9089168608188629,False,,,,,False,,,,380.52386474609375,447.6648864746094,433.8353729248047,265.6247253417969,189.68589080252937,2,0,True,1,0.006806116704063484,0.532816135991803,344.33081817626953,201.96902465820312,221.6294174194336,431.9042053222656,455.1455268859863,417.92112731933594,419.2857142857143,376.00000290643595,55.16617470668479,0.0732153801205684,1.0,485.4491129260979,0.2357354603662405,True,15.854327906841837,34.39022955847127,167.69101007101378,0.13199765235720268,False,False,False,False,INVALID_TRACK_SEGMENT,Valid-looking pose segment is too short to establish target identity continuity.,False,,INVALID_TRACK_SEGMENT,Valid-looking pose segment is too short to establish target identity continuity.,NOT_REVIEWED,False
84,84,81,2800.0,17,1.0,0.9202719330787659,4,6,0.969920426607132,0.9233046770095825,False,,,,,False,,,,385.90715408325195,451.1348876953125,402.1852378845215,288.1670684814453,163.77877185876335,1,0,False,0,0.0,,370.2599105834961,235.91151428222656,152.7314224243164,346.42991638183594,446.6256217956543,409.12647247314453,423.2142857142857,376.4642878941127,40.185929858465805,0.05313589700609071,1.0,378.6034526520867,0.6371579503800724,True,6.404741412363374,38.857280943136224,167.69101007101378,0.15449318918643806,False,False,False,False,INVALID_TRACK_SEGMENT,Valid-looking pose segment is too short to establish target identity continuity.,False,,INVALID_TRACK_SEGMENT,Valid-looking pose segment is too short to establish target identity continuity.,NOT_REVIEWED,False
85,85,82,2833.3333333333335,17,1.0,0.9352183938026428,4,6,0.9693847000598907,0.960492730140686,False,,,,,False,,,,388.2419853210449,457.9563903808594,393.6839790344238,299.43202209472656,158.61775006629594,2,0,True,1,0.16721483354871391,0.347482455464911,364.6123580932617,240.5157470703125,147.28795623779297,380.0849609375,438.2563362121582,430.5582275390625,427.1428571428571,376.9285728817894,54.769053996597066,0.07213808772824552,1.0,407.6252195136691,0.17306692141273575,True,7.210016352124111,14.11278080130709,167.69101007101378,0.030776973615233277,False,True,True,False,TARGET_IDENTITY_UNCERTAIN,TARGET_OVERLAP_AMBIGUOUS: another detected person overlaps or is too close to the selected pose for automated identity acceptance.,False,,TARGET_IDENTITY_UNCERTAIN,TARGET_OVERLAP_AMBIGUOUS: another detected person overlaps or is too close to the selected pose for automated identity acceptance.,NOT_REVIEWED,False
86,86,83,2866.6666666666665,17,1.0,0.9643344283103943,4,6,0.9750460982322693,0.963333249092102,False,,,,,False,,,,390.042537689209,449.6614990234375,396.4501495361328,290.2785110473633,159.51173732914535,1,0,False,0,0.0,,372.09920501708984,242.86183166503906,156.44019317626953,414.36656188964844,450.3193016052246,450.0451126098633,431.07142857142856,377.3928578694661,75.1587036555893,0.09859538721256177,1.0,442.9144179785485,0.2104418027533804,True,8.488062880418202,9.562346141963623,167.69101007101378,0.005331157958144694,False,False,False,False,INVALID_TRACK_SEGMENT,Valid-looking pose segment is too short to establish target identity continuity.,False,,INVALID_TRACK_SEGMENT,Valid-looking pose segment is too short to establish target identity continuity.,NOT_REVIEWED,False
87,87,84,2900.0,17,1.0,0.9482122659683228,4,6,0.9886441826820374,0.9872910976409912,False,,,,,False,,,,407.46817779541016,448.3474884033203,443.04795837402344,279.83362579345703,172.229041330776,3,0,True,2,0.06767491178838174,0.468965261314393,382.6028366088867,216.05262756347656,186.36051177978516,484.0113983154297,475.7830924987793,458.0583267211914,435.0,377.85714285714283,89.97494388416652,0.11753875744266025,1.0,518.649471271379,0.45163454654342045,True,17.475112503804592,47.75407225001723,167.69101007101378,0.07583772079520022,False,True,True,False,TARGET_IDENTITY_UNCERTAIN,TARGET_OVERLAP_AMBIGUOUS: another detected person overlaps or is too close to the selected pose for automated identity acceptance.,False,,TARGET_IDENTITY_UNCERTAIN,TARGET_OVERLAP_AMBIGUOUS: another detected person overlaps or is too close to the selected pose for automated identity acceptance.,NOT_REVIEWED,False
88,88,85,2933.333333333333,17,1.0,0.9392532706260681,4,6,0.9809063673019409,0.9574597179889679,False,,,,,False,,,,407.11447525024414,445.2251281738281,412.0394630432129,290.2433776855469,155.05998351983905,4,0,True,3,0.026019093846772184,0.48074178715384364,379.9052047729492,229.9971923828125,156.60785675048828,437.98486328125,458.20913314819336,448.9896240234375,443.57142857142856,386.8714294433594,63.81953065610158,0.08652243008791576,1.0,465.14165719646815,0.3190857640624344,True,3.1423301693443073,32.70916870138658,167.69101007101378,0.10238508196513454,False,False,False,False,INVALID_TRACK_SEGMENT,Valid-looking pose segment is too short to establish target identity continuity.,False,,INVALID_TRACK_SEGMENT,Valid-looking pose segment is too short to establish target identity continuity.,NOT_REVIEWED,False
89,89,86,2966.666666666667,17,1.0,0.9407336115837097,4,6,0.9775251150131226,0.9727127254009247,False,,,,,False,,,,406.98430252075195,436.1462707519531,449.96123123168945,269.27545166015625,172.31624028451932,1,0,False,0,0.0,,377.11991119384766,206.47755432128906,220.48494720458984,466.62925720214844,487.3623847961426,439.7921829223633,452.1428571428571,395.88571602957586,56.28670325332598,0.07930772158385788,1.0,516.0973509143789,0.3038665799456516,True,9.07979058273032,43.33260232604091,167.69101007101378,0.10290507974978859,False,False,False,False,INVALID_TRACK_SEGMENT,Valid-looking pose segment is too short to establish target identity continuity.,False,,INVALID_TRACK_SEGMENT,Valid-looking pose segment is too short to establish target identity continuity.,NOT_REVIEWED,False
90,90,87,3000.0,17,1.0,0.9438149333000183,4,6,0.9749082326889038,0.9730309545993805,False,,,,,False,,,,420.79035568237305,448.4950714111328,429.65486907958984,277.950439453125,170.77485496249668,2,0,True,1,0.011100417962918847,0.26762116455312984,394.35504150390625,206.28008270263672,194.95169067382812,467.37879180908203,491.8308868408203,439.96947860717773,460.7142857142857,404.90000261579246,46.88401659391185,0.06876022033325739,1.0,506.4080338319103,0.05778077833967002,True,18.52295823084597,22.081751675543774,167.69101007101378,0.009191818460452368,False,True,True,False,TARGET_IDENTITY_UNCERTAIN,TARGET_OVERLAP_AMBIGUOUS: another detected person overlaps or is too close to the selected pose for automated identity acceptance.,False,,TARGET_IDENTITY_UNCERTAIN,TARGET_OVERLAP_AMBIGUOUS: another detected person overlaps or is too close to the selected pose for automated identity acceptance.,NOT_REVIEWED,False
91,91,88,3033.333333333333,17,1.0,0.9565669298171997,4,6,0.9735199213027954,0.973963052034378,False,,,,,False,,,,426.895206451416,425.3071594238281,432.8580513000488,271.4054718017578,154.01715804289526,2,0,True,1,0.1928038543916925,0.33608656387728536,369.8031921386719,215.07917022705078,195.2666473388672,449.29271697998047,467.43651580810547,439.725528717041,469.28571428571433,413.91428920200894,25.87739593374774,0.03956939413986426,1.0,489.8908134413365,0.09849794800317023,True,23.978083018524917,7.2867673144479825,167.69101007101378,0.09993199344738198,False,True,True,False,TARGET_IDENTITY_UNCERTAIN,TARGET_OVERLAP_AMBIGUOUS: another detected person overlaps or is too close to the selected pose for automated identity acceptance.,False,,TARGET_IDENTITY_UNCERTAIN,TARGET_OVERLAP_AMBIGUOUS: another detected person overlaps or is too close to the selected pose for automated identity acceptance.,NOT_REVIEWED,False
92,92,89,3066.666666666667,17,1.0,0.9244053363800049,4,6,0.9774466753005981,0.9777233302593231,False,,,,,False,,,,424.62414169311523,439.8565368652344,452.1615905761719,266.61309814453125,175.41835750787595,1,0,False,0,0.0,,393.5771789550781,200.8609733581543,201.67108154296875,474.85173416137695,494.4127197265625,438.2868404388428,477.8571428571429,422.9285757882255,22.582369640001513,0.03606789742748094,1.0,515.9025049045389,0.15511679160491051,True,14.725560059600344,19.889531765612386,167.69101007101378,0.12762281923114252,False,False,False,False,INVALID_TRACK_SEGMENT,Valid-looking pose segment is too short to establish target identity continuity.,False,,INVALID_TRACK_SEGMENT,Valid-looking pose segment is too short to establish target identity continuity.,NOT_REVIEWED,False
93,93,90,3100.0,17,1.0,0.9373674392700195,4,6,0.9775411784648895,0.9518522620201111,False,,,,,False,,,,448.239990234375,435.8881072998047,471.4967041015625,264.9761962890625,172.48697361031088,1,0,False,0,0.0,,412.83839416503906,199.42697525024414,174.42852783203125,430.15893173217773,500.0526580810547,414.506441116333,483.80952380952385,422.7500043596541,18.21526134617931,0.029033923964529414,1.0,464.1788640929464,0.3084461163999701,True,23.946956707262355,19.404279495105726,167.69101007101378,0.017480864933210716,False,False,False,False,INVALID_TRACK_SEGMENT,Valid-looking pose segment is too short to establish target identity continuity.,False,,INVALID_TRACK_SEGMENT,Valid-looking pose segment is too short to establish target identity continuity.,NOT_REVIEWED,False
94,94,91,3133.3333333333335,17,1.0,0.900759756565094,4,6,0.976704478263855,0.9525595903396606,False,,,,,False,,,,454.32321548461914,430.5113220214844,466.46406173706055,253.57089614868164,177.35646155630818,1,0,False,0,0.0,,412.4596633911133,200.89237594604492,199.1910629272461,418.92277908325195,512.0551948547363,410.3537654876709,489.7619047619047,422.5714329310826,25.421687216251932,0.040438244125706374,1.0,463.8678415076014,0.0018547361913636097,True,8.118833005695457,12.466288961080256,167.69101007101378,0.02903845557334983,False,False,False,False,INVALID_TRACK_SEGMENT,Valid-looking pose segment is too short to establish target identity continuity.,False,,INVALID_TRACK_SEGMENT,Valid-looking pose segment is too short to establish target identity continuity.,NOT_REVIEWED,False
95,95,92,3166.6666666666665,17,1.0,0.9281002283096313,4,6,0.9818510115146637,0.9682978987693787,False,,,,,False,,,,451.94256591796875,417.7403869628906,485.0503807067871,247.79854583740234,173.1368151642261,1,0,False,0,0.0,,416.0330276489258,201.63590240478516,197.08507537841797,444.0038070678711,514.5755653381348,423.6378059387207,495.7142857142858,422.3928615025112,18.902321436751357,0.03000677080950228,1.0,485.77969042322053,0.13066800006953216,True,12.990930475913249,19.46204719346204,167.69101007101378,0.025163223659366914,False,False,False,False,INVALID_TRACK_SEGMENT,Valid-looking pose segment is too short to establish target identity continuity.,False,,INVALID_TRACK_SEGMENT,Valid-looking pose segment is too short to establish target identity continuity.,NOT_REVIEWED,False
96,96,93,3200.0,17,1.0,0.854568600654602,4,6,0.9732164740562439,0.9484785199165344,False,,,,,False,,,,471.8248748779297,411.6407470703125,497.3931427001953,241.74952697753906,171.80443237600795,2,0,True,1,0.17544648583564715,0.2801544155915947,428.5564498901367,193.67031478881836,174.10015106201172,452.500431060791,515.6065254211426,419.92053031921387,501.66666666666663,422.2142900739397,14.127313824897488,0.022380951554963287,1.0,484.83760447186535,0.005617987219208873,True,20.796918435154605,13.74534113046685,167.69101007101378,0.007945463430949085,False,True,True,False,TARGET_IDENTITY_UNCERTAIN,TARGET_OVERLAP_AMBIGUOUS: another detected person overlaps or is too close to the selected pose for automated identity acceptance.,False,,TARGET_IDENTITY_UNCERTAIN,TARGET_OVERLAP_AMBIGUOUS: another detected person overlaps or is too close to the selected pose for automated identity acceptance.,NOT_REVIEWED,False
97,97,94,3233.3333333333335,17,1.0,0.8333208560943604,4,6,0.9786020219326019,0.9296425879001617,False,,,,,False,,,,477.36298751831055,408.2233428955078,473.9635314941406,230.33750915527344,177.91831312913962,1,0,False,0,0.0,,436.0641326904297,174.88148880004883,193.1051483154297,444.1656608581543,532.6167068481445,396.964319229126,507.6190476190476,422.0357186453683,35.404209292438836,0.055974131236400305,1.0,484.3270925639872,0.003044360622921577,True,6.50763727565687,26.061098059034112,167.69101007101378,0.03645920404762641,False,False,False,False,VALID_TARGET,,True,2,VALID_TARGET,,NOT_REVIEWED,False
98,98,95,3266.6666666666665,17,1.0,0.8679587841033936,4,6,0.9824003279209137,0.9662481546401978,False,,,,,False,,,,468.31164932250977,418.6875,475.2186737060547,236.9753303527832,181.84339301644638,1,0,False,0,0.0,,444.11309814453125,187.98618698120117,182.2037353515625,455.99870681762695,535.2149658203125,415.98554039001465,513.5714285714286,421.8571472167969,22.425843827426927,0.03538290323880673,1.0,491.05297249422114,0.04010876866556922,True,13.835653473625902,6.7554461157083106,167.69101007101378,0.02340662081792323,False,False,False,False,VALID_TARGET,,True,2,VALID_TARGET,,NOT_REVIEWED,False
99,99,96,3300.0,17,1.0,0.9258010387420654,4,6,0.9873104095458984,0.9734891951084137,False,,,,,False,,,,489.3331184387207,407.2810974121094,505.6002960205078,250.19749450683594,157.92365043963184,1,0,False,0,0.0,,465.12621307373047,197.6649932861328,154.88007354736328,412.0907440185547,542.5662498474121,403.71036529541016,523.3928571428571,421.8035752432687,26.362534666081913,0.04125280688730589,1.0,440.2347311239796,0.3030469036397421,True,23.916692576542605,33.13410024996594,167.69101007101378,0.142641770519988,False,False,False,False,VALID_TARGET,,True,2,VALID_TARGET,,NOT_REVIEWED,False
100,100,97,3333.3333333333335,17,1.0,0.9548041820526123,4,6,0.9847765862941742,0.972054123878479,False,,,,,False,,,,493.3552665710449,422.8885955810547,502.2079887390137,260.81029510498047,162.3198884148084,1,0,False,0,0.0,,477.4452438354492,206.6114730834961,169.42169952392578,429.0563430786133,562.1560935974121,421.13964462280273,533.2142857142858,421.7500032697405,28.948243145684767,0.04491733392256573,1.0,461.2949791679594,0.12558960695067206,True,16.11743387428627,11.141781061753775,167.69101007101378,0.026216300881692037,False,False,False,False,VALID_TARGET,,True,2,VALID_TARGET,,NOT_REVIEWED,False
101,101,98,3366.6666666666665,17,1.0,0.9449722170829773,4,6,0.973113477230072,0.9537710547447205,False,,,,,False,,,,505.3108825683594,416.6134948730469,503.65738677978516,268.3546447753906,148.26807033411524,1,0,False,0,0.0,,480.3614959716797,207.63545989990234,180.4419403076172,438.1785354614258,570.5824661254883,426.72472763061523,543.0357142857142,421.69643129621227,28.001916022812903,0.04307392683308966,1.0,473.87732881105177,0.07503294087002031,True,13.502356933916442,7.682315186843746,167.69101007101378,0.08379589385705584,False,False,False,False,VALID_TARGET,,True,2,VALID_TARGET,,NOT_REVIEWED,False
102,102,99,3400.0,17,1.0,0.9609841108322144,4,6,0.9734786450862885,0.9694809317588806,False,,,,,False,,,,488.0788917541504,414.4933776855469,496.4369430541992,260.7038803100586,154.01644887653904,1,0,False,0,0.0,,480.25159454345703,208.4893569946289,171.4973373413086,402.77806854248047,566.0002632141113,409.87839126586914,552.8571428571429,421.6428593226841,17.639283471206472,0.026894151116204638,1.0,437.7687851068983,0.21532784428254223,True,17.36192398064557,10.51993367366642,167.69101007101378,0.034279586842428135,False,False,False,False,VALID_TARGET,,True,2,VALID_TARGET,,NOT_REVIEWED,False
103,103,100,3433.333333333333,17,1.0,0.9660079479217529,4,6,0.985132098197937,0.9733593463897705,False,,,,,False,,,,489.8877754211426,420.5433044433594,520.8565139770508,262.9539794921875,160.60341872547494,1,0,False,0,0.0,,480.5224380493164,209.31806182861328,166.0385513305664,437.40831756591797,563.5417137145996,428.02222061157227,562.6785714285714,421.589287349156,6.490581250137122,0.00980689375165024,1.0,467.86198478162345,0.1794562490975592,True,6.31456046733316,24.523017562804025,167.69101007101378,0.03928039938543184,False,False,False,False,VALID_TARGET,,True,2,VALID_TARGET,,NOT_REVIEWED,False
104,104,101,3466.666666666667,17,1.0,0.9779539108276367,4,6,0.9909224510192871,0.9850586652755737,False,,,,,False,,,,494.0126037597656,420.5125427246094,536.8637161254883,270.449951171875,156.06088303768686,2,0,True,1,0.20051769384979676,0.2951218646074799,479.6547088623047,218.16343688964844,166.84800720214844,438.7770538330078,563.0787124633789,437.55196380615234,572.5,421.5357153756278,18.58173491996839,0.027818348740937995,1.0,469.4289727719226,0.00934449610408782,True,4.124943042812618,17.675409812607434,167.69101007101378,0.027088725184876646,False,True,True,False,TARGET_IDENTITY_UNCERTAIN,TARGET_OVERLAP_AMBIGUOUS: another detected person overlaps or is too close to the selected pose for automated identity acceptance.,False,,TARGET_IDENTITY_UNCERTAIN,TARGET_OVERLAP_AMBIGUOUS: another detected person overlaps or is too close to the selected pose for automated identity acceptance.,NOT_REVIEWED,False
105,105,102,3500.0,17,1.0,0.9440883994102478,4,6,0.9738633930683136,0.9859937727451324,False,,,,,False,,,,519.7938690185547,410.785888671875,547.5337524414062,251.91494369506836,161.27454321788332,2,0,True,1,0.24051955800755384,0.2767963761421391,509.81394958496094,199.40837478637695,139.581787109375,454.5932731628418,579.6048431396484,426.70501136779785,582.3214285714286,421.4821434020996,5.8871203652785,0.008731256171074082,1.0,475.5398188349247,0.036441107131588504,True,27.55506191982914,21.386822511731058,167.69101007101378,0.03109087468665479,False,True,True,False,TARGET_IDENTITY_UNCERTAIN,TARGET_OVERLAP_AMBIGUOUS: another detected person overlaps or is too close to the selected pose for automated identity acceptance.,False,,TARGET_IDENTITY_UNCERTAIN,TARGET_OVERLAP_AMBIGUOUS: another detected person overlaps or is too close to the selected pose for automated identity acceptance.,NOT_REVIEWED,False
106,106,103,3533.333333333333,17,1.0,0.9783899784088135,4,6,0.9837241768836975,0.9735939204692841,False,,,,,False,,,,487.77833557128906,410.2723846435547,533.8174934387207,258.54428482055664,158.55920135091483,1,0,False,0,0.0,,485.0243148803711,208.33204650878906,203.1205825805664,440.19996643066406,586.5846061706543,428.4320297241211,592.1428571428571,421.42857142857144,8.941061568264516,0.0131349458020569,1.0,484.8030337296029,0.05523978232795783,True,32.019651283236755,15.234300928721428,167.69101007101378,0.016192530928274534,False,False,False,False,INVALID_TRACK_SEGMENT,Valid-looking pose segment is too short to establish target identity continuity.,False,,INVALID_TRACK_SEGMENT,Valid-looking pose segment is too short to establish target identity continuity.,NOT_REVIEWED,False
107,107,104,3566.666666666667,17,1.0,0.9728226661682129,4,6,0.9831254780292511,0.9400050938129425,False,,,,,False,,,,486.26086616516113,423.1991882324219,524.2612571716309,260.2411804199219,167.3300392244722,1,0,False,0,0.0,,475.8293571472168,210.23841094970703,235.38191604614258,437.8801803588867,593.5203151702881,429.1785011291504,593.8571428571429,419.72857230050226,9.455929766931801,0.014019923566883974,1.0,497.13549335436153,0.07354275950473496,True,13.015566235230946,9.70572543747186,167.69101007101378,0.05230356636198375,False,False,False,False,INVALID_TRACK_SEGMENT,Valid-looking pose segment is too short to establish target identity continuity.,False,,INVALID_TRACK_SEGMENT,Valid-looking pose segment is too short to establish target identity continuity.,NOT_REVIEWED,False
108,108,105,3600.0,17,1.0,0.9792096614837646,4,6,0.989374428987503,0.9894174039363861,False,,,,,False,,,,510.3067398071289,405.92872619628906,564.9832763671875,254.55639266967773,160.9444221074315,2,0,True,1,0.060297882196376745,0.39971600241869987,500.53749084472656,209.96753692626953,236.1433868408203,447.0267868041992,618.6091842651367,433.48093032836914,595.5714285714286,418.028573172433,27.7401068685323,0.04148432515843796,1.0,505.5656705801337,0.050272088063648565,True,29.605284969866194,41.116902353273275,167.69101007101378,0.0380796627937091,False,True,True,False,TARGET_IDENTITY_UNCERTAIN,TARGET_OVERLAP_AMBIGUOUS: another detected person overlaps or is too close to the selected pose for automated identity acceptance.,False,,TARGET_IDENTITY_UNCERTAIN,TARGET_OVERLAP_AMBIGUOUS: another detected person overlaps or is too close to the selected pose for automated identity acceptance.,NOT_REVIEWED,False
109,109,106,3633.3333333333335,17,1.0,0.9683886766433716,4,6,0.9780045449733734,0.9649341702461243,False,,,,,False,,,,518.3221893310547,415.158935546875,574.5266342163086,253.07227325439453,171.55473096937942,1,0,False,0,0.0,,506.90826416015625,207.86378479003906,239.37014770507812,458.60765075683594,626.5933380126953,437.16761016845703,597.2857142857142,416.32857404436385,35.961121160269265,0.05420765248413606,1.0,517.319093930482,0.07008976417621307,True,12.224737041190133,9.658068620340288,167.69101007101378,0.06327297365228261,False,False,False,False,INVALID_TRACK_SEGMENT,Valid-looking pose segment is too short to establish target identity continuity.,False,,INVALID_TRACK_SEGMENT,Valid-looking pose segment is too short to establish target identity continuity.,NOT_REVIEWED,False
110,110,107,3666.6666666666665,17,1.0,0.9607340693473816,4,6,0.9724255800247192,0.9456674158573151,False,,,,,False,,,,521.7842788696289,409.24403381347656,574.6223182678223,251.82769012451172,166.04747413871533,2,0,True,1,0.11098271435762957,0.36132784573821536,513.8701705932617,211.67510986328125,219.3064956665039,450.6217041015625,623.5234184265137,436.9859619140625,599.0,414.62857491629467,33.1850991363568,0.05038766741636045,1.0,501.1539276997821,0.09639852621708403,True,6.853621414176953,1.2482558251027587,167.69101007101378,0.032841693948482256,False,True,True,False,TARGET_IDENTITY_UNCERTAIN,TARGET_OVERLAP_AMBIGUOUS: another detected person overlaps or is too close to the selected pose for automated identity acceptance.,False,,TARGET_IDENTITY_UNCERTAIN,TARGET_OVERLAP_AMBIGUOUS: another detected person overlaps or is too close to the selected pose for automated identity acceptance.,NOT_REVIEWED,False
111,111,108,3700.0,17,1.0,0.9825776219367981,4,6,0.990969330072403,0.9940341413021088,False,,,,,False,,,,537.8116874694824,395.6227111816406,597.0921401977539,241.77694702148438,164.87174174397276,2,0,True,1,0.0986269697186636,0.32901944983258924,522.5869598388672,204.48211669921875,185.03179931640625,466.34375,615.1028594970703,437.65399169921875,600.7142857142857,412.92857578822543,28.607293606250824,0.043721999882128944,1.0,501.71033467761987,0.0033180489377583554,True,21.033740909957608,24.6152459765465,167.69101007101378,0.007011302479749322,False,True,True,False,TARGET_IDENTITY_UNCERTAIN,TARGET_OVERLAP_AMBIGUOUS: another detected person overlaps or is too close to the selected pose for automated identity acceptance.,False,,TARGET_IDENTITY_UNCERTAIN,TARGET_OVERLAP_AMBIGUOUS: another detected person overlaps or is too close to the selected pose for automated identity acceptance.,NOT_REVIEWED,False
112,112,109,3733.3333333333335,17,1.0,0.962444543838501,4,6,0.9791283309459686,0.9964435994625092,False,,,,,False,,,,540.5667381286621,394.27410888671875,599.7339630126953,239.72874450683594,165.48422931442292,4,0,True,3,0.15119359316148884,0.3331334513938458,528.9426956176758,191.89584350585938,212.40071868896484,481.0593566894531,635.1430549621582,432.42552185058594,630.0,417.92857578822543,15.382212437707715,0.02228198482241966,1.0,525.8632616546428,0.14403233045584626,True,3.0674145928639933,3.3428074019538006,167.69101007101378,0.003652477077875433,False,True,True,False,TARGET_IDENTITY_UNCERTAIN,TARGET_OVERLAP_AMBIGUOUS: another detected person overlaps or is too close to the selected pose for automated identity acceptance.,False,,TARGET_IDENTITY_UNCERTAIN,TARGET_OVERLAP_AMBIGUOUS: another detected person overlaps or is too close to the selected pose for automated identity acceptance.,NOT_REVIEWED,False
113,113,110,3766.6666666666665,17,1.0,0.9598914980888367,4,6,0.9782583713531494,0.9957480728626251,False,,,,,False,,,,543.5381622314453,392.9075164794922,596.5593719482422,241.51456832885742,160.40908150592142,3,0,True,2,0.15189898353367823,0.3185472547660796,531.8310012817383,194.16193389892578,208.8027572631836,478.3583297729492,636.2323799133301,433.3410987854004,630.2380952380952,418.5555594308036,15.954423298072733,0.0229427974113733,1.0,521.9437547321297,0.02337338728446575,True,3.270617068091319,3.6424161143127303,167.69101007101378,0.030264877087640387,False,True,True,False,TARGET_IDENTITY_UNCERTAIN,TARGET_OVERLAP_AMBIGUOUS: another detected person overlaps or is too close to the selected pose for automated identity acceptance.,False,,TARGET_IDENTITY_UNCERTAIN,TARGET_OVERLAP_AMBIGUOUS: another detected person overlaps or is too close to the selected pose for automated identity acceptance.,NOT_REVIEWED,False
114,114,111,3800.0,17,1.0,0.9477910995483398,4,6,0.9873864054679871,0.9945078790187836,False,,,,,False,,,,560.9448204040527,394.6769714355469,597.421989440918,240.83093643188477,158.11130999170194,2,0,True,1,0.14208914044897583,0.31295006054351027,534.6854782104492,190.54098510742188,203.34073638916016,464.0332336425781,636.3558464050293,422.55760192871094,630.4761904761905,419.1825430733817,6.779481994847827,0.00967601666229257,1.0,506.63033564925166,0.09131926080231212,True,17.49636303862912,1.1006641218958144,167.69101007101378,0.013702413225648868,False,True,True,False,TARGET_IDENTITY_UNCERTAIN,TARGET_OVERLAP_AMBIGUOUS: another detected person overlaps or is too close to the selected pose for automated identity acceptance.,False,,TARGET_IDENTITY_UNCERTAIN,TARGET_OVERLAP_AMBIGUOUS: another detected person overlaps or is too close to the selected pose for automated identity acceptance.,NOT_REVIEWED,False
115,115,112,3833.3333333333335,17,1.0,0.9608270525932312,4,6,0.989841490983963,0.9866800606250763,False,,,,,False,,,,560.0683784484863,392.98779296875,626.1543045043945,233.6415901184082,172.50670127704964,2,0,True,1,0.1591570218922434,0.30065178129723275,547.0927352905273,202.44886779785156,178.2546157836914,487.7456512451172,636.220043182373,446.32169342041016,630.7142857142857,419.8095267159598,27.07782023468591,0.038349367422280456,1.0,519.2981112585669,0.07554236571149935,True,1.9030171817845754,29.61811319652184,167.69101007101378,0.08584474074818645,False,True,True,False,TARGET_IDENTITY_UNCERTAIN,TARGET_OVERLAP_AMBIGUOUS: another detected person overlaps or is too close to the selected pose for automated identity acceptance.,False,,TARGET_IDENTITY_UNCERTAIN,TARGET_OVERLAP_AMBIGUOUS: another detected person overlaps or is too close to the selected pose for automated identity acceptance.,NOT_REVIEWED,False
116,116,113,3866.6666666666665,17,1.0,0.914847195148468,4,6,0.9849809110164642,0.9858014583587646,False,,,,,False,,,,567.9444351196289,388.2544860839844,613.1332092285156,230.6712760925293,163.9344179136127,4,0,True,3,0.12998392938704087,0.31756078612446303,544.9122772216797,196.01398468017578,175.1693572998047,492.98546600341797,632.496955871582,442.50671768188477,630.952380952381,420.43651035853793,22.12418954394798,0.031086421598849445,1.0,523.1815874315855,0.023158523354197897,True,9.18893153486406,13.35558638158014,167.69101007101378,0.051119516542996325,False,True,True,False,TARGET_IDENTITY_UNCERTAIN,TARGET_OVERLAP_AMBIGUOUS: another detected person overlaps or is too close to the selected pose for automated identity acceptance.,False,,TARGET_IDENTITY_UNCERTAIN,TARGET_OVERLAP_AMBIGUOUS: another detected person overlaps or is too close to the selected pose for automated identity acceptance.,NOT_REVIEWED,False
117,117,114,3900.0,17,1.0,0.9402740597724915,4,6,0.9834727644920349,0.9975016713142395,False,,,,,False,,,,568.902515411377,402.0257873535156,641.1867294311523,236.70864486694336,180.42939116558125,3,0,True,2,0.16999014558389694,0.305146875229357,554.619987487793,178.6131935119629,180.26569366455078,508.0699119567871,644.7528343200684,432.64814949035645,631.1904761904761,421.06349400111606,17.836529955114685,0.024859469293792447,1.0,539.1018046233374,0.09493780963577021,True,13.804588240930224,28.695815330427823,167.69101007101378,0.09836528055369974,False,True,True,False,TARGET_IDENTITY_UNCERTAIN,TARGET_OVERLAP_AMBIGUOUS: another detected person overlaps or is too close to the selected pose for automated identity acceptance.,False,,TARGET_IDENTITY_UNCERTAIN,TARGET_OVERLAP_AMBIGUOUS: another detected person overlaps or is too close to the selected pose for automated identity acceptance.,NOT_REVIEWED,False
118,118,115,3933.333333333333,17,1.0,0.964347243309021,4,6,0.9920254647731781,0.9977809488773346,False,,,,,False,,,,577.4669151306152,407.0366973876953,608.9100723266602,229.11912536621094,180.67466498785953,4,0,True,3,0.1755173893366247,0.30062020648345955,501.8393249511719,169.26105117797852,221.71051025390625,514.9677085876465,612.694580078125,426.74490547180176,631.4285714285714,421.6904776436942,19.40385715748677,0.026820797063250586,1.0,560.6668273092841,0.12859975425524808,True,9.922608624829028,33.156951007186464,167.69101007101378,0.0014626533776283528,False,True,True,False,TARGET_IDENTITY_UNCERTAIN,TARGET_OVERLAP_AMBIGUOUS: another detected person overlaps or is too close to the selected pose for automated identity acceptance.,False,,TARGET_IDENTITY_UNCERTAIN,TARGET_OVERLAP_AMBIGUOUS: another detected person overlaps or is too close to the selected pose for automated identity acceptance.,NOT_REVIEWED,False
119,119,116,3966.666666666667,17,1.0,0.9108196496963501,4,6,0.9864050149917603,0.9919466376304626,False,,,,,False,,,,577.8591995239258,401.65264892578125,621.1844711303711,234.84501266479492,172.34229508379474,6,0,True,5,0.6958900475887866,0.07220108073219153,489.2855453491211,168.69427871704102,222.46271514892578,512.578914642334,600.516902923584,424.983736038208,631.6666666666666,422.3174612862723,31.26366584875606,0.04285034151216793,1.0,558.7725864493938,0.011296019143114476,True,5.398320561570442,13.544247906348506,167.69101007101378,0.049688828879593486,False,True,True,False,TARGET_IDENTITY_UNCERTAIN,TARGET_OVERLAP_AMBIGUOUS: another detected person overlaps or is too close to the selected pose for automated identity acceptance.,False,,TARGET_IDENTITY_UNCERTAIN,TARGET_OVERLAP_AMBIGUOUS: another detected person overlaps or is too close to the selected pose for automated identity acceptance.,NOT_REVIEWED,False
120,120,117,4000.0,17,1.0,0.942602276802063,4,6,0.9920102655887604,0.9962393939495087,False,,,,,False,,,,586.7474136352539,390.72377014160156,669.7332382202148,234.33574295043945,177.0419784423727,3,0,True,2,0.6772281435893488,0.08125713823677573,468.1342315673828,172.00472259521484,255.85755920410156,496.30399322509766,596.0630111694336,420.1567192077637,631.9047619047619,422.9444449288505,35.95000014561082,0.04885142733921037,1.0,558.3733019164313,0.0023810729793648927,True,14.08689964357329,48.551438100079544,167.69101007101378,0.02802585157420037,False,True,True,False,TARGET_IDENTITY_UNCERTAIN,TARGET_OVERLAP_AMBIGUOUS: another detected person overlaps or is too close to the selected pose for automated identity acceptance.,False,,TARGET_IDENTITY_UNCERTAIN,TARGET_OVERLAP_AMBIGUOUS: another detected person overlaps or is too close to the selected pose for automated identity acceptance.,NOT_REVIEWED,False
121,121,118,4033.333333333333,17,1.0,0.9279947876930237,4,6,0.9888759255409241,0.9947510957717896,False,,,,,False,,,,568.1504020690918,401.35951232910156,597.1361694335938,231.76574325561523,172.05296050420066,3,0,True,2,0.694714011871653,0.06180038835026114,479.7320327758789,167.70592880249023,253.72051239013672,513.6780433654785,606.5922889709473,424.5449504852295,632.1428571428571,423.57142857142856,25.56910790043452,0.03444256967370322,1.0,572.9216618729823,0.08675694630493379,True,21.423534980738697,72.64254466110607,167.69101007101378,0.029751254620383676,False,True,True,False,TARGET_IDENTITY_UNCERTAIN,TARGET_OVERLAP_AMBIGUOUS: another detected person overlaps or is too close to the selected pose for automated identity acceptance.,False,,TARGET_IDENTITY_UNCERTAIN,TARGET_OVERLAP_AMBIGUOUS: another detected person overlaps or is too close to the selected pose for automated identity acceptance.,NOT_REVIEWED,False
122,122,119,4066.6666666666665,17,1.0,0.8577550053596497,4,6,0.9862013459205627,0.9888888597488403,False,,,,,False,,,,586.0253524780273,394.8098449707031,636.8349838256836,225.89606475830078,176.39014650293961,3,2,True,2,0.653216786820383,0.08150494112028667,509.74837493896484,160.02927207946777,221.85511016845703,516.2031497955322,620.6759300231934,418.1308469772339,646.0439560439561,422.41758241758237,25.72766691570836,0.03479488740392691,1.0,561.8588628531963,0.0659713303360813,True,19.03712149006711,40.13039982107623,167.69101007101378,0.02586415334311749,False,True,True,True,TARGET_IDENTITY_UNCERTAIN,TARGET_OVERLAP_AMBIGUOUS: another detected person overlaps or is too close to the selected pose for automated identity acceptance.,False,,TARGET_IDENTITY_UNCERTAIN,TARGET_OVERLAP_AMBIGUOUS: another detected person overlaps or is too close to the selected pose for automated identity acceptance.,NOT_REVIEWED,False
123,123,120,4100.0,17,1.0,0.8464311361312866,4,6,0.9672631621360779,0.9857707619667053,False,,,,,False,,,,617.6581497192383,366.2606658935547,739.9814453125,241.6249122619629,174.63407378891247,3,0,True,2,0.3269272267250265,0.21339312929846085,614.1914367675781,210.46089935302734,193.94418334960938,420.5670852661133,711.1635284423828,420.744441986084,659.945054945055,421.2637362637363,51.22110594221174,0.06955139013647729,1.0,463.1317517341918,0.5887442092286018,True,42.610908078597106,104.33881905141901,167.69101007101378,0.010472074282834122,True,True,True,True,TARGET_IDENTITY_UNCERTAIN,TARGET_OVERLAP_AMBIGUOUS: another detected person overlaps or is too close to the selected pose for automated identity acceptance.,False,,TARGET_IDENTITY_UNCERTAIN,TARGET_OVERLAP_AMBIGUOUS: another detected person overlaps or is too close to the selected pose for automated identity acceptance.,NOT_REVIEWED,False
124,124,121,4133.333333333334,17,1.0,0.8433659672737122,4,6,0.9629850387573242,0.9666591286659241,False,,,,,False,,,,642.4409332275391,375.16123962402344,758.2310333251953,246.02890014648438,173.44309839128118,3,0,True,2,0.28225299595575615,0.23346152505654053,637.3070220947266,210.07799530029297,194.6221160888672,433.4486770629883,734.6180801391602,426.8023338317871,673.8461538461539,420.1098901098901,61.13931491547269,0.08335393109446856,1.0,475.13737352324034,0.0715937114575455,True,26.33261421034409,18.7734539155725,167.69101007101378,0.007102201824217871,False,True,True,True,TARGET_IDENTITY_UNCERTAIN,TARGET_OVERLAP_AMBIGUOUS: another detected person overlaps or is too close to the selected pose for automated identity acceptance.,False,,TARGET_IDENTITY_UNCERTAIN,TARGET_OVERLAP_AMBIGUOUS: another detected person overlaps or is too close to the selected pose for automated identity acceptance.,NOT_REVIEWED,False
125,125,122,4166.666666666667,17,1.0,0.8938806056976318,4,6,0.960216760635376,0.9786452949047089,False,,,,,False,,,,642.4478225708008,367.16890716552734,769.4596710205078,251.5876007080078,171.729578259071,2,0,True,1,0.12821038706169918,0.28514101767790373,635.9619445800781,219.1805877685547,209.81689453125,412.16188049316406,740.8703918457031,425.2615280151367,687.7472527472528,418.95604395604397,53.49604692771958,0.07322893865381688,1.0,462.4938323506584,0.07539784730992823,True,7.992335427782094,12.529224095101572,167.69101007101378,0.010218318390977255,False,True,True,False,TARGET_IDENTITY_UNCERTAIN,TARGET_OVERLAP_AMBIGUOUS: another detected person overlaps or is too close to the selected pose for automated identity acceptance.,False,,TARGET_IDENTITY_UNCERTAIN,TARGET_OVERLAP_AMBIGUOUS: another detected person overlaps or is too close to the selected pose for automated identity acceptance.,NOT_REVIEWED,False
126,126,123,4200.0,17,1.0,0.9409671425819397,4,6,0.9779238402843475,0.9645844101905823,False,,,,,False,,,,660.0478897094727,386.57550048828125,768.6829071044922,259.22090911865234,167.39402303350425,3,0,True,2,0.056407285232886996,0.38436999362890173,646.5850677490234,230.0252685546875,207.19493103027344,408.29296875,750.1825332641602,434.1717529296875,701.6483516483518,417.8021978021978,51.2203975012709,0.07039899356754992,1.0,457.8568420099543,0.027651991235191787,True,26.198821112418667,7.67272829397995,167.69101007101378,0.025854428473719108,False,True,True,False,TARGET_IDENTITY_UNCERTAIN,TARGET_OVERLAP_AMBIGUOUS: another detected person overlaps or is too close to the selected pose for automated identity acceptance.,False,,TARGET_IDENTITY_UNCERTAIN,TARGET_OVERLAP_AMBIGUOUS: another detected person overlaps or is too close to the selected pose for automated identity acceptance.,NOT_REVIEWED,False
127,127,124,4233.333333333333,17,1.0,0.8376852869987488,4,6,0.9508525431156158,0.9796296656131744,False,,,,,False,,,,673.2215118408203,380.69771575927734,816.3769378662109,266.70599365234375,182.99614397417082,4,0,True,3,0.27831802549982126,0.22152868765418043,609.3411331176758,228.86788177490234,245.00231170654297,428.5715103149414,731.8422889709473,443.15363693237305,715.5494505494505,416.6483516483517,31.11248514369045,0.04293659950337863,1.0,493.65946987288714,0.21350356138812196,True,14.42541761544685,48.27781126745786,167.69101007101378,0.09304089070761384,False,True,True,False,TARGET_IDENTITY_UNCERTAIN,TARGET_OVERLAP_AMBIGUOUS: another detected person overlaps or is too close to the selected pose for automated identity acceptance.,False,,TARGET_IDENTITY_UNCERTAIN,TARGET_OVERLAP_AMBIGUOUS: another detected person overlaps or is too close to the selected pose for automated identity acceptance.,NOT_REVIEWED,False
128,128,125,4266.666666666667,17,1.0,0.9269877672195435,4,6,0.9915366470813751,0.9829021394252777,False,,,,,False,,,,669.7453765869141,373.0207214355469,807.557373046875,265.54719161987305,174.7647160593946,2,0,True,1,0.1663006062754616,0.29418659511909984,660.0700073242188,246.84479522705078,219.43453979492188,414.13329315185547,769.7872772216797,453.9114418029785,729.4505494505495,415.49450549450546,55.703793431072015,0.07718878199954482,1.0,468.67675614629087,0.14898063835393796,True,8.42732212212395,8.895366532803827,167.69101007101378,0.04908687657907466,False,True,True,False,TARGET_IDENTITY_UNCERTAIN,TARGET_OVERLAP_AMBIGUOUS: another detected person overlaps or is too close to the selected pose for automated identity acceptance.,False,,TARGET_IDENTITY_UNCERTAIN,TARGET_OVERLAP_AMBIGUOUS: another detected person overlaps or is too close to the selected pose for automated identity acceptance.,NOT_REVIEWED,False
129,129,126,4300.0,17,1.0,0.8636893033981323,4,6,0.9366819858551025,0.9870093762874603,False,,,,,False,,,,707.8371810913086,359.7188491821289,853.5306091308594,263.03857803344727,174.85322359996218,2,0,True,1,0.11473617686699653,0.2872392763018389,613.1754760742188,243.05797576904297,283.85089111328125,414.79969024658203,755.1009216308594,450.457820892334,743.3516483516484,414.3406593406594,37.98018932469063,0.052845754512018325,1.0,502.6232300784199,0.2024346678915786,True,40.34755724758641,46.04162875224728,167.69101007101378,0.0005278013444495039,False,True,True,False,TARGET_IDENTITY_UNCERTAIN,TARGET_OVERLAP_AMBIGUOUS: another detected person overlaps or is too close to the selected pose for automated identity acceptance.,False,,TARGET_IDENTITY_UNCERTAIN,TARGET_OVERLAP_AMBIGUOUS: another detected person overlaps or is too close to the selected pose for automated identity acceptance.,NOT_REVIEWED,False
130,130,127,4333.333333333333,17,1.0,0.914998471736908,4,6,0.9900034070014954,0.9938571453094482,False,,,,,False,,,,715.9181518554688,339.8823699951172,861.1710662841797,284.7337646484375,155.36980987861912,3,0,True,2,0.10997680855840411,0.28920836801388455,647.1905517578125,247.41667938232422,272.30206298828125,386.94962310791016,783.3415832519531,440.8914909362793,757.2527472527472,413.1868131868132,38.05491470224607,0.05316850338268517,1.0,473.15792747351026,0.17571187979863492,True,21.419336941837397,23.00125448254888,167.69101007101378,0.11618639373149592,False,True,True,False,TARGET_IDENTITY_UNCERTAIN,TARGET_OVERLAP_AMBIGUOUS: another detected person overlaps or is too close to the selected pose for automated identity acceptance.,False,,TARGET_IDENTITY_UNCERTAIN,TARGET_OVERLAP_AMBIGUOUS: another detected person overlaps or is too close to the selected pose for automated identity acceptance.,NOT_REVIEWED,False
131,131,128,4366.666666666666,17,1.0,0.9336363673210144,4,6,0.9899842143058777,0.991424173116684,False,,,,,False,,,,719.7124252319336,367.80797576904297,872.6853179931641,292.7931442260742,170.37585178410376,2,0,True,1,0.29401936296258246,0.2214225669278178,638.6842422485352,215.0828857421875,300.88692474365234,438.08184814453125,789.1277046203613,434.1238098144531,771.1538461538462,412.03296703296706,28.47920158590568,0.03995484013290004,1.0,531.4589797485978,0.34766951579812316,True,28.18219239690317,14.054593256095226,167.69101007101378,0.08948626345043707,False,True,True,False,TARGET_IDENTITY_UNCERTAIN,TARGET_OVERLAP_AMBIGUOUS: another detected person overlaps or is too close to the selected pose for automated identity acceptance.,False,,TARGET_IDENTITY_UNCERTAIN,TARGET_OVERLAP_AMBIGUOUS: another detected person overlaps or is too close to the selected pose for automated identity acceptance.,NOT_REVIEWED,False
132,132,129,4400.0,17,1.0,0.974322497844696,4,6,0.992676317691803,0.9921717345714569,False,,,,,False,,,,741.8233871459961,369.35337829589844,843.0701904296875,272.3259620666504,140.23278744748052,2,0,True,1,0.17273398782713761,0.313065202612563,683.7420883178711,232.35781860351562,254.2022476196289,434.2870178222656,810.8432121276855,449.50132751464844,785.054945054945,410.8791208791209,46.44038720782139,0.06542482659960872,1.0,503.2136688761822,0.16843664344590842,True,22.164902565432893,35.999462859159806,167.69101007101378,0.17975360947410512,False,True,True,False,TARGET_IDENTITY_UNCERTAIN,TARGET_OVERLAP_AMBIGUOUS: another detected person overlaps or is too close to the selected pose for automated identity acceptance.,False,,TARGET_IDENTITY_UNCERTAIN,TARGET_OVERLAP_AMBIGUOUS: another detected person overlaps or is too close to the selected pose for automated identity acceptance.,NOT_REVIEWED,False
133,133,130,4433.333333333334,17,1.0,0.9488341808319092,4,6,0.9818589389324188,0.9796005189418793,False,,,,,False,,,,775.8470764160156,369.49083709716797,864.0492782592773,280.9340057373047,124.98776256297552,3,0,True,2,0.09229540864918336,0.3110632396952276,737.293212890625,234.237060546875,228.27426147460938,431.9083251953125,851.4303436279297,450.19122314453125,798.9560439560439,409.72527472527474,66.26496138627714,0.09374393308228568,1.0,488.5221999303595,0.0876103551383059,True,34.02396694192035,22.67643142113715,167.69101007101378,0.09091140233486003,False,True,True,False,TARGET_IDENTITY_UNCERTAIN,TARGET_OVERLAP_AMBIGUOUS: another detected person overlaps or is too close to the selected pose for automated identity acceptance.,False,,TARGET_IDENTITY_UNCERTAIN,TARGET_OVERLAP_AMBIGUOUS: another detected person overlaps or is too close to the selected pose for automated identity acceptance.,NOT_REVIEWED,False
134,134,131,4466.666666666667,17,1.0,0.885590672492981,4,6,0.9841911494731903,0.9780780673027039,False,,,,,False,,,,824.0225982666016,368.39725494384766,921.0651397705078,279.8894500732422,131.342629730604,3,0,True,2,0.1328192391184665,0.27805454032194704,715.2832183837891,255.73567962646484,263.2741241455078,367.5059280395508,846.920280456543,439.48864364624023,812.8571428571429,408.57142857142856,46.00186443067092,0.06535134025466208,1.0,452.0772849732618,0.2173337434228824,True,48.187932384595456,57.02542906811958,167.69101007101378,0.037896290116788675,False,True,True,False,TARGET_IDENTITY_UNCERTAIN,TARGET_OVERLAP_AMBIGUOUS: another detected person overlaps or is too close to the selected pose for automated identity acceptance.,False,,TARGET_IDENTITY_UNCERTAIN,TARGET_OVERLAP_AMBIGUOUS: another detected person overlaps or is too close to the selected pose for automated identity acceptance.,NOT_REVIEWED,False
