source_frame_index,analysis_frame_index,timestamp_ms,frame_status,frame_rejection_reason,valid_segment_id,raw_pelvis_mid_x,raw_pelvis_mid_y,path_input_center_x,path_input_center_y,center_status,roi_center_x,roi_center_y,roi_x,roi_y,roi_width,roi_height,translation_camera_motion_status,translation_camera_motion_method,translation_background_dx_px,translation_background_dy_px,translation_background_feature_count,translation_camera_motion_residual_px,translation_affine_scale,translation_affine_inlier_fraction,affine_camera_motion_status,affine_camera_motion_method,affine_background_dx_px,affine_background_dy_px,affine_background_feature_count,affine_camera_motion_residual_px,affine_affine_scale,affine_affine_inlier_fraction,translation_raw_dx,translation_raw_dy,translation_compensated_dx,translation_compensated_dy,translation_compensated_x,translation_compensated_y,translation_projected_heading_deg,translation_normalized_projected_speed_per_s,translation_path_segment_id,translation_path_status,translation_path_rejection_reason,affine_raw_dx,affine_raw_dy,affine_compensated_dx,affine_compensated_dy,affine_compensated_x,affine_compensated_y,affine_projected_heading_deg,affine_normalized_projected_speed_per_s,affine_path_segment_id,affine_path_status,affine_path_rejection_reason,chosen_raw_dx,chosen_raw_dy,chosen_compensated_dx,chosen_compensated_dy,chosen_compensated_x,chosen_compensated_y,chosen_projected_heading_deg,chosen_normalized_projected_speed_per_s,chosen_path_segment_id,chosen_path_status,chosen_path_rejection_reason,chosen_path_validation_status,chosen_path_validation_reason
0,0,0.0,VALID_TARGET,,1.0,1191.886116027832,159.6284942626953,1173.6697845458984,156.82149505615234,SUPPORTED,1157.142857142857,176.42857142857142,1036.4285714285713,10.0,241.42857142857156,332.85714285714283,INSUFFICIENT_EVIDENCE,translation_median_sparse_flow,0.0,0.0,0.0,,,,INSUFFICIENT_EVIDENCE,partial_affine_ransac_sparse_flow,0.0,0.0,0.0,,,,,,,,0.0,0.0,,,path_segment_001,SUPPORTED,,,,,,0.0,0.0,,,path_segment_001,SUPPORTED,,,,,,0.0,0.0,,,path_segment_001,SUPPORTED,,SUPPORTED,
1,1,33.333333333333336,VALID_TARGET,,1.0,1173.6697845458984,155.9322280883789,1164.8805084228516,155.50870513916016,SUPPORTED,1146.1904761904761,178.8095238095238,1018.3333333333333,7.6190476190476195,255.71428571428578,342.38095238095235,SUPPORTED,translation_median_sparse_flow,-2.86737060546875,-2.0259475708007812,213.0,3.510105848312378,,,SUPPORTED,partial_affine_ransac_sparse_flow,1.4650776185852306,0.9370818285916476,109.0,1.0923061173969861,0.9925570309405917,0.5117370892018779,-8.789276123046875,-1.3127899169921875,-5.921905517578125,0.7131576538085938,-5.921905517578125,0.7131576538085938,-173.13310658443405,1.8412751791021265,path_segment_001,SUPPORTED,,-8.789276123046875,-1.3127899169921875,-1.834323148703561,1.297530405473708,-1.834323148703561,1.297530405473708,-144.7258646323878,0.6935924334499649,path_segment_001,SUPPORTED,,-8.789276123046875,-1.3127899169921875,-5.921905517578125,0.7131576538085938,-5.921905517578125,0.7131576538085938,-173.13310658443405,1.8412751791021265,path_segment_001,SUPPORTED,,SUPPORTED,
2,2,66.66666666666667,VALID_TARGET,,1.0,1156.0912322998047,155.0851821899414,1156.0912322998047,154.19591522216797,SUPPORTED,1135.2380952380952,181.1904761904762,1000.2380952380952,5.238095238095239,270.0,351.9047619047619,SUPPORTED,translation_median_sparse_flow,-2.48162841796875,-1.7627105712890625,213.0,3.0435731410980225,,,SUPPORTED,partial_affine_ransac_sparse_flow,1.2095347123871723,1.4501391967368267,117.0,1.0734770065890604,0.9925476596140809,0.5492957746478874,-8.789276123046875,-1.3127899169921875,-6.307647705078125,0.449920654296875,-12.22955322265625,1.1630783081054688,-175.92003717094673,1.9520910654418797,path_segment_001,SUPPORTED,,-8.789276123046875,-1.3127899169921875,-1.901128449992484,2.8309374178328426,-3.735451598696045,4.128467823306551,-123.88350834433325,1.0526703753844273,path_segment_001,SUPPORTED,,-8.789276123046875,-1.3127899169921875,-6.307647705078125,0.449920654296875,-12.22955322265625,1.1630783081054688,-175.92003717094673,1.9520910654418797,path_segment_001,SUPPORTED,,SUPPORTED,
3,3,100.0,VALID_TARGET,,1.0,1144.963752746582,143.23373413085938,1144.963752746582,144.00563049316406,SUPPORTED,1124.2857142857142,183.57142857142858,982.1428571428571,2.8571428571428577,284.2857142857142,361.42857142857144,SUPPORTED,translation_median_sparse_flow,-2.3828887939453125,-1.801595687866211,224.0,2.986701250076294,,,SUPPORTED,partial_affine_ransac_sparse_flow,0.8681624498121844,0.9251097718228033,128.0,1.1650216477306383,0.9934104043673327,0.5714285714285714,-11.127479553222656,-10.190284729003906,-8.744590759277344,-8.388689041137695,-20.974143981933594,-7.225610733032227,136.19000765628326,3.740673596571187,path_segment_001,SUPPORTED,,-11.127479553222656,-10.190284729003906,-4.915624348901247,-6.008895775072546,-8.651075947597292,-1.880427951765995,129.28515186877968,2.3965247073101903,path_segment_001,SUPPORTED,,-11.127479553222656,-10.190284729003906,-8.744590759277344,-8.388689041137695,-20.974143981933594,-7.225610733032227,136.19000765628326,3.740673596571187,path_segment_001,SUPPORTED,,SUPPORTED,
4,4,133.33333333333334,VALID_TARGET,,1.0,1127.987533569336,142.7133026123047,1127.987533569336,142.7133026123047,SUPPORTED,1104.642857142857,183.92857142857142,960.0,6.428571428571429,289.2857142857142,355.0,SUPPORTED,translation_median_sparse_flow,-2.160552978515625,-1.9076461791992188,213.0,2.881045341491699,,,SUPPORTED,partial_affine_ransac_sparse_flow,0.492275227967332,-0.3271441449253647,152.0,1.5720461919637025,0.9944444458507157,0.7136150234741784,-16.976219177246094,-1.292327880859375,-14.815666198730469,0.6153182983398438,-35.78981018066406,-6.610292434692383,-177.62178144337076,4.577475619231569,path_segment_001,SUPPORTED,,-16.976219177246094,-1.292327880859375,-11.286983740043752,1.2684939637032642,-19.938059687641044,-0.6119339880627308,-173.58768845557762,3.5061785667695355,path_segment_001,SUPPORTED,,-16.976219177246094,-1.292327880859375,-14.815666198730469,0.6153182983398438,-35.78981018066406,-6.610292434692383,-177.62178144337076,4.577475619231569,path_segment_001,SUPPORTED,,SUPPORTED,
5,5,166.66666666666666,VALID_TARGET,,1.0,1106.7190551757812,136.23199081420898,1106.7190551757812,140.41545867919922,SUPPORTED,1085.0,184.28571428571428,937.8571428571429,10.0,294.2857142857142,348.57142857142856,SUPPORTED,translation_median_sparse_flow,-2.11749267578125,-1.3263721466064453,202.0,2.4960567951202393,,,SUPPORTED,partial_affine_ransac_sparse_flow,0.5890158428097144,0.44658963319814615,123.0,1.013623746314035,0.9949664465241161,0.6089108910891089,-21.268478393554688,-2.2978439331054688,-19.150985717773438,-0.9714717864990234,-54.9407958984375,-7.581764221191406,177.09604692517664,5.919428922282098,path_segment_001,SUPPORTED,,-21.268478393554688,-2.2978439331054688,-16.37757916240116,-0.45328735865294334,-36.315638850042205,-1.0652213467156741,178.41461160540203,5.057624845389856,path_segment_001,SUPPORTED,,-21.268478393554688,-2.2978439331054688,-19.150985717773438,-0.9714717864990234,-54.9407958984375,-7.581764221191406,177.09604692517664,5.919428922282098,path_segment_001,SUPPORTED,,SUPPORTED,
6,6,200.0,VALID_TARGET,,1.0,1087.7886352539062,142.1600112915039,1087.7886352539062,138.74304580688477,SUPPORTED,1073.2142857142858,174.64285714285714,916.4285714285714,10.0,313.57142857142856,329.2857142857143,SUPPORTED,translation_median_sparse_flow,-2.17181396484375,-1.2540550231933594,215.0,2.506079912185669,,,SUPPORTED,partial_affine_ransac_sparse_flow,0.3842856341599086,1.0509207335732864,137.0,1.1950715186745295,0.9942305721712082,0.6372093023255814,-18.930419921875,-1.6724128723144531,-16.75860595703125,-0.41835784912109375,-71.69940185546875,-8.0001220703125,178.56997881023088,5.174921873024351,path_segment_001,SUPPORTED,,-18.930419921875,-1.6724128723144531,-13.425760166943064,2.0549061120585748,-49.74139901698527,0.9896847653429006,-171.2980146405906,4.192738981671306,path_segment_001,SUPPORTED,,-18.930419921875,-1.6724128723144531,-16.75860595703125,-0.41835784912109375,-71.69940185546875,-8.0001220703125,178.56997881023088,5.174921873024351,path_segment_001,SUPPORTED,,SUPPORTED,
7,7,233.33333333333337,VALID_TARGET,HUMAN_ACCEPTED_TARGET: operator reviewed the raw skeleton and confirmed that it belongs to the documented athlete.,1.0,1070.7972564697266,136.39932250976562,1070.7972564697266,138.32025527954102,SUPPORTED,1061.4285714285716,165.0,895.0,10.0,332.8571428571429,310.0,SUPPORTED,translation_median_sparse_flow,-1.925811767578125,-0.7180366516113281,200.0,2.0552167892456055,,,SUPPORTED,partial_affine_ransac_sparse_flow,0.14196266556475995,0.48003791084920194,143.0,1.2095803547065975,0.9955168905233315,0.715,-16.991378784179688,-0.42279052734375,-15.065567016601562,0.2952461242675781,-86.76496887207031,-7.704875946044922,-178.87729471486105,4.651569231798889,path_segment_001,SUPPORTED,,-16.991378784179688,-0.42279052734375,-12.504850027904013,1.6791416951011513,-62.24624904488928,2.668826460444052,-172.3521137311254,3.894839776821918,path_segment_001,SUPPORTED,,-16.991378784179688,-0.42279052734375,-15.065567016601562,0.2952461242675781,-86.76496887207031,-7.704875946044922,-178.87729471486105,4.651569231798889,path_segment_001,SUPPORTED,,SUPPORTED,
8,8,266.6666666666667,VALID_TARGET,HUMAN_ACCEPTED_TARGET: operator reviewed the raw skeleton and confirmed that it belongs to the documented athlete.,1.0,1050.5021591186523,137.12763595581055,1050.5021591186523,137.59543228149414,SUPPORTED,1052.142857142857,168.57142857142856,885.0,10.0,334.28571428571433,317.1428571428571,SUPPORTED,translation_median_sparse_flow,-2.1627960205078125,-0.9208850860595703,200.0,2.3500022888183594,,,SUPPORTED,partial_affine_ransac_sparse_flow,0.06885153819398267,1.1239914364803554,137.0,1.087677026800601,0.9956721023928009,0.685,-20.29509735107422,-0.724822998046875,-18.132301330566406,0.1960620880126953,-104.89727020263672,-7.508813858032227,-179.38049273553696,5.597691254887078,path_segment_001,SUPPORTED,,-20.29509735107422,-0.724822998046875,-16.215022978141178,2.5609064434707136,-78.46127202303046,5.2297329039147655,-171.02516814763095,5.067550617742572,path_segment_001,SUPPORTED,,-20.29509735107422,-0.724822998046875,-18.132301330566406,0.1960620880126953,-104.89727020263672,-7.508813858032227,-179.38049273553696,5.597691254887078,path_segment_001,SUPPORTED,,SUPPORTED,
9,9,300.0,VALID_TARGET,HUMAN_ACCEPTED_TARGET: operator reviewed the raw skeleton and confirmed that it belongs to the documented athlete.,1.0,1044.2576904296875,139.43480682373047,1044.2576904296875,135.99839401245117,SUPPORTED,1042.857142857143,172.14285714285714,875.0,10.0,335.7142857142858,324.2857142857143,SUPPORTED,translation_median_sparse_flow,-2.3114013671875,-1.1297454833984375,217.0,2.5323121547698975,,,SUPPORTED,partial_affine_ransac_sparse_flow,-0.7778185076625728,1.4229036990259465,127.0,1.1570097963763823,0.9987689775320119,0.5852534562211982,-6.244468688964844,-1.5970382690429688,-3.9330673217773438,-0.46729278564453125,-108.83033752441406,-7.976106643676758,173.2243774688924,1.2226604100596317,path_segment_001,SUPPORTED,,-6.244468688964844,-1.5970382690429688,-4.920680155672926,2.979984416839926,-83.38195217870339,8.209717320754692,-148.80072765648055,1.775829730953446,path_segment_001,SUPPORTED,,-6.244468688964844,-1.5970382690429688,-3.9330673217773438,-0.46729278564453125,-108.83033752441406,-7.976106643676758,173.2243774688924,1.2226604100596317,path_segment_001,SUPPORTED,,SUPPORTED,
10,10,333.3333333333333,VALID_TARGET,HUMAN_ACCEPTED_TARGET: operator reviewed the raw skeleton and confirmed that it belongs to the documented athlete.,1.0,1028.7922897338867,132.8504295349121,1028.7922897338867,132.8504295349121,SUPPORTED,1033.5714285714287,175.71428571428572,865.0,10.0,337.1428571428572,331.42857142857144,SUPPORTED,translation_median_sparse_flow,-2.168731689453125,-0.3722724914550781,205.0,2.2003467082977295,,,SUPPORTED,partial_affine_ransac_sparse_flow,0.2529493760682,0.20623214483958194,140.0,1.1332107987364375,0.9959911727895614,0.6829268292682927,-15.465400695800781,-3.1479644775390625,-13.296669006347656,-2.7756919860839844,-122.12700653076172,-10.751798629760742,168.2087818784049,4.193104859686288,path_segment_001,SUPPORTED,,-15.465400695800781,-3.1479644775390625,-11.527590636133027,-2.8436339729268525,-94.90954281483641,5.366083347827839,166.14289129001813,3.6651895595387907,path_segment_001,SUPPORTED,,-15.465400695800781,-3.1479644775390625,-13.296669006347656,-2.7756919860839844,-122.12700653076172,-10.751798629760742,168.2087818784049,4.193104859686288,path_segment_001,SUPPORTED,,SUPPORTED,
11,11,366.66666666666663,VALID_TARGET,HUMAN_ACCEPTED_TARGET: operator reviewed the raw skeleton and confirmed that it belongs to the documented athlete.,1.0,1013.7853164672852,129.42316055297852,1021.2888031005859,132.15053367614746,SUPPORTED,1024.2857142857142,179.28571428571428,855.0,10.0,338.57142857142867,338.57142857142856,SUPPORTED,translation_median_sparse_flow,-2.3055877685546875,-0.16775035858154297,204.0,2.311558961868286,,,SUPPORTED,partial_affine_ransac_sparse_flow,-0.04202503150662126,1.3396798687820026,132.0,1.2230941596262221,0.9957105154364506,0.6470588235294118,-7.503486633300781,-0.6998958587646484,-5.197898864746094,-0.5321455001831055,-127.32490539550781,-11.283944129943848,174.15459293706536,1.6129560726569896,path_segment_001,SUPPORTED,,-7.503486633300781,-0.6998958587646484,-3.543229395693288,2.4197800687563813,-98.4527722105297,7.78586341658422,-145.66963225630315,1.3245101202517282,path_segment_001,SUPPORTED,,-7.503486633300781,-0.6998958587646484,-5.197898864746094,-0.5321455001831055,-127.32490539550781,-11.283944129943848,174.15459293706536,1.6129560726569896,path_segment_001,SUPPORTED,,SUPPORTED,
12,12,400.0,VALID_TARGET,HUMAN_ACCEPTED_TARGET: operator reviewed the raw skeleton and confirmed that it belongs to the documented athlete.,1.0,999.2690048217772,131.4506378173828,1013.7853164672852,131.4506378173828,SUPPORTED,1002.2619047619048,179.64285714285714,842.1428571428571,10.238095238095237,320.2380952380953,338.8095238095238,SUPPORTED,translation_median_sparse_flow,-2.4442138671875,-0.22139358520507812,243.0,2.45241117477417,,,SUPPORTED,partial_affine_ransac_sparse_flow,-0.4411306221298121,-0.10455978573529652,176.0,1.2393685131206158,0.9972982344190422,0.7242798353909465,-7.503486633300781,-0.6998958587646484,-5.059272766113281,-0.4785022735595703,-132.3841781616211,-11.762446403503418,174.59707946532987,1.568745590126513,path_segment_001,SUPPORTED,,-7.503486633300781,-0.6998958587646484,-4.2188862222711805,-0.8872862878017429,-102.67165843280088,6.8985771287824775,168.12305014361147,1.3308430458661267,path_segment_001,SUPPORTED,,-7.503486633300781,-0.6998958587646484,-5.059272766113281,-0.4785022735595703,-132.3841781616211,-11.762446403503418,174.59707946532987,1.568745590126513,path_segment_001,SUPPORTED,,SUPPORTED,
13,13,433.33333333333337,TARGET_IDENTITY_UNCERTAIN,TARGET_OVERLAP_AMBIGUOUS: another detected person overlaps or is too close to the selected pose for automated identity acceptance.,,989.8993072509766,131.07850646972656,,,,980.2380952380953,180.0,829.2857142857143,10.476190476190476,301.904761904762,339.04761904761904,,,,,,,,,,,,,,,,,,,,,,,,,,,,,,,,,,,,,,,,,,,,,,,,,,,
14,14,466.6666666666667,INVALID_TRACK_SEGMENT,Valid-looking pose segment is too short to establish target identity continuity.,,972.1135635375977,129.28934478759766,,,,958.2142857142858,180.35714285714286,816.4285714285714,10.714285714285715,283.5714285714286,339.2857142857143,,,,,,,,,,,,,,,,,,,,,,,,,,,,,,,,,,,,,,,,,,,,,,,,,,,
15,15,500.0,INVALID_TRACK_SEGMENT,Valid-looking pose segment is too short to establish target identity continuity.,,958.2247085571288,127.79348754882812,,,,936.1904761904761,180.71428571428572,803.5714285714286,10.952380952380953,265.2380952380953,339.5238095238095,,,,,,,,,,,,,,,,,,,,,,,,,,,,,,,,,,,,,,,,,,,,,,,,,,,
16,16,533.3333333333334,TARGET_IDENTITY_UNCERTAIN,TARGET_OVERLAP_AMBIGUOUS: another detected person overlaps or is too close to the selected pose for automated identity acceptance.,,943.8688888549804,117.6816864013672,,,,914.1666666666667,181.07142857142856,790.7142857142858,11.19047619047619,246.9047619047619,339.76190476190476,,,,,,,,,,,,,,,,,,,,,,,,,,,,,,,,,,,,,,,,,,,,,,,,,,,
17,17,566.6666666666666,TARGET_IDENTITY_UNCERTAIN,TARGET_OVERLAP_AMBIGUOUS: another detected person overlaps or is too close to the selected pose for automated identity acceptance.,,928.8114166259766,125.11391830444336,,,,892.1428571428571,181.42857142857142,777.8571428571429,11.428571428571429,228.57142857142856,340.0,,,,,,,,,,,,,,,,,,,,,,,,,,,,,,,,,,,,,,,,,,,,,,,,,,,
18,18,600.0,TARGET_IDENTITY_UNCERTAIN,TARGET_OVERLAP_AMBIGUOUS: another detected person overlaps or is too close to the selected pose for automated identity acceptance.,,917.2729682922364,133.75035095214844,,,,887.4489795918367,183.57142857142858,771.530612244898,12.857142857142858,231.83673469387753,341.42857142857144,,,,,,,,,,,,,,,,,,,,,,,,,,,,,,,,,,,,,,,,,,,,,,,,,,,
19,19,633.3333333333333,INVALID_TRACK_SEGMENT,Valid-looking pose segment is too short to establish target identity continuity.,,909.0926399230956,135.92788696289062,,,,882.7551020408164,185.7142857142857,765.2040816326531,14.285714285714285,235.10204081632654,342.85714285714283,,,,,,,,,,,,,,,,,,,,,,,,,,,,,,,,,,,,,,,,,,,,,,,,,,,
20,20,666.6666666666666,TARGET_IDENTITY_UNCERTAIN,TARGET_OVERLAP_AMBIGUOUS: another detected person overlaps or is too close to the selected pose for automated identity acceptance.,,891.495002746582,146.83197784423828,,,,878.0612244897959,187.85714285714286,758.8775510204082,15.714285714285714,238.3673469387755,344.2857142857143,,,,,,,,,,,,,,,,,,,,,,,,,,,,,,,,,,,,,,,,,,,,,,,,,,,
21,21,700.0,TARGET_IDENTITY_UNCERTAIN,TARGET_OVERLAP_AMBIGUOUS: another detected person overlaps or is too close to the selected pose for automated identity acceptance.,,880.4982452392578,151.29576110839844,,,,873.3673469387755,190.0,752.5510204081633,17.142857142857142,241.6326530612245,345.7142857142857,,,,,,,,,,,,,,,,,,,,,,,,,,,,,,,,,,,,,,,,,,,,,,,,,,,
22,22,733.3333333333333,VALID_TARGET,HUMAN_ACCEPTED_TARGET: operator reviewed the raw skeleton and confirmed that it belongs to the documented athlete.,2.0,873.2926063537598,149.33987426757812,864.171314239502,149.33987426757812,SUPPORTED,868.6734693877551,192.14285714285717,746.2244897959183,18.57142857142857,244.8979591836735,347.14285714285717,UNSTABLE_TRANSFORM,translation_median_sparse_flow,-2.7366943359375,0.0197296142578125,223.0,16.251455307006836,,,SUPPORTED,partial_affine_ransac_sparse_flow,2.4357597869967584,-4.833353180418094,63.0,1.3940126234963492,0.9963669412314461,0.2825112107623318,,,,,0.0,0.0,,,path_segment_002,SUPPORTED,,,,,,0.0,0.0,,,path_segment_002,SUPPORTED,,,,,,0.0,0.0,,,path_segment_002,SUPPORTED,,SUPPORTED,
23,23,766.6666666666667,VALID_TARGET,HUMAN_ACCEPTED_TARGET: operator reviewed the raw skeleton and confirmed that it belongs to the documented athlete.,2.0,864.171314239502,153.6324462890625,859.4185428619385,150.91211700439453,SUPPORTED,863.9795918367347,194.28571428571428,739.8979591836735,20.0,248.16326530612247,348.57142857142856,SUPPORTED,translation_median_sparse_flow,1.35125732421875,3.3004608154296875,257.0,2.0465683937072754,,,SUPPORTED,partial_affine_ransac_sparse_flow,-0.0823256095518567,0.1477333659209632,176.0,1.2027618959992845,1.0031985587433987,0.6848249027237354,-4.752771377563477,1.5722427368164062,-6.104028701782227,-1.7282180786132812,-6.104028701782227,-1.7282180786132812,164.19172630484587,1.9583552218541511,path_segment_002,SUPPORTED,,-4.752771377563477,1.5722427368164062,-7.131515170550529,-0.7962513137613598,-7.131515170550529,-0.7962513137613598,173.6291705219771,2.2151478555642368,path_segment_002,SUPPORTED,,-4.752771377563477,1.5722427368164062,-6.104028701782227,-1.7282180786132812,-6.104028701782227,-1.7282180786132812,164.19172630484587,1.9583552218541511,path_segment_002,SUPPORTED,,SUPPORTED,
24,24,800.0,VALID_TARGET,HUMAN_ACCEPTED_TARGET: operator reviewed the raw skeleton and confirmed that it belongs to the documented athlete.,2.0,854.665771484375,145.31550216674805,854.665771484375,152.48435974121094,SUPPORTED,859.2857142857142,196.42857142857142,733.5714285714286,21.428571428571427,251.42857142857144,350.0,SUPPORTED,translation_median_sparse_flow,2.12530517578125,4.59027099609375,313.0,1.5787628889083862,,,SUPPORTED,partial_affine_ransac_sparse_flow,-0.1371531468740454,0.4017938915785647,216.0,1.1649965337873593,1.004081810107281,0.6900958466453674,-4.752771377563477,1.5722427368164062,-6.878076553344727,-3.0180282592773438,-12.982105255126953,-4.746246337890625,156.3086350444098,2.3186405827947305,path_segment_002,SUPPORTED,,-4.752771377563477,1.5722427368164062,-7.8720045121727935,-0.8714297824111839,-15.003519682723322,-1.6676810961725437,173.68308501125236,2.444898363134696,path_segment_002,SUPPORTED,,-4.752771377563477,1.5722427368164062,-6.878076553344727,-3.0180282592773438,-12.982105255126953,-4.746246337890625,156.3086350444098,2.3186405827947305,path_segment_002,SUPPORTED,,SUPPORTED,
25,25,833.3333333333334,VALID_TARGET,HUMAN_ACCEPTED_TARGET: operator reviewed the raw skeleton and confirmed that it belongs to the documented athlete.,2.0,849.9309043884277,152.48435974121094,849.9309043884277,153.6324462890625,SUPPORTED,855.1428571428571,194.85714285714286,730.1428571428571,18.0,250.0,353.7142857142857,SUPPORTED,translation_median_sparse_flow,2.576568603515625,5.108356475830078,264.0,2.3072962760925293,,,SUPPORTED,partial_affine_ransac_sparse_flow,2.546848305770232,5.135036271996191,140.0,0.7044106784844905,1.000777300231558,0.5303030303030303,-4.734867095947266,1.1480865478515625,-7.311435699462891,-3.9602699279785156,-20.293540954589844,-8.70651626586914,151.55762318860408,2.5668348096666365,path_segment_002,SUPPORTED,,-4.734867095947266,1.1480865478515625,-7.945276093560665,-4.109798376641265,-22.948795776283987,-5.777479472813809,152.64914106949647,2.76136667033906,path_segment_002,SUPPORTED,,-4.734867095947266,1.1480865478515625,-7.311435699462891,-3.9602699279785156,-20.293540954589844,-8.70651626586914,151.55762318860408,2.5668348096666365,path_segment_002,SUPPORTED,,SUPPORTED,
26,26,866.6666666666667,VALID_TARGET,HUMAN_ACCEPTED_TARGET: operator reviewed the raw skeleton and confirmed that it belongs to the documented athlete.,2.0,842.6545600891113,155.494873046875,842.6545600891113,155.494873046875,SUPPORTED,851.0,193.28571428571428,726.7142857142857,14.57142857142857,248.57142857142856,357.42857142857144,SUPPORTED,translation_median_sparse_flow,3.372802734375,5.480621337890625,253.0,2.4873178005218506,,,SUPPORTED,partial_affine_ransac_sparse_flow,-1.0611161167737748,-0.8201222832749357,124.0,0.9805843849152975,1.0063433142483378,0.4901185770750988,-7.276344299316406,1.8624267578125,-10.649147033691406,-3.618194580078125,-30.94268798828125,-12.324710845947266,161.23409897817285,3.471909904368423,path_segment_002,SUPPORTED,,-7.276344299316406,1.8624267578125,-11.278723550911195,-0.0950567610759947,-34.22751932719518,-5.872536233889804,179.51712423378154,3.4818174839455605,path_segment_002,SUPPORTED,,-7.276344299316406,1.8624267578125,-10.649147033691406,-3.618194580078125,-30.94268798828125,-12.324710845947266,161.23409897817285,3.471909904368423,path_segment_002,SUPPORTED,,SUPPORTED,
27,27,900.0,VALID_TARGET,HUMAN_ACCEPTED_TARGET: operator reviewed the raw skeleton and confirmed that it belongs to the documented athlete.,2.0,837.9368324279785,163.18273162841797,837.9368324279785,163.18273162841797,SUPPORTED,846.8571428571429,191.7142857142857,723.2857142857143,11.142857142857142,247.1428571428571,361.1428571428571,SUPPORTED,translation_median_sparse_flow,4.1082763671875,6.23681640625,301.0,1.6487555503845215,,,SUPPORTED,partial_affine_ransac_sparse_flow,4.006941449743551,6.746975623296485,170.0,0.8594717977995877,1.0003624902395398,0.5647840531561462,-4.7177276611328125,7.687858581542969,-8.826004028320312,1.4510421752929688,-39.76869201660156,-10.873668670654297,-170.66378667691959,2.761125363348473,path_segment_002,SUPPORTED,,-4.7177276611328125,7.687858581542969,-9.086349909474052,1.189529587891542,-43.313869236669234,-4.683006645998262,-172.54160098545086,2.828851303884036,path_segment_002,SUPPORTED,,-4.7177276611328125,7.687858581542969,-8.826004028320312,1.4510421752929688,-39.76869201660156,-10.873668670654297,-170.66378667691959,2.761125363348473,path_segment_002,SUPPORTED,,SUPPORTED,
28,28,933.3333333333334,VALID_TARGET,HUMAN_ACCEPTED_TARGET: operator reviewed the raw skeleton and confirmed that it belongs to the documented athlete.,2.0,830.1948051452637,165.71825408935547,830.1948051452637,165.71825408935547,SUPPORTED,842.7142857142858,190.14285714285714,719.8571428571429,7.714285714285712,245.71428571428567,364.85714285714283,SUPPORTED,translation_median_sparse_flow,4.504848480224609,6.53857421875,275.0,2.212836742401123,,,SUPPORTED,partial_affine_ransac_sparse_flow,5.066674183250587,7.371993430238501,160.0,1.024940367194122,0.9999769202846468,0.5818181818181818,-7.742027282714844,2.5355224609375,-12.246875762939453,-4.0030517578125,-52.015567779541016,-14.876720428466797,161.89934171047923,3.977390758289609,path_segment_002,SUPPORTED,,-7.742027282714844,2.5355224609375,-12.851977137200151,-4.510849721670866,-56.165846373869385,-9.193856367669127,160.65969771482912,4.204624920314874,path_segment_002,SUPPORTED,,-7.742027282714844,2.5355224609375,-12.246875762939453,-4.0030517578125,-52.015567779541016,-14.876720428466797,161.89934171047923,3.977390758289609,path_segment_002,SUPPORTED,,SUPPORTED,
29,29,966.6666666666666,VALID_TARGET,HUMAN_ACCEPTED_TARGET: operator reviewed the raw skeleton and confirmed that it belongs to the documented athlete.,2.0,830.1214141845703,174.6480255126953,830.1511268615723,174.6480255126953,SUPPORTED,838.5714285714286,188.57142857142856,716.4285714285714,4.285714285714285,244.28571428571422,368.57142857142856,SUPPORTED,translation_median_sparse_flow,5.000378608703613,6.660370826721191,218.0,3.8725028038024902,,,SUPPORTED,partial_affine_ransac_sparse_flow,5.473703594551041,7.407395186241759,103.0,1.1168984231776844,1.0013774343061554,0.4724770642201835,-0.04367828369140625,8.929771423339844,-5.0440568923950195,2.2694005966186523,-57.059624671936035,-12.607319831848145,-155.776269494493,1.7074164140527115,path_segment_002,SUPPORTED,,-0.04367828369140625,8.929771423339844,-6.634628739298137,1.162450410465027,-62.80047511316752,-8.0314059572041,-170.06210455234697,2.0792803579561694,path_segment_002,SUPPORTED,,-0.04367828369140625,8.929771423339844,-5.0440568923950195,2.2694005966186523,-57.059624671936035,-12.607319831848145,-155.776269494493,1.7074164140527115,path_segment_002,SUPPORTED,,SUPPORTED,
30,30,1000.0,VALID_TARGET,HUMAN_ACCEPTED_TARGET: operator reviewed the raw skeleton and confirmed that it belongs to the documented athlete.,2.0,828.4185676574707,184.1908264160156,828.4968719482422,184.19082641601562,SUPPORTED,839.6428571428571,200.35714285714286,713.5714285714286,8.571428571428573,252.1428571428571,383.57142857142856,SUPPORTED,translation_median_sparse_flow,6.084022521972656,7.1578369140625,242.0,2.433992624282837,,,SUPPORTED,partial_affine_ransac_sparse_flow,6.417628090395519,7.774867673198226,115.0,1.0952905429733226,1.0008712936343294,0.47520661157024796,-1.6542549133300781,9.542800903320312,-7.738277435302734,2.3849639892578125,-64.79790210723877,-10.222355842590332,-162.87052018599158,2.499653873761882,path_segment_002,SUPPORTED,,-1.6542549133300781,9.542800903320312,-8.80520542712975,1.663384053332777,-71.60568054029727,-6.368021903871323,-169.30236725008288,2.7662046888606726,path_segment_002,SUPPORTED,,-1.6542549133300781,9.542800903320312,-7.738277435302734,2.3849639892578125,-64.79790210723877,-10.222355842590332,-162.87052018599158,2.499653873761882,path_segment_002,SUPPORTED,,SUPPORTED,
31,31,1033.3333333333337,VALID_TARGET,HUMAN_ACCEPTED_TARGET: operator reviewed the raw skeleton and confirmed that it belongs to the documented athlete.,2.0,828.348690032959,192.2997817993164,827.4159202575684,192.2997817993164,SUPPORTED,840.7142857142857,212.14285714285717,710.7142857142857,12.857142857142858,260.0,398.5714285714286,SUPPORTED,translation_median_sparse_flow,6.6324462890625,6.972782135009766,207.0,4.145805835723877,,,SUPPORTED,partial_affine_ransac_sparse_flow,7.25829225195738,7.528291873469353,96.0,1.0107320497625478,1.0002746059461072,0.463768115942029,-1.0809516906738281,8.108955383300781,-7.713397979736328,1.1361732482910156,-72.5113000869751,-9.086182594299316,-171.62066316295534,2.4067855940229697,path_segment_002,SUPPORTED,,-1.0809516906738281,8.108955383300781,-8.510790945843269,0.2785395313050003,-80.11647148614054,-6.089482372566323,-178.12550380604006,2.628651505231577,path_segment_002,SUPPORTED,,-1.0809516906738281,8.108955383300781,-7.713397979736328,1.1361732482910156,-72.5113000869751,-9.086182594299316,-171.62066316295534,2.4067855940229697,path_segment_002,SUPPORTED,,SUPPORTED,
32,32,1066.6666666666667,VALID_TARGET,HUMAN_ACCEPTED_TARGET: operator reviewed the raw skeleton and confirmed that it belongs to the documented athlete.,2.0,827.1829833984375,203.5633850097656,826.0347442626953,203.56338500976562,SUPPORTED,840.3061224489796,220.40816326530614,712.9591836734694,21.020408163265305,254.69387755102042,398.7755102040817,SUPPORTED,translation_median_sparse_flow,7.513153076171875,7.3172607421875,222.0,2.9694766998291016,,,SUPPORTED,partial_affine_ransac_sparse_flow,-2.574707614270293,-1.2306287680312826,86.0,1.0098387511894833,1.0103856121992936,0.38738738738738737,-1.3811759948730469,11.263603210449219,-8.894329071044922,3.9463424682617188,-81.40562915802002,-5.139840126037598,-156.07352272889915,3.003765070076174,path_segment_002,SUPPORTED,,-1.3811759948730469,11.263603210449219,-7.123505609761992,9.31254174573158,-87.23997709590253,3.223059373165256,-127.41370321179237,3.619354009935449,path_segment_002,SUPPORTED,,-1.3811759948730469,11.263603210449219,-8.894329071044922,3.9463424682617188,-81.40562915802002,-5.139840126037598,-156.07352272889915,3.003765070076174,path_segment_002,SUPPORTED,,SUPPORTED,
33,33,1100.0,VALID_TARGET,HUMAN_ACCEPTED_TARGET: operator reviewed the raw skeleton and confirmed that it belongs to the documented athlete.,2.0,822.1311531066895,208.01212310791016,822.1311531066895,208.01212310791016,SUPPORTED,839.8979591836734,228.6734693877551,715.204081632653,29.183673469387752,249.3877551020408,398.9795918367347,SUPPORTED,translation_median_sparse_flow,7.727294921875,6.98382568359375,198.0,4.06291389465332,,,SUPPORTED,partial_affine_ransac_sparse_flow,8.7642698688556,7.254497036188765,86.0,1.0352151486055972,0.9999840045300429,0.43434343434343436,-3.9035911560058594,4.448738098144531,-11.63088607788086,-2.5350875854492188,-93.03651523590088,-7.674927711486816,167.7040240407509,3.674700571705497,path_segment_002,SUPPORTED,,-3.9035911560058594,4.448738098144531,-12.476093550695168,-3.5256923638016815,-99.7160706465977,-0.30263299063642535,164.21992782481502,4.0021472209792055,path_segment_002,SUPPORTED,,-3.9035911560058594,4.448738098144531,-11.63088607788086,-2.5350875854492188,-93.03651523590088,-7.674927711486816,167.7040240407509,3.674700571705497,path_segment_002,SUPPORTED,,SUPPORTED,
34,34,1133.3333333333333,VALID_TARGET,HUMAN_ACCEPTED_TARGET: operator reviewed the raw skeleton and confirmed that it belongs to the documented athlete.,2.0,819.6415100097656,217.73172760009768,819.6415100097656,217.73172760009766,SUPPORTED,839.4897959183673,236.9387755102041,717.4489795918367,37.346938775510196,244.08163265306123,399.18367346938777,SUPPORTED,translation_median_sparse_flow,8.357986450195312,6.268016815185547,188.0,4.34303092956543,,,SUPPORTED,partial_affine_ransac_sparse_flow,10.253520778938343,5.894557727861688,79.0,1.0640762179872365,0.9992928752913772,0.42021276595744683,-2.489643096923828,9.7196044921875,-10.84762954711914,3.451587677001953,-103.88414478302002,-4.223340034484863,-162.349543950234,3.5140440043770615,path_segment_002,SUPPORTED,,-2.489643096923828,9.7196044921875,-11.10973658707178,-0.1426261398101758,-110.82580723366948,-0.44525913044660115,179.26448058451456,3.429810881210267,path_segment_002,SUPPORTED,,-2.489643096923828,9.7196044921875,-10.84762954711914,3.451587677001953,-103.88414478302002,-4.223340034484863,-162.349543950234,3.5140440043770615,path_segment_002,SUPPORTED,,SUPPORTED,
35,35,1166.6666666666667,VALID_TARGET,HUMAN_ACCEPTED_TARGET: operator reviewed the raw skeleton and confirmed that it belongs to the documented athlete.,2.0,815.5884017944336,224.21561431884768,816.9713287353516,224.21561431884766,SUPPORTED,839.0816326530612,245.20408163265307,719.6938775510204,45.51020408163265,238.77551020408166,399.38775510204084,SUPPORTED,translation_median_sparse_flow,8.44403076171875,6.532958984375,213.0,3.6444787979125977,,,SUPPORTED,partial_affine_ransac_sparse_flow,9.733911432926888,6.531855893822275,105.0,1.0373758988784496,1.0001363823279619,0.49295774647887325,-2.6701812744140625,6.48388671875,-11.114212036132812,-0.049072265625,-114.99835681915283,-4.272412300109863,179.74702521132855,3.4309432719217905,path_segment_002,SUPPORTED,,-2.6701812744140625,6.48388671875,-12.080701943611075,-1.7093148366264472,-122.90650917728055,-2.1545739670730484,171.94660130470092,3.766405690340854,path_segment_002,SUPPORTED,,-2.6701812744140625,6.48388671875,-11.114212036132812,-0.049072265625,-114.99835681915283,-4.272412300109863,179.74702521132855,3.4309432719217905,path_segment_002,SUPPORTED,,SUPPORTED,
36,36,1200.0,VALID_TARGET,HUMAN_ACCEPTED_TARGET: operator reviewed the raw skeleton and confirmed that it belongs to the documented athlete.,2.0,816.9713287353516,235.63184356689453,816.9713287353516,235.63184356689453,SUPPORTED,838.6734693877552,253.46938775510205,721.9387755102041,53.673469387755105,233.46938775510205,399.5918367346939,SUPPORTED,translation_median_sparse_flow,8.642134666442871,5.926906585693359,208.0,3.80673885345459,,,SUPPORTED,partial_affine_ransac_sparse_flow,10.096939711207929,5.668008740222474,100.0,0.961331988169355,1.000541078147927,0.4807692307692308,0.0,11.416229248046875,-8.642134666442871,5.489322662353516,-123.6404914855957,1.2169103622436523,-147.57704896720733,3.1604647670909514,path_segment_002,SUPPORTED,,0.0,11.416229248046875,-9.837236531466942,3.085444346045847,-132.7437457087475,0.9308703789727986,-162.5859929399351,3.182579489931621,path_segment_002,SUPPORTED,,0.0,11.416229248046875,-8.642134666442871,5.489322662353516,-123.6404914855957,1.2169103622436523,-147.57704896720733,3.1604647670909514,path_segment_002,SUPPORTED,,SUPPORTED,
37,37,1233.3333333333337,VALID_TARGET,,2.0,814.4688491821289,243.41344451904297,816.7387466430664,243.41344451904297,SUPPORTED,838.2653061224489,261.734693877551,724.1836734693877,61.836734693877546,228.16326530612247,399.7959183673469,SUPPORTED,translation_median_sparse_flow,8.93695068359375,5.434844970703125,217.0,3.9768664836883545,,,SUPPORTED,partial_affine_ransac_sparse_flow,10.93800964686588,5.47729155909317,101.0,1.0587668683461013,0.9996162606430664,0.46543778801843316,-0.23258209228515625,7.7816009521484375,-9.169532775878906,2.3467559814453125,-132.8100242614746,3.563666343688965,-165.64444245102712,2.921827451988154,path_segment_002,SUPPORTED,,-0.23258209228515625,7.7816009521484375,-10.033205046275839,-0.44325737651277564,-142.77695075502334,0.4876130024600229,177.47037232077645,3.100228657313957,path_segment_002,SUPPORTED,,-0.23258209228515625,7.7816009521484375,-9.169532775878906,2.3467559814453125,-132.8100242614746,3.563666343688965,-165.64444245102712,2.921827451988154,path_segment_002,SUPPORTED,,SUPPORTED,
38,38,1266.6666666666663,VALID_TARGET,,2.0,817.7475700378418,250.10340118408203,816.7789115905762,250.10340118408203,SUPPORTED,837.8571428571429,270.0,726.4285714285714,70.0,222.8571428571429,400.0,SUPPORTED,translation_median_sparse_flow,9.300384521484375,5.308706283569336,209.0,3.4814865589141846,,,SUPPORTED,partial_affine_ransac_sparse_flow,11.498076294313346,5.207449604903666,103.0,1.0437352363555974,0.9989139527849115,0.49282296650717705,0.040164947509765625,6.6899566650390625,-9.26021957397461,1.3812503814697266,-142.07024383544922,4.944916725158691,-171.51633360394513,2.890215117588987,path_segment_002,SUPPORTED,,0.040164947509765625,6.6899566650390625,-9.705424553718672,-1.1384348618229012,-152.482375308742,-0.6508218593628783,173.30984412903254,3.0165638933182497,path_segment_002,SUPPORTED,,0.040164947509765625,6.6899566650390625,-9.26021957397461,1.3812503814697266,-142.07024383544922,4.944916725158691,-171.51633360394513,2.890215117588987,path_segment_002,SUPPORTED,,SUPPORTED,
39,39,1300.0,VALID_TARGET,,2.0,816.5314331054688,257.15287017822266,816.8435554504395,257.15287017822266,SUPPORTED,838.3928571428572,275.8928571428571,729.2857142857143,78.03571428571428,218.21428571428572,395.7142857142857,SUPPORTED,translation_median_sparse_flow,9.937908172607422,4.847768306732178,222.0,3.3910932540893555,,,SUPPORTED,partial_affine_ransac_sparse_flow,11.56348931890708,4.868428638648414,103.0,0.9216128888806426,0.999467431661166,0.46396396396396394,0.06464385986328125,7.049468994140625,-9.87326431274414,2.2017006874084473,-151.94350814819336,7.146617412567139,-167.42893895828774,3.122695513157992,path_segment_002,SUPPORTED,,0.06464385986328125,7.049468994140625,-10.122701292240777,-0.7389311726544179,-162.60507660098278,-1.3897530320172962,175.82496061268634,3.1331491683847035,path_segment_002,SUPPORTED,,0.06464385986328125,7.049468994140625,-9.87326431274414,2.2017006874084473,-151.94350814819336,7.146617412567139,-167.42893895828774,3.122695513157992,path_segment_002,SUPPORTED,,SUPPORTED,
40,40,1333.3333333333333,VALID_TARGET,,2.0,815.6828765869141,266.92542266845703,817.7475700378418,266.92542266845703,SUPPORTED,838.9285714285714,281.7857142857143,732.1428571428571,86.07142857142857,213.57142857142858,391.42857142857144,SUPPORTED,translation_median_sparse_flow,10.070907592773438,4.4219970703125,228.0,3.4285435676574707,,,SUPPORTED,partial_affine_ransac_sparse_flow,11.635201277750935,4.872005859848728,108.0,1.0002223243024315,0.9989607497747236,0.47368421052631576,0.9040145874023438,9.772552490234375,-9.166893005371094,5.350555419921875,-161.11040115356445,12.497172832489014,-149.72863668159812,3.276545582686857,path_segment_002,SUPPORTED,,0.9040145874023438,9.772552490234375,-9.114569954769877,2.7417664309552947,-171.71964655575266,1.3520133989379985,-163.25811478568204,2.9381715741360255,path_segment_002,SUPPORTED,,0.9040145874023438,9.772552490234375,-9.166893005371094,5.350555419921875,-161.11040115356445,12.497172832489014,-149.72863668159812,3.276545582686857,path_segment_002,SUPPORTED,,SUPPORTED,
41,41,1366.6666666666667,VALID_TARGET,,2.0,820.392936706543,272.74935150146484,820.392936706543,272.74935150146484,SUPPORTED,839.4642857142858,287.67857142857144,735.0,94.10714285714286,208.92857142857144,387.14285714285717,SUPPORTED,translation_median_sparse_flow,9.652618408203125,4.225943565368652,207.0,3.703920364379883,,,SUPPORTED,partial_affine_ransac_sparse_flow,11.383551905658052,4.89230162173501,85.0,1.149191061206825,0.9988644387308503,0.4106280193236715,2.645366668701172,5.8239288330078125,-7.007251739501953,1.5979852676391602,-168.1176528930664,14.095158100128174,-167.15353768201828,2.2186427241702766,path_segment_002,SUPPORTED,,2.645366668701172,5.8239288330078125,-7.115697719733362,-0.8817321799099886,-178.83534427548602,0.4702812190280099,172.93627668619922,2.213385122391608,path_segment_002,SUPPORTED,,2.645366668701172,5.8239288330078125,-7.007251739501953,1.5979852676391602,-168.1176528930664,14.095158100128174,-167.15353768201828,2.2186427241702766,path_segment_002,SUPPORTED,,SUPPORTED,
42,42,1400.0,VALID_TARGET,,2.0,821.677131652832,278.81763458251953,821.677131652832,278.81763458251953,SUPPORTED,840.0,293.57142857142856,737.8571428571429,102.14285714285714,204.28571428571428,382.8571428571429,SUPPORTED,translation_median_sparse_flow,9.713748931884766,3.8798828125,234.0,3.4163570404052734,,,SUPPORTED,partial_affine_ransac_sparse_flow,11.34978987112122,3.718126950302166,116.0,1.3702881352985357,0.9993430452029928,0.49572649572649574,1.2841949462890625,6.0682830810546875,-8.429553985595703,2.1884002685546875,-176.5472068786621,16.28355836868286,-165.44669231183389,2.688427506851539,path_segment_002,SUPPORTED,,1.2841949462890625,6.0682830810546875,-8.787120842021977,0.31498351607262975,-187.622465117508,0.7852647351006397,-177.94705199747568,2.714288877118438,path_segment_002,SUPPORTED,,1.2841949462890625,6.0682830810546875,-8.429553985595703,2.1884002685546875,-176.5472068786621,16.28355836868286,-165.44669231183389,2.688427506851539,path_segment_002,SUPPORTED,,SUPPORTED,
43,43,1433.3333333333333,VALID_TARGET,,2.0,824.4174957275391,282.00233459472656,822.8218574523926,281.4950180053711,SUPPORTED,840.5357142857143,299.46428571428567,740.7142857142858,110.17857142857142,199.6428571428571,378.57142857142856,SUPPORTED,translation_median_sparse_flow,9.702682495117188,3.377157688140869,228.0,3.086787462234497,,,SUPPORTED,partial_affine_ransac_sparse_flow,10.883090611381276,4.08875535982388,110.0,0.9806332362248105,0.9996000807112724,0.4824561403508772,1.1447257995605469,2.6773834228515625,-8.55795669555664,-0.6997742652893066,-185.10516357421875,15.583784103393555,175.3253899421199,2.650621744864436,path_segment_002,SUPPORTED,,1.1447257995605469,2.6773834228515625,-8.999905381175608,-2.5048060314568943,-196.6223704986836,-1.7195412963562546,164.44733287690158,2.883825394202336,path_segment_002,SUPPORTED,,1.1447257995605469,2.6773834228515625,-8.55795669555664,-0.6997742652893066,-185.10516357421875,15.583784103393555,175.3253899421199,2.650621744864436,path_segment_002,SUPPORTED,,SUPPORTED,
44,44,1466.6666666666663,VALID_TARGET,,2.0,823.4830169677734,281.4950180053711,823.0242652893066,281.67527770996094,SUPPORTED,841.0714285714287,305.35714285714283,743.5714285714287,118.21428571428571,194.99999999999997,374.2857142857143,SUPPORTED,translation_median_sparse_flow,9.592864990234375,3.4158172607421875,230.0,2.848355293273926,,,SUPPORTED,partial_affine_ransac_sparse_flow,12.569582364862297,0.44552585381557225,106.0,1.2625049010215728,0.9978419960090106,0.4608695652173913,0.2024078369140625,0.18025970458984375,-9.390457153320312,-3.2355575561523438,-194.49562072753906,12.348226547241211,160.98819750722444,3.066042076939603,path_segment_002,SUPPORTED,,0.2024078369140625,0.18025970458984375,-8.812158225560097,-4.8061360688313925,-205.4345287242437,-6.525677365187647,151.3920243076932,3.0985591024362558,path_segment_002,SUPPORTED,,0.2024078369140625,0.18025970458984375,-9.390457153320312,-3.2355575561523438,-194.49562072753906,12.348226547241211,160.98819750722444,3.066042076939603,path_segment_002,SUPPORTED,,SUPPORTED,
45,45,1500.0,VALID_TARGET,,2.0,823.5322895050049,283.0233917236328,823.5322895050049,282.6407241821289,SUPPORTED,841.6071428571429,311.25,746.4285714285714,126.25,190.35714285714283,370.0,SUPPORTED,translation_median_sparse_flow,9.263565063476562,3.2767982482910156,254.0,2.652203321456909,,,SUPPORTED,partial_affine_ransac_sparse_flow,11.466992187794144,-0.7090456503381447,107.0,1.2466782606071969,0.9987564974699528,0.421259842519685,0.5080242156982422,0.9654464721679688,-8.75554084777832,-2.311351776123047,-203.25116157531738,10.036874771118164,165.21200148579976,2.795390157967886,path_segment_002,SUPPORTED,,0.5080242156982422,0.9654464721679688,-8.187959408435631,-3.0306186367463965,-213.62248813267934,-9.556296001934044,159.68891827300396,2.6951688360092425,path_segment_002,SUPPORTED,,0.5080242156982422,0.9654464721679688,-8.75554084777832,-2.311351776123047,-203.25116157531738,10.036874771118164,165.21200148579976,2.795390157967886,path_segment_002,SUPPORTED,,SUPPORTED,
46,46,1533.3333333333337,VALID_TARGET,,2.0,823.694616317749,282.9499053955078,823.8704738616943,282.3136672973633,SUPPORTED,842.1428571428571,317.1428571428571,749.2857142857143,134.28571428571428,185.71428571428567,365.7142857142857,SUPPORTED,translation_median_sparse_flow,8.970939636230469,2.714752197265625,259.0,2.542854070663452,,,SUPPORTED,partial_affine_ransac_sparse_flow,9.514944610422674,2.874420216354025,156.0,1.2955976808853902,1.0003913086174627,0.6023166023166023,0.3381843566894531,-0.327056884765625,-8.632755279541016,-3.04180908203125,-211.8839168548584,6.995065689086914,160.58974969706952,2.825486262559932,path_segment_002,SUPPORTED,,0.3381843566894531,-0.327056884765625,-9.390150551278794,-3.6290788726294068,-223.01263868395813,-13.18537487456345,158.8696206631052,3.1076499369825767,path_segment_002,SUPPORTED,,0.3381843566894531,-0.327056884765625,-8.632755279541016,-3.04180908203125,-211.8839168548584,6.995065689086914,160.58974969706952,2.825486262559932,path_segment_002,SUPPORTED,,SUPPORTED,
47,47,1566.6666666666667,VALID_TARGET,,2.0,824.348539352417,284.75394439697266,824.348539352417,283.7885284423828,SUPPORTED,841.4285714285714,317.8571428571429,747.2857142857143,134.42857142857142,188.28571428571422,366.8571428571429,SUPPORTED,translation_median_sparse_flow,8.454231262207031,2.4043655395507812,262.0,2.6542773246765137,,,SUPPORTED,partial_affine_ransac_sparse_flow,8.543396569419924,2.8628148138665424,131.0,1.222523533925554,1.0009690680285104,0.5,0.47806549072265625,1.4748611450195312,-7.976165771484375,-0.92950439453125,-219.86008262634277,6.065561294555664,173.35300412699897,2.4788709214830136,path_segment_002,SUPPORTED,,0.47806549072265625,1.4748611450195312,-9.111213797243863,-0.9382374901940125,-232.123852481202,-14.123612364757463,174.1206259982245,2.8274659784230325,path_segment_002,SUPPORTED,,0.47806549072265625,1.4748611450195312,-7.976165771484375,-0.92950439453125,-219.86008262634277,6.065561294555664,173.35300412699897,2.4788709214830136,path_segment_002,SUPPORTED,,SUPPORTED,
48,48,1600.0,VALID_TARGET,,2.0,824.1641674041748,279.8618850708008,824.2417984008789,283.46739196777344,SUPPORTED,840.7142857142858,318.57142857142856,745.2857142857143,134.57142857142856,190.8571428571428,368.0,SUPPORTED,translation_median_sparse_flow,7.913307189941406,1.8309822082519531,282.0,2.8325576782226562,,,SUPPORTED,partial_affine_ransac_sparse_flow,8.159581346013512,2.353251882405793,157.0,1.0671707159960764,1.0009138844745833,0.5567375886524822,-0.10674095153808594,-0.321136474609375,-8.020048141479492,-2.152118682861328,-227.88013076782227,3.913442611694336,164.9789839882581,2.5633419124605745,path_segment_002,SUPPORTED,,-0.10674095153808594,-0.321136474609375,-9.169114239400301,-2.4992950992961482,-241.2929667206023,-16.62290746405361,164.75286383457552,2.9337324437855643,path_segment_002,SUPPORTED,,-0.10674095153808594,-0.321136474609375,-8.020048141479492,-2.152118682861328,-227.88013076782227,3.913442611694336,164.9789839882581,2.5633419124605745,path_segment_002,SUPPORTED,,SUPPORTED,
49,49,1633.3333333333333,VALID_TARGET,,2.0,824.9524154663086,284.4942626953125,824.2179107666016,284.4408416748047,SUPPORTED,840.0,319.28571428571433,743.2857142857143,134.71428571428572,193.42857142857136,369.14285714285717,SUPPORTED,translation_median_sparse_flow,7.431915283203125,1.2681787014007568,274.0,2.687805652618408,,,SUPPORTED,partial_affine_ransac_sparse_flow,7.479800598404841,1.6611870525754233,154.0,1.1483431488184226,1.0008965690516043,0.5620437956204379,-0.02388763427734375,0.97344970703125,-7.455802917480469,-0.29472899436950684,-235.33593368530273,3.618713617324829,177.73626798013117,2.3033721016327284,path_segment_002,SUPPORTED,,-0.02388763427734375,0.97344970703125,-8.45350222303648,-0.3281267036295503,-249.74646894363877,-16.95103416768316,177.77715300262543,2.611525159507996,path_segment_002,SUPPORTED,,-0.02388763427734375,0.97344970703125,-7.455802917480469,-0.29472899436950684,-235.33593368530273,3.618713617324829,177.73626798013117,2.3033721016327284,path_segment_002,SUPPORTED,,SUPPORTED,
50,50,1666.6666666666667,VALID_TARGET,HUMAN_ACCEPTED_TARGET: operator reviewed the raw skeleton and confirmed that it belongs to the documented athlete.,2.0,824.3021774291992,283.1516799926758,824.0797843933105,284.4942626953125,SUPPORTED,839.2857142857143,320.0,741.2857142857143,134.85714285714286,195.99999999999994,370.2857142857143,SUPPORTED,translation_median_sparse_flow,6.61126708984375,0.7116680145263672,289.0,2.8714160919189453,,,SUPPORTED,partial_affine_ransac_sparse_flow,6.233544195883459,1.4636672016491783,147.0,1.2986192255031974,1.0020473607368792,0.5086505190311419,-0.13812637329101562,0.0534210205078125,-6.749393463134766,-0.6582469940185547,-242.0853271484375,2.9604666233062744,174.42973977648387,2.093394142523205,path_segment_002,SUPPORTED,,-0.13812637329101562,0.0534210205078125,-8.288992778387865,-1.325692671084255,-258.03546172202664,-18.276726838767416,170.91340418170535,2.5912954362089295,path_segment_002,SUPPORTED,,-0.13812637329101562,0.0534210205078125,-6.749393463134766,-0.6582469940185547,-242.0853271484375,2.9604666233062744,174.42973977648387,2.093394142523205,path_segment_002,SUPPORTED,,SUPPORTED,
51,51,1700.0,VALID_TARGET,HUMAN_ACCEPTED_TARGET: operator reviewed the raw skeleton and confirmed that it belongs to the documented athlete.,2.0,819.431640625,286.4185333251953,822.6623954772949,286.4185333251953,SUPPORTED,838.5714285714286,320.7142857142857,739.2857142857143,135.0,198.5714285714285,371.42857142857144,SUPPORTED,translation_median_sparse_flow,5.62908935546875,0.00261688232421875,324.0,2.917651653289795,,,SUPPORTED,partial_affine_ransac_sparse_flow,5.1610029565360165,0.6069163485077107,163.0,1.1494374008637813,1.0017808145195943,0.5030864197530864,-1.417388916015625,1.9242706298828125,-7.046478271484375,1.9216537475585938,-249.13180541992188,4.882120370864868,-164.74573691372584,2.2546543180870424,path_segment_002,SUPPORTED,,-1.417388916015625,1.9242706298828125,-8.50588469005379,2.1465656306777987,-266.54134641208043,-16.130161208089618,-165.8364330677228,2.708052004108273,path_segment_002,SUPPORTED,,-1.417388916015625,1.9242706298828125,-7.046478271484375,1.9216537475585938,-249.13180541992188,4.882120370864868,-164.74573691372584,2.2546543180870424,path_segment_002,SUPPORTED,,SUPPORTED,
52,52,1733.3333333333337,VALID_TARGET,HUMAN_ACCEPTED_TARGET: operator reviewed the raw skeleton and confirmed that it belongs to the documented athlete.,2.0,822.6623954772949,288.82337188720703,820.1419830322266,287.49964904785156,SUPPORTED,837.8571428571429,321.42857142857144,737.2857142857143,135.14285714285714,201.14285714285705,372.5714285714286,SUPPORTED,translation_median_sparse_flow,4.7362060546875,0.0001068115234375,339.0,2.8797731399536133,,,SUPPORTED,partial_affine_ransac_sparse_flow,4.1564233748025226,-0.8688294911749458,162.0,1.522384231135228,1.003332234927063,0.4778761061946903,-2.5204124450683594,1.08111572265625,-7.256618499755859,1.0810089111328125,-256.38842391967773,5.963129281997681,-171.52703287631658,2.2648064146074414,path_segment_002,SUPPORTED,,-2.5204124450683594,1.08111572265625,-8.75942543506153,-0.8895171063690555,-275.30077184714196,-17.019678314458673,174.2015077440742,2.7179037682927087,path_segment_002,SUPPORTED,,-2.5204124450683594,1.08111572265625,-7.256618499755859,1.0810089111328125,-256.38842391967773,5.963129281997681,-171.52703287631658,2.2648064146074414,path_segment_002,SUPPORTED,,SUPPORTED,
53,53,1766.6666666666663,VALID_TARGET,HUMAN_ACCEPTED_TARGET: operator reviewed the raw skeleton and confirmed that it belongs to the documented athlete.,2.0,818.3268165588379,296.77307891845703,817.6164741516113,289.48956298828125,SUPPORTED,837.1428571428571,322.1428571428571,735.2857142857143,135.28571428571428,203.71428571428564,373.7142857142857,SUPPORTED,translation_median_sparse_flow,3.664337158203125,-0.000736236572265625,350.0,2.872912883758545,,,SUPPORTED,partial_affine_ransac_sparse_flow,-0.5577077712639279,0.21181486347890774,209.0,1.5803937722308354,1.0052508492064642,0.5971428571428572,-2.5255088806152344,1.9899139404296875,-6.189846038818359,1.9906501770019531,-262.5782699584961,7.953779458999634,-162.17224530498424,2.0071605001798094,path_segment_002,SUPPORTED,,-2.5255088806152344,1.9899139404296875,-7.086476899914601,2.596031968706086,-282.38724874705656,-14.423646345752587,-159.8803962526658,2.329733400821772,path_segment_002,SUPPORTED,,-2.5255088806152344,1.9899139404296875,-6.189846038818359,1.9906501770019531,-262.5782699584961,7.953779458999634,-162.17224530498424,2.0071605001798094,path_segment_002,SUPPORTED,,SUPPORTED,
54,54,1800.0,VALID_TARGET,HUMAN_ACCEPTED_TARGET: operator reviewed the raw skeleton and confirmed that it belongs to the documented athlete.,2.0,814.4446296691895,286.65968322753906,816.3857231140137,290.5002136230469,SUPPORTED,836.4285714285714,322.8571428571429,733.2857142857143,135.42857142857144,206.2857142857142,374.8571428571429,SUPPORTED,translation_median_sparse_flow,2.3779754638671875,-0.6222076416015625,349.0,2.458066940307617,,,SUPPORTED,partial_affine_ransac_sparse_flow,-0.6423565728362103,-0.0643765531991584,213.0,1.324778937683152,1.0047535720786964,0.6103151862464183,-1.2307510375976562,1.010650634765625,-3.6087265014648438,1.6328582763671875,-266.18699645996094,9.586637735366821,-155.6544403663069,1.222728683116506,path_segment_002,SUPPORTED,,-1.2307510375976562,1.010650634765625,-5.132430408534219,1.5624552137938963,-287.5196791555908,-12.861191131958691,-163.06828600146073,1.656149246474019,path_segment_002,SUPPORTED,,-1.2307510375976562,1.010650634765625,-3.6087265014648438,1.6328582763671875,-266.18699645996094,9.586637735366821,-155.6544403663069,1.222728683116506,path_segment_002,SUPPORTED,,SUPPORTED,
55,55,1833.3333333333333,VALID_TARGET,HUMAN_ACCEPTED_TARGET: operator reviewed the raw skeleton and confirmed that it belongs to the documented athlete.,2.0,811.3173866271973,291.0322036743164,814.4446296691895,291.0322036743164,SUPPORTED,835.7142857142858,323.57142857142856,731.2857142857143,135.57142857142858,208.85714285714278,376.0,SUPPORTED,translation_median_sparse_flow,1.09857177734375,-1.12434720993042,346.0,2.1111321449279785,,,SUPPORTED,partial_affine_ransac_sparse_flow,-0.6035528402322939,-0.3273333225814811,241.0,1.1707970017114222,1.0030176514359168,0.6965317919075145,-1.9410934448242188,0.5319900512695312,-3.0396652221679688,1.6563372611999512,-269.2266616821289,11.242974996566772,-151.41368941397272,1.068596452796247,path_segment_002,SUPPORTED,,-1.9410934448242188,0.5319900512695312,-4.726561412002297,2.596668697473376,-292.2462405675931,-10.264522434485315,-151.21657612291304,1.6647566516003327,path_segment_002,SUPPORTED,,-1.9410934448242188,0.5319900512695312,-3.0396652221679688,1.6563372611999512,-269.2266616821289,11.242974996566772,-151.41368941397272,1.068596452796247,path_segment_002,SUPPORTED,,SUPPORTED,
56,56,1866.6666666666667,TARGET_IDENTITY_UNCERTAIN,TARGET_OVERLAP_AMBIGUOUS: another detected person overlaps or is too close to the selected pose for automated identity acceptance.,,800.110523223877,296.17530822753906,,,,835.0,324.28571428571433,729.2857142857143,135.71428571428572,211.42857142857133,377.14285714285717,,,,,,,,,,,,,,,,,,,,,,,,,,,,,,,,,,,,,,,,,,,,,,,,,,,
57,57,1900.0,TARGET_IDENTITY_UNCERTAIN,TARGET_OVERLAP_AMBIGUOUS: another detected person overlaps or is too close to the selected pose for automated identity acceptance.,,795.4705181121826,292.3880310058594,,,,822.1428571428571,325.7142857142857,722.1428571428571,133.21428571428572,199.99999999999994,385.0,,,,,,,,,,,,,,,,,,,,,,,,,,,,,,,,,,,,,,,,,,,,,,,,,,,
58,58,1933.3333333333333,TARGET_IDENTITY_UNCERTAIN,TARGET_OVERLAP_AMBIGUOUS: another detected person overlaps or is too close to the selected pose for automated identity acceptance.,,782.7848796844482,290.3491744995117,,,,809.2857142857142,327.14285714285717,715.0,130.71428571428572,188.57142857142856,392.8571428571429,,,,,,,,,,,,,,,,,,,,,,,,,,,,,,,,,,,,,,,,,,,,,,,,,,,
59,59,1966.6666666666663,TARGET_IDENTITY_UNCERTAIN,TARGET_OVERLAP_AMBIGUOUS: another detected person overlaps or is too close to the selected pose for automated identity acceptance.,,773.9740562438965,288.05567169189453,,,,796.4285714285714,328.5714285714286,707.8571428571429,128.21428571428572,177.14285714285717,400.7142857142858,,,,,,,,,,,,,,,,,,,,,,,,,,,,,,,,,,,,,,,,,,,,,,,,,,,
60,60,2000.0,TARGET_IDENTITY_UNCERTAIN,TARGET_OVERLAP_AMBIGUOUS: another detected person overlaps or is too close to the selected pose for automated identity acceptance.,,761.88698387146,290.84595489501953,,,,783.5714285714286,330.0,700.7142857142857,125.71428571428571,165.71428571428578,408.5714285714286,,,,,,,,,,,,,,,,,,,,,,,,,,,,,,,,,,,,,,,,,,,,,,,,,,,
61,61,2033.3333333333333,TARGET_IDENTITY_UNCERTAIN,TARGET_OVERLAP_AMBIGUOUS: another detected person overlaps or is too close to the selected pose for automated identity acceptance.,,751.0734539031982,289.36202239990234,,,,769.047619047619,325.95238095238096,687.8571428571428,125.71428571428571,162.38095238095244,400.4761904761905,,,,,,,,,,,,,,,,,,,,,,,,,,,,,,,,,,,,,,,,,,,,,,,,,,,
62,62,2066.666666666667,TARGET_IDENTITY_UNCERTAIN,TARGET_OVERLAP_AMBIGUOUS: another detected person overlaps or is too close to the selected pose for automated identity acceptance.,,737.6328372955322,290.3042526245117,,,,754.5238095238095,321.9047619047619,675.0,125.71428571428571,159.04761904761912,392.3809523809524,,,,,,,,,,,,,,,,,,,,,,,,,,,,,,,,,,,,,,,,,,,,,,,,,,,
63,63,2100.0,VALID_TARGET,,3.0,722.5899143218994,287.82044982910156,712.7115936279297,278.1160125732422,SUPPORTED,740.0,317.85714285714283,662.1428571428571,125.71428571428571,155.71428571428578,384.2857142857143,UNSTABLE_TRANSFORM,translation_median_sparse_flow,-20.8367919921875,-25.161453247070312,339.0,28.4139347076416,,,SUPPORTED,partial_affine_ransac_sparse_flow,-0.15643310505654773,-0.6687562786966644,64.0,0.301725978013037,1.0015701497679388,0.1887905604719764,,,,,0.0,0.0,,,path_segment_003,SUPPORTED,,,,,,0.0,0.0,,,path_segment_003,SUPPORTED,,,,,,0.0,0.0,,,path_segment_003,SUPPORTED,,SUPPORTED,
64,64,2133.3333333333335,VALID_TARGET,,3.0,712.7115936279297,278.1160125732422,704.0358285903931,277.6284828186035,SUPPORTED,727.5,308.92857142857144,637.8571428571429,120.71428571428571,179.28571428571433,376.42857142857144,SUPPORTED,translation_median_sparse_flow,-6.8709716796875,-3.99200439453125,309.0,3.502737045288086,,,SUPPORTED,partial_affine_ransac_sparse_flow,-11.72687872633088,-5.193521671489013,135.0,1.1051928182590518,1.006213949694023,0.4368932038834951,-8.675765037536621,-0.4875297546386719,-1.804793357849121,3.504474639892578,-1.804793357849121,3.504474639892578,-117.24832422806195,1.2168495089058897,path_segment_003,SUPPORTED,,-8.675765037536621,-0.4875297546386719,-1.2156578152419115,2.563044215121124,-1.2156578152419115,2.563044215121124,-115.37509395630843,0.8756854930494609,path_segment_003,SUPPORTED,,-8.675765037536621,-0.4875297546386719,-1.804793357849121,3.504474639892578,-1.804793357849121,3.504474639892578,-117.24832422806195,1.2168495089058897,path_segment_003,SUPPORTED,,SUPPORTED,
65,65,2166.6666666666665,VALID_TARGET,,3.0,695.3600635528564,277.14095306396484,695.3600635528564,277.5039367675781,SUPPORTED,715.0,300.0,613.5714285714286,115.71428571428571,202.8571428571429,368.57142857142856,SUPPORTED,translation_median_sparse_flow,-6.89068603515625,-3.778453826904297,268.0,4.02515983581543,,,SUPPORTED,partial_affine_ransac_sparse_flow,-10.288592029562981,-6.3325332374975805,134.0,0.995192215486695,1.0039098278051244,0.5,-8.675765037536621,-0.12454605102539062,-1.785079002380371,3.6539077758789062,-3.589872360229492,7.158382415771484,-116.03734542743365,1.255353966927321,path_segment_003,SUPPORTED,,-8.675765037536621,-0.12454605102539062,-0.5366045784779772,3.5976126933899764,-1.7522623937198887,6.1606569085111005,-98.48345157976416,1.1228533725151748,path_segment_003,SUPPORTED,,-8.675765037536621,-0.12454605102539062,-1.785079002380371,3.6539077758789062,-3.589872360229492,7.158382415771484,-116.03734542743365,1.255353966927321,path_segment_003,SUPPORTED,,SUPPORTED,
66,66,2200.0,VALID_TARGET,,3.0,680.7286109924316,274.44384765625,680.7286109924316,276.7141876220703,SUPPORTED,701.1904761904761,300.0,599.7619047619047,114.76190476190476,202.8571428571429,370.4761904761905,SUPPORTED,translation_median_sparse_flow,-7.28863525390625,-3.697845458984375,273.0,4.210144519805908,,,SUPPORTED,partial_affine_ransac_sparse_flow,1.5013402653522783,2.1756416664187843,116.0,1.1936501916859128,0.9913122707034498,0.4249084249084249,-14.631452560424805,-0.7897491455078125,-7.342817306518555,2.9080963134765625,-10.932689666748047,10.066478729248047,-158.39413648167132,2.437992638767076,path_segment_003,SUPPORTED,,-14.631452560424805,-0.7897491455078125,-11.755391324735001,3.651512950484687,-13.50765371845489,9.812169858995787,-162.74392369331127,3.7998773564880084,path_segment_003,SUPPORTED,,-14.631452560424805,-0.7897491455078125,-7.342817306518555,2.9080963134765625,-10.932689666748047,10.066478729248047,-158.39413648167132,2.437992638767076,path_segment_003,SUPPORTED,,SUPPORTED,
67,67,2233.3333333333335,VALID_TARGET,,3.0,669.3165836334229,279.10677337646484,669.3165836334229,275.16941833496094,SUPPORTED,687.3809523809524,300.0,585.952380952381,113.80952380952381,202.8571428571429,372.3809523809524,SUPPORTED,translation_median_sparse_flow,-6.93994140625,-3.875591278076172,255.0,4.831067085266113,,,SUPPORTED,partial_affine_ransac_sparse_flow,-10.77917615762165,-5.663104724886127,119.0,1.029465832354535,1.0041203523649402,0.4666666666666667,-11.412027359008789,-1.544769287109375,-4.472085952758789,2.330821990966797,-15.404775619506836,12.397300720214844,-152.4717685289172,1.556765892275543,path_segment_003,SUPPORTED,,-11.412027359008789,-1.544769287109375,-3.158787337203762,2.293040571849417,-16.66644105565865,12.105210430845204,-144.0231897092957,1.2049408174753247,path_segment_003,SUPPORTED,,-11.412027359008789,-1.544769287109375,-4.472085952758789,2.330821990966797,-15.404775619506836,12.397300720214844,-152.4717685289172,1.556765892275543,path_segment_003,SUPPORTED,,SUPPORTED,
68,68,2266.6666666666665,VALID_TARGET,,3.0,652.9180297851562,275.89842224121094,652.9180297851562,274.44384765625,SUPPORTED,673.5714285714286,300.0,572.1428571428571,112.85714285714286,202.8571428571429,374.28571428571433,SUPPORTED,translation_median_sparse_flow,-7.42572021484375,-3.15869140625,250.0,4.258061408996582,,,SUPPORTED,partial_affine_ransac_sparse_flow,-11.473597457215314,-5.204938294005577,110.0,1.3802184039876988,1.004749432205182,0.44,-16.3985538482666,-0.7255706787109375,-8.972833633422852,2.4331207275390625,-24.377609252929688,14.830421447753906,-164.82821531352468,2.8699045645589343,path_segment_003,SUPPORTED,,-16.3985538482666,-0.7255706787109375,-8.191911947146195,3.386814688668551,-24.858353002804847,15.492025119513755,-157.53813641365807,2.7364085092088866,path_segment_003,SUPPORTED,,-16.3985538482666,-0.7255706787109375,-8.972833633422852,2.4331207275390625,-24.377609252929688,14.830421447753906,-164.82821531352468,2.8699045645589343,path_segment_003,SUPPORTED,,SUPPORTED,
69,69,2300.0,VALID_TARGET,,3.0,636.2572803497314,273.78419494628906,636.2572803497314,273.78419494628906,SUPPORTED,656.4285714285713,301.78571428571433,554.2857142857142,112.14285714285714,204.28571428571428,379.28571428571433,SUPPORTED,translation_median_sparse_flow,-7.569122314453125,-3.1607933044433594,290.0,3.848294258117676,,,SUPPORTED,partial_affine_ransac_sparse_flow,-11.681323202636863,-5.246276916507274,154.0,1.3596468472004397,1.004943514431575,0.5310344827586206,-16.660749435424805,-0.6596527099609375,-9.09162712097168,2.501140594482422,-33.46923637390137,17.331562042236328,-164.61822310551975,2.9108123291661387,path_segment_003,SUPPORTED,,-16.660749435424805,-0.6596527099609375,-7.976896068376163,2.68279168921498,-32.83524907118101,18.174816808728735,-161.41116543381733,2.597968361758155,path_segment_003,SUPPORTED,,-16.660749435424805,-0.6596527099609375,-9.09162712097168,2.501140594482422,-33.46923637390137,17.331562042236328,-164.61822310551975,2.9108123291661387,path_segment_003,SUPPORTED,,SUPPORTED,
70,70,2333.3333333333335,VALID_TARGET,,3.0,619.030445098877,267.1905975341797,619.030445098877,267.1905975341797,SUPPORTED,639.2857142857142,303.57142857142856,536.4285714285714,111.42857142857143,205.71428571428567,384.2857142857143,SUPPORTED,translation_median_sparse_flow,-7.4241943359375,-2.6561758518218994,290.0,3.762671947479248,,,SUPPORTED,partial_affine_ransac_sparse_flow,-11.638225823285332,-4.216367290542665,139.0,1.3084759818989664,1.004981874090237,0.4793103448275862,-17.226835250854492,-6.593597412109375,-9.802640914916992,-3.9374215602874756,-43.27187728881836,13.394140481948853,158.11617813030614,3.261017326434319,path_segment_003,SUPPORTED,,-17.226835250854492,-6.593597412109375,-8.65795580118288,-3.9744115743189354,-41.49320487236389,14.2004052344098,155.34263677085778,2.9408213919816246,path_segment_003,SUPPORTED,,-17.226835250854492,-6.593597412109375,-9.802640914916992,-3.9374215602874756,-43.27187728881836,13.394140481948853,158.11617813030614,3.261017326434319,path_segment_003,SUPPORTED,,SUPPORTED,
71,71,2366.6666666666665,VALID_TARGET,,3.0,602.0976657867432,265.0375518798828,602.0976657867432,265.31957244873047,SUPPORTED,625.2380952380953,303.0952380952381,519.2857142857143,110.95238095238095,211.9047619047619,384.2857142857143,SUPPORTED,translation_median_sparse_flow,-7.505615234375,-1.890167236328125,273.0,3.9528074264526367,,,SUPPORTED,partial_affine_ransac_sparse_flow,2.1116828440644353,2.4843721931064255,103.0,1.633536889215452,0.9895914938475221,0.3772893772893773,-16.93277931213379,-1.8710250854492188,-9.427164077758789,0.01914215087890625,-52.69904136657715,13.413282632827759,-179.8836592914072,2.91013132331352,path_segment_003,SUPPORTED,,-16.93277931213379,-1.8710250854492188,-14.340260905569608,2.4915293429787653,-55.8334657779335,16.691934577388565,-170.1436136480691,4.493095833272987,path_segment_003,SUPPORTED,,-16.93277931213379,-1.8710250854492188,-9.427164077758789,0.01914215087890625,-52.69904136657715,13.413282632827759,-179.8836592914072,2.91013132331352,path_segment_003,SUPPORTED,,SUPPORTED,
72,72,2400.0,VALID_TARGET,,3.0,586.1882400512695,264.34193420410156,586.1882400512695,264.7421646118164,SUPPORTED,611.1904761904763,302.6190476190476,502.14285714285717,110.47619047619048,218.0952380952381,384.2857142857143,SUPPORTED,translation_median_sparse_flow,-6.986663818359375,-1.7327466011047363,290.0,4.067416667938232,,,SUPPORTED,partial_affine_ransac_sparse_flow,-11.34459045555244,-3.000951344917949,146.0,1.436075493426784,1.0052672861486418,0.503448275862069,-15.909425735473633,-0.5774078369140625,-8.922761917114258,1.1553387641906738,-61.621803283691406,14.568621397018433,-172.62226500087624,2.777412345212301,path_segment_003,SUPPORTED,,-15.909425735473633,-0.5774078369140625,-8.168726824429655,2.009612689084463,-64.00219260236315,18.70154726647303,-166.1789601380337,2.596838357939686,path_segment_003,SUPPORTED,,-15.909425735473633,-0.5774078369140625,-8.922761917114258,1.1553387641906738,-61.621803283691406,14.568621397018433,-172.62226500087624,2.777412345212301,path_segment_003,SUPPORTED,,SUPPORTED,
73,73,2433.333333333333,VALID_TARGET,,3.0,574.0876522064209,263.6433334350586,574.0876522064209,264.53983306884766,SUPPORTED,597.1428571428571,302.1428571428571,485.0,110.0,224.28571428571433,384.2857142857143,SUPPORTED,translation_median_sparse_flow,-6.11279296875,-1.8096084594726562,267.0,4.724000453948975,,,SUPPORTED,partial_affine_ransac_sparse_flow,-10.95336211098994,-1.822746861285307,126.0,1.3801469211155077,1.0053279288220052,0.47191011235955055,-12.100587844848633,-0.20233154296875,-5.987794876098633,1.6072769165039062,-67.60959815979004,16.17589831352234,-164.9745399901639,1.9138395193254778,path_segment_003,SUPPORTED,,-12.100587844848633,-0.20233154296875,-5.116179510194797,2.090600446815074,-69.11837211255795,20.792147713288102,-157.7738323821074,1.70611032197788,path_segment_003,SUPPORTED,,-12.100587844848633,-0.20233154296875,-5.987794876098633,1.6072769165039062,-67.60959815979004,16.17589831352234,-164.9745399901639,1.9138395193254778,path_segment_003,SUPPORTED,,SUPPORTED,
74,74,2466.666666666667,VALID_TARGET,,3.0,558.1815376281738,266.4549865722656,558.1815376281738,266.2526550292969,SUPPORTED,586.0714285714286,303.5714285714286,467.1428571428571,106.42857142857143,237.85714285714286,394.28571428571433,SUPPORTED,translation_median_sparse_flow,-5.9010009765625,-0.533203125,270.0,4.596042156219482,,,SUPPORTED,partial_affine_ransac_sparse_flow,-10.415596127149776,-1.3694957248813022,134.0,1.421119438582398,1.0049642779085666,0.4962962962962963,-15.90611457824707,1.7128219604492188,-10.00511360168457,2.2460250854492188,-77.61471176147461,18.421923398971558,-167.3475570359843,3.165402334264,path_segment_003,SUPPORTED,,-15.90611457824707,1.7128219604492188,-9.211565132566989,3.667716468520382,-78.32993724512494,24.459864181808484,-158.28931798010782,3.060684742097816,path_segment_003,SUPPORTED,,-15.90611457824707,1.7128219604492188,-10.00511360168457,2.2460250854492188,-77.61471176147461,18.421923398971558,-167.3475570359843,3.165402334264,path_segment_003,SUPPORTED,,SUPPORTED,
75,75,2500.0,VALID_TARGET,,3.0,542.8264045715332,267.24420166015625,542.8264045715332,268.1029815673828,SUPPORTED,575.0,305.0,449.2857142857143,102.85714285714286,251.4285714285714,404.28571428571433,SUPPORTED,translation_median_sparse_flow,-5.23004150390625,-0.2580680847167969,274.0,4.4275712966918945,,,SUPPORTED,partial_affine_ransac_sparse_flow,-10.308306010240873,-0.8195789527729413,142.0,1.5207230312507845,1.005333178157964,0.5182481751824818,-15.355133056640625,1.8503265380859375,-10.125091552734375,2.1083946228027344,-87.73980331420898,20.530318021774292,-168.2371315962363,3.192618468983605,path_segment_003,SUPPORTED,,-15.355133056640625,1.8503265380859375,-8.860703328623572,3.0117448133055404,-87.19064057374851,27.471608995114025,-161.22715061611746,2.888947950676328,path_segment_003,SUPPORTED,,-15.355133056640625,1.8503265380859375,-10.125091552734375,2.1083946228027344,-87.73980331420898,20.530318021774292,-168.2371315962363,3.192618468983605,path_segment_003,SUPPORTED,,SUPPORTED,
76,76,2533.333333333333,VALID_TARGET,,3.0,527.9636001586914,268.8721008300781,527.9636001586914,268.99182891845703,SUPPORTED,563.3333333333333,301.1904761904762,429.76190476190476,96.19047619047619,267.1428571428571,410.00000000000006,SUPPORTED,translation_median_sparse_flow,-4.75518798828125,-0.01216888427734375,244.0,4.64692497253418,,,SUPPORTED,partial_affine_ransac_sparse_flow,-10.503523320936,0.19435291067350646,107.0,1.309035649336267,1.006397979071665,0.4385245901639344,-14.862804412841797,0.8888473510742188,-10.107616424560547,0.9010162353515625,-97.84741973876953,21.431334257125854,-174.90598656081397,3.132550544073822,path_segment_003,SUPPORTED,,-14.862804412841797,0.8888473510742188,-9.128109223289584,1.6188724967652774,-96.3187497970381,29.090481491879302,-169.94314856863605,2.861779706840626,path_segment_003,SUPPORTED,,-14.862804412841797,0.8888473510742188,-10.107616424560547,0.9010162353515625,-97.84741973876953,21.431334257125854,-174.90598656081397,3.132550544073822,path_segment_003,SUPPORTED,,SUPPORTED,
77,77,2566.666666666667,VALID_TARGET,,3.0,510.96639251708984,277.53475189208984,510.96639251708984,270.7845230102539,SUPPORTED,551.6666666666667,297.3809523809524,410.23809523809524,89.52380952380953,282.8571428571429,415.7142857142857,SUPPORTED,translation_median_sparse_flow,-4.33740234375,-0.002483367919921875,228.0,4.328036308288574,,,SUPPORTED,partial_affine_ransac_sparse_flow,-8.896378332197536,-0.31468963696620067,108.0,1.4273338751824163,1.0051922688358634,0.47368421052631576,-16.997207641601562,1.792694091796875,-12.659805297851562,1.7951774597167969,-110.5072250366211,23.22651171684265,-171.92918911259784,3.947122900060148,path_segment_003,SUPPORTED,,-16.997207641601562,1.792694091796875,-11.446711092997248,1.9005856257800815,-107.76546089003534,30.991067117659384,-170.57274431194605,3.5819271037857003,path_segment_003,SUPPORTED,,-16.997207641601562,1.792694091796875,-12.659805297851562,1.7951774597167969,-110.5072250366211,23.22651171684265,-171.92918911259784,3.947122900060148,path_segment_003,SUPPORTED,,SUPPORTED,
78,78,2600.0,VALID_TARGET,HUMAN_ACCEPTED_TARGET: operator reviewed the raw skeleton and confirmed that it belongs to the documented athlete.,3.0,493.040958404541,270.7845230102539,493.040958404541,276.30672454833984,SUPPORTED,540.0,293.57142857142856,390.7142857142857,82.85714285714286,298.5714285714286,421.42857142857144,SUPPORTED,translation_median_sparse_flow,-3.946807861328125,-0.005580902099609375,228.0,3.6941909790039062,,,SUPPORTED,partial_affine_ransac_sparse_flow,-7.8496763605869235,-0.0485973939425723,124.0,1.2451359412629293,1.0045532300857751,0.543859649122807,-17.925434112548828,5.5222015380859375,-13.978626251220703,5.527782440185547,-124.4858512878418,28.7542941570282,-158.42391176734597,4.640287011432742,path_segment_003,SUPPORTED,,-17.925434112548828,5.5222015380859375,-12.950193921249195,5.374238494655344,-120.71565481128454,36.36530561231473,-157.46189712938215,4.328239614378948,path_segment_003,SUPPORTED,,-17.925434112548828,5.5222015380859375,-13.978626251220703,5.527782440185547,-124.4858512878418,28.7542941570282,-158.42391176734597,4.640287011432742,path_segment_003,SUPPORTED,,SUPPORTED,
79,79,2633.3333333333335,VALID_TARGET,HUMAN_ACCEPTED_TARGET: operator reviewed the raw skeleton and confirmed that it belongs to the documented athlete.,3.0,485.6885070800781,276.55157470703125,485.6885070800781,277.77960205078125,SUPPORTED,524.047619047619,297.3809523809524,368.8095238095238,85.71428571428572,310.47619047619054,423.3333333333333,SUPPORTED,translation_median_sparse_flow,-3.35028076171875,-0.00035858154296875,216.0,3.3500747680664062,,,SUPPORTED,partial_affine_ransac_sparse_flow,-6.6643632415471314,0.19048561180910215,107.0,0.9986197783888062,1.003908907934996,0.49537037037037035,-7.352451324462891,1.4728775024414062,-4.002170562744141,1.473236083984375,-128.48802185058594,30.227530241012573,-159.79087104647928,1.3164993131062117,path_segment_003,SUPPORTED,,-7.352451324462891,1.4728775024414062,-3.1936887373738045,1.2368707178193858,-123.90934354865834,37.602176330134114,-158.82931522611648,1.0572320470775431,path_segment_003,SUPPORTED,,-7.352451324462891,1.4728775024414062,-4.002170562744141,1.473236083984375,-128.48802185058594,30.227530241012573,-159.79087104647928,1.3164993131062117,path_segment_003,SUPPORTED,,SUPPORTED,
80,80,2666.6666666666665,VALID_TARGET,HUMAN_ACCEPTED_TARGET: operator reviewed the raw skeleton and confirmed that it belongs to the documented athlete.,3.0,468.1934242248535,278.5492935180664,476.9409656524658,277.5504341125488,SUPPORTED,508.09523809523813,301.1904761904762,346.9047619047619,88.57142857142857,322.3809523809524,425.23809523809524,SUPPORTED,translation_median_sparse_flow,-2.84088134765625,-9.918212890625e-05,215.0,2.840782642364502,,,SUPPORTED,partial_affine_ransac_sparse_flow,-6.230139389517292,0.2732034363253809,123.0,0.9455504475744808,1.004113788266006,0.5720930232558139,-8.747541427612305,-0.22916793823242188,-5.906660079956055,-0.22906875610351562,-134.394681930542,29.998461484909058,177.77910039482717,1.8247314141608313,path_segment_003,SUPPORTED,,-8.747541427612305,-0.22916793823242188,-4.898467122199122,-0.9742858661674063,-128.80781067085746,36.62789046396671,168.75089816076684,1.5417555847237268,path_segment_003,SUPPORTED,,-8.747541427612305,-0.22916793823242188,-5.906660079956055,-0.22906875610351562,-134.394681930542,29.998461484909058,177.77910039482717,1.8247314141608313,path_segment_003,SUPPORTED,,SUPPORTED,
81,81,2700.0,VALID_TARGET,HUMAN_ACCEPTED_TARGET: operator reviewed the raw skeleton and confirmed that it belongs to the documented athlete.,3.0,452.06807708740234,281.1349105834961,468.1934242248535,278.5492935180664,SUPPORTED,492.14285714285717,305.0,325.0,91.42857142857143,334.28571428571433,427.1428571428571,SUPPORTED,translation_median_sparse_flow,-2.237457275390625,0.2704734802246094,244.0,2.4228451251983643,,,SUPPORTED,partial_affine_ransac_sparse_flow,-5.308068829406745,-0.10163898525223826,141.0,1.0039521110017269,1.003891361740474,0.5778688524590164,-8.747541427612305,0.9988594055175781,-6.51008415222168,0.7283859252929688,-140.90476608276367,30.726847410202026,-173.61596730267283,2.0221748158569097,path_segment_003,SUPPORTED,,-8.747541427612305,0.9988594055175781,-5.329124969059251,0.07837155546928898,-134.13693563991671,36.706262019436,-179.1574534818123,1.6452560224902535,path_segment_003,SUPPORTED,,-8.747541427612305,0.9988594055175781,-6.51008415222168,0.7283859252929688,-140.90476608276367,30.726847410202026,-173.61596730267283,2.0221748158569097,path_segment_003,SUPPORTED,,SUPPORTED,
82,82,2733.3333333333335,TARGET_IDENTITY_UNCERTAIN,TARGET_OVERLAP_AMBIGUOUS: another detected person overlaps or is too close to the selected pose for automated identity acceptance.,,442.36266708374023,289.4353485107422,,,,484.1071428571429,308.2142857142857,315.3571428571429,96.42857142857143,337.5,423.57142857142856,,,,,,,,,,,,,,,,,,,,,,,,,,,,,,,,,,,,,,,,,,,,,,,,,,,
83,83,2766.6666666666665,TARGET_IDENTITY_UNCERTAIN,TARGET_OVERLAP_AMBIGUOUS: another detected person overlaps or is too close to the selected pose for automated identity acceptance.,,420.1757087707519,300.8294982910156,,,,476.07142857142856,311.42857142857144,305.7142857142857,101.42857142857143,340.7142857142857,420.0,,,,,,,,,,,,,,,,,,,,,,,,,,,,,,,,,,,,,,,,,,,,,,,,,,,
84,84,2800.0,TARGET_IDENTITY_UNCERTAIN,TARGET_OVERLAP_AMBIGUOUS: another detected person overlaps or is too close to the selected pose for automated identity acceptance.,,407.487979888916,298.52271270751953,,,,468.0357142857143,314.64285714285717,296.07142857142856,106.42857142857143,343.92857142857144,416.42857142857144,,,,,,,,,,,,,,,,,,,,,,,,,,,,,,,,,,,,,,,,,,,,,,,,,,,
85,85,2833.3333333333335,VALID_TARGET,HUMAN_ACCEPTED_TARGET: operator reviewed the raw skeleton and confirmed that it belongs to the documented athlete.,4.0,398.26382064819336,306.9736022949219,389.21459579467773,308.00643157958984,SUPPORTED,460.0,317.8571428571429,286.42857142857144,111.42857142857143,347.1428571428571,412.8571428571429,UNSTABLE_TRANSFORM,translation_median_sparse_flow,-4.206939697265625,-0.00043487548828125,202.0,8.60599136352539,,,SUPPORTED,partial_affine_ransac_sparse_flow,1.5672307717032317,0.2616734404224547,52.0,0.5541159043701023,0.9909045100816218,0.25742574257425743,,,,,0.0,0.0,,,path_segment_004,SUPPORTED,,,,,,0.0,0.0,,,path_segment_004,SUPPORTED,,,,,,0.0,0.0,,,path_segment_004,SUPPORTED,,SUPPORTED,
86,86,2866.6666666666665,VALID_TARGET,HUMAN_ACCEPTED_TARGET: operator reviewed the raw skeleton and confirmed that it belongs to the documented athlete.,4.0,389.21459579467773,308.00643157958984,383.9806365966797,309.1691093444824,SUPPORTED,444.3877551020408,319.5918367346939,281.53061224489795,112.04081632653062,325.71428571428567,415.10204081632656,SUPPORTED,translation_median_sparse_flow,-4.57763671875e-05,0.9823684692382812,348.0,2.3774023056030273,,,SUPPORTED,partial_affine_ransac_sparse_flow,-1.3702937833107756,-0.135507442183624,232.0,1.1606636717124985,1.002442536807348,0.6666666666666666,-5.233959197998047,1.1626777648925781,-5.233913421630859,0.18030929565429688,-5.233913421630859,0.18030929565429688,-178.026929996256,1.6166452161834637,path_segment_004,SUPPORTED,,-5.233959197998047,1.1626777648925781,-4.583995804838878,0.255019491229973,-4.583995804838878,0.255019491229973,-176.8157705777361,1.4172480463249664,path_segment_004,SUPPORTED,,-5.233959197998047,1.1626777648925781,-5.233913421630859,0.18030929565429688,-5.233913421630859,0.18030929565429688,-178.026929996256,1.6166452161834637,path_segment_004,SUPPORTED,,SUPPORTED,
87,87,2900.0,VALID_TARGET,HUMAN_ACCEPTED_TARGET: operator reviewed the raw skeleton and confirmed that it belongs to the documented athlete.,4.0,378.7466773986816,310.331787109375,378.74667739868164,310.331787109375,SUPPORTED,428.7755102040817,321.32653061224494,276.6326530612245,112.65306122448979,304.2857142857143,417.34693877551024,SUPPORTED,translation_median_sparse_flow,0.4170236587524414,1.2184600830078125,348.0,2.063323497772217,,,SUPPORTED,partial_affine_ransac_sparse_flow,-2.3718874355216935,0.9342903837344362,217.0,0.8771062994117286,1.0034050218282125,0.6235632183908046,-5.233959197998047,1.1626777648925781,-5.650982856750488,-0.055782318115234375,-10.884896278381348,0.1245269775390625,179.43443686246857,1.7445192827935845,path_segment_004,SUPPORTED,,-5.233959197998047,1.1626777648925781,-4.4282057340116125,-0.5028018655254982,-9.01220153885049,-0.2477823742955252,173.52207846545681,1.3757518342894468,path_segment_004,SUPPORTED,,-5.233959197998047,1.1626777648925781,-5.650982856750488,-0.055782318115234375,-10.884896278381348,0.1245269775390625,179.43443686246857,1.7445192827935845,path_segment_004,SUPPORTED,,SUPPORTED,
88,88,2933.333333333333,VALID_TARGET,HUMAN_ACCEPTED_TARGET: operator reviewed the raw skeleton and confirmed that it belongs to the documented athlete.,4.0,369.32674407958984,313.3526611328125,369.32674407958984,310.331787109375,SUPPORTED,413.1632653061224,323.0612244897959,271.734693877551,113.26530612244898,282.85714285714283,419.5918367346939,SUPPORTED,translation_median_sparse_flow,0.8282470703125,1.17132568359375,329.0,2.3757786750793457,,,SUPPORTED,partial_affine_ransac_sparse_flow,-1.6947819187399196,0.8112701162507489,209.0,1.1642196524456905,1.0034001014558454,0.6352583586626139,-9.419933319091797,0.0,-10.248180389404297,-1.17132568359375,-21.133076667785645,-1.0467987060546875,173.47961840757938,3.1841662606793997,path_segment_004,SUPPORTED,,-9.419933319091797,0.0,-9.122731253939321,-1.7323719303843745,-18.13493279278981,-1.9801543046798997,169.24777352009963,2.8664744762828804,path_segment_004,SUPPORTED,,-9.419933319091797,0.0,-10.248180389404297,-1.17132568359375,-21.133076667785645,-1.0467987060546875,173.47961840757938,3.1841662606793997,path_segment_004,SUPPORTED,,SUPPORTED,
89,89,2966.666666666667,VALID_TARGET,HUMAN_ACCEPTED_TARGET: operator reviewed the raw skeleton and confirmed that it belongs to the documented athlete.,4.0,366.343807220459,311.8181457519531,366.343807220459,310.331787109375,SUPPORTED,397.55102040816325,324.795918367347,266.83673469387753,113.87755102040816,261.42857142857144,421.8367346938776,SUPPORTED,translation_median_sparse_flow,1.515869140625,1.3347549438476562,346.0,2.16348934173584,,,SUPPORTED,partial_affine_ransac_sparse_flow,-0.7145639155717809,-0.3116070927159157,230.0,1.2521742591561695,1.0031297679891604,0.6647398843930635,-2.9829368591308594,0.0,-4.498805999755859,-1.3347549438476562,-25.631882667541504,-2.3815536499023438,163.47485475016163,1.448596497200251,path_segment_004,SUPPORTED,,-2.9829368591308594,0.0,-3.1909057341675293,-0.9371875518025377,-21.32583852695734,-2.9173418564824374,163.63217993201243,1.0266256591544116,path_segment_004,SUPPORTED,,-2.9829368591308594,0.0,-4.498805999755859,-1.3347549438476562,-25.631882667541504,-2.3815536499023438,163.47485475016163,1.448596497200251,path_segment_004,SUPPORTED,,SUPPORTED,
90,90,3000.0,VALID_TARGET,HUMAN_ACCEPTED_TARGET: operator reviewed the raw skeleton and confirmed that it belongs to the documented athlete.,4.0,358.1836700439453,306.10298919677734,362.26373863220215,310.23472595214844,SUPPORTED,381.9387755102041,326.53061224489795,261.9387755102041,114.48979591836735,240.0,424.08163265306126,SUPPORTED,translation_median_sparse_flow,1.8482666015625,1.24871826171875,347.0,2.2304461002349854,,,SUPPORTED,partial_affine_ransac_sparse_flow,1.7085516999016208,-1.348441146731698,231.0,1.4809521384498003,1.001387582257535,0.6657060518731989,-4.080068588256836,-0.0970611572265625,-5.928335189819336,-1.3457794189453125,-31.56021785736084,-3.7273330688476562,167.210158417608,1.8766131397209893,path_segment_004,SUPPORTED,,-4.080068588256836,-0.0970611572265625,-5.404260910335836,-0.22998642915757728,-26.730099437293177,-3.1473282856400147,177.5631625350475,1.6697822660655282,path_segment_004,SUPPORTED,,-4.080068588256836,-0.0970611572265625,-5.928335189819336,-1.3457794189453125,-31.56021785736084,-3.7273330688476562,167.210158417608,1.8766131397209893,path_segment_004,SUPPORTED,,SUPPORTED,
91,91,3033.333333333333,VALID_TARGET,HUMAN_ACCEPTED_TARGET: operator reviewed the raw skeleton and confirmed that it belongs to the documented athlete.,4.0,354.1142997741699,308.65130615234375,358.1836700439453,308.65130615234375,SUPPORTED,366.3265306122449,328.265306122449,257.0408163265306,115.10204081632652,218.57142857142858,426.32653061224494,SUPPORTED,translation_median_sparse_flow,2.485910415649414,1.0128581523895264,350.0,2.684422492980957,,,SUPPORTED,partial_affine_ransac_sparse_flow,2.2143584875806273,-1.3351852715023416,210.0,1.3352346601812672,1.0009946038925346,0.6,-4.080068588256836,-1.5834197998046875,-6.56597900390625,-2.596277952194214,-38.12619686126709,-6.32361102104187,158.42547962177318,2.1795916752064586,path_segment_004,SUPPORTED,,-4.080068588256836,-1.5834197998046875,-5.722766614009402,-1.6417700013197418,-32.45286605130258,-4.7890982869597565,163.99266328825723,1.837853857693199,path_segment_004,SUPPORTED,,-4.080068588256836,-1.5834197998046875,-6.56597900390625,-2.596277952194214,-38.12619686126709,-6.32361102104187,158.42547962177318,2.1795916752064586,path_segment_004,SUPPORTED,,SUPPORTED,
92,92,3066.666666666667,TARGET_IDENTITY_UNCERTAIN,TARGET_OVERLAP_AMBIGUOUS: another detected person overlaps or is too close to the selected pose for automated identity acceptance.,,345.1272964477539,309.717041015625,,,,350.7142857142857,330.0,252.14285714285714,115.71428571428571,197.14285714285714,428.5714285714286,,,,,,,,,,,,,,,,,,,,,,,,,,,,,,,,,,,,,,,,,,,,,,,,,,,
93,93,3100.0,TARGET_IDENTITY_UNCERTAIN,TARGET_OVERLAP_AMBIGUOUS: another detected person overlaps or is too close to the selected pose for automated identity acceptance.,,346.03668212890625,309.3087158203125,,,,342.0238095238095,329.5238095238095,240.95238095238096,114.76190476190476,202.14285714285714,429.5238095238096,,,,,,,,,,,,,,,,,,,,,,,,,,,,,,,,,,,,,,,,,,,,,,,,,,,
94,94,3133.3333333333335,TARGET_IDENTITY_UNCERTAIN,TARGET_OVERLAP_AMBIGUOUS: another detected person overlaps or is too close to the selected pose for automated identity acceptance.,,345.02931213378906,308.3982391357422,,,,333.3333333333333,329.0476190476191,229.76190476190476,113.80952380952381,207.14285714285714,430.47619047619054,,,,,,,,,,,,,,,,,,,,,,,,,,,,,,,,,,,,,,,,,,,,,,,,,,,
95,95,3166.6666666666665,TARGET_IDENTITY_UNCERTAIN,TARGET_OVERLAP_AMBIGUOUS: another detected person overlaps or is too close to the selected pose for automated identity acceptance.,,332.7354850769043,312.2081756591797,,,,324.6428571428571,328.57142857142856,218.57142857142856,112.85714285714286,212.14285714285717,431.42857142857144,,,,,,,,,,,,,,,,,,,,,,,,,,,,,,,,,,,,,,,,,,,,,,,,,,,
96,96,3200.0,TARGET_IDENTITY_UNCERTAIN,TARGET_OVERLAP_AMBIGUOUS: another detected person overlaps or is too close to the selected pose for automated identity acceptance.,,329.0018501281738,312.23744201660156,,,,315.95238095238096,328.0952380952381,207.38095238095238,111.9047619047619,217.14285714285717,432.3809523809524,,,,,,,,,,,,,,,,,,,,,,,,,,,,,,,,,,,,,,,,,,,,,,,,,,,
97,97,3233.3333333333335,TARGET_IDENTITY_UNCERTAIN,TARGET_OVERLAP_AMBIGUOUS: another detected person overlaps or is too close to the selected pose for automated identity acceptance.,,323.26607513427734,309.644775390625,,,,307.2619047619048,327.61904761904765,196.1904761904762,110.95238095238095,222.14285714285717,433.33333333333337,,,,,,,,,,,,,,,,,,,,,,,,,,,,,,,,,,,,,,,,,,,,,,,,,,,
98,98,3266.6666666666665,TARGET_IDENTITY_UNCERTAIN,TARGET_OVERLAP_AMBIGUOUS: another detected person overlaps or is too close to the selected pose for automated identity acceptance.,,299.1184387207031,322.13909912109375,,,,298.57142857142856,327.14285714285717,185.0,110.0,227.14285714285717,434.28571428571433,,,,,,,,,,,,,,,,,,,,,,,,,,,,,,,,,,,,,,,,,,,,,,,,,,,
99,99,3300.0,TARGET_IDENTITY_UNCERTAIN,TARGET_OVERLAP_AMBIGUOUS: another detected person overlaps or is too close to the selected pose for automated identity acceptance.,,310.80807876586914,299.41466522216797,,,,298.6734693877551,328.4183673469388,185.0,110.3061224489796,227.34693877551024,436.22448979591843,,,,,,,,,,,,,,,,,,,,,,,,,,,,,,,,,,,,,,,,,,,,,,,,,,,
100,100,3333.3333333333335,INVALID_TRACK_SEGMENT,Valid-looking pose segment is too short to establish target identity continuity.,,292.4144744873047,308.8831100463867,,,,298.7755102040816,329.6938775510204,185.0,110.61224489795919,227.55102040816328,438.16326530612247,,,,,,,,,,,,,,,,,,,,,,,,,,,,,,,,,,,,,,,,,,,,,,,,,,,
101,101,3366.6666666666665,INVALID_TRACK_SEGMENT,Valid-looking pose segment is too short to establish target identity continuity.,,298.37298583984375,309.001953125,,,,298.8775510204082,330.96938775510205,185.0,110.91836734693878,227.75510204081635,440.10204081632656,,,,,,,,,,,,,,,,,,,,,,,,,,,,,,,,,,,,,,,,,,,,,,,,,,,
102,102,3400.0,INVALID_TRACK_SEGMENT,Valid-looking pose segment is too short to establish target identity continuity.,,309.12483978271484,315.76456451416016,,,,298.9795918367347,332.24489795918373,185.0,111.22448979591837,227.9591836734694,442.04081632653066,,,,,,,,,,,,,,,,,,,,,,,,,,,,,,,,,,,,,,,,,,,,,,,,,,,
103,103,3433.333333333333,INVALID_TRACK_SEGMENT,Valid-looking pose segment is too short to establish target identity continuity.,,314.2545394897461,300.0435485839844,,,,299.0816326530612,333.5204081632653,185.0,111.53061224489797,228.16326530612247,443.9795918367347,,,,,,,,,,,,,,,,,,,,,,,,,,,,,,,,,,,,,,,,,,,,,,,,,,,
104,104,3466.666666666667,INVALID_TRACK_SEGMENT,Valid-looking pose segment is too short to establish target identity continuity.,,305.7345085144043,313.0455093383789,,,,299.18367346938777,334.795918367347,185.0,111.83673469387756,228.3673469387755,445.9183673469388,,,,,,,,,,,,,,,,,,,,,,,,,,,,,,,,,,,,,,,,,,,,,,,,,,,
105,105,3500.0,INVALID_TRACK_SEGMENT,Valid-looking pose segment is too short to establish target identity continuity.,,315.66751861572266,315.58919525146484,,,,299.2857142857143,336.07142857142856,185.0,112.14285714285714,228.57142857142858,447.8571428571429,,,,,,,,,,,,,,,,,,,,,,,,,,,,,,,,,,,,,,,,,,,,,,,,,,,
106,106,3533.333333333333,INVALID_TRACK_SEGMENT,Valid-looking pose segment is too short to establish target identity continuity.,,313.3182563781738,306.20452880859375,,,,299.38775510204084,337.3469387755102,185.0,112.44897959183673,228.77551020408166,449.7959183673469,,,,,,,,,,,,,,,,,,,,,,,,,,,,,,,,,,,,,,,,,,,,,,,,,,,
107,107,3566.666666666667,INVALID_TRACK_SEGMENT,Valid-looking pose segment is too short to establish target identity continuity.,,324.65096282958984,309.5303039550781,,,,299.48979591836735,338.6224489795918,185.0,112.75510204081633,228.9795918367347,451.734693877551,,,,,,,,,,,,,,,,,,,,,,,,,,,,,,,,,,,,,,,,,,,,,,,,,,,
108,108,3600.0,INVALID_TRACK_SEGMENT,Valid-looking pose segment is too short to establish target identity continuity.,,323.4108657836914,308.81776428222656,,,,299.59183673469386,339.89795918367344,185.0,113.06122448979592,229.18367346938777,453.67346938775506,,,,,,,,,,,,,,,,,,,,,,,,,,,,,,,,,,,,,,,,,,,,,,,,,,,
109,109,3633.3333333333335,TARGET_IDENTITY_UNCERTAIN,TARGET_OVERLAP_AMBIGUOUS: another detected person overlaps or is too close to the selected pose for automated identity acceptance.,,310.6114196777344,315.77454376220703,,,,299.6938775510204,341.17346938775506,185.0,113.36734693877551,229.3877551020408,455.61224489795916,,,,,,,,,,,,,,,,,,,,,,,,,,,,,,,,,,,,,,,,,,,,,,,,,,,
110,110,3666.6666666666665,TARGET_IDENTITY_UNCERTAIN,TARGET_OVERLAP_AMBIGUOUS: another detected person overlaps or is too close to the selected pose for automated identity acceptance.,,316.0694007873535,311.5419158935547,,,,299.7959183673469,342.44897959183675,185.0,113.6734693877551,229.59183673469389,457.55102040816325,,,,,,,,,,,,,,,,,,,,,,,,,,,,,,,,,,,,,,,,,,,,,,,,,,,
111,111,3700.0,TARGET_IDENTITY_UNCERTAIN,TARGET_OVERLAP_AMBIGUOUS: another detected person overlaps or is too close to the selected pose for automated identity acceptance.,,316.6111030578613,322.4624481201172,,,,299.8979591836735,343.7244897959183,185.0,113.9795918367347,229.79591836734693,459.4897959183673,,,,,,,,,,,,,,,,,,,,,,,,,,,,,,,,,,,,,,,,,,,,,,,,,,,
112,112,3733.3333333333335,INVALID_TRACK_SEGMENT,Valid-looking pose segment is too short to establish target identity continuity.,,336.4852714538574,320.5973892211914,,,,300.0,345.0,185.0,114.28571428571429,230.0,461.4285714285714,,,,,,,,,,,,,,,,,,,,,,,,,,,,,,,,,,,,,,,,,,,,,,,,,,,
113,113,3766.6666666666665,TARGET_IDENTITY_UNCERTAIN,TARGET_OVERLAP_AMBIGUOUS: another detected person overlaps or is too close to the selected pose for automated identity acceptance.,,337.7191467285156,318.24229431152344,,,,310.5952380952381,346.66666666666663,184.04761904761904,112.61904761904762,253.0952380952381,468.0952380952381,,,,,,,,,,,,,,,,,,,,,,,,,,,,,,,,,,,,,,,,,,,,,,,,,,,
114,114,3800.0,TARGET_IDENTITY_UNCERTAIN,TARGET_OVERLAP_AMBIGUOUS: another detected person overlaps or is too close to the selected pose for automated identity acceptance.,,346.1949462890625,323.9671859741211,,,,321.1904761904762,348.3333333333333,183.0952380952381,110.95238095238096,276.1904761904762,474.7619047619047,,,,,,,,,,,,,,,,,,,,,,,,,,,,,,,,,,,,,,,,,,,,,,,,,,,
115,115,3833.3333333333335,TARGET_IDENTITY_UNCERTAIN,TARGET_OVERLAP_AMBIGUOUS: another detected person overlaps or is too close to the selected pose for automated identity acceptance.,,332.8332405090332,319.7183837890625,,,,331.78571428571433,350.0,182.14285714285714,109.28571428571429,299.28571428571433,481.4285714285714,,,,,,,,,,,,,,,,,,,,,,,,,,,,,,,,,,,,,,,,,,,,,,,,,,,
116,116,3866.6666666666665,TARGET_IDENTITY_UNCERTAIN,TARGET_OVERLAP_AMBIGUOUS: another detected person overlaps or is too close to the selected pose for automated identity acceptance.,,347.47862243652344,324.8843002319336,,,,342.3809523809524,351.66666666666663,181.19047619047618,107.61904761904762,322.3809523809524,488.0952380952381,,,,,,,,,,,,,,,,,,,,,,,,,,,,,,,,,,,,,,,,,,,,,,,,,,,
117,117,3900.0,INVALID_TRACK_SEGMENT,Valid-looking pose segment is too short to establish target identity continuity.,,348.89835357666016,318.87512969970703,,,,352.9761904761905,353.3333333333333,180.23809523809524,105.95238095238096,345.4761904761905,494.7619047619047,,,,,,,,,,,,,,,,,,,,,,,,,,,,,,,,,,,,,,,,,,,,,,,,,,,
118,118,3933.333333333333,INVALID_TRACK_SEGMENT,Valid-looking pose segment is too short to establish target identity continuity.,,352.4940948486328,330.22547149658203,,,,363.57142857142856,355.0,179.28571428571428,104.28571428571429,368.5714285714286,501.4285714285714,,,,,,,,,,,,,,,,,,,,,,,,,,,,,,,,,,,,,,,,,,,,,,,,,,,
119,119,3966.666666666667,TARGET_IDENTITY_UNCERTAIN,TARGET_OVERLAP_AMBIGUOUS: another detected person overlaps or is too close to the selected pose for automated identity acceptance.,,369.8611297607422,331.39967346191406,,,,363.7755102040817,355.61224489795916,187.24489795918367,107.75510204081634,353.06122448979596,495.71428571428567,,,,,,,,,,,,,,,,,,,,,,,,,,,,,,,,,,,,,,,,,,,,,,,,,,,
120,120,4000.0,TARGET_IDENTITY_UNCERTAIN,TARGET_OVERLAP_AMBIGUOUS: another detected person overlaps or is too close to the selected pose for automated identity acceptance.,,380.10939025878906,337.10855865478516,,,,363.9795918367347,356.2244897959184,195.20408163265304,111.22448979591837,337.5510204081633,490.0,,,,,,,,,,,,,,,,,,,,,,,,,,,,,,,,,,,,,,,,,,,,,,,,,,,
121,121,4033.333333333333,TARGET_IDENTITY_UNCERTAIN,TARGET_OVERLAP_AMBIGUOUS: another detected person overlaps or is too close to the selected pose for automated identity acceptance.,,369.145751953125,325.4177780151367,,,,364.18367346938777,356.8367346938776,203.16326530612244,114.69387755102042,322.04081632653066,484.2857142857143,,,,,,,,,,,,,,,,,,,,,,,,,,,,,,,,,,,,,,,,,,,,,,,,,,,
122,122,4066.6666666666665,TARGET_IDENTITY_UNCERTAIN,TARGET_OVERLAP_AMBIGUOUS: another detected person overlaps or is too close to the selected pose for automated identity acceptance.,,367.6836128234863,326.13771057128906,,,,364.38775510204084,357.44897959183675,211.12244897959184,118.16326530612245,306.53061224489795,478.57142857142856,,,,,,,,,,,,,,,,,,,,,,,,,,,,,,,,,,,,,,,,,,,,,,,,,,,
123,123,4100.0,TARGET_IDENTITY_UNCERTAIN,TARGET_OVERLAP_AMBIGUOUS: another detected person overlaps or is too close to the selected pose for automated identity acceptance.,,367.8213691711426,335.2229919433594,,,,364.59183673469386,358.0612244897959,219.0816326530612,121.6326530612245,291.0204081632653,472.85714285714283,,,,,,,,,,,,,,,,,,,,,,,,,,,,,,,,,,,,,,,,,,,,,,,,,,,
124,124,4133.333333333334,TARGET_IDENTITY_UNCERTAIN,TARGET_OVERLAP_AMBIGUOUS: another detected person overlaps or is too close to the selected pose for automated identity acceptance.,,372.0637512207031,330.46524810791016,,,,364.7959183673469,358.6734693877551,227.0408163265306,125.10204081632654,275.51020408163265,467.14285714285717,,,,,,,,,,,,,,,,,,,,,,,,,,,,,,,,,,,,,,,,,,,,,,,,,,,
125,125,4166.666666666667,INVALID_TRACK_SEGMENT,Valid-looking pose segment is too short to establish target identity continuity.,,372.18192291259766,332.01927947998047,,,,365.0,359.28571428571433,235.0,128.57142857142858,260.0,461.42857142857144,,,,,,,,,,,,,,,,,,,,,,,,,,,,,,,,,,,,,,,,,,,,,,,,,,,
126,126,4200.0,INVALID_TRACK_SEGMENT,Valid-looking pose segment is too short to establish target identity continuity.,,371.370849609375,341.1895980834961,,,,356.07142857142856,362.85714285714283,218.57142857142856,131.78571428571428,275.0,462.1428571428571,,,,,,,,,,,,,,,,,,,,,,,,,,,,,,,,,,,,,,,,,,,,,,,,,,,
127,127,4233.333333333333,INVALID_TRACK_SEGMENT,Valid-looking pose segment is too short to establish target identity continuity.,,376.1060485839844,337.5154800415039,,,,347.1428571428571,366.42857142857144,202.14285714285714,135.0,290.0,462.85714285714283,,,,,,,,,,,,,,,,,,,,,,,,,,,,,,,,,,,,,,,,,,,,,,,,,,,
128,128,4266.666666666667,INVALID_TRACK_SEGMENT,Valid-looking pose segment is too short to establish target identity continuity.,,371.6683807373047,344.8158950805664,,,,338.2142857142857,370.0,185.71428571428572,138.21428571428572,305.0,463.57142857142856,,,,,,,,,,,,,,,,,,,,,,,,,,,,,,,,,,,,,,,,,,,,,,,,,,,
129,129,4300.0,TARGET_IDENTITY_UNCERTAIN,TARGET_OVERLAP_AMBIGUOUS: another detected person overlaps or is too close to the selected pose for automated identity acceptance.,,367.84423828125,355.49400329589844,,,,329.2857142857143,373.57142857142856,169.28571428571428,141.42857142857142,320.0,464.2857142857142,,,,,,,,,,,,,,,,,,,,,,,,,,,,,,,,,,,,,,,,,,,,,,,,,,,
130,130,4333.333333333333,VALID_TARGET,,5.0,364.7658996582031,370.7637939453125,364.2536392211914,371.6790771484375,SUPPORTED,326.92857142857144,377.57142857142856,169.14285714285714,148.14285714285714,315.57142857142856,458.8571428571428,UNSTABLE_TRANSFORM,translation_median_sparse_flow,-0.0120849609375,0.12625885009765625,255.0,68.8063735961914,,,SUPPORTED,partial_affine_ransac_sparse_flow,5.808535644617345,-5.234502763816121,25.0,1.29165789200905,0.9873323086518175,0.09803921568627451,,,,,0.0,0.0,,,path_segment_005,SUPPORTED,,,,,,0.0,0.0,,,path_segment_005,SUPPORTED,,,,,,0.0,0.0,,,path_segment_005,SUPPORTED,,SUPPORTED,
131,131,4366.666666666666,VALID_TARGET,,5.0,364.2536392211914,371.6790771484375,362.81241607666016,377.25793075561523,SUPPORTED,324.57142857142856,381.57142857142856,169.0,154.85714285714286,311.1428571428571,453.4285714285714,SUPPORTED,translation_median_sparse_flow,9.2589111328125,0.4505462646484375,347.0,3.652757406234741,,,SUPPORTED,partial_affine_ransac_sparse_flow,10.431088860321802,1.3724238482316566,133.0,1.8603220259495237,0.999216073626524,0.38328530259365995,-1.44122314453125,5.578853607177734,-10.70013427734375,5.128307342529297,-10.70013427734375,5.128307342529297,-154.39276252709917,3.662859390798014,path_segment_005,SUPPORTED,,-1.44122314453125,5.578853607177734,-12.39026350294148,5.28695355489549,-12.39026350294148,5.28695355489549,-156.89194743768365,4.158470770510434,path_segment_005,SUPPORTED,,-1.44122314453125,5.578853607177734,-10.70013427734375,5.128307342529297,-10.70013427734375,5.128307342529297,-154.39276252709917,3.662859390798014,path_segment_005,SUPPORTED,,SUPPORTED,
132,132,4400.0,VALID_TARGET,,5.0,361.3711929321289,382.83678436279297,361.3711929321289,382.83678436279297,SUPPORTED,322.2142857142857,385.57142857142856,168.85714285714286,161.57142857142856,306.7142857142857,447.99999999999994,SUPPORTED,translation_median_sparse_flow,8.913421630859375,0.07282257080078125,342.0,3.5849218368530273,,,SUPPORTED,partial_affine_ransac_sparse_flow,14.201806543700563,-1.2016123355915547,121.0,2.105733052114175,0.9946738777829292,0.3538011695906433,-1.44122314453125,5.578853607177734,-10.354644775390625,5.506031036376953,-21.054779052734375,10.63433837890625,-151.99840932921197,3.620239604054321,path_segment_005,SUPPORTED,,-1.44122314453125,5.578853607177734,-12.220070227032693,7.36196388046335,-24.610333729974172,12.64891743535884,-148.93319831555488,4.403960137733872,path_segment_005,SUPPORTED,,-1.44122314453125,5.578853607177734,-10.354644775390625,5.506031036376953,-21.054779052734375,10.63433837890625,-151.99840932921197,3.620239604054321,path_segment_005,SUPPORTED,,SUPPORTED,
133,133,4433.333333333334,VALID_TARGET,,5.0,356.35872650146484,384.9604187011719,357.77286529541016,384.87816619873047,SUPPORTED,319.8571428571429,389.57142857142856,168.71428571428572,168.28571428571428,302.2857142857143,442.57142857142856,SUPPORTED,translation_median_sparse_flow,8.5283203125,0.219512939453125,347.0,4.2720136642456055,,,SUPPORTED,partial_affine_ransac_sparse_flow,3.571637542059484,-3.8021843081300353,111.0,1.2267984995198467,1.0084559711933214,0.31988472622478387,-3.59832763671875,2.0413818359375,-12.12664794921875,1.821868896484375,-33.181427001953125,12.456207275390625,-171.4559652389468,3.7854555675259474,path_segment_005,SUPPORTED,,-3.59832763671875,2.0413818359375,-9.455922512742632,1.881132582010025,-34.066256242716804,14.530050017368865,-168.7486439796619,2.9762035901897157,path_segment_005,SUPPORTED,,-3.59832763671875,2.0413818359375,-12.12664794921875,1.821868896484375,-33.181427001953125,12.456207275390625,-171.4559652389468,3.7854555675259474,path_segment_005,SUPPORTED,,SUPPORTED,
134,134,4466.666666666667,VALID_TARGET,,5.0,347.7354202270508,400.6721954345703,356.55812072753906,386.02801513671875,SUPPORTED,317.5,393.57142857142856,168.57142857142856,175.0,297.85714285714283,437.1428571428571,SUPPORTED,translation_median_sparse_flow,7.39990234375,-0.00146484375,350.0,4.16707706451416,,,SUPPORTED,partial_affine_ransac_sparse_flow,10.867721261246137,2.3202498434816343,112.0,1.5289468240965234,0.9946817378035671,0.32,-1.2147445678710938,1.1498489379882812,-8.614646911621094,1.1513137817382812,-41.79607391357422,13.607521057128906,-172.38775134205972,2.6829489163360596,path_segment_005,SUPPORTED,,-1.2147445678710938,1.1498489379882812,-9.909326669782729,0.6252944993178744,-43.97558291249953,15.155344516686739,-176.38933113775144,3.06505092625584,path_segment_005,SUPPORTED,,-1.2147445678710938,1.1498489379882812,-8.614646911621094,1.1513137817382812,-41.79607391357422,13.607521057128906,-172.38775134205972,2.6829489163360596,path_segment_005,SUPPORTED,,SUPPORTED,
135,135,4500.0,VALID_TARGET,,5.0,357.77286529541016,385.94576263427734,356.34654998779297,399.54603576660156,SUPPORTED,315.1428571428571,397.57142857142856,168.42857142857142,181.71428571428572,293.4285714285714,431.71428571428567,SUPPORTED,translation_median_sparse_flow,6.262603759765625,-0.00038909912109375,350.0,3.9799928665161133,,,SUPPORTED,partial_affine_ransac_sparse_flow,17.172548670979637,-11.053705704738002,115.0,1.5904275453655177,0.9919482305846192,0.32857142857142857,-0.21157073974609375,13.518020629882812,-6.474174499511719,13.518409729003906,-48.27024841308594,27.125930786132812,-115.59047776081067,4.62696018501865,path_segment_005,SUPPORTED,,-0.21157073974609375,13.518020629882812,-9.990619951745202,23.55158063150043,-53.966202864244735,38.70692514818717,-112.9867381303251,7.897360208970277,path_segment_005,SUPPORTED,,-0.21157073974609375,13.518020629882812,-6.474174499511719,13.518409729003906,-48.27024841308594,27.125930786132812,-115.59047776081067,4.62696018501865,path_segment_005,SUPPORTED,,SUPPORTED,
136,136,4533.333333333333,VALID_TARGET,,5.0,355.4300079345703,401.19127655029297,355.4300079345703,402.3174362182617,SUPPORTED,312.7857142857142,401.57142857142856,168.28571428571428,188.42857142857144,288.99999999999994,426.2857142857143,SUPPORTED,translation_median_sparse_flow,5.60687255859375,-0.00191497802734375,347.0,4.37514066696167,,,SUPPORTED,partial_affine_ransac_sparse_flow,-3.437762892569517,-0.13007383036514722,138.0,1.6768171371334666,1.0139358593642893,0.3976945244956772,-0.9165420532226562,2.7714004516601562,-6.523414611816406,2.7733154296875,-54.793663024902344,29.899246215820312,-156.9680790554056,2.1881762986326434,path_segment_005,SUPPORTED,,-0.9165420532226562,2.7714004516601562,-3.735879492546303,-1.511329782094947,-57.70208235679104,37.19559536609222,157.9744730654669,1.2440443126485654,path_segment_005,SUPPORTED,,-0.9165420532226562,2.7714004516601562,-6.523414611816406,2.7733154296875,-54.793663024902344,29.899246215820312,-156.9680790554056,2.1881762986326434,path_segment_005,SUPPORTED,,SUPPORTED,
137,137,4566.666666666666,VALID_TARGET,,5.0,357.47437286376953,415.5427703857422,355.4300079345703,405.2654037475586,SUPPORTED,310.42857142857144,405.57142857142856,168.14285714285714,195.14285714285717,284.57142857142856,420.85714285714283,SUPPORTED,translation_median_sparse_flow,5.261260986328125,-0.0001373291015625,348.0,4.289243221282959,,,SUPPORTED,partial_affine_ransac_sparse_flow,-2.7589384903356855,-0.477350117290058,121.0,1.3654797962984488,1.0115292965255651,0.34770114942528735,0.0,2.947967529296875,-5.261260986328125,2.9481048583984375,-60.05492401123047,32.84735107421875,-150.73626404458204,1.861724218389958,path_segment_005,SUPPORTED,,0.0,2.947967529296875,-1.8809752268178954,-0.7335930927531535,-59.583057583608934,36.46200227333907,158.69387916877994,0.6232464123082141,path_segment_005,SUPPORTED,,0.0,2.947967529296875,-5.261260986328125,2.9481048583984375,-60.05492401123047,32.84735107421875,-150.73626404458204,1.861724218389958,path_segment_005,SUPPORTED,,SUPPORTED,
138,138,4600.0,VALID_TARGET,,5.0,349.0007553100586,405.2654037475586,352.21538162231445,410.4040870666504,SUPPORTED,308.07142857142856,409.57142857142856,168.0,201.85714285714286,280.1428571428571,415.42857142857144,SUPPORTED,translation_median_sparse_flow,4.2862548828125,-0.00029754638671875,349.0,4.069275379180908,,,SUPPORTED,partial_affine_ransac_sparse_flow,0.35768786771549943,-0.8917045333058612,138.0,1.0312094806890966,1.0020071019451267,0.3954154727793696,-3.2146263122558594,5.138683319091797,-7.500881195068359,5.138980865478516,-67.55580520629883,37.986331939697266,-145.58429603503922,2.806795356557343,path_segment_005,SUPPORTED,,-3.2146263122558594,5.138683319091797,-3.4350825755078063,4.4725363181939315,-63.01814015911674,40.934538591533,-127.52567016010836,1.7408735244899571,path_segment_005,SUPPORTED,,-3.2146263122558594,5.138683319091797,-7.500881195068359,5.138980865478516,-67.55580520629883,37.986331939697266,-145.58429603503922,2.806795356557343,path_segment_005,SUPPORTED,,SUPPORTED,
139,139,4633.333333333334,VALID_TARGET,,5.0,338.2038116455078,416.72078704833984,349.0007553100586,415.5427703857422,SUPPORTED,305.71428571428567,413.57142857142856,167.85714285714286,208.57142857142858,275.71428571428567,410.0,SUPPORTED,translation_median_sparse_flow,3.133056640625,0.000396728515625,349.0,3.1567931175231934,,,SUPPORTED,partial_affine_ransac_sparse_flow,-2.9338703785083733,-0.8917626047477852,149.0,1.3107777776689444,1.0115466025457491,0.4269340974212034,-3.2146263122558594,5.138683319091797,-6.347682952880859,5.138286590576172,-73.90348815917969,43.12461853027344,-141.01071762008473,2.5210269360967246,path_segment_005,SUPPORTED,,-3.2146263122558594,5.138683319091797,-4.389013757506291,1.327178280465148,-67.40715391662303,42.261716871998146,-163.17539481971687,1.4154580960250465,path_segment_005,SUPPORTED,,-3.2146263122558594,5.138683319091797,-6.347682952880859,5.138286590576172,-73.90348815917969,43.12461853027344,-141.01071762008473,2.5210269360967246,path_segment_005,SUPPORTED,,SUPPORTED,
