frame_index,source_frame_index,analysis_frame_index,timestamp_ms,observed_landmark_count,observed_fraction,median_confidence,core_observed_count,lower_limb_observed_count,core_median_confidence,lower_limb_median_confidence,human_target_unavailable,human_target_unavailable_reason,human_target_unavailable_note,human_target_unavailable_start_frame,human_target_unavailable_end_frame,human_target_accepted,human_target_accepted_note,human_target_accepted_start_frame,human_target_accepted_end_frame,pelvis_x,pelvis_y,shoulder_mid_x,shoulder_mid_y,body_scale_px,backend_pose_count,selected_pose_index,multiple_pose_candidates,competing_pose_count,competing_pose_max_iou,competing_pose_min_center_distance_fraction,pose_bbox_x,pose_bbox_y,pose_bbox_width,pose_bbox_height,pose_centroid_x,pose_centroid_y,roi_center_x,roi_center_y,roi_pose_centroid_distance_px,roi_pose_centroid_distance_fraction,pose_roi_overlap_fraction,pose_scale_px,pose_scale_relative_change,pose_centroid_consistent_with_roi,pelvis_jump_px,shoulder_jump_px,body_scale_reference_px,body_scale_relative_change,identity_jump_flag,competing_pose_proximity_flag,target_overlap_ambiguous_flag,identity_uncertain_flag,frame_status,frame_rejection_reason,valid_target_frame,valid_segment_id,automatic_frame_status,automatic_frame_rejection_reason,manual_review_decision,manual_override_applied
0,0,0,0.0,17,1.0,0.8342920541763306,4,6,0.9702839255332947,0.94967320561409,False,,,,,False,,,,854.750072479248,411.5387878417969,850.1391830444336,374.0400276184082,37.78117679045056,2,1,True,1,0.0,0.8765202562293504,814.1177978515625,361.6706237792969,45.319435119628906,73.53619384765625,836.777515411377,398.438720703125,842.1428571428571,420.71428571428567,22.912609813419504,0.07545615651705576,1.0,86.37952885471378,,True,,,37.76741373851708,,False,False,False,False,INVALID_TRACK_SEGMENT,Valid-looking pose segment is too short to establish target identity continuity.,False,,INVALID_TRACK_SEGMENT,Valid-looking pose segment is too short to establish target identity continuity.,NOT_REVIEWED,False
1,1,1,20.0,17,1.0,0.9453592896461487,4,6,0.9863620400428772,0.9892527759075165,False,,,,,False,,,,855.4764060974121,410.4683265686035,842.8936576843262,372.3320121765137,40.158486438601436,2,0,True,1,0.08052321913881925,0.3793209335083072,824.4545822143555,359.1636734008789,48.35944366455078,102.3266372680664,848.6343040466309,410.3269920349121,838.6785714285713,421.2857142857143,14.805749063540182,0.04888914680192454,1.0,113.17851600960006,0.7095796217455934,True,1.2936181284606545,7.444122143927379,37.76741373851708,0.0629460535637996,False,True,True,False,TARGET_IDENTITY_UNCERTAIN,TARGET_OVERLAP_AMBIGUOUS: another detected person overlaps or is too close to the selected pose for automated identity acceptance.,False,,TARGET_IDENTITY_UNCERTAIN,TARGET_OVERLAP_AMBIGUOUS: another detected person overlaps or is too close to the selected pose for automated identity acceptance.,NOT_REVIEWED,False
2,2,2,40.0,17,1.0,0.9309208393096924,4,6,0.9769004881381989,0.974891871213913,False,,,,,False,,,,858.9567260742188,413.77369689941406,848.562686920166,376.77693939208984,38.42910506363285,2,0,True,1,0.3779490129906885,0.1952313221753902,829.7313690185547,362.79670333862305,54.652618408203125,109.63005447387695,857.0576782226562,417.6117305755615,835.2142857142858,421.85714285714283,22.252130723041706,0.07367021427211393,1.0,122.49758178355151,0.24674884646515804,True,4.7998020964162675,7.203837201698594,37.76741373851708,0.0457903044921732,False,True,True,False,TARGET_IDENTITY_UNCERTAIN,TARGET_OVERLAP_AMBIGUOUS: another detected person overlaps or is too close to the selected pose for automated identity acceptance.,False,,TARGET_IDENTITY_UNCERTAIN,TARGET_OVERLAP_AMBIGUOUS: another detected person overlaps or is too close to the selected pose for automated identity acceptance.,NOT_REVIEWED,False
3,3,3,60.0,17,1.0,0.9299134612083435,4,6,0.9845997989177704,0.9880382418632507,False,,,,,False,,,,855.7624969482422,414.32051849365234,847.2512664794922,378.8037109375,36.52238578013406,2,0,True,1,0.09671453990520647,0.32633995096628104,828.587532043457,365.2277717590332,56.211036682128906,108.59415817260742,856.6930503845215,419.5248508453369,831.75,422.42857142857144,25.111498476002527,0.08335028950027401,1.0,122.27989137260845,0.0057639745323904,True,3.240696462978643,2.4140477355473755,37.76741373851708,0.05048583142864845,False,True,True,False,TARGET_IDENTITY_UNCERTAIN,TARGET_OVERLAP_AMBIGUOUS: another detected person overlaps or is too close to the selected pose for automated identity acceptance.,False,,TARGET_IDENTITY_UNCERTAIN,TARGET_OVERLAP_AMBIGUOUS: another detected person overlaps or is too close to the selected pose for automated identity acceptance.,NOT_REVIEWED,False
4,4,4,80.0,17,1.0,0.9271333813667297,4,6,0.9773097932338715,0.9795701205730438,False,,,,,False,,,,853.2519836425781,413.09886169433594,844.3436279296875,377.9654235839844,36.245237962541985,1,0,False,0,0.0,,831.7245407104492,360.24660873413086,52.669776916503906,109.32342910766602,858.0594291687012,414.90832328796387,828.2857142857143,423.0,30.85367611720684,0.10266704112906233,1.0,121.34956758181367,0.02463297585680279,True,2.791974640506662,3.026068013672947,37.76741373851708,0.007338278959499531,False,False,False,False,VALID_TARGET,,True,1,VALID_TARGET,,NOT_REVIEWED,False
5,5,5,100.0,17,1.0,0.9104628562927246,4,6,0.9820594489574432,0.9833219647407532,False,,,,,False,,,,854.3211975097656,414.419132232666,846.5764045715332,378.06353759765625,37.171374455637846,1,0,False,0,0.0,,829.0817947387695,362.0558090209961,58.025535583496094,112.87598419189453,858.0945625305176,418.49380111694336,824.8214285714286,423.57142857142856,33.658338402631,0.11227460653505492,1.0,126.91710123951144,0.1474163334626146,True,1.698921007041953,2.2349312947047344,37.76741373851708,0.024522105207096582,False,False,False,False,VALID_TARGET,,True,1,VALID_TARGET,,NOT_REVIEWED,False
6,6,6,120.0,17,1.0,0.9043740034103394,4,6,0.9668368101119995,0.9651753306388855,False,,,,,False,,,,856.0829734802246,410.924503326416,845.6196060180664,376.7289123535156,35.760599836049416,1,0,False,0,0.0,,829.1384887695312,361.2485809326172,54.079193115234375,107.76174926757812,856.1780853271484,415.12945556640625,821.3571428571429,424.1428571428571,35.968589664842334,0.12026845088055228,1.0,120.57011957032799,0.16805444273009573,True,3.913602657716387,1.642159558086113,37.76741373851708,0.03735428190439348,False,False,False,False,VALID_TARGET,,True,1,VALID_TARGET,,NOT_REVIEWED,False
7,7,7,140.0,17,1.0,0.8831658959388733,4,6,0.9634436964988708,0.9692217409610748,False,,,,,False,,,,857.2849731445312,414.1446075439453,847.6828918457031,378.1042823791504,37.29752006841011,1,0,False,0,0.0,,824.8992767333984,360.06227111816406,58.05732727050781,111.50146484375,853.9279403686523,415.81300354003906,817.8928571428571,424.71428571428567,37.11819025000477,0.12440242563232587,1.0,125.71089814370458,0.1361167754024357,True,3.437131706051318,2.479675606594765,37.76741373851708,0.04069434679858064,False,False,False,False,VALID_TARGET,,True,1,VALID_TARGET,,NOT_REVIEWED,False
8,8,8,160.0,17,1.0,0.8603090047836304,4,6,0.9584650695323944,0.9637808203697205,False,,,,,False,,,,853.2409019470215,413.84911346435547,849.6111373901367,377.43575286865234,36.593824897257214,1,0,False,0,0.0,,825.754768371582,366.1861877441406,54.524681091308594,103.82514953613281,853.0171089172363,418.09876251220703,814.4285714285714,425.2857142857143,39.25210187122231,0.1318537979768554,1.0,117.27149067147242,0.22345738394115233,True,4.054852475935557,2.04084849659027,37.76741373851708,0.018632336755302657,False,False,False,False,VALID_TARGET,,True,1,VALID_TARGET,,NOT_REVIEWED,False
9,9,9,180.0,0,0.0,,0,0,,,False,,,,,False,,,,,,,,,1,0,False,0,,,,,,,,,,,,,,,,True,,,37.76741373851708,,False,False,False,False,TARGET_NOT_FOUND,No observed landmarks returned by pose backend.,False,,TARGET_NOT_FOUND,No observed landmarks returned by pose backend.,NOT_REVIEWED,False
10,10,10,200.0,0,0.0,,0,0,,,False,,,,,False,,,,,,,,,1,0,False,0,,,,,,,,,,,,,,,,True,,,37.76741373851708,,False,False,False,False,TARGET_NOT_FOUND,No observed landmarks returned by pose backend.,False,,TARGET_NOT_FOUND,No observed landmarks returned by pose backend.,NOT_REVIEWED,False
11,11,11,220.0,17,1.0,0.7358928918838501,4,6,0.898016482591629,0.6964415609836578,False,,,,,False,,,,825.4093780517578,416.4381980895996,834.2525253295898,383.7870063781738,33.827526867237985,1,0,False,0,0.0,,796.9227676391602,355.912540435791,44.4091796875,75.5402946472168,819.1273574829102,393.6826877593994,804.0357142857142,427.0,36.57596190572633,0.12365972806726662,1.0,87.6271154147219,,True,,,37.76741373851708,,False,False,False,False,INVALID_TRACK_SEGMENT,Valid-looking pose segment is too short to establish target identity continuity.,False,,INVALID_TRACK_SEGMENT,Valid-looking pose segment is too short to establish target identity continuity.,NOT_REVIEWED,False
12,12,12,240.0,17,1.0,0.613433301448822,4,6,0.8738241195678711,0.774861216545105,False,,,,,False,,,,831.8643531799316,413.7024154663086,833.3469123840332,385.17251205444336,28.568398108469886,1,0,False,0,0.0,,799.6318817138672,368.84192276000977,42.293914794921875,60.6016731262207,820.7788391113281,399.1427593231201,800.5714285714286,427.57142857142856,34.87877113600423,0.11816078052265758,1.0,73.9008661273832,0.36344160027404776,True,7.010792427910257,1.6552222769570455,37.76741373851708,0.13925043412238153,False,False,False,False,INVALID_TRACK_SEGMENT,Valid-looking pose segment is too short to establish target identity continuity.,False,,INVALID_TRACK_SEGMENT,Valid-looking pose segment is too short to establish target identity continuity.,NOT_REVIEWED,False
13,13,13,260.0,17,1.0,0.7905054092407227,4,6,0.9024547338485718,0.708982527256012,False,,,,,False,,,,803.6435585021973,412.10781478881836,798.6154975891113,366.72232818603516,45.663155724469114,1,0,False,0,0.0,,777.2730140686035,344.37963104248047,43.57704544067383,94.9168472290039,799.0615367889404,391.8380546569824,797.1071428571429,428.1428571428571,36.35736980557064,0.12341171148582315,1.0,104.44216953526299,0.8086681184825812,True,28.26580979847372,39.32785855389267,37.76741373851708,0.4526324660289129,False,False,False,False,INVALID_TRACK_SEGMENT,Valid-looking pose segment is too short to establish target identity continuity.,False,,INVALID_TRACK_SEGMENT,Valid-looking pose segment is too short to establish target identity continuity.,NOT_REVIEWED,False
14,14,14,280.0,17,1.0,0.7802351713180542,4,6,0.8608883917331696,0.7226688861846924,False,,,,,False,,,,806.6713447570801,412.71057891845703,809.7477493286133,377.53701400756836,35.30784521361009,1,0,False,0,0.0,,778.1769561767578,355.8682403564453,44.95849609375,78.735595703125,800.6562042236328,395.2360382080078,793.6428571428571,428.71428571428567,34.20497176386825,0.11632596096081892,1.0,90.66730613477876,0.3647287975781076,True,3.0872016780956106,15.520452899645537,37.76741373851708,0.27418638148097924,False,False,False,False,INVALID_TRACK_SEGMENT,Valid-looking pose segment is too short to establish target identity continuity.,False,,INVALID_TRACK_SEGMENT,Valid-looking pose segment is too short to establish target identity continuity.,NOT_REVIEWED,False
15,15,15,300.0,17,1.0,0.8933101296424866,4,6,0.9200427532196045,0.9377038776874542,False,,,,,False,,,,809.491886138916,413.6999626159668,820.1877746582031,382.8187599182129,32.68104513746127,2,1,True,1,0.6102411802353039,0.16668388144951876,781.3901062011719,366.5421371459961,42.71073913574219,94.11905670166016,802.745475769043,413.6016654968262,790.1785714285714,429.2857142857143,20.097673276147777,0.06847437983571356,1.0,103.35668373129886,0.3359874648652165,True,2.989035594894627,11.700041399374951,37.76741373851708,0.06955202424861527,False,True,True,False,TARGET_IDENTITY_UNCERTAIN,TARGET_OVERLAP_AMBIGUOUS: another detected person overlaps or is too close to the selected pose for automated identity acceptance.,False,,TARGET_IDENTITY_UNCERTAIN,TARGET_OVERLAP_AMBIGUOUS: another detected person overlaps or is too close to the selected pose for automated identity acceptance.,NOT_REVIEWED,False
16,16,16,320.0,17,1.0,0.9253205060958862,4,6,0.9695328772068024,0.9575854539871216,False,,,,,False,,,,786.1319351196289,405.6005325317383,774.9809741973877,359.307071685791,47.61752247423844,1,0,False,0,0.0,,759.5142402648926,342.6914978027344,38.77547836303711,130.09347534179688,778.9019794464111,407.7382354736328,786.7142857142857,429.8571428571429,23.45800914535094,0.08006440531859219,1.0,135.74921748868047,0.8576847221165718,True,24.724240722675365,50.95541474114981,37.76741373851708,0.39548583972919,False,False,False,False,INVALID_TRACK_SEGMENT,Valid-looking pose segment is too short to establish target identity continuity.,False,,INVALID_TRACK_SEGMENT,Valid-looking pose segment is too short to establish target identity continuity.,NOT_REVIEWED,False
17,17,17,340.0,17,1.0,0.9415088891983032,4,6,0.9758538007736206,0.9708354771137238,False,,,,,False,,,,789.8894424438477,405.4543571472168,775.9235382080078,359.27231788635254,48.24756192199412,1,0,False,0,0.0,,762.189281463623,341.6771125793457,34.76606369018555,130.4338035583496,779.5723133087158,406.8940143585205,783.25,430.42857142857144,23.820175395717246,0.08143855625600613,1.0,134.9876153401051,0.020165589146461944,True,3.760349522929691,0.9432045062931422,37.76741373851708,0.016682091395448996,False,False,False,False,INVALID_TRACK_SEGMENT,Valid-looking pose segment is too short to establish target identity continuity.,False,,INVALID_TRACK_SEGMENT,Valid-looking pose segment is too short to establish target identity continuity.,NOT_REVIEWED,False
18,18,18,360.0,17,1.0,0.8978623151779175,4,6,0.9572779536247253,0.9411793351173401,False,,,,,False,,,,763.5402870178223,412.47677993774414,755.8858070373535,361.70496940612793,51.345572432584014,1,0,False,0,0.0,,746.4587440490723,341.5893096923828,32.108272552490234,136.985107421875,762.5128803253174,410.0818634033203,779.7857142857142,431.0,27.12783131215594,0.09289822889079716,1.0,140.69776409626286,0.15119247496511184,True,27.268890947630435,20.18485729164505,37.76741373851708,0.08202866450001023,False,False,False,False,INVALID_TRACK_SEGMENT,Valid-looking pose segment is too short to establish target identity continuity.,False,,INVALID_TRACK_SEGMENT,Valid-looking pose segment is too short to establish target identity continuity.,NOT_REVIEWED,False
19,19,19,380.0,17,1.0,0.9111359119415283,4,6,0.9456616640090942,0.9287844598293304,False,,,,,False,,,,762.249174118042,410.0198440551758,750.5849895477295,359.6863498687744,51.667338219641394,1,0,False,0,0.0,,736.0220375061035,340.38390350341797,43.14236831665039,138.42118072509766,757.5932216644287,409.5944938659668,776.3214285714287,431.57142857142856,28.87440723200271,0.09903366514277533,1.0,144.98857616136405,0.11361148779761983,True,2.775519131807776,5.672168094731437,37.76741373851708,0.008519666961712751,False,False,False,False,INVALID_TRACK_SEGMENT,Valid-looking pose segment is too short to establish target identity continuity.,False,,INVALID_TRACK_SEGMENT,Valid-looking pose segment is too short to establish target identity continuity.,NOT_REVIEWED,False
20,20,20,400.0,0,0.0,,0,0,,,False,,,,,False,,,,,,,,,1,0,False,0,,,,,,,,,,,,,,,,True,,,37.76741373851708,,False,False,False,False,TARGET_NOT_FOUND,No observed landmarks returned by pose backend.,False,,TARGET_NOT_FOUND,No observed landmarks returned by pose backend.,NOT_REVIEWED,False
21,21,21,420.0,17,1.0,0.8508190512657166,4,6,0.9622703790664673,0.957424521446228,False,,,,,False,,,,747.2476024627686,411.8328628540039,744.4191265106201,362.4253120422363,49.488446666159135,1,0,False,0,0.0,,736.3345031738281,342.313777923584,34.059120178222656,134.90480422973633,753.3640632629395,409.76618003845215,765.4761904761905,429.64285714285717,23.276295202260062,0.08084089204436264,1.0,139.13780892186745,,True,,,37.76741373851708,,False,False,False,False,VALID_TARGET,,True,2,VALID_TARGET,,NOT_REVIEWED,False
22,22,22,440.0,17,1.0,0.9071902632713318,4,6,0.9843896329402924,0.9894308745861053,False,,,,,False,,,,741.6785659790039,407.7657241821289,741.2885665893555,372.37466049194336,35.39321246576377,1,0,False,0,0.0,,734.4702987670898,355.6426544189453,38.32459259033203,127.6395263671875,753.6325950622559,419.46241760253906,758.0952380952381,427.1428571428571,8.882811175090103,0.031192902632545448,1.0,133.26898772203114,0.15539378048147867,True,6.896070209457185,10.4302416076674,37.76741373851708,0.3732115282763021,False,False,False,False,VALID_TARGET,,True,2,VALID_TARGET,,NOT_REVIEWED,False
23,23,23,460.0,17,1.0,0.9095938205718994,4,6,0.9823871850967407,0.9920980334281921,False,,,,,False,,,,738.5408687591553,426.950496673584,741.1146793365479,381.1537322998047,45.869032342047056,1,0,False,0,0.0,,735.6134834289551,360.82142639160156,41.01058578491211,123.61082458496094,756.1187763214111,422.62683868408203,750.7142857142857,424.6428571428571,5.768262229530593,0.0204796813935607,1.0,130.23633940262457,0.08029801406056383,True,19.43966664817937,8.780793733158442,37.76741373851708,0.2773772106507661,False,False,False,False,VALID_TARGET,,True,2,VALID_TARGET,,NOT_REVIEWED,False
24,24,24,480.0,17,1.0,0.8504447937011719,4,6,0.9611053466796875,0.9763669669628143,False,,,,,False,,,,725.3801002502441,406.79947662353516,722.1765232086182,357.1758327484131,49.726943776051364,1,0,False,0,0.0,,714.1072731018066,340.3942222595215,36.99415969848633,146.28984451293945,732.6043529510498,413.5391445159912,743.3333333333333,422.1428571428571,13.752632148396717,0.049364889174693796,1.0,150.89495173602432,0.546995684598098,True,24.06801688553955,30.55476107618036,37.76741373851708,0.1021492088580537,False,False,False,False,VALID_TARGET,,True,2,VALID_TARGET,,NOT_REVIEWED,False
25,25,25,500.0,17,1.0,0.8587295413017273,4,6,0.9679881036281586,0.9732649922370911,False,,,,,False,,,,725.2491550445557,420.0002746582031,725.0377883911133,373.07687759399414,46.92387311281544,1,0,False,0,0.0,,717.504711151123,353.6313285827637,42.353816986083984,126.16110610961914,738.681619644165,416.71188163757324,735.952380952381,419.64285714285717,4.004917133887493,0.014533080760618777,1.0,133.08069171781938,0.4716833443121652,True,13.201447473629038,16.156424902364343,37.76741373851708,0.07421929080563996,False,False,False,False,VALID_TARGET,,True,2,VALID_TARGET,,NOT_REVIEWED,False
26,26,26,520.0,0,0.0,,0,0,,,False,,,,,False,,,,,,,,,1,0,False,0,,,,,,,,,,,,,,,,True,,,37.76741373851708,,False,False,False,False,TARGET_NOT_FOUND,No observed landmarks returned by pose backend.,False,,TARGET_NOT_FOUND,No observed landmarks returned by pose backend.,NOT_REVIEWED,False
27,27,27,540.0,0,0.0,,0,0,,,False,,,,,False,,,,,,,,,1,0,False,0,,,,,,,,,,,,,,,,True,,,37.76741373851708,,False,False,False,False,TARGET_NOT_FOUND,No observed landmarks returned by pose backend.,False,,TARGET_NOT_FOUND,No observed landmarks returned by pose backend.,NOT_REVIEWED,False
28,28,28,560.0,17,1.0,0.953377366065979,4,6,0.9726063013076782,0.9676847755908966,False,,,,,False,,,,699.8022155761719,420.36079025268555,698.3727836608887,387.489803314209,32.90205248779971,2,0,True,1,0.0,0.6100155297947862,687.0711135864258,368.11759185791016,38.688385009765625,104.67865753173828,706.4153060913086,420.4569206237793,710.7142857142858,423.21428571428567,5.107277948292638,0.01990676970422259,1.0,111.59933905409478,,True,,,37.76741373851708,,False,False,False,False,VALID_TARGET,,True,3,VALID_TARGET,,NOT_REVIEWED,False
29,29,29,580.0,17,1.0,0.9326522350311279,4,6,0.9717759490013123,0.9661152064800262,False,,,,,False,,,,700.1679229736328,418.93492126464844,698.0929889678955,386.4964847564697,32.50473064375871,2,0,True,1,0.0,0.6261927192200308,686.5497016906738,368.460205078125,38.9556999206543,102.09173583984375,706.027551651001,419.5060729980469,701.7857142857142,426.24999999999994,7.967040582375276,0.03205551498209369,1.0,109.27153830298401,0.0616351643040033,True,1.472020472549082,1.0319722997136784,37.76741373851708,0.01052022907345087,False,False,False,False,VALID_TARGET,,True,3,VALID_TARGET,,NOT_REVIEWED,False
30,30,30,600.0,17,1.0,0.8366287350654602,4,6,0.9654039144515991,0.9835465252399445,False,,,,,False,,,,688.0488414764404,419.88371658325195,685.2320728302002,386.45488929748535,33.54729019321912,1,0,False,0,0.0,,679.6219863891602,375.27672576904297,39.32970428466797,94.59095001220703,699.2868385314941,422.5722007751465,692.8571428571429,429.2857142857143,9.295818959152953,0.03864913741630951,1.0,102.44156121092298,0.18084312416382062,True,12.156165056965733,12.860983402642265,37.76741373851708,0.027604737689442393,False,False,False,False,VALID_TARGET,,True,3,VALID_TARGET,,NOT_REVIEWED,False
31,31,31,620.0,17,1.0,0.7221704721450806,4,6,0.941116213798523,0.975710541009903,False,,,,,False,,,,690.2674293518066,420.10143280029297,685.5467147827148,386.74877738952637,33.68508229160461,2,0,True,1,0.0,0.8708059482559907,679.7822418212891,377.105770111084,41.72883605957031,95.0143928527832,700.6466598510742,424.6129665374756,684.047619047619,429.5238095238095,17.310243627147344,0.07001195364567513,1.0,103.77393992746693,0.03527852676830547,True,2.2292448299557877,0.4305458964219015,37.76741373851708,0.003648438819229023,False,False,False,False,VALID_TARGET,,True,3,VALID_TARGET,,NOT_REVIEWED,False
32,32,32,640.0,17,1.0,0.8512327671051025,4,6,0.9708933532238007,0.9833337366580963,False,,,,,False,,,,676.1944885253906,419.45105743408203,671.9199600219727,385.0423069000244,34.673241948821904,2,0,True,1,0.0,0.7266508880437753,666.474983215332,368.5638313293457,42.90801239013672,101.48264694213867,687.9289894104004,419.30515480041504,675.2380952380952,429.76190476190476,16.443917253798304,0.06467094589369654,1.0,110.18087473629393,0.16964187310217893,True,14.08796123009929,13.733189245071623,37.76741373851708,0.02616434538141332,False,False,False,False,VALID_TARGET,,True,3,VALID_TARGET,,NOT_REVIEWED,False
33,33,33,660.0,17,1.0,0.8591112494468689,4,6,0.9775842428207397,0.98675137758255,False,,,,,False,,,,675.027946472168,418.9044532775879,672.2684440612793,384.1816825866699,34.83225025762436,2,0,True,1,0.0,0.72744042902251,662.0071258544922,367.23028564453125,45.05510711669922,102.15815734863281,684.5346794128418,418.30936431884766,666.4285714285713,430.0,21.552310989021457,0.08239748748006859,1.0,111.65237028458134,0.0389620416816284,True,1.2882532615264755,0.9285016609507833,37.76741373851708,0.004210198503486383,False,False,False,False,VALID_TARGET,,True,3,VALID_TARGET,,NOT_REVIEWED,False
34,34,34,680.0,17,1.0,0.8462300896644592,4,6,0.982700765132904,0.9815602004528046,False,,,,,False,,,,663.0454025268555,417.3512954711914,653.3059692382812,384.1176109313965,34.63140697218627,1,0,False,0,0.0,,643.8003387451172,369.8944778442383,54.81077575683594,96.31560516357422,671.2057266235352,418.0522804260254,660.0,429.28571428571433,15.866894637622405,0.06096063790218426,1.0,110.81929857697024,0.022057949569405898,True,12.082783560625241,18.962583067447436,37.76741373851708,0.005317898832804112,False,False,False,False,VALID_TARGET,,True,3,VALID_TARGET,,NOT_REVIEWED,False
35,35,35,700.0,17,1.0,0.8304368257522583,4,6,0.976855456829071,0.9775265455245972,False,,,,,False,,,,662.0582122802734,420.54899978637695,652.2563438415527,385.7504463195801,36.152675534066766,1,0,False,0,0.0,,640.9756469726562,368.4224739074707,58.04851531982422,98.26400375366211,669.9999046325684,417.55447578430176,653.5714285714286,428.57142857142856,19.780497324517007,0.07636960856861129,1.0,114.12906976110682,0.08763563232186881,True,3.3466188116221063,1.941098884230827,37.76741373851708,0.040279924180485566,False,False,False,False,VALID_TARGET,,True,3,VALID_TARGET,,NOT_REVIEWED,False
36,36,36,720.0,17,1.0,0.8845800757408142,4,6,0.9650523960590363,0.977759450674057,False,,,,,False,,,,645.475040435791,416.9340934753418,639.2714805603027,379.217737197876,38.22313024828688,1,0,False,0,0.0,,626.6301307678223,364.8360366821289,59.26473617553711,96.7380599975586,656.2624988555908,413.2050666809082,647.1428571428571,427.85714285714283,17.25836612321152,0.06695709875680392,1.0,113.44849582981372,0.018020135982968137,True,16.97259956698432,14.5355757678033,37.76741373851708,0.05482119396776592,False,False,False,False,VALID_TARGET,,True,3,VALID_TARGET,,NOT_REVIEWED,False
37,37,37,740.0,17,1.0,0.8980267643928528,4,6,0.9712839126586914,0.9837451577186584,False,,,,,False,,,,646.868335723877,417.0772933959961,639.5799522399902,379.54073333740234,38.2375976604259,1,0,False,0,0.0,,627.1290054321289,365.8451461791992,60.68120574951172,95.37256622314453,657.4696083068848,413.5314292907715,640.7142857142858,427.1428571428571,21.587306533113164,0.0841581602113377,1.0,113.04041365459817,0.010805139532214564,True,1.4006348478735893,0.4466332760981475,37.76741373851708,0.00038306600073769424,False,False,False,False,VALID_TARGET,,True,3,VALID_TARGET,,NOT_REVIEWED,False
38,38,38,760.0,0,0.0,,0,0,,,False,,,,,False,,,,,,,,,1,0,False,0,,,,,,,,,,,,,,,,True,,,37.76741373851708,,False,False,False,False,TARGET_NOT_FOUND,No observed landmarks returned by pose backend.,False,,TARGET_NOT_FOUND,No observed landmarks returned by pose backend.,NOT_REVIEWED,False
39,39,39,780.0,17,1.0,0.8762641549110413,4,6,0.9706104397773743,0.978770911693573,False,,,,,False,,,,620.117753982544,401.285099029541,612.7155303955078,353.30323600769043,48.54948087343578,1,0,False,0,0.0,,589.3351097106934,335.28198623657227,78.27585983276367,117.34567642211914,628.4730396270752,393.95482444763184,627.8571428571429,425.71428571428567,31.765432608092997,0.12502981440184258,1.0,141.05714447529112,,True,,,37.76741373851708,,False,False,False,True,TARGET_IDENTITY_UNCERTAIN,Temporal/body-scale discontinuity suggests target identity uncertainty.,False,,TARGET_IDENTITY_UNCERTAIN,Temporal/body-scale discontinuity suggests target identity uncertainty.,NOT_REVIEWED,False
40,40,40,800.0,17,1.0,0.8043266534805298,4,6,0.6770964860916138,0.9820132851600647,False,,,,,False,,,,606.4986915588379,351.7105131149292,601.5053253173828,326.30553954839706,25.8910484209794,1,0,False,0,0.0,,586.7766723632812,324.0,55.23167419433594,96.0694580078125,614.3925094604492,372.03472900390625,621.4285714285714,425.0,53.43057270616614,0.2113039773739465,0.997025961303008,110.81461364018793,0.8007572624508404,True,51.41126753841059,29.23258989555597,37.76741373851708,0.5999466261929446,True,False,False,True,TARGET_IDENTITY_UNCERTAIN,Temporal/body-scale discontinuity suggests target identity uncertainty.,False,,TARGET_IDENTITY_UNCERTAIN,Temporal/body-scale discontinuity suggests target identity uncertainty.,NOT_REVIEWED,False
41,41,41,820.0,17,1.0,0.8117015957832336,4,6,0.5992715954780579,0.985083669424057,False,,,,,False,,,,602.9977340698242,351.6446828842163,603.2518253326416,323.0,28.64580981412735,1,0,False,0,0.0,,582.0230674743652,323.0,50.36915969848633,92.82861328125,607.2076473236084,369.414306640625,617.4285714285714,424.2857142857142,55.815218950685576,0.22272335209178698,1.0,105.61346359461696,0.13771528232198169,True,3.501576353466625,3.7385630942002326,37.76741373851708,0.07294016509101098,False,False,False,True,TARGET_IDENTITY_UNCERTAIN,Temporal/body-scale discontinuity suggests target identity uncertainty.,False,,TARGET_IDENTITY_UNCERTAIN,Temporal/body-scale discontinuity suggests target identity uncertainty.,NOT_REVIEWED,False
42,42,42,840.0,17,1.0,0.8078950047492981,4,6,0.7371488809585571,0.9851948320865631,False,,,,,False,,,,605.9571704864502,353.49632453918457,606.3421058654785,324.22548937797546,29.273366159031028,1,0,False,0,0.0,,581.589241027832,321.0,47.969329833984375,91.46321868896484,605.5739059448242,366.7316093444824,613.4285714285716,423.57142857142856,57.37996880108499,0.23093813715741962,0.995314275675899,103.2791216929491,0.06180835992185448,True,3.490965585975548,3.3244034031930436,37.76741373851708,0.016616344165066944,False,False,False,False,INVALID_TRACK_SEGMENT,Valid-looking pose segment is too short to establish target identity continuity.,False,,INVALID_TRACK_SEGMENT,Valid-looking pose segment is too short to establish target identity continuity.,NOT_REVIEWED,False
43,43,43,860.0,17,1.0,0.8108230233192444,4,6,0.8434367179870605,0.9752459526062012,False,,,,,False,,,,599.0520515441895,378.5395278930664,590.96559715271,336.17261362075806,43.13173042648072,2,1,True,1,0.5346174115245909,0.14709249329048454,577.6520385742188,324.2811646461487,46.68415832519531,132.12824392318726,600.9941177368164,390.3452866077423,609.4285714285713,422.85714285714283,33.58810512458305,0.13628867955793939,1.0,140.13309202596358,0.9758139804905139,True,25.977734732471315,19.472308488372168,37.76741373851708,0.36693972119452406,False,True,True,False,TARGET_IDENTITY_UNCERTAIN,TARGET_OVERLAP_AMBIGUOUS: another detected person overlaps or is too close to the selected pose for automated identity acceptance.,False,,TARGET_IDENTITY_UNCERTAIN,TARGET_OVERLAP_AMBIGUOUS: another detected person overlaps or is too close to the selected pose for automated identity acceptance.,NOT_REVIEWED,False
44,44,44,880.0,17,1.0,0.8452876806259155,4,6,0.9508626163005829,0.9768450558185577,False,,,,,False,,,,594.7431869506836,393.2559700012207,585.4402236938477,349.35481452941895,44.876013382622894,3,1,True,2,0.5247356032713051,0.1477080143187969,569.8843326568604,331.69699478149414,29.98801612854004,122.46006393432617,584.8783407211304,392.9270267486572,605.4285714285713,422.1428571428571,35.71941667709179,0.14605758830623486,1.0,126.07834219295886,0.37213958917899087,True,15.334274759760413,14.293361139221242,37.76741373851708,0.04618486635645018,False,True,True,False,TARGET_IDENTITY_UNCERTAIN,TARGET_OVERLAP_AMBIGUOUS: another detected person overlaps or is too close to the selected pose for automated identity acceptance.,False,,TARGET_IDENTITY_UNCERTAIN,TARGET_OVERLAP_AMBIGUOUS: another detected person overlaps or is too close to the selected pose for automated identity acceptance.,NOT_REVIEWED,False
45,45,45,900.0,17,1.0,0.7588922381401062,4,6,0.572400376200676,0.9812698662281036,False,,,,,False,,,,613.5734252929688,343.30243587493896,612.4416122436523,317.0,26.326775984420863,2,0,True,1,0.12201105922785925,0.4085526973696091,592.1129493713379,317.0,58.101932525634766,93.1307144165039,621.1639156341553,363.56535720825195,601.4285714285714,421.42857142857144,61.1362034380567,0.25180266346776964,0.9984660576937241,109.76868647725463,0.4318446539290253,True,53.38476793742631,42.141535411641364,37.76741373851708,0.4911439667706079,False,True,True,False,TARGET_IDENTITY_UNCERTAIN,TARGET_OVERLAP_AMBIGUOUS: another detected person overlaps or is too close to the selected pose for automated identity acceptance.,False,,TARGET_IDENTITY_UNCERTAIN,TARGET_OVERLAP_AMBIGUOUS: another detected person overlaps or is too close to the selected pose for automated identity acceptance.,NOT_REVIEWED,False
46,46,46,920.0,17,1.0,0.7838187217712402,4,6,0.9367842376232147,0.9393815696239471,False,,,,,False,,,,582.811616897583,395.0556411743164,572.279426574707,353.86303901672363,42.51773165999098,2,1,True,1,0.1250628985811903,0.3303624736547826,565.1977558135986,336.0254421234131,19.84678077697754,119.99503517150879,575.1211462020874,396.0229597091675,597.0714285714286,421.0,33.25157797434101,0.13743116229983826,1.0,121.62525713444983,0.31393652579136694,True,60.20534124572283,54.51499613184729,37.76741373851708,0.42870173180690363,False,True,True,False,TARGET_IDENTITY_UNCERTAIN,TARGET_OVERLAP_AMBIGUOUS: another detected person overlaps or is too close to the selected pose for automated identity acceptance.,False,,TARGET_IDENTITY_UNCERTAIN,TARGET_OVERLAP_AMBIGUOUS: another detected person overlaps or is too close to the selected pose for automated identity acceptance.,NOT_REVIEWED,False
47,47,47,940.0,17,1.0,0.8306769728660583,4,6,0.9593437910079956,0.9719769358634949,False,,,,,False,,,,583.1349048614502,388.81438064575195,568.0979957580566,352.85180854797363,38.979677105789676,3,1,True,2,0.49294294742888134,0.18581850595878943,553.7401008605957,337.8727607727051,31.323505401611328,114.1859245300293,569.4018535614014,394.9657230377197,592.7142857142858,420.57142857142856,34.62833592250494,0.14361220956818227,1.0,118.4043383978067,0.08528301034704623,True,6.24962783635938,4.301970564213788,37.76741373851708,0.09368008566053913,False,True,True,False,TARGET_IDENTITY_UNCERTAIN,TARGET_OVERLAP_AMBIGUOUS: another detected person overlaps or is too close to the selected pose for automated identity acceptance.,False,,TARGET_IDENTITY_UNCERTAIN,TARGET_OVERLAP_AMBIGUOUS: another detected person overlaps or is too close to the selected pose for automated identity acceptance.,NOT_REVIEWED,False
48,48,48,960.0,17,1.0,0.8931059837341309,4,6,0.9707011282444,0.9706333875656128,False,,,,,False,,,,580.1519012451172,391.16673278808594,564.1761856079102,354.3938694000244,40.09322850404962,3,1,True,2,0.5827861972291283,0.18153478431448403,552.4388313293457,338.1714286804199,31.10614013671875,113.83565139770508,567.9919013977051,395.08925437927246,588.3571428571429,420.14285714285717,32.28662371844885,0.1343520381497966,1.0,118.00909915487458,0.010465086269040346,True,3.7989302674041134,4.214089050461507,37.76741373851708,0.029484449371344923,False,True,True,False,TARGET_IDENTITY_UNCERTAIN,TARGET_OVERLAP_AMBIGUOUS: another detected person overlaps or is too close to the selected pose for automated identity acceptance.,False,,TARGET_IDENTITY_UNCERTAIN,TARGET_OVERLAP_AMBIGUOUS: another detected person overlaps or is too close to the selected pose for automated identity acceptance.,NOT_REVIEWED,False
49,49,49,980.0,17,1.0,0.9595571756362915,4,6,0.9911420345306396,0.971832275390625,False,,,,,False,,,,571.0253810882568,395.84531021118164,559.3827781677246,353.0874309539795,44.314630104951384,3,0,True,2,0.018408209439488843,0.4362549164415364,540.9232082366943,336.6846981048584,42.275869369506836,114.19144630432129,562.0611429214478,393.78042125701904,584.0,419.7142857142857,33.96879120017405,0.14182021226234123,1.0,121.76590466965824,0.09947214126955928,True,10.255849885673987,4.9682528418882255,37.76741373851708,0.11177364778347451,False,True,True,False,TARGET_IDENTITY_UNCERTAIN,TARGET_OVERLAP_AMBIGUOUS: another detected person overlaps or is too close to the selected pose for automated identity acceptance.,False,,TARGET_IDENTITY_UNCERTAIN,TARGET_OVERLAP_AMBIGUOUS: another detected person overlaps or is too close to the selected pose for automated identity acceptance.,NOT_REVIEWED,False
50,50,50,1000.0,17,1.0,0.9718148708343506,4,6,0.9939645230770111,0.9855086803436279,False,,,,,False,,,,571.0496807098389,396.1236991882324,558.1234378814697,354.58263969421387,43.50571660763162,1,0,False,0,0.0,,542.2534217834473,337.3856792449951,41.374149322509766,117.6297779083252,562.9404964447021,396.2005681991577,579.6428571428571,419.28571428571433,28.493733043055833,0.11934871690618086,1.0,124.69396490176759,0.07752874614030467,True,0.27944748013251136,1.9548880104644861,37.76741373851708,0.021418292047220445,False,False,False,False,VALID_TARGET,,True,4,VALID_TARGET,,NOT_REVIEWED,False
51,51,51,1020.0,17,1.0,0.9645753502845764,4,6,0.9827832579612732,0.9684522747993469,False,,,,,False,,,,567.3719596862793,398.7257308959961,551.2280035018921,354.0885429382324,47.46689235730665,2,0,True,1,0.0,0.4639179925719601,535.0275545120239,335.46238708496094,49.38012981414795,111.28874206542969,559.7176194190979,391.1067581176758,575.2857142857142,418.8571428571429,31.81901052773977,0.13370228171660897,1.0,121.75213070401618,0.07789345116716787,True,4.5051305125755885,6.913114123702329,37.76741373851708,0.1048834261488026,False,False,False,False,VALID_TARGET,,True,4,VALID_TARGET,,NOT_REVIEWED,False
52,52,52,1040.0,17,1.0,0.9609267711639404,4,6,0.9851482510566711,0.9756491482257843,False,,,,,False,,,,568.4120292663574,398.6581153869629,551.6474800109863,352.7473678588867,48.87583094252737,2,0,True,1,0.0,0.47138946540504695,534.6006603240967,335.5116996765137,49.43113899230957,109.70499038696289,559.3162298202515,390.3641948699951,570.9285714285716,418.42857142857144,30.37195596681074,0.12802107374930013,1.0,120.32714746839405,0.03773049554009751,True,1.0422651238843725,1.4052441549922354,37.76741373851708,0.03730566765771994,False,False,False,False,VALID_TARGET,,True,4,VALID_TARGET,,NOT_REVIEWED,False
53,53,53,1060.0,17,1.0,0.9636852145195007,4,6,0.9901856482028961,0.981362372636795,False,,,,,False,,,,565.0113925933838,398.9696464538574,550.1441926956177,352.95467376708984,48.35712299304109,1,0,False,0,0.0,,532.7695636749268,334.31637954711914,53.057050704956055,106.95513534545898,559.2980890274048,387.79394721984863,566.5714285714286,418.0,31.069391572413355,0.1313621506520623,1.0,119.39200813401929,0.024760481108110716,True,3.4148764819849085,1.5175139182637543,37.76741373851708,0.013734272435956615,False,False,False,False,VALID_TARGET,,True,4,VALID_TARGET,,NOT_REVIEWED,False
54,54,54,1080.0,17,1.0,0.9518691897392273,4,6,0.9822073578834534,0.9662176072597504,False,,,,,False,,,,566.9783535003662,400.5098304748535,550.3800945281982,355.4897518157959,47.98238930456558,1,0,False,0,0.0,,531.1343383789062,334.5165042877197,55.36944580078125,110.10556602478027,558.8190612792969,389.56928730010986,562.2142857142858,417.57142857142856,28.207223626986675,0.11961849074660032,1.0,123.24370652460473,0.10198470081252314,True,2.4982197717832606,2.5460303194671834,37.76741373851708,0.009922143228286152,False,False,False,False,VALID_TARGET,,True,4,VALID_TARGET,,NOT_REVIEWED,False
55,55,55,1100.0,17,1.0,0.9590155482292175,4,6,0.9845393896102905,0.9705531597137451,False,,,,,False,,,,566.3089275360107,399.60156631469727,549.1860790252686,353.9011001586914,48.802915363716366,1,0,False,0,0.0,,530.9207992553711,334.1839962005615,52.86976623535156,108.23861122131348,557.3556823730469,388.30330181121826,557.8571428571429,417.14285714285717,28.843914684795678,0.12267717653345193,1.0,120.46081994117161,0.07368485972326455,True,1.1283062112642948,1.9873316554760767,37.76741373851708,0.021725767743370088,False,False,False,False,VALID_TARGET,,True,4,VALID_TARGET,,NOT_REVIEWED,False
56,56,56,1120.0,17,1.0,0.9566124081611633,4,6,0.9787448942661285,0.9616451859474182,False,,,,,False,,,,563.0736312866211,395.61968994140625,544.0325899124146,350.9319667816162,48.575239143212464,1,0,False,0,0.0,,512.484938621521,332.29370307922363,55.58399677276611,99.44376182556152,540.276937007904,382.0155839920044,557.6984126984128,416.82539682539687,38.92596671543048,0.1654663196686737,1.0,113.92384501610661,0.1730850560836329,True,5.130543954931868,5.947621629455484,37.76741373851708,0.006028377322318645,False,False,False,False,VALID_TARGET,,True,4,VALID_TARGET,,NOT_REVIEWED,False
57,57,57,1140.0,17,1.0,0.9651966691017151,4,6,0.9943998456001282,0.9871750175952911,False,,,,,False,,,,565.610673904419,393.4360237121582,545.7788944244385,349.40244483947754,48.29343170327786,1,0,False,0,0.0,,510.8106942176819,332.1037311553955,64.74713659286499,102.4261531829834,543.1842625141144,383.3168077468872,557.5396825396825,416.5079365079365,36.16253741848098,0.15362683454081189,1.0,121.17470261089605,0.19198713592068534,True,3.347384567879968,2.3214256008321215,37.76741373851708,0.007461655751323049,False,False,False,False,VALID_TARGET,,True,4,VALID_TARGET,,NOT_REVIEWED,False
58,58,58,1160.0,17,1.0,0.9466436505317688,4,6,0.9842547476291656,0.9676276445388794,False,,,,,False,,,,561.5177593231201,392.40990829467773,545.9859714508057,348.33154678344727,46.73476637392443,2,0,True,1,0.04002909692228159,0.4479364213046986,512.5004606246948,330.5498733520508,64.72685718536377,103.34661865234375,544.8638892173767,382.22318267822266,557.3809523809523,416.1904761904762,36.20019197170814,0.15368606194797474,1.0,121.94297695221091,0.020342254479854417,True,4.219580858308047,1.090735321358255,37.76741373851708,0.041270110263436625,False,True,True,False,TARGET_IDENTITY_UNCERTAIN,TARGET_OVERLAP_AMBIGUOUS: another detected person overlaps or is too close to the selected pose for automated identity acceptance.,False,,TARGET_IDENTITY_UNCERTAIN,TARGET_OVERLAP_AMBIGUOUS: another detected person overlaps or is too close to the selected pose for automated identity acceptance.,NOT_REVIEWED,False
59,59,59,1180.0,17,1.0,0.9304705858230591,4,6,0.9834147989749908,0.9626883268356323,False,,,,,False,,,,564.3636322021484,389.1638488769531,546.8332710266113,346.67787742614746,45.96054104406793,2,0,True,1,0.03810735936387788,0.46639982979151684,517.9230403900146,330.7719841003418,59.099260330200195,104.63901138305664,547.4726705551147,383.0914897918701,557.2222222222222,415.8730158730159,34.20061709850333,0.14509434953329356,1.0,120.17506095193059,0.04681061860683658,True,4.3169311075100065,1.8581008891964956,37.76741373851708,0.020499823875069996,False,False,False,False,VALID_TARGET,,True,5,VALID_TARGET,,NOT_REVIEWED,False
60,60,60,1200.0,17,1.0,0.9541866779327393,4,6,0.991502583026886,0.9892924427986145,False,,,,,False,,,,565.0492687225342,388.163818359375,545.2218322753906,344.28624153137207,48.14944427885764,1,0,False,0,0.0,,517.2473678588867,327.9542465209961,82.23622131347656,113.51740264892578,558.365478515625,384.712947845459,557.063492063492,415.55555555555554,30.870076434638857,0.13086539880219542,1.0,140.17487934746882,0.5295522360627364,True,1.212500917184907,2.8838614914925826,37.76741373851708,0.05795745639202596,False,False,False,False,VALID_TARGET,,True,5,VALID_TARGET,,NOT_REVIEWED,False
61,61,61,1220.0,17,1.0,0.9710970520973206,4,6,0.9908353388309479,0.9914403259754181,False,,,,,False,,,,562.3038139343262,389.74303436279297,544.4346923828125,345.6302604675293,47.594561934715045,1,0,False,0,0.0,,518.5486583709717,328.61782455444336,80.65059089660645,115.64998245239258,558.8739538192749,386.44281578063965,556.9047619047619,415.23809523809524,28.862533427077175,0.12225591261585587,1.0,140.99445468957455,0.021700594797940655,True,3.167245677168997,1.5575545291376174,37.76741373851708,0.014692092712101557,False,False,False,False,VALID_TARGET,,True,5,VALID_TARGET,,NOT_REVIEWED,False
62,62,62,1240.0,17,1.0,0.9663854241371155,4,6,0.9883609712123871,0.9895289242267609,False,,,,,False,,,,562.2003440856934,381.09397888183594,543.1423053741455,339.51740646362305,45.73642108405245,1,0,False,0,0.0,,527.6314430236816,324.8928642272949,63.36735916137695,108.47105026245117,559.3151226043701,379.1283893585205,556.7460317460318,414.92063492063494,35.88432903395433,0.15186803759942152,1.0,125.6240062731887,0.4069764618462691,True,8.649674370879458,6.247979533676778,37.76741373851708,0.04919957886254651,False,False,False,False,VALID_TARGET,,True,5,VALID_TARGET,,NOT_REVIEWED,False
63,63,63,1260.0,17,1.0,0.9690083265304565,4,6,0.9930596649646759,0.992368221282959,False,,,,,False,,,,563.2705879211426,381.48851776123047,547.5420322418213,338.49582290649414,45.7794634593939,1,0,False,0,0.0,,529.2677783966064,324.4131565093994,36.3845272064209,110.45672416687012,547.4600419998169,379.6415185928345,556.5873015873016,414.6031746031746,36.13342301197994,0.1527828941656107,1.0,116.29497725057094,0.2470126518910548,True,1.1406501631398414,4.516772019301427,37.76741373851708,0.0011396696538305301,False,False,False,False,VALID_TARGET,,True,5,VALID_TARGET,,NOT_REVIEWED,False
64,64,64,1280.0,17,1.0,0.9665257930755615,4,6,0.9977879226207733,0.9957725405693054,False,,,,,False,,,,562.7112655639648,376.8698539733887,548.6194305419922,337.62598514556885,41.697254764092364,1,0,False,0,0.0,,531.7203254699707,322.6294631958008,58.71517562866211,115.56302642822266,561.0779132843018,380.4109764099121,556.4285714285714,414.2857142857143,34.1923126717944,0.14443626513283092,1.0,129.62362796324877,0.35291404396813675,True,4.652407622334913,1.384703877203595,37.76741373851708,0.10808811859781386,False,False,False,False,VALID_TARGET,,True,5,VALID_TARGET,,NOT_REVIEWED,False
65,65,65,1300.0,17,1.0,0.9683360457420349,4,6,0.9979551136493683,0.9930902421474457,False,,,,,False,,,,562.5363464355469,378.4780807495117,547.2715511322021,337.9876127243042,43.272300338130485,1,0,False,0,0.0,,530.075008392334,323.34899139404297,59.81757736206055,113.9405746459961,559.9837970733643,380.319278717041,559.7142857142857,412.2857142857143,31.96757168348593,0.13510931260401476,1.0,128.68798355761857,0.024773854310177007,True,1.6177113663832712,1.3955477093377844,37.76741373851708,0.04170382396165538,False,False,False,False,VALID_TARGET,,True,5,VALID_TARGET,,NOT_REVIEWED,False
66,66,66,1320.0,17,1.0,0.9826449751853943,4,6,0.9986604154109955,0.9896260201931,False,,,,,False,,,,562.2259407043457,376.9542007446289,550.4572200775146,335.36890602111816,43.21850902603709,1,0,False,0,0.0,,527.5923709869385,319.39576148986816,64.33633995056152,117.30211448669434,559.7605409622192,378.04681873321533,563.0,410.2857142857142,32.401241971603376,0.13699814494868567,1.0,133.78696013171,0.13500994824253082,True,1.5551726551235958,4.12384667833807,37.76741373851708,0.0014242784127560212,False,False,False,False,VALID_TARGET,,True,5,VALID_TARGET,,NOT_REVIEWED,False
67,67,67,1340.0,17,1.0,0.9809243679046631,4,6,0.9990919530391693,0.9953335821628571,False,,,,,False,,,,563.9323711395264,375.8970642089844,551.7295074462891,333.75022888183594,43.87784874409292,1,0,False,0,0.0,,530.0013694763184,317.2918453216553,61.617252349853516,122.41687965393066,560.8099956512451,378.5002851486206,566.2857142857142,408.28571428571433,30.284571706476292,0.12808588189215758,1.0,137.04954655652995,0.08638628123727192,True,2.0073471262104596,2.058842109045231,37.76741373851708,0.01745789962269525,False,False,False,False,VALID_TARGET,,True,5,VALID_TARGET,,NOT_REVIEWED,False
68,68,68,1360.0,17,1.0,0.9750636219978333,4,6,0.9981977343559265,0.9847532510757446,False,,,,,False,,,,562.9703578948975,376.3843078613281,550.9936952590942,334.6203031539917,43.447353625810905,1,0,False,0,0.0,,532.6781253814697,319.1908950805664,67.73867607116699,109.90360260009766,566.5474634170532,374.14269638061523,569.5714285714286,406.28571428571433,32.284949516801134,0.1365702336625879,1.0,129.102014315636,0.210433584251194,True,1.0783672192674965,1.1394949819511315,37.76741373851708,0.011398586126721654,False,False,False,False,VALID_TARGET,,True,5,VALID_TARGET,,NOT_REVIEWED,False
69,69,69,1380.0,17,1.0,0.9769216179847717,4,6,0.9981484711170197,0.9855475425720215,False,,,,,False,,,,565.5652370452881,375.6358222961426,557.0711011886597,333.0629539489746,43.41197373140453,1,0,False,0,0.0,,538.5347766876221,316.717191696167,56.754384994506836,111.95645332336426,566.9119691848755,372.6954183578491,572.8571428571429,404.2857142857142,32.1448578594386,0.13598557056903018,1.0,125.52014840993195,0.09484011615153566,True,2.7006718509332264,6.273770746455788,37.76741373851708,0.0009367836159321995,False,False,False,False,VALID_TARGET,,True,5,VALID_TARGET,,NOT_REVIEWED,False
70,70,70,1400.0,17,1.0,0.973041832447052,4,6,0.9982086420059204,0.9836151897907257,False,,,,,False,,,,565.9332618713379,373.51898193359375,555.5665187835693,331.20416259765625,43.56619443652185,1,0,False,0,0.0,,538.2557964324951,315.3036117553711,60.59793281555176,109.47930145263672,568.554762840271,370.04326248168945,576.1428571428571,402.2857142857143,33.12332823675489,0.14011670281912908,1.0,125.13123873787644,0.010297492826703015,True,2.148593817617663,2.3914166306696414,37.76741373851708,0.0040834330405853545,False,False,False,False,VALID_TARGET,,True,5,VALID_TARGET,,NOT_REVIEWED,False
71,71,71,1420.0,17,1.0,0.9746294021606445,4,6,0.9875189065933228,0.9548843502998352,False,,,,,False,,,,570.9521808624268,371.5942497253418,563.8328447341919,329.4869499206543,42.70491357851724,1,0,False,0,0.0,,546.5510196685791,311.01978492736816,38.30965614318848,115.81114768981934,565.7058477401733,368.92535877227783,579.4285714285713,400.2857142857143,34.23134591799223,0.14477840970502867,1.0,121.98299751622143,0.08335866584489689,True,5.375327144704305,8.442805463824934,37.76741373851708,0.022804867285000988,False,False,False,False,VALID_TARGET,,True,5,VALID_TARGET,,NOT_REVIEWED,False
72,72,72,1440.0,17,1.0,0.94540935754776,4,6,0.9959543347358704,0.9899019300937653,False,,,,,False,,,,577.8548431396484,368.74940490722656,572.5059833526611,326.01878929138184,43.06408958668374,1,0,False,0,0.0,,556.5822639465332,308.17453384399414,37.36829376220703,117.62223434448242,575.2664108276367,366.98565101623535,582.7142857142857,398.28571428571433,32.173977077765244,0.13603722904012044,1.0,123.41547468160928,0.0379289187050407,True,7.46591511822471,9.340849621186397,37.76741373851708,0.009510209268054662,False,False,False,False,VALID_TARGET,,True,5,VALID_TARGET,,NOT_REVIEWED,False
73,73,73,1460.0,17,1.0,0.9707159399986267,4,6,0.9978847205638885,0.9963326752185822,False,,,,,False,,,,577.269868850708,366.53161239624023,572.0135746002197,326.567813873291,40.30798706994179,1,0,False,0,0.0,,556.4588718414307,309.62510681152344,36.89813423156738,111.80233764648438,574.9079389572144,365.5262756347656,586.0,396.2857142857142,32.69827035637135,0.13819757330744553,1.0,117.73374627943028,0.15043996503219642,True,2.2936430717329155,0.7374919464112484,37.76741373851708,0.07297567516335239,False,False,False,False,VALID_TARGET,,True,5,VALID_TARGET,,NOT_REVIEWED,False
74,74,74,1480.0,17,1.0,0.9781095385551453,4,6,0.9964645504951477,0.9914385676383972,False,,,,,False,,,,586.9890518188477,365.12525177001953,582.1311473846436,323.6606693267822,41.74818358544337,2,0,True,1,0.0,0.3112287746189739,567.2101783752441,305.7157211303711,31.317459106445312,117.89612579345703,582.8689079284668,364.6637840270996,589.2857142857142,394.2857142857143,30.308978142996544,0.12803215871906348,1.0,121.98475200610328,0.1125575014509827,True,9.820405683023472,10.526954377331059,37.76741373851708,0.03813331051664783,False,True,True,False,TARGET_IDENTITY_UNCERTAIN,TARGET_OVERLAP_AMBIGUOUS: another detected person overlaps or is too close to the selected pose for automated identity acceptance.,False,,TARGET_IDENTITY_UNCERTAIN,TARGET_OVERLAP_AMBIGUOUS: another detected person overlaps or is too close to the selected pose for automated identity acceptance.,NOT_REVIEWED,False
75,75,75,1500.0,17,1.0,0.9755465984344482,4,6,0.9973433017730713,0.9868053793907166,False,,,,,False,,,,585.5896768569946,363.43911361694336,582.4429416656494,322.3449401855469,41.21447600509005,1,0,False,0,0.0,,566.2585105895996,305.132511138916,32.03718185424805,106.62084579467773,582.2771015167236,358.4429340362549,593.7142857142857,391.7857142857143,35.24982520712269,0.15090200670784545,1.0,111.3300758067406,0.28211294194329534,True,2.1911896666241115,1.3521682020976076,37.76741373851708,0.014131430445527728,False,False,False,False,VALID_TARGET,,True,6,VALID_TARGET,,NOT_REVIEWED,False
76,76,76,1520.0,17,1.0,0.9516243934631348,4,6,0.9850015342235565,0.9779648184776306,False,,,,,False,,,,597.6692142486572,361.9581832885742,592.9177379608154,320.84625244140625,41.385593929485225,1,0,False,0,0.0,,577.9725284576416,300.6207103729248,27.90390968322754,115.22604560852051,591.9244832992554,358.23373317718506,598.1428571428571,389.28571428571433,31.668497028170588,0.13741161643331895,1.0,118.55660994725923,0.19134310309283,True,12.169978563418194,10.58146598443056,37.76741373851708,0.004530835115687618,False,False,False,False,VALID_TARGET,,True,6,VALID_TARGET,,NOT_REVIEWED,False
77,77,77,1540.0,17,1.0,0.9513494968414307,4,6,0.9884404838085175,0.9487634003162384,False,,,,,False,,,,596.133752822876,361.2374267578125,594.2794609069824,320.0655574798584,41.2136047725783,1,0,False,0,0.0,,576.6167068481445,302.25428771972656,30.30780792236328,101.42789459228516,591.7706108093262,352.96823501586914,602.5714285714287,386.7857142857142,35.50041645525515,0.1561551572725332,1.0,105.85925100095209,0.3361987938654574,True,1.6962110029998796,1.569641361937151,37.76741373851708,0.004553903481389876,False,False,False,False,VALID_TARGET,,True,6,VALID_TARGET,,NOT_REVIEWED,False
78,78,78,1560.0,17,1.0,0.9633343815803528,4,6,0.992084801197052,0.9396443367004395,False,,,,,False,,,,604.5931415557861,358.4062194824219,604.3094873428345,316.1626892089844,42.24448259448038,1,0,False,0,0.0,,585.8344745635986,299.51444816589355,31.511606216430664,103.89764595031738,601.590277671814,351.46327114105225,607.0,384.2857142857143,33.26526521242009,0.14835800480329217,1.0,108.57118476076833,0.07180618134438163,True,8.92059372299356,10.762611720381173,37.76741373851708,0.02729543063338596,False,False,False,False,VALID_TARGET,,True,6,VALID_TARGET,,NOT_REVIEWED,False
79,79,79,1580.0,17,1.0,0.8577573895454407,4,6,0.9419610500335693,0.8597619533538818,False,,,,,False,,,,601.7589015960693,386.1481628417969,605.9822378158569,347.0230407714844,39.35240457509838,1,0,False,0,0.0,,592.2926139831543,328.2457580566406,22.201656341552734,98.60589599609375,603.3934421539307,377.5487060546875,611.4285714285714,381.7857142857143,9.08380653745873,0.04108246538212865,1.0,101.07440956790629,0.1984985057427023,True,27.886346793799042,30.905653086548632,37.76741373851708,0.07657601442887559,False,False,False,False,VALID_TARGET,,True,6,VALID_TARGET,,NOT_REVIEWED,False
80,80,80,1600.0,17,1.0,0.9433776140213013,4,6,0.9937945604324341,0.9813522696495056,False,,,,,False,,,,613.1020736694336,365.10323333740234,615.2121772766113,317.2563133239746,47.89342639657739,1,0,False,0,0.0,,596.0896224975586,296.57056427001953,31.49582290649414,113.85706329345703,611.8375339508057,353.49909591674805,615.8571428571429,379.2857142857143,26.098025646906933,0.11971201267526786,1.0,118.13305093142867,0.45167618523280395,True,23.907250166652087,31.164881603874615,37.76741373851708,0.22614791366474876,False,False,False,False,VALID_TARGET,,True,6,VALID_TARGET,,NOT_REVIEWED,False
81,81,81,1620.0,17,1.0,0.9513456225395203,4,6,0.9810139834880829,0.9137702286243439,False,,,,,False,,,,616.9876050949097,365.90116119384766,617.0592021942139,316.5299415588379,49.37127154928261,1,0,False,0,0.0,,593.2252817153931,297.4736328125,35.59397029876709,117.38253784179688,611.0222668647766,356.16490173339844,620.2857142857142,376.78571428571433,22.605958693190267,0.10518858612343465,1.0,122.66047004561163,0.11987633427929632,True,3.966616104748926,1.9847208840117794,37.76741373851708,0.03913016556910916,False,False,False,False,VALID_TARGET,,True,6,VALID_TARGET,,NOT_REVIEWED,False
82,82,82,1640.0,17,1.0,0.9117147326469421,4,6,0.9442612826824188,0.843824714422226,False,,,,,False,,,,626.7932720184326,361.02480697631836,629.4142780303955,312.05661392211914,49.03828711841463,1,0,False,0,0.0,,606.3997859954834,294.84813690185547,33.05639457702637,106.50325775146484,622.9279832839966,348.0997657775879,624.7142857142858,374.2857142857142,26.246805055905387,0.12391195985761583,1.0,111.51533138589964,0.2950993344917771,True,10.951252634739452,13.139960390474213,37.76741373851708,0.008816712554727754,False,False,False,False,VALID_TARGET,,True,6,VALID_TARGET,,NOT_REVIEWED,False
83,83,83,1660.0,17,1.0,0.9408013224601746,4,6,0.9690207242965698,0.9646179974079132,False,,,,,False,,,,634.9581832885742,359.61058807373047,639.2823448181152,314.401123046875,45.4157913169861,1,0,False,0,0.0,,610.6995162963867,291.73698234558105,35.85026168823242,110.47081184387207,628.6246471405029,346.9723882675171,629.1428571428572,371.7857142857143,24.818736665911935,0.11890068740865026,1.0,116.14233307695748,0.12251306703426708,True,8.28648243549229,10.142754318377262,37.76741373851708,0.09591590852656472,False,False,False,False,VALID_TARGET,,True,6,VALID_TARGET,,NOT_REVIEWED,False
84,84,84,1680.0,17,1.0,0.9565540552139282,4,6,0.9782955944538116,0.9534761607646942,False,,,,,False,,,,636.1234149932861,356.0441246032715,640.7932891845703,311.481014251709,44.8071258748869,1,0,False,0,0.0,,613.7853908538818,292.39685249328613,36.49168586730957,106.1703929901123,632.0312337875366,345.4820489883423,633.5714285714287,369.2857142857143,23.853441713128948,0.11598499839879435,1.0,112.26662676465027,0.10262037901617231,True,3.7519896870572786,3.287854658303535,37.76741373851708,0.01611615363215763,False,False,False,False,VALID_TARGET,,True,6,VALID_TARGET,,NOT_REVIEWED,False
85,85,85,1700.0,17,1.0,0.9019923210144043,4,6,0.9580126106739044,0.9631126821041107,False,,,,,False,,,,643.182035446167,358.41571044921875,652.1180725097656,311.3233242034912,47.93271952141665,1,0,False,0,0.0,,618.5494785308838,288.273024559021,40.1557674407959,120.08850193023682,638.6273622512817,348.3172755241394,638.5714285714287,370.42857142857144,22.111366650433325,0.10923331948623453,1.0,126.62438135923024,0.38016250448034317,True,7.44637778537494,11.325881136314681,37.76741373851708,0.08275900669740899,False,False,False,False,VALID_TARGET,,True,6,VALID_TARGET,,NOT_REVIEWED,False
86,86,86,1720.0,17,1.0,0.9485312104225159,4,6,0.97809237241745,0.9633769094944,False,,,,,False,,,,644.8706436157227,357.25182723999023,650.4911518096924,311.2364616394043,46.35735091346429,1,0,False,0,0.0,,620.4485635757446,290.30387592315674,43.18700313568115,114.21325206756592,642.0420651435852,347.4105019569397,643.5714285714287,371.57142857142856,24.209281843234034,0.12151739588606982,1.0,122.10562717455196,0.119646905556306,True,2.0508587652527903,1.629237879920106,37.76741373851708,0.0417123772059013,False,False,False,False,VALID_TARGET,,True,6,VALID_TARGET,,NOT_REVIEWED,False
87,87,87,1740.0,17,1.0,0.8573159575462341,4,6,0.9675544202327728,0.9650685787200928,False,,,,,False,,,,653.1522579193115,357.1519775390625,661.1676902770996,309.4202423095703,48.400058924557335,1,0,False,0,0.0,,623.8494300842285,288.3160967826843,47.75221252441406,113.54341554641724,647.7255363464355,345.08780455589294,648.5714285714287,372.7142857142857,27.63942826563775,0.1409698697858874,1.0,123.17621935634813,0.028346981585989018,True,8.282216215251994,10.829918111421197,37.76741373851708,0.05408652086255493,False,False,False,False,VALID_TARGET,,True,6,VALID_TARGET,,NOT_REVIEWED,False
88,88,88,1760.0,17,1.0,0.9205445051193237,4,6,0.9809598922729492,0.9500023722648621,False,,,,,False,,,,652.0337867736816,356.925350189209,660.831205368042,312.3050947189331,45.4792455099805,1,0,False,0,0.0,,626.4558725357056,290.6041293144226,45.57607173919678,106.85551118850708,649.243908405304,344.03188490867615,653.5714285714286,373.85714285714283,30.13757525881587,0.15619419337574744,1.0,116.16918088087552,0.1855313293090675,True,1.141200096086681,2.9044096677001034,37.76741373851708,0.07733686597655598,False,False,False,False,VALID_TARGET,,True,6,VALID_TARGET,,NOT_REVIEWED,False
89,89,89,1780.0,17,1.0,0.7497779130935669,4,6,0.9449792504310608,0.891127347946167,False,,,,,False,,,,645.7170267105103,379.10391998291016,668.0854568481445,351.42036628723145,35.59109175121988,1,0,False,0,0.0,,636.7368221282959,334.239200592041,45.45967674255371,78.73503494262695,659.4666604995728,373.6067180633545,658.5714285714287,375.0,1.6561022794958147,0.008721999991336169,1.0,90.91637881566866,0.6686399614240144,True,23.060581427833753,39.78226532512067,37.76741373851708,0.26181707403163257,False,False,False,False,VALID_TARGET,,True,6,VALID_TARGET,,NOT_REVIEWED,False
90,90,90,1800.0,17,1.0,0.7351471185684204,4,6,0.9275349378585815,0.8732248246669769,False,,,,,False,,,,644.6708793640137,379.44153213500977,666.932050704956,352.83695793151855,34.68952461507457,1,0,False,0,0.0,,635.4506139755249,335.7550239562988,44.322861671447754,76.80590438842773,657.6120448112488,374.1579761505127,662.9285714285714,374.6428571428571,5.338592028750398,0.028379319689825936,1.0,88.6772970701667,0.05928607558368331,True,1.099275323032028,1.8267669850884027,37.76741373851708,0.023871561404424348,False,False,False,False,VALID_TARGET,,True,6,VALID_TARGET,,NOT_REVIEWED,False
91,91,91,1820.0,0,0.0,,0,0,,,False,,,,,False,,,,,,,,,1,0,False,0,,,,,,,,,,,,,,,,True,,,37.76741373851708,,False,False,False,False,TARGET_NOT_FOUND,No observed landmarks returned by pose backend.,False,,TARGET_NOT_FOUND,No observed landmarks returned by pose backend.,NOT_REVIEWED,False
92,92,92,1840.0,0,0.0,,0,0,,,False,,,,,False,,,,,,,,,1,0,False,0,,,,,,,,,,,,,,,,True,,,37.76741373851708,,False,False,False,False,TARGET_NOT_FOUND,No observed landmarks returned by pose backend.,False,,TARGET_NOT_FOUND,No observed landmarks returned by pose backend.,NOT_REVIEWED,False
93,93,93,1860.0,17,1.0,0.532986044883728,4,6,0.8103367388248444,0.7459192276000977,False,,,,,False,,,,666.3763294219971,375.45542907714844,684.1686763763428,353.50192642211914,28.25816499647833,1,0,False,0,0.0,,664.6573276519775,338.2897644042969,32.004995346069336,66.99235534667969,680.6598253250122,371.7859420776367,676.0,373.57142857142856,4.990183772080762,0.027270301035913727,1.0,74.24483417718517,,True,,,37.76741373851708,,False,False,False,False,INVALID_TRACK_SEGMENT,Valid-looking pose segment is too short to establish target identity continuity.,False,,INVALID_TRACK_SEGMENT,Valid-looking pose segment is too short to establish target identity continuity.,NOT_REVIEWED,False
94,94,94,1880.0,0,0.0,,0,0,,,False,,,,,False,,,,,,,,,1,0,False,0,,,,,,,,,,,,,,,,True,,,37.76741373851708,,False,False,False,False,TARGET_NOT_FOUND,No observed landmarks returned by pose backend.,False,,TARGET_NOT_FOUND,No observed landmarks returned by pose backend.,NOT_REVIEWED,False
95,95,95,1900.0,0,0.0,,0,0,,,False,,,,,False,,,,,,,,,1,0,False,0,,,,,,,,,,,,,,,,True,,,37.76741373851708,,False,False,False,False,TARGET_NOT_FOUND,No observed landmarks returned by pose backend.,False,,TARGET_NOT_FOUND,No observed landmarks returned by pose backend.,NOT_REVIEWED,False
96,96,96,1920.0,17,1.0,0.21519191563129425,4,6,0.35168515145778656,0.22012367099523544,False,,,,,False,,,,701.5081729888916,374.4172554016113,710.415449142456,343.2193374633789,32.44456275181625,1,0,False,0,0.0,,670.4363994598389,326.3652153015137,47.530874252319336,48.84036636352539,694.2018365859985,350.78539848327637,689.0714285714287,372.5,22.312440597703763,0.12527020796766883,1.0,68.15104836840865,,True,,,37.76741373851708,,False,False,False,False,LOW_POSE_CONFIDENCE,Frame/core landmark confidence below threshold.,False,,LOW_POSE_CONFIDENCE,Frame/core landmark confidence below threshold.,NOT_REVIEWED,False
97,97,97,1940.0,17,1.0,0.2511135935783386,4,6,0.38052666187286377,0.12594355642795563,False,,,,,False,,,,702.5747318267822,374.61695098876953,710.5692272186279,343.2991237640381,32.322101705309514,1,0,False,0,0.0,,674.6597738265991,325.5445556640625,43.78516864776611,49.733856201171875,696.5523581504822,350.41148376464844,693.4285714285714,372.1428571428571,21.95474054474574,0.12435510098650086,1.0,66.26158348660378,0.05002897193031514,True,1.0850926606576325,0.17324419321870504,37.76741373851708,0.0032425054930844757,False,False,False,False,LOW_POSE_CONFIDENCE,Frame/core landmark confidence below threshold.,False,,LOW_POSE_CONFIDENCE,Frame/core landmark confidence below threshold.,NOT_REVIEWED,False
98,98,98,1960.0,0,0.0,,0,0,,,False,,,,,False,,,,,,,,,1,0,False,0,,,,,,,,,,,,,,,,True,,,37.76741373851708,,False,False,False,False,TARGET_NOT_FOUND,No observed landmarks returned by pose backend.,False,,TARGET_NOT_FOUND,No observed landmarks returned by pose backend.,NOT_REVIEWED,False
99,99,99,1980.0,0,0.0,,0,0,,,False,,,,,False,,,,,,,,,1,0,False,0,,,,,,,,,,,,,,,,True,,,37.76741373851708,,False,False,False,False,TARGET_NOT_FOUND,No observed landmarks returned by pose backend.,False,,TARGET_NOT_FOUND,No observed landmarks returned by pose backend.,NOT_REVIEWED,False
100,100,100,2000.0,0,0.0,,0,0,,,True,PLAYER_OVERLAP,,100.0,109.0,False,,,,,,,,,1,0,False,0,,,,,,,,,,,,,,,,True,,,37.76741373851708,,False,False,False,False,TARGET_NOT_FOUND,HUMAN_TARGET_UNAVAILABLE: operator excluded this frame because PLAYER_OVERLAP.,False,,TARGET_NOT_FOUND,HUMAN_TARGET_UNAVAILABLE: operator excluded this frame because PLAYER_OVERLAP.,EXCLUDED,False
101,101,101,2020.0,0,0.0,,0,0,,,True,PLAYER_OVERLAP,,100.0,109.0,False,,,,,,,,,1,0,False,0,,,,,,,,,,,,,,,,True,,,37.76741373851708,,False,False,False,False,TARGET_NOT_FOUND,HUMAN_TARGET_UNAVAILABLE: operator excluded this frame because PLAYER_OVERLAP.,False,,TARGET_NOT_FOUND,HUMAN_TARGET_UNAVAILABLE: operator excluded this frame because PLAYER_OVERLAP.,EXCLUDED,False
102,102,102,2040.0,0,0.0,,0,0,,,True,PLAYER_OVERLAP,,100.0,109.0,False,,,,,,,,,1,0,False,0,,,,,,,,,,,,,,,,True,,,37.76741373851708,,False,False,False,False,TARGET_NOT_FOUND,HUMAN_TARGET_UNAVAILABLE: operator excluded this frame because PLAYER_OVERLAP.,False,,TARGET_NOT_FOUND,HUMAN_TARGET_UNAVAILABLE: operator excluded this frame because PLAYER_OVERLAP.,EXCLUDED,False
103,103,103,2060.0,0,0.0,,0,0,,,True,PLAYER_OVERLAP,,100.0,109.0,False,,,,,,,,,1,0,False,0,,,,,,,,,,,,,,,,True,,,37.76741373851708,,False,False,False,False,TARGET_NOT_FOUND,HUMAN_TARGET_UNAVAILABLE: operator excluded this frame because PLAYER_OVERLAP.,False,,TARGET_NOT_FOUND,HUMAN_TARGET_UNAVAILABLE: operator excluded this frame because PLAYER_OVERLAP.,EXCLUDED,False
104,104,104,2080.0,0,0.0,,0,0,,,True,PLAYER_OVERLAP,,100.0,109.0,False,,,,,,,,,1,0,False,0,,,,,,,,,,,,,,,,True,,,37.76741373851708,,False,False,False,False,TARGET_NOT_FOUND,HUMAN_TARGET_UNAVAILABLE: operator excluded this frame because PLAYER_OVERLAP.,False,,TARGET_NOT_FOUND,HUMAN_TARGET_UNAVAILABLE: operator excluded this frame because PLAYER_OVERLAP.,EXCLUDED,False
105,105,105,2100.0,0,0.0,,0,0,,,True,PLAYER_OVERLAP,,100.0,109.0,False,,,,,,,,,1,0,False,0,,,,,,,,,,,,,,,,True,,,37.76741373851708,,False,False,False,False,TARGET_NOT_FOUND,HUMAN_TARGET_UNAVAILABLE: operator excluded this frame because PLAYER_OVERLAP.,False,,TARGET_NOT_FOUND,HUMAN_TARGET_UNAVAILABLE: operator excluded this frame because PLAYER_OVERLAP.,EXCLUDED,False
106,106,106,2120.0,0,0.0,,0,0,,,True,PLAYER_OVERLAP,,100.0,109.0,False,,,,,,,,,1,0,False,0,,,,,,,,,,,,,,,,True,,,37.76741373851708,,False,False,False,False,TARGET_NOT_FOUND,HUMAN_TARGET_UNAVAILABLE: operator excluded this frame because PLAYER_OVERLAP.,False,,TARGET_NOT_FOUND,HUMAN_TARGET_UNAVAILABLE: operator excluded this frame because PLAYER_OVERLAP.,EXCLUDED,False
107,107,107,2140.0,0,0.0,,0,0,,,True,PLAYER_OVERLAP,,100.0,109.0,False,,,,,,,,,1,0,False,0,,,,,,,,,,,,,,,,True,,,37.76741373851708,,False,False,False,False,TARGET_NOT_FOUND,HUMAN_TARGET_UNAVAILABLE: operator excluded this frame because PLAYER_OVERLAP.,False,,TARGET_NOT_FOUND,HUMAN_TARGET_UNAVAILABLE: operator excluded this frame because PLAYER_OVERLAP.,EXCLUDED,False
108,108,108,2160.0,0,0.0,,0,0,,,True,PLAYER_OVERLAP,,100.0,109.0,False,,,,,,,,,1,0,False,0,,,,,,,,,,,,,,,,True,,,37.76741373851708,,False,False,False,False,TARGET_NOT_FOUND,HUMAN_TARGET_UNAVAILABLE: operator excluded this frame because PLAYER_OVERLAP.,False,,TARGET_NOT_FOUND,HUMAN_TARGET_UNAVAILABLE: operator excluded this frame because PLAYER_OVERLAP.,EXCLUDED,False
109,109,109,2180.0,0,0.0,,0,0,,,True,PLAYER_OVERLAP,,100.0,109.0,False,,,,,,,,,1,0,False,0,,,,,,,,,,,,,,,,True,,,37.76741373851708,,False,False,False,False,TARGET_NOT_FOUND,HUMAN_TARGET_UNAVAILABLE: operator excluded this frame because PLAYER_OVERLAP.,False,,TARGET_NOT_FOUND,HUMAN_TARGET_UNAVAILABLE: operator excluded this frame because PLAYER_OVERLAP.,EXCLUDED,False
110,110,110,2200.0,17,1.0,0.9258391261100769,4,6,0.9714297652244568,0.8649293780326843,False,,,,,False,,,,749.6202359199524,368.9386863708496,751.8454079627991,332.77932357788086,36.22776432811993,1,0,False,0,0.0,,736.6985349655151,319.69691467285156,24.87040424346924,87.5704345703125,749.1337370872498,363.4821319580078,750.7967032967033,356.0164835164835,7.648618389370633,0.053669122433658144,1.0,91.03360927738147,,True,,,37.76741373851708,,False,False,False,False,INVALID_TRACK_SEGMENT,Valid-looking pose segment is too short to establish target identity continuity.,False,,INVALID_TRACK_SEGMENT,Valid-looking pose segment is too short to establish target identity continuity.,NOT_REVIEWED,False
111,111,111,2220.0,17,1.0,0.9171698689460754,4,6,0.9574205577373505,0.7572770714759827,False,,,,,False,,,,750.2524223327637,371.1509475708008,754.0309362411499,332.8479633331299,38.48890449034804,1,0,False,0,0.0,,740.322696685791,318.6164302825928,22.454299926757812,93.91913032531738,751.5498466491699,365.57599544525146,755.2197802197802,354.61538461538464,11.558693791968288,0.08273753919729228,1.0,96.56603246620806,0.14648668365618972,True,2.3008170890691404,2.1866058793188565,37.76741373851708,0.05987013508214058,False,False,False,False,INVALID_TRACK_SEGMENT,Valid-looking pose segment is too short to establish target identity continuity.,False,,INVALID_TRACK_SEGMENT,Valid-looking pose segment is too short to establish target identity continuity.,NOT_REVIEWED,False
112,112,112,2240.0,17,1.0,0.8360281586647034,4,6,0.8957712054252625,0.6323632299900055,False,,,,,False,,,,751.8940753936768,371.6403923034668,754.4969220161438,335.4139709472656,36.31980747219231,1,0,False,0,0.0,,740.6965885162354,319.2367744445801,22.496288299560547,92.35992813110352,751.9447326660156,365.41673851013184,759.6428571428571,353.2142857142857,14.42778481596529,0.10539432527802611,1.0,95.06018783717793,0.03987153156569964,True,1.7130618549077006,2.607975808610821,37.76741373851708,0.057433030314797,False,False,False,False,INVALID_TRACK_SEGMENT,Valid-looking pose segment is too short to establish target identity continuity.,False,,INVALID_TRACK_SEGMENT,Valid-looking pose segment is too short to establish target identity continuity.,NOT_REVIEWED,False
113,113,113,2260.0,17,1.0,0.6588960289955139,4,6,0.6498938798904419,0.39951997995376587,False,,,,,False,,,,752.9696164131165,368.73057556152344,755.6481201648712,334.5125141143799,34.32273461641214,1,0,False,0,0.0,,743.6908847093582,321.0316467285156,21.511189341545105,84.89739990234375,754.4464793801308,363.4803466796875,764.065934065934,351.8131868131868,15.121393050995886,0.11277458101648466,1.0,87.58024764218402,0.19805275115689222,True,3.102228546737208,1.462149650066581,37.76741373851708,0.05287819996378132,False,False,False,False,INVALID_TRACK_SEGMENT,Valid-looking pose segment is too short to establish target identity continuity.,False,,INVALID_TRACK_SEGMENT,Valid-looking pose segment is too short to establish target identity continuity.,NOT_REVIEWED,False
114,114,114,2280.0,17,1.0,0.7954838871955872,4,6,0.819604754447937,0.5866089165210724,False,,,,,False,,,,755.1955416202545,370.48291397094727,755.9764421582222,335.5727767944336,34.918870017988844,2,1,True,1,0.5495902139441634,0.218819538058405,747.1884189844131,321.1527328491211,17.614084601402283,86.29759979248047,755.9954612851143,364.3015327453613,768.4890109890109,350.41208791208794,18.68168787824806,0.14230580527260422,1.0,88.07685113744975,0.013148993963525497,True,2.8329195062540435,1.1099334583805647,37.76741373851708,0.015784385070792772,False,True,True,False,TARGET_IDENTITY_UNCERTAIN,TARGET_OVERLAP_AMBIGUOUS: another detected person overlaps or is too close to the selected pose for automated identity acceptance.,False,,TARGET_IDENTITY_UNCERTAIN,TARGET_OVERLAP_AMBIGUOUS: another detected person overlaps or is too close to the selected pose for automated identity acceptance.,NOT_REVIEWED,False
115,115,115,2300.0,17,1.0,0.46116358041763306,4,6,0.6789835393428802,0.3165687546133995,False,,,,,False,,,,760.9584763050079,370.5752944946289,760.0347907543182,336.64097785949707,33.94688557864975,2,0,True,1,0.6284078627062462,0.06533944141195096,751.0,320.7362537384033,25.73668670654297,87.0687313079834,763.8683433532715,364.270619392395,772.9120879120879,349.010989010989,17.73825343776132,0.1380693311363216,0.9940223014873522,90.79284671279206,0.07191372949565773,True,5.763675072546133,4.196575609093375,37.76741373851708,0.02573606035267959,False,True,True,False,TARGET_IDENTITY_UNCERTAIN,TARGET_OVERLAP_AMBIGUOUS: another detected person overlaps or is too close to the selected pose for automated identity acceptance.,False,,TARGET_IDENTITY_UNCERTAIN,TARGET_OVERLAP_AMBIGUOUS: another detected person overlaps or is too close to the selected pose for automated identity acceptance.,NOT_REVIEWED,False
116,116,116,2320.0,17,1.0,0.46097689867019653,4,6,0.6519381701946259,0.22076672315597534,False,,,,,False,,,,769.6195783615112,371.71532821655273,765.1644730567932,335.51387786865234,36.47455236966759,2,1,True,1,0.2836266049421816,0.2181335599820403,756.3709809780121,316.4247341156006,24.160953760147095,86.81852912902832,768.4514578580856,359.83399868011475,777.335164835165,347.6098901098901,15.111223643082234,0.12024488823863608,1.0,90.11774901054677,0.01787513719947372,True,8.735809391252142,5.252046735672404,37.76741373851708,0.06692718777404669,False,True,True,False,TARGET_IDENTITY_UNCERTAIN,TARGET_OVERLAP_AMBIGUOUS: another detected person overlaps or is too close to the selected pose for automated identity acceptance.,False,,TARGET_IDENTITY_UNCERTAIN,TARGET_OVERLAP_AMBIGUOUS: another detected person overlaps or is too close to the selected pose for automated identity acceptance.,NOT_REVIEWED,False
117,117,117,2340.0,0,0.0,,0,0,,,False,,,,,False,,,,,,,,,1,0,False,0,,,,,,,,,,,,,,,,True,,,37.76741373851708,,False,False,False,False,TARGET_NOT_FOUND,No observed landmarks returned by pose backend.,False,,TARGET_NOT_FOUND,No observed landmarks returned by pose backend.,NOT_REVIEWED,False
118,118,118,2360.0,0,0.0,,0,0,,,False,,,,,False,,,,,,,,,1,0,False,0,,,,,,,,,,,,,,,,True,,,37.76741373851708,,False,False,False,False,TARGET_NOT_FOUND,No observed landmarks returned by pose backend.,False,,TARGET_NOT_FOUND,No observed landmarks returned by pose backend.,NOT_REVIEWED,False
119,119,119,2380.0,0,0.0,,0,0,,,False,,,,,False,,,,,,,,,1,0,False,0,,,,,,,,,,,,,,,,True,,,37.76741373851708,,False,False,False,False,TARGET_NOT_FOUND,No observed landmarks returned by pose backend.,False,,TARGET_NOT_FOUND,No observed landmarks returned by pose backend.,NOT_REVIEWED,False
120,120,120,2400.0,0,0.0,,0,0,,,False,,,,,False,,,,,,,,,1,0,False,0,,,,,,,,,,,,,,,,True,,,37.76741373851708,,False,False,False,False,TARGET_NOT_FOUND,No observed landmarks returned by pose backend.,False,,TARGET_NOT_FOUND,No observed landmarks returned by pose backend.,NOT_REVIEWED,False
121,121,121,2420.0,0,0.0,,0,0,,,False,,,,,False,,,,,,,,,1,0,False,0,,,,,,,,,,,,,,,,True,,,37.76741373851708,,False,False,False,False,TARGET_NOT_FOUND,No observed landmarks returned by pose backend.,False,,TARGET_NOT_FOUND,No observed landmarks returned by pose backend.,NOT_REVIEWED,False
122,122,122,2440.0,17,1.0,0.5029810667037964,4,6,0.7834633886814117,0.40188056230545044,False,,,,,False,,,,787.7755071520805,366.00185775756836,789.3620213270187,350.64538955688477,15.438204002599727,1,0,False,0,0.0,,784.598574578762,344.8777618408203,12.753741323947906,42.571815490722656,790.975445240736,366.16366958618164,803.8736263736264,339.2032967032967,29.886866388449747,0.27444862238393064,1.0,44.441167760695826,,True,,,37.76741373851708,,False,False,False,False,INVALID_TRACK_SEGMENT,Valid-looking pose segment is too short to establish target identity continuity.,False,,INVALID_TRACK_SEGMENT,Valid-looking pose segment is too short to establish target identity continuity.,NOT_REVIEWED,False
123,123,123,2460.0,0,0.0,,0,0,,,False,,,,,False,,,,,,,,,1,0,False,0,,,,,,,,,,,,,,,,True,,,37.76741373851708,,False,False,False,False,TARGET_NOT_FOUND,No observed landmarks returned by pose backend.,False,,TARGET_NOT_FOUND,No observed landmarks returned by pose backend.,NOT_REVIEWED,False
124,124,124,2480.0,0,0.0,,0,0,,,False,,,,,False,,,,,,,,,1,0,False,0,,,,,,,,,,,,,,,,True,,,37.76741373851708,,False,False,False,False,TARGET_NOT_FOUND,No observed landmarks returned by pose backend.,False,,TARGET_NOT_FOUND,No observed landmarks returned by pose backend.,NOT_REVIEWED,False
125,125,125,2500.0,0,0.0,,0,0,,,False,,,,,False,,,,,,,,,1,0,False,0,,,,,,,,,,,,,,,,True,,,37.76741373851708,,False,False,False,False,TARGET_NOT_FOUND,No observed landmarks returned by pose backend.,False,,TARGET_NOT_FOUND,No observed landmarks returned by pose backend.,NOT_REVIEWED,False
126,126,126,2520.0,0,0.0,,0,0,,,False,,,,,False,,,,,,,,,1,0,False,0,,,,,,,,,,,,,,,,True,,,37.76741373851708,,False,False,False,False,TARGET_NOT_FOUND,No observed landmarks returned by pose backend.,False,,TARGET_NOT_FOUND,No observed landmarks returned by pose backend.,NOT_REVIEWED,False
127,127,127,2540.0,0,0.0,,0,0,,,False,,,,,False,,,,,,,,,1,0,False,0,,,,,,,,,,,,,,,,True,,,37.76741373851708,,False,False,False,False,TARGET_NOT_FOUND,No observed landmarks returned by pose backend.,False,,TARGET_NOT_FOUND,No observed landmarks returned by pose backend.,NOT_REVIEWED,False
128,128,128,2560.0,0,0.0,,0,0,,,False,,,,,False,,,,,,,,,1,0,False,0,,,,,,,,,,,,,,,,True,,,37.76741373851708,,False,False,False,False,TARGET_NOT_FOUND,No observed landmarks returned by pose backend.,False,,TARGET_NOT_FOUND,No observed landmarks returned by pose backend.,NOT_REVIEWED,False
129,129,129,2580.0,17,1.0,0.8402839303016663,4,6,0.9286623895168304,0.856697291135788,False,,,,,False,,,,822.1724152565002,350.54217529296875,830.6879367828369,326.1320858001709,25.852786617923865,1,0,False,0,0.0,,815.3040456771851,309.964204788208,24.072731971740723,62.99899864196777,827.3404116630554,341.4637041091919,826.7857142857143,343.92857142857144,2.5265114451698825,0.01986203737111155,1.0,67.44160625662711,,True,,,37.76741373851708,,False,False,False,False,INVALID_TRACK_SEGMENT,Valid-looking pose segment is too short to establish target identity continuity.,False,,INVALID_TRACK_SEGMENT,Valid-looking pose segment is too short to establish target identity continuity.,NOT_REVIEWED,False
130,130,130,2600.0,0,0.0,,0,0,,,False,,,,,False,,,,,,,,,1,0,False,0,,,,,,,,,,,,,,,,True,,,37.76741373851708,,False,False,False,False,TARGET_NOT_FOUND,No observed landmarks returned by pose backend.,False,,TARGET_NOT_FOUND,No observed landmarks returned by pose backend.,NOT_REVIEWED,False
131,131,131,2620.0,17,1.0,0.8910770416259766,4,6,0.927743673324585,0.9132447838783264,False,,,,,False,,,,832.6636695861816,345.25169563293457,838.9490365982056,324.04787826538086,22.115779647853497,2,0,True,1,0.006165332205983379,0.6588115651825068,824.9789352416992,306.64132499694824,19.8226318359375,64.67220497131348,834.890251159668,338.977427482605,831.6071428571429,348.3928571428571,9.97141493536723,0.07095477925534383,1.0,67.64193099516531,,True,,,37.76741373851708,,False,False,False,False,INVALID_TRACK_SEGMENT,Valid-looking pose segment is too short to establish target identity continuity.,False,,INVALID_TRACK_SEGMENT,Valid-looking pose segment is too short to establish target identity continuity.,NOT_REVIEWED,False
132,132,132,2640.0,17,1.0,0.7329544425010681,4,6,0.8571048974990845,0.7742209434509277,False,,,,,False,,,,845.2683334350586,345.3712730407715,849.949197769165,322.4872627258301,23.357834210573856,1,0,False,0,0.0,,836.0120906829834,306.8040657043457,20.874902725219727,62.704830169677734,846.4495420455933,338.15648078918457,834.0178571428571,350.625,17.607122446083896,0.11961619680460983,1.0,66.08825380047134,0.04113803517103048,True,12.605231037138928,11.11031352615091,37.76741373851708,0.032886937170750724,False,False,False,False,INVALID_TRACK_SEGMENT,Valid-looking pose segment is too short to establish target identity continuity.,False,,INVALID_TRACK_SEGMENT,Valid-looking pose segment is too short to establish target identity continuity.,NOT_REVIEWED,False
133,133,133,2660.0,0,0.0,,0,0,,,False,,,,,False,,,,,,,,,1,0,False,0,,,,,,,,,,,,,,,,True,,,37.76741373851708,,False,False,False,False,TARGET_NOT_FOUND,No observed landmarks returned by pose backend.,False,,TARGET_NOT_FOUND,No observed landmarks returned by pose backend.,NOT_REVIEWED,False
134,134,134,2680.0,17,1.0,0.86057049036026,4,6,0.9294438362121582,0.8609903454780579,False,,,,,False,,,,852.5988483428955,345.1838550567627,857.2692317962646,321.005708694458,24.625093768725666,2,1,True,1,0.008484547294036119,0.7291687840230301,843.9391937255859,305.8884449005127,20.133811950683594,68.1043529510498,854.0060997009277,339.9406213760376,840.1428571428571,353.8571428571429,19.64329565928196,0.1274880610569217,1.0,71.01811933969144,,True,,,37.76741373851708,,False,False,False,False,INVALID_TRACK_SEGMENT,Valid-looking pose segment is too short to establish target identity continuity.,False,,INVALID_TRACK_SEGMENT,Valid-looking pose segment is too short to establish target identity continuity.,NOT_REVIEWED,False
135,135,135,2700.0,17,1.0,0.560253381729126,4,6,0.652857631444931,0.18603702634572983,False,,,,,False,,,,867.0737476348877,342.1261959075928,867.6471481323242,320.32765197753906,21.806084141838532,2,1,True,1,0.0,1.4499101221386301,859.9822616577148,307.0381832122803,15.29736328125,42.67411994934082,867.6309432983398,328.3752431869507,843.8571428571429,354.8571428571429,35.58770289805149,0.23046984875905313,1.0,45.333098689691,0.6800841812423493,True,14.79432286337629,10.400043672485756,37.76741373851708,0.07464132032986331,False,False,True,False,TARGET_IDENTITY_UNCERTAIN,TARGET_OVERLAP_AMBIGUOUS: multiple pose candidates plus a target-continuity jump.,False,,TARGET_IDENTITY_UNCERTAIN,TARGET_OVERLAP_AMBIGUOUS: multiple pose candidates plus a target-continuity jump.,NOT_REVIEWED,False
136,136,136,2720.0,17,1.0,0.9354641437530518,4,6,0.9770459234714508,0.9503061473369598,False,,,,,False,,,,860.6921463012695,345.17849922180176,866.1131820678711,319.14106273651123,26.595784017552702,2,0,True,1,0.010650203708021663,0.7184800746727815,851.415885925293,304.91777420043945,20.847450256347656,71.3863410949707,861.8396110534668,340.6109447479248,847.5714285714286,355.85714285714283,20.881273623183677,0.13483643551828334,1.0,74.36817785261645,0.7687865355025368,True,7.073993999373217,1.9393416186471157,37.76741373851708,0.12682096552535174,False,False,True,False,TARGET_IDENTITY_UNCERTAIN,TARGET_OVERLAP_AMBIGUOUS: multiple pose candidates plus a target-continuity jump.,False,,TARGET_IDENTITY_UNCERTAIN,TARGET_OVERLAP_AMBIGUOUS: multiple pose candidates plus a target-continuity jump.,NOT_REVIEWED,False
137,137,137,2740.0,17,1.0,0.6234068870544434,4,6,0.7953176200389862,0.10926063731312752,False,,,,,False,,,,866.3375644683838,375.4178161621094,869.8046588897705,351.6278648376465,24.041267182640862,2,1,True,1,0.012075972574646873,0.8570358172988756,851.610668182373,339.8095474243164,20.944332122802734,45.1396484375,862.0828342437744,362.3793716430664,851.2857142857143,356.8571428571429,12.127357921361998,0.07802528074405699,1.0,49.76196247266945,0.6515197347191494,True,30.76177880581614,32.69586077602097,37.76741373851708,0.0676381192685857,False,False,True,False,TARGET_IDENTITY_UNCERTAIN,TARGET_OVERLAP_AMBIGUOUS: multiple pose candidates plus a target-continuity jump.,False,,TARGET_IDENTITY_UNCERTAIN,TARGET_OVERLAP_AMBIGUOUS: multiple pose candidates plus a target-continuity jump.,NOT_REVIEWED,False
138,138,138,2760.0,17,1.0,0.9202051758766174,4,6,0.9470795691013336,0.6943614780902863,False,,,,,False,,,,864.6108417510986,378.7384147644043,869.6662883758545,352.05656242370605,27.156560623661083,3,2,True,2,0.45961636196679956,0.23834963781994187,853.7517127990723,339.4007987976074,20.059581756591797,79.34158706665039,863.7815036773682,379.0715923309326,855.0,357.8571428571429,22.960132258147116,0.14707947678599223,1.0,81.83809784265672,0.8493071723699852,True,3.7427191211673394,0.4504753260886605,37.76741373851708,0.0824862793780102,False,True,True,False,TARGET_IDENTITY_UNCERTAIN,TARGET_OVERLAP_AMBIGUOUS: another detected person overlaps or is too close to the selected pose for automated identity acceptance.,False,,TARGET_IDENTITY_UNCERTAIN,TARGET_OVERLAP_AMBIGUOUS: another detected person overlaps or is too close to the selected pose for automated identity acceptance.,NOT_REVIEWED,False
139,139,139,2780.0,17,1.0,0.13741783797740936,4,6,0.40293232537806034,0.011539807077497244,False,,,,,False,,,,884.8814468383789,425.0,886.2480049133301,404.7780570983887,20.268064922143974,1,0,False,0,0.0,,872.8542251586914,387.7421646118164,23.899085998535156,37.257835388183594,884.803768157959,406.3710823059082,861.2857142857142,356.85714285714283,54.815408943779765,0.3537260819042554,0.9961657154429729,44.26412327583553,0.9948781461967409,True,50.507739002204,55.267615509100615,37.76741373851708,0.18239257125758335,False,False,False,False,LOW_POSE_CONFIDENCE,Frame/core landmark confidence below threshold.,False,,LOW_POSE_CONFIDENCE,Frame/core landmark confidence below threshold.,NOT_REVIEWED,False
140,140,140,2800.0,17,1.0,0.12819956243038177,4,6,0.3470219112932682,0.025335737504065037,False,,,,,False,,,,886.5072898864746,424.0,886.6914196014404,403.76612091064453,20.23471686865398,1,0,False,0,0.0,,874.5510940551758,386.73065185546875,25.280242919921875,37.26934814453125,887.1912155151367,405.3653259277344,867.5714285714287,355.8571428571429,53.254072432704135,0.3460988501294628,1.0,45.03437568356571,0.020394629430096282,True,1.9087602303697357,1.1048219013479705,37.76741373851708,0.0008829848323975866,False,False,False,False,LOW_POSE_CONFIDENCE,Frame/core landmark confidence below threshold.,False,,LOW_POSE_CONFIDENCE,Frame/core landmark confidence below threshold.,NOT_REVIEWED,False
141,141,141,2820.0,0,0.0,,0,0,,,False,,,,,False,,,,,,,,,1,0,False,0,,,,,,,,,,,,,,,,True,,,37.76741373851708,,False,False,False,False,TARGET_NOT_FOUND,No observed landmarks returned by pose backend.,False,,TARGET_NOT_FOUND,No observed landmarks returned by pose backend.,NOT_REVIEWED,False
142,142,142,2840.0,0,0.0,,0,0,,,False,,,,,False,,,,,,,,,1,0,False,0,,,,,,,,,,,,,,,,True,,,37.76741373851708,,False,False,False,False,TARGET_NOT_FOUND,No observed landmarks returned by pose backend.,False,,TARGET_NOT_FOUND,No observed landmarks returned by pose backend.,NOT_REVIEWED,False
143,143,143,2860.0,0,0.0,,0,0,,,False,,,,,False,,,,,,,,,1,0,False,0,,,,,,,,,,,,,,,,True,,,37.76741373851708,,False,False,False,False,TARGET_NOT_FOUND,No observed landmarks returned by pose backend.,False,,TARGET_NOT_FOUND,No observed landmarks returned by pose backend.,NOT_REVIEWED,False
144,144,144,2880.0,17,1.0,0.8294284343719482,4,6,0.9272345006465912,0.8474088609218597,False,,,,,False,,,,907.6866989135742,347.772274017334,907.6915283203125,320.4048099517822,27.367464491663018,1,0,False,0,0.0,,897.626537322998,307.93343353271484,19.213897705078125,66.02410125732422,907.2334861755371,340.94548416137695,893.1428571428571,350.5714285714286,17.064718934749827,0.11684226633384492,1.0,68.76304103120083,,True,,,37.76741373851708,,False,False,False,False,INVALID_TRACK_SEGMENT,Valid-looking pose segment is too short to establish target identity continuity.,False,,INVALID_TRACK_SEGMENT,Valid-looking pose segment is too short to establish target identity continuity.,NOT_REVIEWED,False
145,145,145,2900.0,0,0.0,,0,0,,,False,,,,,False,,,,,,,,,1,0,False,0,,,,,,,,,,,,,,,,True,,,37.76741373851708,,False,False,False,False,TARGET_NOT_FOUND,No observed landmarks returned by pose backend.,False,,TARGET_NOT_FOUND,No observed landmarks returned by pose backend.,NOT_REVIEWED,False
146,146,146,2920.0,0,0.0,,0,0,,,False,,,,,False,,,,,,,,,1,0,False,0,,,,,,,,,,,,,,,,True,,,37.76741373851708,,False,False,False,False,TARGET_NOT_FOUND,No observed landmarks returned by pose backend.,False,,TARGET_NOT_FOUND,No observed landmarks returned by pose backend.,NOT_REVIEWED,False
147,147,147,2940.0,0,0.0,,0,0,,,False,,,,,False,,,,,,,,,1,0,False,0,,,,,,,,,,,,,,,,True,,,37.76741373851708,,False,False,False,False,TARGET_NOT_FOUND,No observed landmarks returned by pose backend.,False,,TARGET_NOT_FOUND,No observed landmarks returned by pose backend.,NOT_REVIEWED,False
148,148,148,2960.0,17,1.0,0.8256051540374756,4,6,0.9449956119060516,0.9484576880931854,False,,,,,False,,,,922.8420524597168,316.70774841308594,922.3655681610107,304.7983112335205,11.91896519085985,1,0,False,0,0.0,,918.5165252685547,300.454909324646,7.454441070556641,34.772332191467285,922.243745803833,317.84107542037964,920.0,341.42857142857144,23.69397314020345,0.18305888129315498,1.0,35.56239274441687,,True,,,37.76741373851708,,False,False,False,False,INVALID_TRACK_SEGMENT,Valid-looking pose segment is too short to establish target identity continuity.,False,,INVALID_TRACK_SEGMENT,Valid-looking pose segment is too short to establish target identity continuity.,NOT_REVIEWED,False
149,149,149,2980.0,0,0.0,,0,0,,,False,,,,,False,,,,,,,,,1,0,False,0,,,,,,,,,,,,,,,,True,,,37.76741373851708,,False,False,False,False,TARGET_NOT_FOUND,No observed landmarks returned by pose backend.,False,,TARGET_NOT_FOUND,No observed landmarks returned by pose backend.,NOT_REVIEWED,False
150,150,150,3000.0,0,0.0,,0,0,,,False,,,,,False,,,,,,,,,1,0,False,0,,,,,,,,,,,,,,,,True,,,37.76741373851708,,False,False,False,False,TARGET_NOT_FOUND,No observed landmarks returned by pose backend.,False,,TARGET_NOT_FOUND,No observed landmarks returned by pose backend.,NOT_REVIEWED,False
151,151,151,3020.0,17,1.0,0.8645030856132507,4,6,0.9512612819671631,0.9628319442272186,False,,,,,False,,,,939.1932544708252,323.8354148864746,938.7193298339844,308.24175453186035,15.600860483206468,1,0,False,0,0.0,,932.8946228027344,302.212721824646,10.307506561279297,42.68388843536377,938.048376083374,323.5546660423279,931.0,346.28571428571433,23.798742816708646,0.17510517251499547,1.0,43.91080759304475,,True,,,37.76741373851708,,False,False,False,False,INVALID_TRACK_SEGMENT,Valid-looking pose segment is too short to establish target identity continuity.,False,,INVALID_TRACK_SEGMENT,Valid-looking pose segment is too short to establish target identity continuity.,NOT_REVIEWED,False
152,152,152,3040.0,0,0.0,,0,0,,,False,,,,,False,,,,,,,,,1,0,False,0,,,,,,,,,,,,,,,,True,,,37.76741373851708,,False,False,False,False,TARGET_NOT_FOUND,No observed landmarks returned by pose backend.,False,,TARGET_NOT_FOUND,No observed landmarks returned by pose backend.,NOT_REVIEWED,False
153,153,153,3060.0,0,0.0,,0,0,,,False,,,,,False,,,,,,,,,1,0,False,0,,,,,,,,,,,,,,,,True,,,37.76741373851708,,False,False,False,False,TARGET_NOT_FOUND,No observed landmarks returned by pose backend.,False,,TARGET_NOT_FOUND,No observed landmarks returned by pose backend.,NOT_REVIEWED,False
154,154,154,3080.0,17,1.0,0.7574020624160767,4,6,0.9665054082870483,0.8875949084758759,False,,,,,False,,,,949.1851768493652,365.5851020812988,950.7087879180908,342.5188388824463,23.11652847309652,1,0,False,0,0.0,,926.1929244995117,334.8053550720215,25.71518325805664,46.52976608276367,939.05051612854,358.0702381134033,942.0,351.1428571428571,7.529147509452062,0.05284106862601334,1.0,53.16286092482365,,True,,,37.76741373851708,,False,False,False,False,INVALID_TRACK_SEGMENT,Valid-looking pose segment is too short to establish target identity continuity.,False,,INVALID_TRACK_SEGMENT,Valid-looking pose segment is too short to establish target identity continuity.,NOT_REVIEWED,False
155,155,155,3100.0,17,1.0,0.7216224074363708,4,6,0.9740742743015289,0.8877866864204407,False,,,,,False,,,,951.2393741607666,359.4410972595215,950.8005714416504,326.2300434112549,33.213952573260045,1,0,False,0,0.0,,923.9493770599365,312.39326095581055,28.99787712097168,72.35924911499023,938.4483156204224,348.57288551330566,945.6666666666666,352.7619047619048,8.345805778470398,0.057677416976214334,1.0,77.9534335998626,0.6564011199357372,True,6.478311650746038,16.289054058400772,37.76741373851708,0.2673581032069896,False,False,False,False,INVALID_TRACK_SEGMENT,Valid-looking pose segment is too short to establish target identity continuity.,False,,INVALID_TRACK_SEGMENT,Valid-looking pose segment is too short to establish target identity continuity.,NOT_REVIEWED,False
156,156,156,3120.0,0,0.0,,0,0,,,False,,,,,False,,,,,,,,,1,0,False,0,,,,,,,,,,,,,,,,True,,,37.76741373851708,,False,False,False,False,TARGET_NOT_FOUND,No observed landmarks returned by pose backend.,False,,TARGET_NOT_FOUND,No observed landmarks returned by pose backend.,NOT_REVIEWED,False
157,157,157,3140.0,17,1.0,0.791795015335083,4,6,0.8688912093639374,0.34866440296173096,False,,,,,False,,,,959.7449035644531,366.23976135253906,963.5819625854492,321.93860054016113,44.46702004019133,1,0,False,0,0.0,,936.2502975463867,306.92992973327637,32.72592544555664,75.59982490539551,952.613260269165,344.7298421859741,953.0,356.0,11.27679142187417,0.07560845065779237,1.0,82.37912188166726,,True,,,37.76741373851708,,False,False,False,False,INVALID_TRACK_SEGMENT,Valid-looking pose segment is too short to establish target identity continuity.,False,,INVALID_TRACK_SEGMENT,Valid-looking pose segment is too short to establish target identity continuity.,NOT_REVIEWED,False
158,158,158,3160.0,0,0.0,,0,0,,,False,,,,,False,,,,,,,,,1,0,False,0,,,,,,,,,,,,,,,,True,,,37.76741373851708,,False,False,False,False,TARGET_NOT_FOUND,No observed landmarks returned by pose backend.,False,,TARGET_NOT_FOUND,No observed landmarks returned by pose backend.,NOT_REVIEWED,False
159,159,159,3180.0,17,1.0,0.5354917049407959,4,6,0.909713864326477,0.45927679538726807,False,,,,,False,,,,970.6093788146973,362.49980545043945,969.9454574584961,320.66111850738525,41.84395436244182,1,0,False,0,0.0,,950.3925228118896,306.674765586853,23.668725967407227,74.11570835113525,962.2268857955933,343.73261976242065,960.3333333333334,359.23809523809524,15.620669340782953,0.10167759800102173,1.0,77.80325708677469,,True,,,37.76741373851708,,False,False,False,False,VALID_TARGET,,True,7,VALID_TARGET,,NOT_REVIEWED,False
160,160,160,3200.0,17,1.0,0.6799830794334412,4,6,0.9138094782829285,0.3601645529270172,False,,,,,False,,,,968.0342617034912,364.46546173095703,968.7905578613281,321.0529851913452,43.41906382202068,1,0,False,0,0.0,,952.823371887207,307.16166591644287,21.79122543334961,74.62024021148682,963.7189846038818,344.4717860221863,964.0,360.85714285714283,16.387766420769882,0.105129336460685,1.0,77.73697804203002,0.0017549267525586647,True,3.239603795152181,1.2195706529498456,37.76741373851708,0.04170551551356261,False,False,False,False,VALID_TARGET,,True,7,VALID_TARGET,,NOT_REVIEWED,False
161,161,161,3220.0,17,1.0,0.8767459392547607,4,6,0.9268937706947327,0.8830446898937225,False,,,,,False,,,,979.2534236907959,347.94618034362793,981.651180267334,317.8052272796631,30.236175158317618,1,0,False,0,0.0,,953.9280376434326,301.6702837944031,30.544466018676758,64.40917634963989,969.200270652771,333.874871969223,967.6666666666667,362.4761904761905,28.642404953550848,0.1811186071360759,1.0,71.28468560921841,0.17084284556745372,True,19.968882123222123,13.264371079050594,37.76741373851708,0.34905457797494094,False,False,False,False,VALID_TARGET,,True,7,VALID_TARGET,,NOT_REVIEWED,False
162,162,162,3240.0,17,1.0,0.7850122451782227,4,6,0.9562613666057587,0.8011582493782043,False,,,,,False,,,,977.5960159301758,354.9802894592285,983.2976474761963,317.5660705566406,37.84616728781583,1,0,False,0,0.0,,948.0279941558838,300.67789030075073,37.60726356506348,77.46935701370239,966.8316259384155,339.41256880760193,971.3333333333334,364.0952380952381,25.089829266702367,0.15641223878666877,1.0,86.11508316763464,0.3926770750333759,True,7.226734500114076,1.663745836366141,37.76741373851708,0.201496247060655,False,False,False,False,VALID_TARGET,,True,7,VALID_TARGET,,NOT_REVIEWED,False
163,163,163,3260.0,17,1.0,0.6453621983528137,4,6,0.9042745232582092,0.6149163246154785,False,,,,,False,,,,984.0944328308105,355.15961265563965,985.8517169952393,317.6548538208008,37.54590500832249,1,0,False,0,0.0,,970.896411895752,302.3612198829651,27.066513061523438,66.17769002914429,984.4296684265137,335.45006489753723,975.0,365.7142857142857,31.699238291777636,0.19485446669418202,1.0,71.4988306680824,0.3870069738094312,True,6.500890633076875,2.5556121724743983,37.76741373851708,0.007950300266049629,False,False,False,False,VALID_TARGET,,True,7,VALID_TARGET,,NOT_REVIEWED,False
164,164,164,3280.0,17,1.0,0.6917506456375122,4,6,0.9490580260753632,0.6803935468196869,False,,,,,False,,,,984.6399745941162,356.24122619628906,985.1898384094238,319.51944732666016,36.725895408625625,1,0,False,0,0.0,,970.8357200622559,305.09269428253174,24.691787719726562,70.4944257736206,983.1816139221191,340.33990716934204,975.9047619047619,366.42857142857144,27.084515467575002,0.16490148055518197,1.0,74.6936974981728,0.0845932118150867,True,1.2114056574190228,1.9785833832451916,37.76741373851708,0.02171209300626748,False,False,False,False,VALID_TARGET,,True,7,VALID_TARGET,,NOT_REVIEWED,False
165,165,165,3300.0,0,0.0,,0,0,,,False,,,,,False,,,,,,,,,1,0,False,0,,,,,,,,,,,,,,,,True,,,37.76741373851708,,False,False,False,False,TARGET_NOT_FOUND,No observed landmarks returned by pose backend.,False,,TARGET_NOT_FOUND,No observed landmarks returned by pose backend.,NOT_REVIEWED,False
166,166,166,3320.0,17,1.0,0.6530988216400146,4,6,0.9011111259460449,0.5663309842348099,False,,,,,False,,,,991.0194988250732,362.5513153076172,991.848711013794,333.486234664917,29.076906740927388,1,0,False,0,0.0,,974.1854515075684,320.74258613586426,22.42821502685547,49.77896690368652,985.3995590209961,345.6320695877075,977.7142857142858,367.85714285714283,23.516320027389536,0.1404857043264602,1.0,54.5982634823598,,True,,,37.76741373851708,,False,False,False,False,INVALID_TRACK_SEGMENT,Valid-looking pose segment is too short to establish target identity continuity.,False,,INVALID_TRACK_SEGMENT,Valid-looking pose segment is too short to establish target identity continuity.,NOT_REVIEWED,False
167,167,167,3340.0,17,1.0,0.8254491686820984,4,6,0.9409260153770447,0.9145150184631348,False,,,,,False,,,,993.4690189361572,370.5506477355957,996.225399017334,333.4965705871582,37.15645656510139,1,0,False,0,0.0,,965.6436576843262,322.0918216705322,38.60917282104492,89.15447044372559,984.9482440948486,366.669056892395,978.6190476190477,368.5714285714286,6.608914134294677,0.039112027020868835,1.0,97.15548273785917,1.1268237626792383,True,8.365970838337505,4.37670020810426,37.76741373851708,0.21392912631277353,False,False,False,False,INVALID_TRACK_SEGMENT,Valid-looking pose segment is too short to establish target identity continuity.,False,,INVALID_TRACK_SEGMENT,Valid-looking pose segment is too short to establish target identity continuity.,NOT_REVIEWED,False
168,168,168,3360.0,17,1.0,0.8703151941299438,4,6,0.9031552970409393,0.8703678548336029,False,,,,,False,,,,1000.6176605224609,375.1930122375488,1001.2204666137695,336.28428840637207,38.91339313596928,2,0,True,1,0.4182847632826778,0.18482338235887794,967.3552131652832,320.70688819885254,35.46953201293945,97.94558525085449,985.0899791717529,369.6796808242798,979.5238095238095,369.28571428571433,5.580094460060307,0.032716319662833664,1.0,104.17017505672793,0.18573398664348634,True,8.523768221768194,5.720320876709882,37.76741373851708,0.04651990689730714,False,True,True,False,TARGET_IDENTITY_UNCERTAIN,TARGET_OVERLAP_AMBIGUOUS: another detected person overlaps or is too close to the selected pose for automated identity acceptance.,False,,TARGET_IDENTITY_UNCERTAIN,TARGET_OVERLAP_AMBIGUOUS: another detected person overlaps or is too close to the selected pose for automated identity acceptance.,NOT_REVIEWED,False
169,169,169,3380.0,17,1.0,0.7794603705406189,4,6,0.9066842794418335,0.5978318750858307,False,,,,,False,,,,1005.5241584777832,375.33850479125977,1004.3978157043457,338.81774139404297,36.53812812882955,1,0,False,0,0.0,,975.7933578491211,320.0089530944824,32.87299346923828,67.98984146118164,992.2298545837402,354.00387382507324,980.4285714285714,370.0,19.878288072986756,0.11547016466017102,1.0,75.51987977708384,0.758598284701319,True,4.908654629200032,4.063733663039918,37.76741373851708,0.06289191586124729,False,False,False,False,INVALID_TRACK_SEGMENT,Valid-looking pose segment is too short to establish target identity continuity.,False,,INVALID_TRACK_SEGMENT,Valid-looking pose segment is too short to establish target identity continuity.,NOT_REVIEWED,False
170,170,170,3400.0,17,1.0,0.6530799269676208,4,6,0.7231385409832001,0.4244866967201233,False,,,,,False,,,,1007.3858299255371,369.6937561035156,1003.5995407104492,338.8889808654785,31.03659394144717,1,0,False,0,0.0,,980.7624664306641,322.98034477233887,27.883201599121094,49.13802528381348,994.7040672302246,347.5493574142456,981.3333333333333,370.7142857142857,26.746783509190013,0.15394142449925297,1.0,56.497950938152805,0.5036598208876435,True,5.943821020788843,0.80144745814735,37.76741373851708,0.14566880924048137,False,False,False,False,INVALID_TRACK_SEGMENT,Valid-looking pose segment is too short to establish target identity continuity.,False,,INVALID_TRACK_SEGMENT,Valid-looking pose segment is too short to establish target identity continuity.,NOT_REVIEWED,False
171,171,171,3420.0,17,1.0,0.7354037761688232,4,6,0.9006772637367249,0.8020769953727722,False,,,,,False,,,,1003.0137748718262,377.7126693725586,1003.9633560180664,339.97096252441406,37.753650686583605,2,1,True,1,0.5377591533969643,0.1717944923621388,972.0941009521484,326.29631423950195,33.55644989013672,92.24354934692383,988.8723258972168,372.41808891296387,982.2380952380952,371.42857142857144,6.707619644132149,0.03825345704259579,1.0,98.15756580797849,1.1030571263962177,True,9.133336488332878,1.1415103540176528,37.76741373851708,0.1778532359044233,False,True,True,False,TARGET_IDENTITY_UNCERTAIN,TARGET_OVERLAP_AMBIGUOUS: another detected person overlaps or is too close to the selected pose for automated identity acceptance.,False,,TARGET_IDENTITY_UNCERTAIN,TARGET_OVERLAP_AMBIGUOUS: another detected person overlaps or is too close to the selected pose for automated identity acceptance.,NOT_REVIEWED,False
172,172,172,3440.0,17,1.0,0.7875057458877563,4,6,0.9227153360843658,0.8356733918190002,False,,,,,False,,,,1001.9496841430664,379.252254486084,1004.7171859741211,342.2490577697754,37.10654435016446,1,0,False,0,0.0,,973.1172065734863,330.7413139343262,33.5422248840332,90.67777633666992,989.8883190155029,376.08020210266113,983.1428571428571,372.1428571428571,7.810501981807096,0.04413922210291804,1.0,96.68267668788546,0.03905189617442244,True,1.8715264894789705,2.3995786191711455,37.76741373851708,0.01713398595147094,False,False,False,False,INVALID_TRACK_SEGMENT,Valid-looking pose segment is too short to establish target identity continuity.,False,,INVALID_TRACK_SEGMENT,Valid-looking pose segment is too short to establish target identity continuity.,NOT_REVIEWED,False
173,173,173,3460.0,17,1.0,0.8944547176361084,4,6,0.9645929336547852,0.4404250234365463,False,,,,,False,,,,1007.1873435974121,377.6106643676758,1006.33717918396,342.6900825500488,34.930929189065075,1,0,False,0,0.0,,980.252025604248,327.4253387451172,33.465030670166016,66.27388000488281,996.984540939331,360.5622787475586,984.047619047619,372.85714285714283,17.84734242136348,0.0999511592345254,1.0,74.24375696755087,0.594134400509672,True,5.488888291498779,1.6789523092510013,37.76741373851708,0.05760561674045969,False,False,False,False,INVALID_TRACK_SEGMENT,Valid-looking pose segment is too short to establish target identity continuity.,False,,INVALID_TRACK_SEGMENT,Valid-looking pose segment is too short to establish target identity continuity.,NOT_REVIEWED,False
174,174,174,3480.0,17,1.0,0.8432927131652832,4,6,0.9525481462478638,0.4196741431951523,False,,,,,False,,,,1004.8423233032227,385.4436225891113,1003.3621158599854,350.54811668395996,34.92688572506099,1,0,False,0,0.0,,979.0301818847656,329.45672607421875,35.2236328125,74.44723510742188,996.6419982910156,366.6803436279297,984.952380952381,373.57142857142856,13.569605934669765,0.07531388986930038,1.0,82.35954785967184,0.21488871195445625,True,8.176451227697449,8.40236289571995,37.76741373851708,0.00010706224238914619,False,False,False,False,INVALID_TRACK_SEGMENT,Valid-looking pose segment is too short to establish target identity continuity.,False,,INVALID_TRACK_SEGMENT,Valid-looking pose segment is too short to establish target identity continuity.,NOT_REVIEWED,False
175,175,175,3500.0,17,1.0,0.910775363445282,4,6,0.9601517021656036,0.8149930834770203,False,,,,,False,,,,1003.4549694061279,385.2496795654297,1004.00807762146,350.9315891265869,34.32254740060038,2,1,True,1,0.5397730793195663,0.1413157693866849,972.1299743652344,338.42250061035156,39.38816833496094,80.6685562133789,991.8240585327148,378.756778717041,985.8571428571429,374.28571428571433,7.4561719285744,0.041014955994157325,1.0,89.77106307900276,0.196241004762587,True,1.400844292638801,0.7512108302877841,37.76741373851708,0.01600158085075016,False,True,True,False,TARGET_IDENTITY_UNCERTAIN,TARGET_OVERLAP_AMBIGUOUS: another detected person overlaps or is too close to the selected pose for automated identity acceptance.,False,,TARGET_IDENTITY_UNCERTAIN,TARGET_OVERLAP_AMBIGUOUS: another detected person overlaps or is too close to the selected pose for automated identity acceptance.,NOT_REVIEWED,False
176,176,176,3520.0,0,0.0,,0,0,,,False,,,,,False,,,,,,,,,1,0,False,0,,,,,,,,,,,,,,,,True,,,37.76741373851708,,False,False,False,False,TARGET_NOT_FOUND,No observed landmarks returned by pose backend.,False,,TARGET_NOT_FOUND,No observed landmarks returned by pose backend.,NOT_REVIEWED,False
177,177,177,3540.0,0,0.0,,0,0,,,False,,,,,False,,,,,,,,,1,0,False,0,,,,,,,,,,,,,,,,True,,,37.76741373851708,,False,False,False,False,TARGET_NOT_FOUND,No observed landmarks returned by pose backend.,False,,TARGET_NOT_FOUND,No observed landmarks returned by pose backend.,NOT_REVIEWED,False
178,178,178,3560.0,17,1.0,0.6463318467140198,4,6,0.9509340524673462,0.7673593163490295,False,,,,,False,,,,999.8046855926514,394.9192008972168,997.5921649932861,357.6737480163574,37.311111048894425,1,0,False,0,0.0,,969.9820365905762,343.09314727783203,33.896602630615234,82.12261199951172,986.9303379058838,384.1544532775879,988.5714285714286,376.42857142857144,7.898254802011641,0.0423118039446436,1.0,88.84313744752701,,True,,,37.76741373851708,,False,False,False,False,VALID_TARGET,,True,8,VALID_TARGET,,NOT_REVIEWED,False
179,179,179,3580.0,17,1.0,0.7727515697479248,4,6,0.949772983789444,0.7869456112384796,False,,,,,False,,,,998.1014347076416,393.71837997436523,996.1209030151367,355.91981315612793,37.850418218267635,1,0,False,0,0.0,,972.1174049377441,340.6471977233887,27.97500228881836,87.96339797973633,986.1049060821533,384.62889671325684,988.5714285714286,376.42857142857144,8.56323933828496,0.04587419792031658,1.0,92.30471351562105,0.09165509960677413,True,2.0839948334975853,2.2893010510364022,37.76741373851708,0.014279695536133508,False,False,False,False,VALID_TARGET,,True,8,VALID_TARGET,,NOT_REVIEWED,False
180,180,180,3600.0,17,1.0,0.8711338639259338,4,6,0.9117632508277893,0.8561939001083374,False,,,,,False,,,,994.7976493835449,387.1466293334961,993.9169178009033,355.61215591430664,31.546770071533924,1,0,False,0,0.0,,967.062183380127,343.0586051940918,29.863323211669922,82.50288009643555,981.9938449859619,384.31004524230957,988.5714285714286,376.42857142857144,10.26558499552948,0.05499384745061536,1.0,87.74134314820742,0.12082824624974717,True,7.355467623032581,2.225354758910256,37.76741373851708,0.16690706412615536,False,False,False,False,VALID_TARGET,,True,8,VALID_TARGET,,NOT_REVIEWED,False
181,181,181,3620.0,17,1.0,0.8522407412528992,4,6,0.952294111251831,0.9724922776222229,False,,,,,False,,,,988.8692836761475,371.7272300720215,987.1668739318848,348.3381881713867,23.4509163993011,1,0,False,0,0.0,,967.9360084533691,340.48485565185547,21.411319732666016,81.53357696533203,978.6416683197021,381.2516441345215,988.5714285714286,376.42857142857144,11.039119937007928,0.059137757669849036,1.0,84.29809479137815,0.09116982117622943,True,16.519787938875304,9.92339150485934,37.76741373851708,0.21436081719242192,False,False,False,False,VALID_TARGET,,True,8,VALID_TARGET,,NOT_REVIEWED,False
182,182,182,3640.0,17,1.0,0.733448326587677,4,6,0.8547122776508331,0.8393069207668304,False,,,,,False,,,,992.4131278991699,384.8262519836426,987.3299236297607,359.4773368835449,25.85355802199184,1,0,False,0,0.0,,962.9267673492432,347.51281356811523,29.711393356323242,75.62417984008789,977.7824640274048,385.3249034881592,988.5714285714286,376.42857142857144,13.983793478403868,0.07491269184046997,1.0,81.25135981422173,0.08067099850284976,True,13.569937616591286,11.140341971212248,37.76741373851708,0.0636167898423081,False,False,False,False,VALID_TARGET,,True,8,VALID_TARGET,,NOT_REVIEWED,False
183,183,183,3660.0,17,1.0,0.8656324744224548,4,6,0.9449794590473175,0.9000065326690674,False,,,,,False,,,,989.2519397735596,401.6834182739258,987.060604095459,368.90314865112305,32.85343252382862,1,0,False,0,0.0,,959.2296142578125,352.52648162841797,34.6026496887207,78.5873794555664,976.5309391021729,391.8201713562012,988.5714285714286,376.42857142857144,19.54161546524414,0.10468654443972022,1.0,85.86803581760505,0.12223966500186915,True,17.151010632139442,9.429658556351379,37.76741373851708,0.18534164267377312,False,False,False,False,VALID_TARGET,,True,8,VALID_TARGET,,NOT_REVIEWED,False
