frame_index,source_frame_index,analysis_frame_index,timestamp_ms,observed_landmark_count,observed_fraction,median_confidence,core_observed_count,lower_limb_observed_count,core_median_confidence,lower_limb_median_confidence,human_target_unavailable,human_target_unavailable_reason,human_target_unavailable_note,human_target_unavailable_start_frame,human_target_unavailable_end_frame,human_target_accepted,human_target_accepted_note,human_target_accepted_start_frame,human_target_accepted_end_frame,pelvis_x,pelvis_y,shoulder_mid_x,shoulder_mid_y,body_scale_px,backend_pose_count,selected_pose_index,multiple_pose_candidates,competing_pose_count,competing_pose_max_iou,competing_pose_min_center_distance_fraction,pose_bbox_x,pose_bbox_y,pose_bbox_width,pose_bbox_height,pose_centroid_x,pose_centroid_y,roi_center_x,roi_center_y,roi_pose_centroid_distance_px,roi_pose_centroid_distance_fraction,pose_roi_overlap_fraction,pose_scale_px,pose_scale_relative_change,pose_centroid_consistent_with_roi,pelvis_jump_px,shoulder_jump_px,body_scale_reference_px,body_scale_relative_change,identity_jump_flag,competing_pose_proximity_flag,target_overlap_ambiguous_flag,identity_uncertain_flag,frame_status,frame_rejection_reason,valid_target_frame,valid_segment_id,automatic_frame_status,automatic_frame_rejection_reason,manual_review_decision,manual_override_applied
0,0,0,0.0,17,1.0,0.8839982748031616,4,6,0.9712772965431213,0.88737753033638,False,,,,,False,,,,671.1948223114014,268.51440238952637,672.8516178131104,248.4324083328247,20.15022224760521,1,0,False,0,0.0,,653.7251777648926,241.30580520629883,30.381916046142578,51.729496002197266,668.9161357879639,267.17055320739746,682.1428571428571,275.7142857142857,15.746158990345808,0.10114340679144919,1.0,59.99167925034437,,True,,,29.8712086110712,,False,False,False,False,VALID_TARGET,,True,1,VALID_TARGET,,NOT_REVIEWED,False
1,1,1,33.333333333333336,17,1.0,0.8377712965011597,4,6,0.963578999042511,0.7710067927837372,False,,,,,False,,,,671.6580638885498,268.88395500183105,672.8541431427002,248.2456455230713,20.672939406946323,1,0,False,0,0.0,,657.9748001098633,241.38257217407227,25.64345932006836,50.39017105102539,670.7965297698975,266.57765769958496,680.7142857142858,276.0,13.680000635915205,0.08651653083500827,1.0,56.539865090496974,0.11555656166413182,True,0.59258914271204,0.1867798822050403,29.8712086110712,0.01749902945498421,False,False,False,False,VALID_TARGET,,True,1,VALID_TARGET,,NOT_REVIEWED,False
2,2,2,66.66666666666667,17,1.0,0.9677999019622803,4,6,0.990961492061615,0.9882517755031586,False,,,,,False,,,,667.9502429962158,268.36284828186035,672.2527866363525,247.36490535736084,21.43421304447215,1,0,False,0,0.0,,650.3740177154541,239.9889736175537,34.42141151428223,60.88424873352051,667.5847234725952,270.43109798431396,679.2857142857142,276.2857142857143,13.083948870479341,0.0814898597382827,1.0,69.94087012956555,0.44862614076156765,True,3.744260672446165,1.0664581038288978,29.8712086110712,0.02548519704836025,False,False,False,False,VALID_TARGET,,True,1,VALID_TARGET,,NOT_REVIEWED,False
3,3,3,100.0,17,1.0,0.9624812006950378,4,6,0.9906338155269623,0.9890349507331848,False,,,,,False,,,,667.1609916687012,269.9709720611572,672.2504062652588,247.2094669342041,23.323555830532513,1,0,False,0,0.0,,651.7829132080078,239.62936782836914,32.51712417602539,62.41414260864258,668.0414752960205,270.83643913269043,677.8571428571429,276.57142857142856,11.368264314877097,0.06974440821574976,1.0,70.3767615214783,0.0145923587354009,True,1.7913625393883001,0.15545664849081622,29.8712086110712,0.06324962644330752,False,False,False,False,VALID_TARGET,,True,1,VALID_TARGET,,NOT_REVIEWED,False
4,4,4,133.33333333333334,17,1.0,0.9547601938247681,4,6,0.9889140427112579,0.9889871180057526,False,,,,,False,,,,667.700382232666,268.8433666229248,672.2534828186035,247.22713565826416,22.090544720835158,1,0,False,0,0.0,,651.3574504852295,239.80725860595703,32.31138038635254,61.649131774902344,667.5131406784058,270.6318244934082,676.4285714285716,276.8571428571429,10.873798517116922,0.06572686399537249,1.0,69.60345358580163,0.02588806987173788,True,1.2499744816697838,0.017934575277754466,29.8712086110712,0.041277576871809676,False,False,False,False,VALID_TARGET,,True,1,VALID_TARGET,,NOT_REVIEWED,False
5,5,5,166.66666666666666,17,1.0,0.9544729590415955,4,6,0.9879212975502014,0.9885587096214294,False,,,,,False,,,,666.3762283325195,270.10302352905273,671.2694339752197,247.33634090423584,23.28659054479407,1,0,False,0,0.0,,646.7270641326904,239.7719211578369,37.168352127075195,63.37421226501465,665.311240196228,271.45902729034424,675.0000000000001,277.1428571428571,11.232897592674217,0.06691030357237648,1.0,73.46956635269729,0.1294260576206733,True,1.8275992647265247,0.9900898504240452,29.8712086110712,0.040040088083868816,False,False,False,False,VALID_TARGET,,True,1,VALID_TARGET,,NOT_REVIEWED,False
6,6,6,200.0,17,1.0,0.9614234566688538,4,6,0.9900468289852142,0.9909055531024933,False,,,,,False,,,,666.2470607757568,269.99070930480957,671.3437671661377,247.36021995544434,23.197315883987148,1,0,False,0,0.0,,647.6909198760986,240.33942985534668,35.37802696228027,63.3073673248291,665.3799333572388,271.99311351776123,673.5714285714286,277.42857142857144,9.830808539702291,0.057719235156141156,1.0,72.52191082248639,0.03172471333683044,True,0.17116875499748152,0.0780745307937561,29.8712086110712,0.0029886524502337588,False,False,False,False,VALID_TARGET,,True,1,VALID_TARGET,,NOT_REVIEWED,False
7,7,7,233.33333333333334,17,1.0,0.9686182737350464,4,6,0.9941036701202393,0.9912213385105133,False,,,,,False,,,,664.0725269317627,271.05068016052246,667.94016456604,247.14200019836426,24.219487988043504,2,1,True,1,0.6611159145746276,0.08368232595744529,657.5870552062988,238.27743911743164,23.875263214111328,66.37583541870117,669.5246868133545,271.4653568267822,672.1428571428571,277.71428571428567,6.775243767966051,0.03921700595499643,1.0,70.53920697791834,0.06637507944131857,True,2.4191187762564805,3.4105909343941576,29.8712086110712,0.03421930854439907,False,True,True,False,TARGET_IDENTITY_UNCERTAIN,TARGET_OVERLAP_AMBIGUOUS: another detected person overlaps or is too close to the selected pose for automated identity acceptance.,False,,TARGET_IDENTITY_UNCERTAIN,TARGET_OVERLAP_AMBIGUOUS: another detected person overlaps or is too close to the selected pose for automated identity acceptance.,NOT_REVIEWED,False
8,8,8,266.6666666666667,17,1.0,0.966999888420105,4,6,0.9924058318138123,0.9872841238975525,False,,,,,False,,,,663.0866680145264,270.7628707885742,666.77223777771,247.14513778686523,23.90357162892832,1,0,False,0,0.0,,654.2922821044922,237.81772422790527,24.98577117919922,70.32534217834473,666.7851676940918,272.98039531707764,670.7142857142858,278.0,6.374511713804376,0.03638314654588433,1.0,74.6320474991848,0.13701623441341168,True,1.027011216723375,1.1679310028253436,29.8712086110712,0.010575948339703161,False,False,False,False,VALID_TARGET,,True,2,VALID_TARGET,,NOT_REVIEWED,False
9,9,9,300.0,17,1.0,0.9773568511009216,4,6,0.995483011007309,0.9949086606502533,False,,,,,False,,,,664.2474708557129,271.41431617736816,667.8056926727295,247.62084197998047,24.05806220128394,1,0,False,0,0.0,,655.9533805847168,238.24243927001953,25.043682098388672,71.37516021728516,668.4752216339111,273.9300193786621,669.2857142857142,278.2857142857143,4.430460073394974,0.024939590415497735,1.0,75.64125533786624,0.03378530316002694,True,1.3311064310142895,1.1376833915405669,29.8712086110712,0.00517188890369708,False,False,False,False,VALID_TARGET,,True,2,VALID_TARGET,,NOT_REVIEWED,False
10,10,10,333.3333333333333,17,1.0,0.9691240787506104,4,6,0.9961489140987396,0.9951829314231873,False,,,,,False,,,,662.8300838470459,270.2882499694824,667.5887928009033,246.2909812927246,24.464550166557824,1,0,False,0,0.0,,658.7289352416992,238.13800239562988,22.583106994628906,70.94977378845215,670.0204887390137,273.61288928985596,667.8571428571429,278.57142857142856,5.409914713884663,0.030039948267645923,1.0,74.45714957049718,0.03964037019011661,True,1.8102516501525803,1.3474327448547614,29.8712086110712,0.01360801869674697,False,False,False,False,VALID_TARGET,,True,2,VALID_TARGET,,NOT_REVIEWED,False
11,11,11,366.66666666666663,17,1.0,0.9685239791870117,4,6,0.9952594041824341,0.9938335418701172,False,,,,,False,,,,663.0178718566895,269.6024055480957,667.3315238952637,245.98929023742676,24.003891530017455,1,0,False,0,0.0,,658.830940246582,238.0107822418213,21.823822021484375,70.67144584655762,669.7428512573242,273.3465051651001,668.1521739130435,278.85093167701865,5.729656677211978,0.03165759086098028,1.0,73.96439998856445,0.016495803311758178,True,0.7110885366205609,0.3964905833128369,29.8712086110712,0.015421493068400148,False,False,False,False,VALID_TARGET,,True,2,VALID_TARGET,,NOT_REVIEWED,False
12,12,12,400.0,17,1.0,0.9770669341087341,4,6,0.9973660707473755,0.9966234862804413,False,,,,,False,,,,662.892261505127,270.5232238769531,665.7904071807861,247.76739692687988,22.93963619020628,1,0,False,0,0.0,,647.4718742370605,239.4743766784668,33.4718132019043,71.18233108520508,664.2077808380127,275.06554222106934,668.4472049689441,279.1304347826087,5.873335381091523,0.03229127401594189,1.0,78.65930674590851,0.1571716370258945,True,0.9293461976999906,2.3530202138358263,29.8712086110712,0.03562813121049041,False,False,False,False,VALID_TARGET,,True,2,VALID_TARGET,,NOT_REVIEWED,False
13,13,13,433.33333333333337,17,1.0,0.9846686720848083,4,6,0.9960828721523285,0.9905916750431061,False,,,,,False,,,,663.5438976287842,269.69223403930664,665.7028999328613,247.30904388427734,22.487073897357362,2,0,True,1,0.5959086544219181,0.1478939865461777,648.4952964782715,239.11647605895996,30.380687713623047,67.87796974182129,663.685640335083,273.0554609298706,668.7422360248447,279.4099378881987,8.120870481890453,0.04442880101413627,1.0,74.36669255939982,0.14370406776636785,True,1.0560178729201257,0.46663157855247883,29.8712086110712,0.015150451350709103,False,True,True,False,TARGET_IDENTITY_UNCERTAIN,TARGET_OVERLAP_AMBIGUOUS: another detected person overlaps or is too close to the selected pose for automated identity acceptance.,False,,TARGET_IDENTITY_UNCERTAIN,TARGET_OVERLAP_AMBIGUOUS: another detected person overlaps or is too close to the selected pose for automated identity acceptance.,NOT_REVIEWED,False
14,14,14,466.6666666666667,17,1.0,0.9845022559165955,4,6,0.9959008097648621,0.9932832419872284,False,,,,,False,,,,664.0959033966064,270.4070529937744,665.5708503723145,247.04475784301758,23.408808241604838,2,0,True,1,0.5848495131406194,0.14835767184805398,648.5988273620605,238.89059829711914,30.69527816772461,71.97328567504883,663.9464664459229,274.87724113464355,669.0372670807453,279.6894409937888,7.005249359435152,0.03813797674906751,1.0,78.24547240994957,0.12985011423716383,True,0.9031481082167253,0.29543899208699814,29.8712086110712,0.030856948449881343,False,True,True,False,TARGET_IDENTITY_UNCERTAIN,TARGET_OVERLAP_AMBIGUOUS: another detected person overlaps or is too close to the selected pose for automated identity acceptance.,False,,TARGET_IDENTITY_UNCERTAIN,TARGET_OVERLAP_AMBIGUOUS: another detected person overlaps or is too close to the selected pose for automated identity acceptance.,NOT_REVIEWED,False
15,15,15,500.0,17,1.0,0.9825516939163208,4,6,0.9961475729942322,0.9940763413906097,False,,,,,False,,,,662.9491271972656,272.7515926361084,664.8363990783691,249.10337257385254,23.723408424298658,1,0,False,0,0.0,,650.1291542053223,240.01882362365723,27.897174835205078,73.71469688415527,664.0777416229248,276.87617206573486,669.3322981366459,279.96894409937886,6.097179922552683,0.03303280198623281,1.0,78.81693282860537,0.019130810075224155,True,2.6099735220592075,2.1857065935730353,29.8712086110712,0.010531886633379105,False,False,False,False,INVALID_TRACK_SEGMENT,Valid-looking pose segment is too short to establish target identity continuity.,False,,INVALID_TRACK_SEGMENT,Valid-looking pose segment is too short to establish target identity continuity.,NOT_REVIEWED,False
16,16,16,533.3333333333334,17,1.0,0.9874911308288574,4,6,0.9975694417953491,0.9951702058315277,False,,,,,False,,,,662.7757816314697,272.4216785430908,664.3882007598877,249.49298667907715,22.985317183814864,1,0,False,0,0.0,,649.4316329956055,240.3218288421631,26.852439880371094,71.00359535217285,662.857852935791,275.8236265182495,669.6273291925465,280.24844720496895,8.087326313460903,0.04360275541418271,1.0,75.91155432780998,0.097263506764121,True,0.37268216210695054,0.593869416353097,29.8712086110712,0.024709118740184954,False,False,False,False,INVALID_TRACK_SEGMENT,Valid-looking pose segment is too short to establish target identity continuity.,False,,INVALID_TRACK_SEGMENT,Valid-looking pose segment is too short to establish target identity continuity.,NOT_REVIEWED,False
17,17,17,566.6666666666666,17,1.0,0.9870116710662842,4,6,0.9976498484611511,0.9959210753440857,False,,,,,False,,,,662.8511028289795,272.1178150177002,664.3259525299072,249.5195770263672,22.646314091994157,1,0,False,0,0.0,,649.3436965942383,240.3794403076172,26.87519073486328,70.8513412475586,662.7812919616699,275.8051109313965,669.9223602484471,280.527950310559,8.56154589299056,0.04593712772444743,1.0,75.77722899138817,0.004496816254432532,True,0.31305961869446547,0.06768964990828522,29.8712086110712,0.011348824087923324,False,False,False,False,INVALID_TRACK_SEGMENT,Valid-looking pose segment is too short to establish target identity continuity.,False,,INVALID_TRACK_SEGMENT,Valid-looking pose segment is too short to establish target identity continuity.,NOT_REVIEWED,False
18,18,18,600.0,17,1.0,0.9385419487953186,4,6,0.9871178865432739,0.8695814907550812,False,,,,,False,,,,661.8153476715088,271.9197654724121,663.7149143218994,249.86257553100586,22.138834241453395,1,0,False,0,0.0,,651.0123252868652,241.09806442260742,24.472164154052734,56.12123489379883,663.2484073638916,269.15868186950684,670.217391304348,280.80745341614903,13.574262989503326,0.07248374196948856,1.0,61.22483012951401,0.4871714114868652,True,1.0545199707051445,0.7007251000426371,29.8712086110712,0.016988929277962778,False,False,False,False,INVALID_TRACK_SEGMENT,Valid-looking pose segment is too short to establish target identity continuity.,False,,INVALID_TRACK_SEGMENT,Valid-looking pose segment is too short to establish target identity continuity.,NOT_REVIEWED,False
19,19,19,633.3333333333333,17,1.0,0.9725303053855896,4,6,0.9918002486228943,0.9839062392711639,False,,,,,False,,,,659.1745014190674,273.99414253234863,662.6585369110107,250.57170295715332,23.68014313645077,2,1,True,1,0.6799827489495798,0.1373018159997892,648.8591423034668,239.97172927856445,22.438438415527344,71.87612533569336,660.0783615112305,275.90979194641113,670.5124223602485,281.0869565217391,11.647860698044148,0.061900354713519026,1.0,75.29715075485734,0.47109980746234986,True,3.3581407230526708,1.272318726086501,29.8712086110712,0.05159847782075071,False,True,True,False,TARGET_IDENTITY_UNCERTAIN,TARGET_OVERLAP_AMBIGUOUS: another detected person overlaps or is too close to the selected pose for automated identity acceptance.,False,,TARGET_IDENTITY_UNCERTAIN,TARGET_OVERLAP_AMBIGUOUS: another detected person overlaps or is too close to the selected pose for automated identity acceptance.,NOT_REVIEWED,False
20,20,20,666.6666666666666,17,1.0,0.9753463864326477,4,6,0.9926948249340057,0.9859012961387634,False,,,,,True,,20.0,25.0,658.1065120697021,273.06305503845215,661.8102760314941,250.21850204467773,23.142849197323063,1,0,False,0,0.0,,650.1563110351562,240.7834072113037,20.04522705078125,70.6876163482666,660.1789245605469,276.127215385437,670.8074534161491,281.3664596273292,11.849696445925083,0.06267388964922013,1.0,73.47482720304349,0.06100602006235672,True,1.416871614384314,0.9188565743857225,29.8712086110712,0.017987017067952495,False,False,False,False,VALID_TARGET,HUMAN_ACCEPTED_TARGET: operator reviewed the raw skeleton and confirmed that it belongs to the documented athlete.,True,3,INVALID_TRACK_SEGMENT,Valid-looking pose segment is too short to establish target identity continuity.,ACCEPTED,True
21,21,21,700.0,17,1.0,0.9751405715942383,4,6,0.9919215142726898,0.9855956137180328,False,,,,,True,,20.0,25.0,657.2905025482178,272.8022747039795,661.7107791900635,250.27896118164062,22.95296271978891,1,0,False,0,0.0,,650.3834266662598,240.64612579345703,19.372974395751953,69.8814697265625,660.0699138641357,275.5868606567383,671.1024844720497,281.64596273291926,12.586911145638055,0.06625837529819838,1.0,72.51711486320269,0.032061385674426256,True,0.8566667508435407,0.11642563590969249,29.8712086110712,0.006356839457234897,False,False,False,False,VALID_TARGET,HUMAN_ACCEPTED_TARGET: operator reviewed the raw skeleton and confirmed that it belongs to the documented athlete.,True,3,INVALID_TRACK_SEGMENT,Valid-looking pose segment is too short to establish target identity continuity.,ACCEPTED,True
22,22,22,733.3333333333333,17,1.0,0.9883686304092407,4,6,0.9964545667171478,0.9918524622917175,False,,,,,True,,20.0,25.0,657.4067306518555,270.9156036376953,661.0284595489502,248.55040740966797,22.65654259860095,1,0,False,0,0.0,,648.4379920959473,239.18270874023438,20.221778869628906,68.57730865478516,658.5488815307617,273.47136306762695,671.3975155279503,281.9254658385093,15.380482738014138,0.08058299847084485,1.0,71.49662651472335,0.03416294137161635,True,1.8902477838709661,1.8583482545663648,29.8712086110712,0.009923271771403917,False,False,False,False,VALID_TARGET,HUMAN_ACCEPTED_TARGET: operator reviewed the raw skeleton and confirmed that it belongs to the documented athlete.,True,3,INVALID_TRACK_SEGMENT,Valid-looking pose segment is too short to establish target identity continuity.,ACCEPTED,True
23,23,23,766.6666666666667,17,1.0,0.9775370359420776,4,6,0.9951761960983276,0.9925945401191711,False,,,,,True,,20.0,25.0,657.2916603088379,271.9500675201416,661.3244037628174,248.5120677947998,23.782406330956853,1,0,False,0,0.0,,644.0974884033203,238.68291091918945,25.44043731689453,73.5749397277832,656.8177070617676,275.47038078308105,671.692546583851,282.20496894409933,16.3283657634885,0.08514861261333613,1.0,77.8491336292304,0.2126632101572419,True,1.040844228464583,0.2984173315839862,29.8712086110712,0.037690598563146945,False,False,False,False,VALID_TARGET,HUMAN_ACCEPTED_TARGET: operator reviewed the raw skeleton and confirmed that it belongs to the documented athlete.,True,3,INVALID_TRACK_SEGMENT,Valid-looking pose segment is too short to establish target identity continuity.,ACCEPTED,True
24,24,24,800.0,17,1.0,0.9667230844497681,4,6,0.9884205162525177,0.9889469146728516,False,,,,,True,,20.0,25.0,655.8289642333984,269.09361457824707,660.8475704193115,247.61460304260254,22.057523537279426,2,0,True,1,0.6620930671945275,0.11389661401435681,641.5312232971191,238.1515712738037,26.328113555908203,64.56653785705566,654.6952800750732,270.43484020233154,671.9875776397516,282.48447204968943,21.07646039358231,0.10939649355754204,1.0,69.72809601774165,0.27186839733290324,True,3.2091748500765584,1.0162740865118407,29.8712086110712,0.05774399074827296,False,True,True,False,VALID_TARGET,HUMAN_ACCEPTED_TARGET: operator reviewed the raw skeleton and confirmed that it belongs to the documented athlete.,True,3,TARGET_IDENTITY_UNCERTAIN,TARGET_OVERLAP_AMBIGUOUS: another detected person overlaps or is too close to the selected pose for automated identity acceptance.,ACCEPTED,True
25,25,25,833.3333333333334,17,1.0,0.9864808320999146,4,6,0.9965099394321442,0.9972080886363983,False,,,,,True,,20.0,25.0,657.1099300384521,271.2059497833252,660.9618473052979,247.6852741241455,23.833997778277816,1,0,False,0,0.0,,634.7312698364258,237.80619621276855,34.78174591064453,69.91642189025879,652.122142791748,272.76440715789795,672.2826086956522,282.7639751552795,22.50412730138055,0.11626477450370065,1.0,78.09017799012432,0.2799378519047743,True,2.4703913480113524,0.13436371696698918,29.8712086110712,0.05947112030612557,False,False,False,False,VALID_TARGET,,True,3,VALID_TARGET,,ACCEPTED,False
26,26,26,866.6666666666667,17,1.0,0.9790031313896179,4,6,0.9933175444602966,0.9964684545993805,False,,,,,False,,,,657.0423240661621,270.1724796295166,660.8456439971924,246.71659660339355,23.762232450528284,1,0,False,0,0.0,,631.560037612915,236.52500534057617,41.18740653991699,69.6437873840332,652.1537408828735,271.3468990325928,672.5776397515529,283.04347826086956,23.536049172310044,0.12103447486566937,1.0,80.9114304574874,0.09444721517955042,True,1.035679065300849,0.975622543827686,29.8712086110712,0.0024024915993165782,False,False,False,False,VALID_TARGET,,True,3,VALID_TARGET,,NOT_REVIEWED,False
27,27,27,900.0,17,1.0,0.9794050455093384,4,6,0.9936529994010925,0.9964489042758942,False,,,,,False,,,,656.725679397583,269.81954765319824,660.5407333374023,246.80564498901367,23.32797360252906,1,0,False,0,0.0,,631.6438865661621,236.79627227783203,41.26631546020508,69.30396270751953,652.2770442962646,271.4482536315918,672.8726708074535,283.3229813664596,23.773703753635488,0.12169455205540644,1.0,80.65945721752917,0.0084353212231541,True,0.4741569635126664,0.31764780092918327,29.8712086110712,0.014537705978132889,False,False,False,False,VALID_TARGET,,True,3,VALID_TARGET,,NOT_REVIEWED,False
28,28,28,933.3333333333334,17,1.0,0.9884874820709229,4,6,0.996081680059433,0.9981312155723572,False,,,,,False,,,,656.0131206512451,272.12801933288574,660.9801826477051,247.13964462280273,25.477256043934418,1,0,False,0,0.0,,629.1430435180664,237.11211967468262,41.584049224853516,72.0626392364502,649.9350681304932,273.1434392929077,673.1677018633541,283.60248447204964,25.478361333190136,0.12982360766551365,1.0,83.20010290653379,0.08505332750623883,True,2.4159431828794844,0.5519705170539245,29.8712086110712,0.07195163976755754,False,False,False,False,VALID_TARGET,,True,3,VALID_TARGET,,NOT_REVIEWED,False
29,29,29,966.6666666666666,17,1.0,0.9771311283111572,4,6,0.9936704635620117,0.9863439500331879,False,,,,,False,,,,656.7521152496338,271.1437568664551,660.625358581543,246.66243934631348,24.785820975512816,1,0,False,0,0.0,,644.0373153686523,235.57043075561523,26.059303283691406,78.22572708129883,657.066967010498,274.68329429626465,673.4627329192547,283.88198757763973,18.799922814191586,0.09535757212689014,1.0,82.45211740779772,0.02504034933688101,True,1.230806897637403,0.5946637653640938,29.8712086110712,0.023147207648147646,False,False,False,False,VALID_TARGET,,True,3,VALID_TARGET,,NOT_REVIEWED,False
30,30,30,1000.0,17,1.0,0.9621483683586121,4,6,0.9898063838481903,0.9891840517520905,False,,,,,False,,,,657.5600433349609,273.66215896606445,660.3894348144531,247.70542526245117,26.110486029649405,1,0,False,0,0.0,,647.1939811706543,236.48343467712402,22.960063934326172,81.77218818664551,658.6740131378174,277.3695287704468,673.7577639751553,284.16149068322983,16.542378485199382,0.08352624831527275,1.0,84.93441762148318,0.08310009300278011,True,2.6448245549331433,1.0693360767969302,29.8712086110712,0.044345880723608413,False,False,False,False,VALID_TARGET,,True,3,VALID_TARGET,,NOT_REVIEWED,False
31,31,31,1033.3333333333335,17,1.0,0.9696794748306274,4,6,0.9885103404521942,0.9843261539936066,False,,,,,False,,,,658.2563781738281,274.8551731109619,660.0623035430908,247.65041542053223,27.264632904815347,1,0,False,0,0.0,,647.4636573791504,235.98314094543457,21.33338165283203,85.07198905944824,658.1303482055664,278.5191354751587,674.0527950310559,284.44099378881987,16.98801691774582,0.0853891114788396,1.0,87.70608014998886,0.09278709022434473,True,1.3813634415842964,0.3317242098657636,29.8712086110712,0.03863743480195775,False,False,False,False,VALID_TARGET,,True,3,VALID_TARGET,,NOT_REVIEWED,False
32,32,32,1066.6666666666667,17,1.0,0.956494927406311,4,6,0.9895640909671783,0.9771569669246674,False,,,,,False,,,,660.6391124725342,275.53525161743164,661.0307731628418,247.77982902526855,27.758185844285453,2,0,True,1,0.22403894495775623,0.2612433004515336,647.5456809997559,237.19071769714355,25.034709930419922,85.88321876525879,660.0630359649658,280.13232707977295,674.3478260869565,284.7204968944099,15.003550615679886,0.07507536477441677,1.0,89.45760988748562,0.05863605186860707,True,2.4778881155516945,0.9770779321381953,29.8712086110712,0.016522697353704673,False,True,True,False,TARGET_IDENTITY_UNCERTAIN,TARGET_OVERLAP_AMBIGUOUS: another detected person overlaps or is too close to the selected pose for automated identity acceptance.,False,,TARGET_IDENTITY_UNCERTAIN,TARGET_OVERLAP_AMBIGUOUS: another detected person overlaps or is too close to the selected pose for automated identity acceptance.,NOT_REVIEWED,False
33,33,33,1100.0,17,1.0,0.9707551598548889,4,6,0.9934327006340027,0.9922018647193909,False,,,,,False,,,,660.1022911071777,274.52953338623047,661.431224822998,247.2664394378662,27.29546402716722,1,0,False,0,0.0,,645.5126037597656,236.88897705078125,32.759315490722656,84.24646759033203,661.892261505127,279.01221084594727,674.6428571428571,285.0,14.086564807301135,0.07017150999921383,1.0,90.39159282184139,0.03126699513623312,True,1.1400203238861892,0.651099378417032,29.8712086110712,0.015490562271616076,False,False,False,False,VALID_TARGET,,True,4,VALID_TARGET,,NOT_REVIEWED,False
34,34,34,1133.3333333333333,17,1.0,0.9764410257339478,4,6,0.993206650018692,0.9903765320777893,False,,,,,False,,,,658.7905693054199,276.7547264099121,661.425910949707,248.52939987182617,28.348087832580386,1,0,False,0,0.0,,644.9630661010742,237.98706436157227,23.947246551513672,84.29464340209961,656.936689376831,280.13438606262207,674.9378881987578,285.27950310559004,18.722056201506753,0.092847505602583,1.0,87.63023179066754,0.09244222646385998,True,2.583040471585415,1.2629716129025568,29.8712086110712,0.035238741730156536,False,False,False,False,VALID_TARGET,,True,4,VALID_TARGET,,NOT_REVIEWED,False
35,35,35,1166.6666666666667,17,1.0,0.9743894934654236,4,6,0.9945089817047119,0.9925854504108429,False,,,,,False,,,,656.9983959197998,278.7065086364746,661.5669269561768,249.29067611694336,29.768484654873713,1,0,False,0,0.0,,643.6548233032227,236.54940605163574,28.455123901367188,87.0095157623291,657.8823852539062,280.0541639328003,675.2329192546584,285.55900621118013,18.202865670577694,0.08987233104527817,1.0,91.54425109987604,0.13102982742244454,True,2.6497809917142856,0.7742267338838114,29.8712086110712,0.04755069809150218,False,False,False,False,VALID_TARGET,,True,4,VALID_TARGET,,NOT_REVIEWED,False
36,36,36,1200.0,17,1.0,0.9811813235282898,4,6,0.9963356554508209,0.9946258664131165,False,,,,,False,,,,655.504861831665,278.59294509887695,661.5398006439209,249.30994033813477,29.898408892202305,1,0,False,0,0.0,,640.5319519042969,238.04666900634766,32.705604553222656,88.28482818603516,656.8847541809082,282.18908309936523,675.5279503105589,285.83850931677017,18.99702802137499,0.0933791573729019,1.0,94.14811446348529,0.0871696688778832,True,1.4978453690191922,0.03327081355653649,29.8712086110712,0.00434948043181746,False,False,False,False,VALID_TARGET,,True,4,VALID_TARGET,,NOT_REVIEWED,False
37,37,37,1233.3333333333335,17,1.0,0.9732366800308228,4,6,0.9954093098640442,0.9942147731781006,False,,,,,False,,,,655.9635028839111,277.48604583740234,662.2056407928467,248.96852111816406,29.192696034908057,1,0,False,0,0.0,,640.8072090148926,236.7322654724121,38.62771987915039,85.41818618774414,660.1210689544678,279.4413585662842,675.8229813664595,286.11801242236027,17.06246641337989,0.08350117124323529,1.0,93.74629205822615,0.013451829502145131,True,1.198155912166042,0.7482714665727338,29.8712086110712,0.023625185926781984,False,False,False,False,VALID_TARGET,,True,4,VALID_TARGET,,NOT_REVIEWED,False
38,38,38,1266.6666666666665,17,1.0,0.9726917147636414,4,6,0.9932093620300293,0.9893217086791992,False,,,,,False,,,,656.5762138366699,277.8349494934082,662.9143943786621,249.10509872436523,29.420687581944225,2,0,True,1,0.5915644216161617,0.15572136497821856,635.9418487548828,236.98001098632812,46.26292419433594,86.86447143554688,659.0733108520508,280.41224670410156,676.1180124223602,286.3975155279503,18.065029601820264,0.08802058642196615,1.0,98.41592631676954,0.15632558827273849,True,0.7050875639272317,0.7217929674926682,29.8712086110712,0.007632484845345959,False,True,True,False,TARGET_IDENTITY_UNCERTAIN,TARGET_OVERLAP_AMBIGUOUS: another detected person overlaps or is too close to the selected pose for automated identity acceptance.,False,,TARGET_IDENTITY_UNCERTAIN,TARGET_OVERLAP_AMBIGUOUS: another detected person overlaps or is too close to the selected pose for automated identity acceptance.,NOT_REVIEWED,False
39,39,39,1300.0,17,1.0,0.9677372574806213,4,6,0.9922099113464355,0.9852683544158936,False,,,,,False,,,,659.0409545898438,275.6509475708008,663.4427680969238,248.2667579650879,27.73571348483299,2,1,True,1,0.5708314696186573,0.13608115032380894,634.2493133544922,236.18768692016602,44.500152587890625,77.59090805053711,656.4993896484375,274.98314094543457,676.413043478261,286.67701863354034,23.093297387736158,0.11203007597624742,1.0,89.44614353035269,0.30028188357575786,True,3.293146121615135,0.99095611144764,29.8712086110712,0.056407965243385996,False,True,True,False,TARGET_IDENTITY_UNCERTAIN,TARGET_OVERLAP_AMBIGUOUS: another detected person overlaps or is too close to the selected pose for automated identity acceptance.,False,,TARGET_IDENTITY_UNCERTAIN,TARGET_OVERLAP_AMBIGUOUS: another detected person overlaps or is too close to the selected pose for automated identity acceptance.,NOT_REVIEWED,False
40,40,40,1333.3333333333333,17,1.0,0.9747872948646545,4,6,0.9940384924411774,0.9955741167068481,False,,,,,True,,40.0,41.0,660.4204025268555,274.18150520324707,663.6944351196289,246.77388763427734,27.602477972556027,3,0,True,2,0.5613426951045863,0.1477171343094182,634.8623294830322,235.95772171020508,45.82596397399902,84.8525276184082,657.7753114700317,278.3839855194092,676.7080745341616,286.95652173913044,20.78311561053618,0.10038542135716597,1.0,96.4363542310626,0.23401164618826703,True,2.015474505541497,1.5139346468496022,29.8712086110712,0.004460332155009626,False,True,True,False,INVALID_TRACK_SEGMENT,Valid-looking pose segment is too short to establish target identity continuity.,False,,TARGET_IDENTITY_UNCERTAIN,TARGET_OVERLAP_AMBIGUOUS: another detected person overlaps or is too close to the selected pose for automated identity acceptance.,ACCEPTED,True
41,41,41,1366.6666666666667,17,1.0,0.9634619355201721,4,6,0.9887717068195343,0.9919258058071136,False,,,,,True,,40.0,41.0,662.8979511260986,274.07076835632324,665.9755210876465,247.69992065429688,26.54982194651578,1,0,False,0,0.0,,634.6352977752686,236.01961517333984,46.24936866760254,78.45413970947266,657.7599821090698,275.2466850280762,677.0031055900621,287.2360248447205,22.67249590459084,0.10903822509276787,1.0,91.07170877778275,0.179592514087011,True,2.4800221190300693,2.4618875578817945,29.8712086110712,0.03523982038176049,False,False,False,False,INVALID_TRACK_SEGMENT,Valid-looking pose segment is too short to establish target identity continuity.,False,,INVALID_TRACK_SEGMENT,Valid-looking pose segment is too short to establish target identity continuity.,ACCEPTED,True
42,42,42,1400.0,17,1.0,0.9680901765823364,4,6,0.9930731654167175,0.989838033914566,False,,,,,False,,,,662.8531494140625,273.8385314941406,665.8996524810791,246.34116744995117,27.665614222641516,3,2,True,2,0.6162492049840194,0.09915810917844717,642.4869766235352,235.5875301361084,54.3673095703125,84.52763557434082,669.6706314086914,277.8513479232788,677.2981366459627,287.51552795031057,12.311588514057828,0.05895505520554985,1.0,100.50236577167107,0.3157105933233992,True,0.2365188228403746,1.3608696909631695,29.8712086110712,0.03735343590055433,False,True,True,False,TARGET_IDENTITY_UNCERTAIN,TARGET_OVERLAP_AMBIGUOUS: another detected person overlaps or is too close to the selected pose for automated identity acceptance.,False,,TARGET_IDENTITY_UNCERTAIN,TARGET_OVERLAP_AMBIGUOUS: another detected person overlaps or is too close to the selected pose for automated identity acceptance.,NOT_REVIEWED,False
43,43,43,1433.3333333333333,17,1.0,0.9562769532203674,4,6,0.9922834634780884,0.991275817155838,False,,,,,False,,,,664.4519786834717,274.10226249694824,667.0799350738525,247.0572395324707,27.172401843393622,1,0,False,0,0.0,,642.6850967407227,236.69048881530762,55.07343292236328,90.80375862121582,670.2218132019043,282.0923681259155,677.5931677018633,287.7950310559006,9.3197227242602,0.04443707529944197,1.0,106.19983801114799,0.1907345736712261,True,1.6204348411958447,1.3805166518980663,29.8712086110712,0.016511296401481843,False,False,False,False,INVALID_TRACK_SEGMENT,Valid-looking pose segment is too short to establish target identity continuity.,False,,INVALID_TRACK_SEGMENT,Valid-looking pose segment is too short to establish target identity continuity.,NOT_REVIEWED,False
44,44,44,1466.6666666666665,17,1.0,0.9695289731025696,4,6,0.9906236827373505,0.993418425321579,False,,,,,False,,,,666.2779693603516,274.71956634521484,668.8252410888672,246.89527702331543,27.940645474427765,2,1,True,1,0.6114616318410202,0.09331972967445487,650.1754035949707,236.1143798828125,36.15274429321289,82.34371185302734,668.2517757415771,277.2862358093262,677.888198757764,288.07453416149065,14.465408044096474,0.06867783784822935,1.0,89.9305721190788,0.544647058105285,True,1.9275129034942953,1.752804878022133,29.8712086110712,0.025718531882550185,False,True,True,False,TARGET_IDENTITY_UNCERTAIN,TARGET_OVERLAP_AMBIGUOUS: another detected person overlaps or is too close to the selected pose for automated identity acceptance.,False,,TARGET_IDENTITY_UNCERTAIN,TARGET_OVERLAP_AMBIGUOUS: another detected person overlaps or is too close to the selected pose for automated identity acceptance.,NOT_REVIEWED,False
45,45,45,1500.0,17,1.0,0.9721525311470032,4,6,0.9914150238037109,0.9915276765823364,False,,,,,False,,,,665.8639450073242,277.2462577819824,669.2763519287109,248.6662712097168,28.78298374852773,1,0,False,0,0.0,,650.1916809082031,237.41723823547363,43.61223602294922,94.69727897644043,671.9977989196777,284.76587772369385,678.1832298136646,288.35403726708074,7.1508352136716224,0.033806017352112444,1.0,104.25738235953949,0.4796193695072226,True,2.5603878185802866,1.827545183597925,29.8712086110712,0.028199002091524643,False,False,False,False,VALID_TARGET,,True,5,VALID_TARGET,,NOT_REVIEWED,False
46,46,46,1533.3333333333335,17,1.0,0.9602655172348022,4,6,0.9897291958332062,0.9867927730083466,False,,,,,False,,,,667.694522857666,276.2646903991699,670.9921531677246,247.78376388549805,28.6711970580057,1,0,False,0,0.0,,652.415168762207,237.395751953125,35.737884521484375,94.94796752929688,670.2841110229492,284.86973571777344,678.4782608695652,288.6335403726708,9.017223363598374,0.04244916790964441,1.0,101.45103709679545,0.09394816591732838,True,2.077134996374423,1.929454085771566,29.8712086110712,0.003742288836635804,False,False,False,False,VALID_TARGET,,True,5,VALID_TARGET,,NOT_REVIEWED,False
47,47,47,1566.6666666666667,17,1.0,0.9764644503593445,4,6,0.9943147897720337,0.9965892136096954,False,,,,,False,,,,670.3157920837402,278.1737976074219,672.6809959411621,249.5471706390381,28.724170325253283,1,0,False,0,0.0,,654.7868957519531,238.41234588623047,33.630592346191406,94.5141372680664,671.6021919250488,285.6694145202637,678.7732919254659,288.9130434782609,7.870565674279016,0.03689513886556545,1.0,100.31918502999616,0.03789107034590436,True,3.2427985888986846,2.441678375999322,29.8712086110712,0.0017733888152068355,False,False,False,False,VALID_TARGET,,True,5,VALID_TARGET,,NOT_REVIEWED,False
48,48,48,1600.0,17,1.0,0.9834281802177429,4,6,0.9965328276157379,0.995083749294281,False,,,,,False,,,,669.9423198699951,280.7265968322754,674.5643978118896,251.01202011108398,30.07190839006594,1,0,False,0,0.0,,656.733154296875,239.14728927612305,32.15156555175781,95.74380874633789,672.8089370727539,287.019193649292,679.0683229813665,289.1925465838509,6.625962189078151,0.030930480959493616,1.0,100.99802018200312,0.022725399592815825,True,2.579973910110796,2.3859980264897835,29.8712086110712,0.045118297098736826,False,False,False,False,VALID_TARGET,,True,5,VALID_TARGET,,NOT_REVIEWED,False
49,49,49,1633.3333333333333,17,1.0,0.9740987420082092,4,6,0.9945572316646576,0.9950449764728546,False,,,,,False,,,,670.7907447814941,283.0963020324707,677.089786529541,252.99609375,30.752243261130648,1,0,False,0,0.0,,653.4583168029785,239.73362159729004,34.83082962036133,95.37953758239746,670.8737316131592,287.42339038848877,679.3633540372671,289.47204968944095,8.733309443463769,0.04059744409200139,1.0,101.54035100133646,0.018155636967843992,True,2.5170076611494117,3.2115629185619667,29.8712086110712,0.02277560576549806,False,False,False,False,VALID_TARGET,,True,5,VALID_TARGET,,NOT_REVIEWED,False
50,50,50,1666.6666666666667,17,1.0,0.9686620831489563,4,6,0.9920765459537506,0.9923686981201172,False,,,,,True,,50.0,51.0,677.1302871704102,283.90309143066406,681.4100532531738,252.18778610229492,32.002765346058055,2,0,True,1,0.28468452750583384,0.21156187284962075,646.0527229309082,239.79086112976074,44.461124420166016,94.0895938873291,668.2832851409912,286.8356580734253,679.6583850931677,289.75155279503105,11.742884694549861,0.0543606082384938,1.0,104.06557193706284,0.08453695224070898,True,6.390673425696246,4.395232168687738,29.8712086110712,0.04186379269782626,False,True,True,False,VALID_TARGET,HUMAN_ACCEPTED_TARGET: operator reviewed the raw skeleton and confirmed that it belongs to the documented athlete.,True,5,TARGET_IDENTITY_UNCERTAIN,TARGET_OVERLAP_AMBIGUOUS: another detected person overlaps or is too close to the selected pose for automated identity acceptance.,ACCEPTED,True
51,51,51,1700.0,17,1.0,0.9647277593612671,4,6,0.9941081702709198,0.9950509369373322,False,,,,,True,,50.0,51.0,677.5228233337402,286.2574005126953,683.3008117675781,253.40832710266113,33.35336226288707,2,0,True,1,0.2807915462894167,0.21941645451103803,640.1244354248047,240.4094123840332,52.18596649169922,94.03960800170898,666.2174186706543,287.4292163848877,679.9534161490683,290.03105590062114,13.980243044833934,0.06444977132896058,1.0,107.5491653700197,0.11662043803830968,True,2.3868087257375117,2.2504861904413667,29.8712086110712,0.04521400303596818,False,True,True,False,VALID_TARGET,HUMAN_ACCEPTED_TARGET: operator reviewed the raw skeleton and confirmed that it belongs to the documented athlete.,True,5,TARGET_IDENTITY_UNCERTAIN,TARGET_OVERLAP_AMBIGUOUS: another detected person overlaps or is too close to the selected pose for automated identity acceptance.,ACCEPTED,True
52,52,52,1733.3333333333335,17,1.0,0.9000948071479797,4,6,0.9308617413043976,0.4350535720586777,False,,,,,False,,,,684.2602767944336,278.95498275756836,685.891773223877,251.38536262512207,27.617851742064843,1,0,False,0,0.0,,673.3988494873047,241.20312309265137,21.13402557373047,66.90789985656738,683.9658622741699,274.65707302093506,680.2484472049689,290.3105590062112,16.088840800006654,0.0738645372911126,1.0,70.1663316710197,1.2514670626733444,True,9.93572263126353,3.287166948211033,29.8712086110712,0.1920079831887507,False,False,False,False,INVALID_TRACK_SEGMENT,Valid-looking pose segment is too short to establish target identity continuity.,False,,INVALID_TRACK_SEGMENT,Valid-looking pose segment is too short to establish target identity continuity.,NOT_REVIEWED,False
53,53,53,1766.6666666666665,17,1.0,0.9000298976898193,4,6,0.9456149339675903,0.4568147361278534,False,,,,,False,,,,686.4500198364258,279.39654541015625,688.0197334289551,252.01967811584473,27.421831879232926,1,0,False,0,0.0,,675.0286636352539,241.29151344299316,20.977767944335938,67.88642692565918,685.5175476074219,275.23472690582275,680.5434782608695,290.5900621118012,16.140870024638495,0.07379893509480574,1.0,71.0537381751254,0.029707753564976194,True,2.233820083649006,2.2204888597259074,29.8712086110712,0.006562167114967908,False,False,False,False,INVALID_TRACK_SEGMENT,Valid-looking pose segment is too short to establish target identity continuity.,False,,INVALID_TRACK_SEGMENT,Valid-looking pose segment is too short to establish target identity continuity.,NOT_REVIEWED,False
54,54,54,1800.0,17,1.0,0.9755508899688721,4,6,0.9890394508838654,0.98160320520401,False,,,,,False,,,,686.4320259094238,286.4349060058594,689.448070526123,254.6657657623291,31.91198516142509,1,0,False,0,0.0,,678.0192260742188,242.27892303466797,26.247909545898438,93.73066711425781,691.143180847168,289.1442565917969,680.8385093167702,290.86956521739125,10.448107254567216,0.04757513221101804,1.0,97.33648192334402,0.8798687756637145,True,7.038383596860532,3.0069796633870736,29.8712086110712,0.15031709431830534,False,False,False,False,INVALID_TRACK_SEGMENT,Valid-looking pose segment is too short to establish target identity continuity.,False,,INVALID_TRACK_SEGMENT,Valid-looking pose segment is too short to establish target identity continuity.,NOT_REVIEWED,False
55,55,55,1833.3333333333333,17,1.0,0.9540715217590332,4,6,0.9896304607391357,0.9872722923755646,False,,,,,False,,,,687.3988571166992,283.60143661499023,692.7205619812012,254.5699920654297,29.515170934607045,2,1,True,1,0.6997308104781961,0.07346876924223449,665.0924682617188,242.01511001586914,39.0777587890625,95.69819259643555,684.63134765625,289.8642063140869,681.1335403726708,291.14906832298135,3.7263287797723503,0.01689857251715453,1.0,103.36931507077244,0.20196146818085103,True,2.9938789842533597,3.2738926256945455,29.8712086110712,0.08023827418652589,False,True,True,False,TARGET_IDENTITY_UNCERTAIN,TARGET_OVERLAP_AMBIGUOUS: another detected person overlaps or is too close to the selected pose for automated identity acceptance.,False,,TARGET_IDENTITY_UNCERTAIN,TARGET_OVERLAP_AMBIGUOUS: another detected person overlaps or is too close to the selected pose for automated identity acceptance.,NOT_REVIEWED,False
56,56,56,1866.6666666666667,17,1.0,0.9613888263702393,4,6,0.983640044927597,0.9628753364086151,False,,,,,False,,,,690.2677803039551,287.7321586608887,693.0920143127441,256.1506233215332,31.70756490377902,1,0,False,0,0.0,,681.9472427368164,243.82426834106445,21.473251342773438,101.84652328491211,692.6838684082031,294.7475299835205,681.4285714285714,291.42857142857144,11.734444852193715,0.05299867921888799,1.0,104.08561297534864,0.02397954210365335,True,5.029272797815375,1.6236908580084095,29.8712086110712,0.0733948866186621,False,False,False,False,VALID_TARGET,,True,6,VALID_TARGET,,NOT_REVIEWED,False
57,57,57,1900.0,17,1.0,0.9540486335754395,4,6,0.979104220867157,0.9753592312335968,False,,,,,False,,,,694.8601264953613,290.19916915893555,695.7811851501465,256.89269065856934,33.319211562414125,1,0,False,0,0.0,,683.7739334106445,244.76700973510742,21.042869567871094,103.41473770141602,694.2953681945801,296.47437858581543,685.7142857142858,292.6623376623376,9.38970886321207,0.04182692121794672,1.0,105.53392977380834,0.04848537658174665,True,5.213039836716863,2.7896780684213582,29.8712086110712,0.053953178782253204,False,False,False,False,VALID_TARGET,,True,6,VALID_TARGET,,NOT_REVIEWED,False
58,58,58,1933.3333333333333,17,1.0,0.9685475826263428,4,6,0.9914307296276093,0.9774957597255707,False,,,,,False,,,,696.7222633361816,291.73641204833984,698.361156463623,259.59815216064453,32.18002049862958,1,0,False,0,0.0,,683.3683471679688,246.52148818969727,23.48729705810547,103.52801132202148,695.1119956970215,298.285493850708,690.0,293.8961038961039,6.7378961241581585,0.029607493714940945,1.0,106.15885385302678,0.02092061581287437,True,2.414677890519629,3.7384186386188683,29.8712086110712,0.03813675832863102,False,False,False,False,VALID_TARGET,,True,6,VALID_TARGET,,NOT_REVIEWED,False
59,59,59,1966.6666666666665,17,1.0,0.9871976971626282,4,6,0.9962354004383087,0.9905269145965576,False,,,,,False,,,,700.6050033569336,299.0225028991699,703.6117134094238,263.90764236450195,35.24335023389416,1,0,False,0,0.0,,680.1717872619629,249.20462036132812,31.999408721923828,107.64173889160156,696.1714916229248,303.0254898071289,694.2857142857142,295.12987012987014,8.117694639086448,0.03519285115314884,1.0,112.29740028228821,0.20550043719979538,True,8.256075941710968,6.792647058271165,29.8712086110712,0.10255124843288783,False,False,False,False,VALID_TARGET,,True,6,VALID_TARGET,,NOT_REVIEWED,False
60,60,60,2000.0,17,1.0,0.9868603348731995,4,6,0.9970827400684357,0.9912523925304413,False,,,,,False,,,,701.7987365722656,300.76162338256836,706.8923034667969,265.33732414245605,35.78862110171452,1,0,False,0,0.0,,680.061939239502,250.42628479003906,35.068050384521484,106.37315368652344,697.5959644317627,303.6128616333008,698.5714285714286,296.3636363636364,7.314560636026955,0.03129131565484448,1.0,112.00453554650397,0.009804247949836564,True,2.109393051368797,3.5785836738504373,29.8712086110712,0.01825406112353492,False,False,False,False,VALID_TARGET,,True,6,VALID_TARGET,,NOT_REVIEWED,False
61,61,61,2033.3333333333333,17,1.0,0.9500391483306885,4,6,0.9836941659450531,0.7786035239696503,False,,,,,False,,,,705.3894271850586,301.6860237121582,708.7964057922363,265.7154178619385,36.13159266433779,1,0,False,0,0.0,,682.6856651306152,252.62487411499023,38.0192985534668,93.26839065551758,701.6953144073486,299.259069442749,702.8571428571428,297.5974025974026,2.0275556839886235,0.008560324931584049,1.0,100.7197088854405,0.3777827274414658,True,3.7077722484189017,1.9412780652075543,29.8712086110712,0.011481676790812986,False,False,False,False,VALID_TARGET,,True,6,VALID_TARGET,,NOT_REVIEWED,False
62,62,62,2066.666666666667,17,1.0,0.9826221466064453,4,6,0.9955474436283112,0.9879238307476044,False,,,,,False,,,,707.4082298278809,302.42203521728516,712.5094528198242,266.9830322265625,35.80426523460551,2,1,True,1,0.6273715454705625,0.14590129615095157,680.6143531799316,252.62106323242188,45.74661636352539,104.011474609375,703.4876613616943,304.6268005371094,707.1428571428572,298.83116883116884,6.8519926349591325,0.028555049314475032,1.0,113.62719638857692,0.43210462861393917,True,2.148785016316292,3.923463317845655,29.8712086110712,0.010957957342608522,False,True,True,False,TARGET_IDENTITY_UNCERTAIN,TARGET_OVERLAP_AMBIGUOUS: another detected person overlaps or is too close to the selected pose for automated identity acceptance.,False,,TARGET_IDENTITY_UNCERTAIN,TARGET_OVERLAP_AMBIGUOUS: another detected person overlaps or is too close to the selected pose for automated identity acceptance.,NOT_REVIEWED,False
63,63,63,2100.0,17,1.0,0.9847357273101807,4,6,0.9978384971618652,0.9950555860996246,False,,,,,False,,,,709.752628326416,305.8125228881836,715.2722549438477,268.15363121032715,38.0612453868812,1,0,False,0,0.0,,678.2029304504395,253.91181564331055,52.71102523803711,104.2194709777832,704.558443069458,306.02155113220215,711.4285714285714,300.06493506493507,9.092850963450298,0.03740933842604408,1.0,116.79105407750193,0.10591662795165181,True,4.122088180333871,3.000562873412128,29.8712086110712,0.07555704162031061,False,False,False,False,INVALID_TRACK_SEGMENT,Valid-looking pose segment is too short to establish target identity continuity.,False,,INVALID_TRACK_SEGMENT,Valid-looking pose segment is too short to establish target identity continuity.,NOT_REVIEWED,False
64,64,64,2133.3333333333335,17,1.0,0.9904136061668396,4,6,0.9979971349239349,0.9961554706096649,False,,,,,True,,64.0,68.0,714.3824615478516,304.4556579589844,717.9095039367676,268.1942443847656,36.43254235451798,2,0,True,1,0.5409765477354626,0.13706619890914482,685.0657272338867,254.6160125732422,49.69348907470703,101.33566284179688,709.9124717712402,305.2838439941406,715.7142857142858,301.2987012987013,7.038636752435167,0.028592129315157085,1.0,112.86434078133075,0.1314547846823918,True,4.824566104262543,2.637561692282308,29.8712086110712,0.054524175890210594,False,True,True,False,VALID_TARGET,HUMAN_ACCEPTED_TARGET: operator reviewed the raw skeleton and confirmed that it belongs to the documented athlete.,True,7,TARGET_IDENTITY_UNCERTAIN,TARGET_OVERLAP_AMBIGUOUS: another detected person overlaps or is too close to the selected pose for automated identity acceptance.,ACCEPTED,True
65,65,65,2166.6666666666665,17,1.0,0.9685046076774597,4,6,0.995227724313736,0.9923012852668762,False,,,,,True,,64.0,68.0,718.0670623779297,310.35614013671875,719.9846343994141,270.79441833496094,39.608167268598265,2,0,True,1,0.3914711330204112,0.15531650045971504,682.8575286865234,255.43376541137695,54.35071563720703,104.46874618530273,710.032886505127,307.6681385040283,720.0,302.53246753246754,11.212424704220426,0.04497780666711024,1.0,117.7612806477823,0.16393510989831822,True,6.956433943248035,3.326720758987401,29.8712086110712,0.10631055995850475,False,True,True,False,VALID_TARGET,HUMAN_ACCEPTED_TARGET: operator reviewed the raw skeleton and confirmed that it belongs to the documented athlete.,True,7,TARGET_IDENTITY_UNCERTAIN,TARGET_OVERLAP_AMBIGUOUS: another detected person overlaps or is too close to the selected pose for automated identity acceptance.,ACCEPTED,True
66,66,66,2200.0,17,1.0,0.9778092503547668,4,6,0.9920008480548859,0.9954330921173096,False,,,,,True,,64.0,68.0,722.563720703125,306.8910713195801,723.9915161132812,270.4901714324951,36.42889117613718,1,0,False,0,0.0,,687.650749206543,255.8366928100586,54.588134765625,104.01129913330078,714.9448165893555,307.842342376709,724.2857142857142,303.76623376623377,10.191517609180217,0.040377547555953366,1.0,117.4658027026888,0.009891730493421739,True,5.6768510638429746,4.0184160121350425,29.8712086110712,0.10643279064653409,False,False,False,False,VALID_TARGET,HUMAN_ACCEPTED_TARGET: operator reviewed the raw skeleton and confirmed that it belongs to the documented athlete.,True,7,INVALID_TRACK_SEGMENT,Valid-looking pose segment is too short to establish target identity continuity.,ACCEPTED,True
67,67,67,2233.3333333333335,17,1.0,0.9668712615966797,4,6,0.9917870163917542,0.9929288625717163,False,,,,,True,,64.0,68.0,723.5377159118652,310.563232421875,726.5680618286133,272.1247024536133,38.55779535315921,1,0,False,0,0.0,,686.7760963439941,258.86914443969727,60.31624221801758,105.23177719116211,716.9342174530029,311.4850330352783,728.5714285714286,305.0,13.322174600396893,0.05213614201801455,1.0,121.29211023851862,0.12809349583570795,True,3.7991359317424784,3.051275058429416,29.8712086110712,0.07126943555383933,False,False,False,False,VALID_TARGET,HUMAN_ACCEPTED_TARGET: operator reviewed the raw skeleton and confirmed that it belongs to the documented athlete.,True,7,INVALID_TRACK_SEGMENT,Valid-looking pose segment is too short to establish target identity continuity.,ACCEPTED,True
68,68,68,2266.6666666666665,17,1.0,0.9642295241355896,4,6,0.9920651912689209,0.9912829399108887,False,,,,,True,,64.0,68.0,729.9948043823242,310.322265625,731.1680641174316,273.5078773498535,36.83307918813288,2,1,True,1,0.34140166419117546,0.1259370856601265,688.3212127685547,258.4980888366699,61.83131408691406,101.52609634399414,719.2368698120117,309.261137008667,731.6666666666666,307.32142857142856,12.580235239035996,0.04971728261148264,1.0,118.87245114224152,0.08100305306629944,True,6.4615831274178115,4.803456448300882,29.8712086110712,0.057738412512277654,False,True,True,False,VALID_TARGET,HUMAN_ACCEPTED_TARGET: operator reviewed the raw skeleton and confirmed that it belongs to the documented athlete.,True,7,TARGET_IDENTITY_UNCERTAIN,TARGET_OVERLAP_AMBIGUOUS: another detected person overlaps or is too close to the selected pose for automated identity acceptance.,ACCEPTED,True
69,69,69,2300.0,17,1.0,0.9701002240180969,4,6,0.9924038648605347,0.992621123790741,False,,,,,False,,,,735.8210411071777,311.9664764404297,738.6781730651855,276.2649097442627,35.81570978755453,1,0,False,0,0.0,,719.6283645629883,261.48333740234375,34.933021545410156,111.12553405761719,737.0948753356934,317.04610443115234,734.7619047619048,309.6428571428571,7.762140304697795,0.030976087501211943,1.0,116.4869104830355,0.07986086837885291,True,6.053797451154752,8.000185249789839,29.8712086110712,0.03405852819096437,False,False,False,False,INVALID_TRACK_SEGMENT,Valid-looking pose segment is too short to establish target identity continuity.,False,,INVALID_TRACK_SEGMENT,Valid-looking pose segment is too short to establish target identity continuity.,NOT_REVIEWED,False
70,70,70,2333.3333333333335,17,1.0,0.9660089015960693,4,6,0.9902586340904236,0.9863948225975037,False,,,,,False,,,,738.8579177856445,312.61962509155273,742.2753257751465,278.25358390808105,34.53553914434786,1,0,False,0,0.0,,722.8651657104492,264.52735900878906,37.690696716308594,110.0225830078125,741.7105140686035,319.5386505126953,737.8571428571429,311.9642857142857,8.498204033364924,0.03424261517847612,1.0,116.29942988111226,0.006276297834623094,True,3.106319867734065,4.110271590615147,29.8712086110712,0.042856339021120245,False,False,False,False,INVALID_TRACK_SEGMENT,Valid-looking pose segment is too short to establish target identity continuity.,False,,INVALID_TRACK_SEGMENT,Valid-looking pose segment is too short to establish target identity continuity.,NOT_REVIEWED,False
71,71,71,2366.6666666666665,17,1.0,0.9706010818481445,4,6,0.9907181859016418,0.9909888505935669,False,,,,,False,,,,744.4968910217285,313.69358825683594,747.0915412902832,279.73433113098145,34.05823475396237,1,0,False,0,0.0,,727.4649429321289,265.37759017944336,35.80004119873047,112.12112808227539,745.3649635314941,321.43815422058105,740.952380952381,314.2857142857143,8.404063424282931,0.034189167791008446,1.0,117.6978772632404,0.04681589554464267,True,5.740332397836958,5.038704617892467,29.8712086110712,0.015978743833237045,False,False,False,False,INVALID_TRACK_SEGMENT,Valid-looking pose segment is too short to establish target identity continuity.,False,,INVALID_TRACK_SEGMENT,Valid-looking pose segment is too short to establish target identity continuity.,NOT_REVIEWED,False
72,72,72,2400.0,17,1.0,0.9590373039245605,4,6,0.9885360896587372,0.9918360412120819,False,,,,,False,,,,749.3042984008789,318.26113510131836,751.5613784790039,281.823034286499,36.50793888279652,3,1,True,2,0.6390285729975855,0.15623872780214357,733.4593811035156,266.0836982727051,31.888221740722656,112.56866073608398,749.403491973877,322.36802864074707,744.047619047619,316.60714285714283,7.8659506618053445,0.032305089374976816,1.0,116.99812847093355,0.023425526613861228,True,6.6312630686507195,4.93377394755168,29.8712086110712,0.08200887217955485,False,True,True,False,TARGET_IDENTITY_UNCERTAIN,TARGET_OVERLAP_AMBIGUOUS: another detected person overlaps or is too close to the selected pose for automated identity acceptance.,False,,TARGET_IDENTITY_UNCERTAIN,TARGET_OVERLAP_AMBIGUOUS: another detected person overlaps or is too close to the selected pose for automated identity acceptance.,NOT_REVIEWED,False
73,73,73,2433.333333333333,17,1.0,0.9670109152793884,4,6,0.9918029606342316,0.9875430762767792,False,,,,,False,,,,753.6315650939941,318.3446388244629,754.3683090209961,282.2130184173584,36.139130936660116,2,1,True,1,0.6677480490618634,0.1511616121896802,738.0886421203613,267.10108184814453,27.398563385009766,115.1086654663086,751.7879238128662,324.6554145812988,747.1428571428571,318.92857142857144,7.3738305421788715,0.030569665042683887,1.0,118.32449510138187,0.04440284448205175,True,4.328072308213375,2.8338924979417794,29.8712086110712,0.01234660274173557,False,True,True,False,TARGET_IDENTITY_UNCERTAIN,TARGET_OVERLAP_AMBIGUOUS: another detected person overlaps or is too close to the selected pose for automated identity acceptance.,False,,TARGET_IDENTITY_UNCERTAIN,TARGET_OVERLAP_AMBIGUOUS: another detected person overlaps or is too close to the selected pose for automated identity acceptance.,NOT_REVIEWED,False
74,74,74,2466.666666666667,17,1.0,0.9816210865974426,4,6,0.9939142465591431,0.9900045394897461,False,,,,,True,,74.0,79.0,758.9536476135254,324.1389579772949,758.0950698852539,283.47273445129395,40.67528600492145,1,0,False,0,0.0,,740.293529510498,268.20140838623047,29.726734161376953,114.75096893310547,755.1568965911865,325.5768928527832,750.2380952380953,321.25,6.551076897017653,0.027412039322225936,1.0,118.53886955335668,0.007176624647700113,True,7.867572483909901,3.933907856765069,29.8712086110712,0.15185709849651335,False,False,False,False,VALID_TARGET,HUMAN_ACCEPTED_TARGET: operator reviewed the raw skeleton and confirmed that it belongs to the documented athlete.,True,8,INVALID_TRACK_SEGMENT,Valid-looking pose segment is too short to establish target identity continuity.,ACCEPTED,True
75,75,75,2500.0,17,1.0,0.9859020709991455,4,6,0.9957542717456818,0.9932977855205536,False,,,,,True,,74.0,79.0,761.3476829528809,323.38580322265625,761.3417015075684,285.10287857055664,38.28292511937958,1,0,False,0,0.0,,740.4813537597656,268.8932800292969,37.318824768066406,112.13308715820312,759.1407661437988,324.95982360839844,753.3333333333333,323.57142857142856,5.97109007022626,0.025215211483643238,1.0,118.18004872946544,0.01201226333233285,True,2.5097105989571173,3.6329033486426425,29.8712086110712,0.08008918944964259,False,False,False,False,VALID_TARGET,HUMAN_ACCEPTED_TARGET: operator reviewed the raw skeleton and confirmed that it belongs to the documented athlete.,True,8,INVALID_TRACK_SEGMENT,Valid-looking pose segment is too short to establish target identity continuity.,ACCEPTED,True
76,76,76,2533.333333333333,17,1.0,0.9937151074409485,4,6,0.998442143201828,0.9972384870052338,False,,,,,True,,74.0,79.0,766.6099586486816,325.12894439697266,764.8285675048828,287.478702545166,37.6923608428384,1,0,False,0,0.0,,736.3482093811035,271.7182273864746,47.20230484008789,111.40872573852539,759.9493618011475,327.4225902557373,756.4285714285713,325.89285714285717,3.8387560803295013,0.016357797647725807,1.0,120.99570964665877,0.09426002656450115,True,5.543472436317581,4.219333364591663,29.8712086110712,0.0197703509165109,False,False,False,False,VALID_TARGET,HUMAN_ACCEPTED_TARGET: operator reviewed the raw skeleton and confirmed that it belongs to the documented athlete.,True,8,INVALID_TRACK_SEGMENT,Valid-looking pose segment is too short to establish target identity continuity.,ACCEPTED,True
77,77,77,2566.666666666667,17,1.0,0.9893714189529419,4,6,0.9960972368717194,0.9921062886714935,False,,,,,True,,74.0,79.0,770.4736289978027,326.6658477783203,768.4399261474609,287.5733222961426,39.14538920304924,1,0,False,0,0.0,,736.8390617370605,273.48814392089844,58.68430709838867,108.95147705078125,766.1812152862549,327.96388244628906,759.5238095238096,328.2142857142857,6.662113274514524,0.028642587097305095,1.0,123.75084747655228,0.09223389203182002,True,4.1581270507616015,3.6125979768856906,29.8712086110712,0.04864310577886381,False,False,False,False,VALID_TARGET,HUMAN_ACCEPTED_TARGET: operator reviewed the raw skeleton and confirmed that it belongs to the documented athlete.,True,8,INVALID_TRACK_SEGMENT,Valid-looking pose segment is too short to establish target identity continuity.,ACCEPTED,True
78,78,78,2600.0,17,1.0,0.9759382605552673,4,6,0.9872867465019226,0.9788725674152374,False,,,,,True,,74.0,79.0,771.3826713562012,329.62304306030273,771.9130821228027,290.7845230102539,38.842141743979205,2,0,True,1,0.6683575462351931,0.07420773925170754,755.4921035766602,275.617919921875,44.790626525878906,111.13090515136719,777.8874168395996,331.1833724975586,762.6190476190477,330.5357142857143,15.282099326154968,0.06628041832081012,1.0,119.81768777748525,0.13167059124649153,True,3.0937617789903746,4.7301820742294405,29.8712086110712,0.010151830915795053,False,True,True,False,VALID_TARGET,HUMAN_ACCEPTED_TARGET: operator reviewed the raw skeleton and confirmed that it belongs to the documented athlete.,True,8,TARGET_IDENTITY_UNCERTAIN,TARGET_OVERLAP_AMBIGUOUS: another detected person overlaps or is too close to the selected pose for automated identity acceptance.,ACCEPTED,True
79,79,79,2633.3333333333335,17,1.0,0.9814567565917969,4,6,0.9968419671058655,0.9925219416618347,False,,,,,True,,74.0,79.0,777.5993156433105,330.544979095459,773.9775314331055,292.44799613952637,38.26875267381877,1,0,False,0,0.0,,739.3883171081543,275.2200012207031,60.35604476928711,107.64997863769531,769.5663394927979,329.0449905395508,765.7142857142858,332.8571428571429,5.41948554800841,0.023707934157628913,1.0,123.41543680143278,0.1204420306788019,True,6.284634615104466,2.6512438225521526,29.8712086110712,0.019195375641677993,False,False,False,False,VALID_TARGET,HUMAN_ACCEPTED_TARGET: operator reviewed the raw skeleton and confirmed that it belongs to the documented athlete.,True,8,INVALID_TRACK_SEGMENT,Valid-looking pose segment is too short to establish target identity continuity.,ACCEPTED,True
80,80,80,2666.6666666666665,17,1.0,0.9754223823547363,4,6,0.9937656819820404,0.9831619262695312,False,,,,,False,,,,779.1550025939941,334.1665573120117,777.2823848724365,292.73560905456543,41.4732464444524,2,0,True,1,0.04664227574962206,0.36094730796048863,761.5005989074707,277.00431060791016,49.79445266723633,114.64122772216797,786.3978252410889,334.32492446899414,771.038961038961,335.2597402597403,15.387286640016576,0.06746710328465653,1.0,124.98839390149637,0.05265796642324687,True,3.941572106043032,3.317344939007032,29.8712086110712,0.10727700416667933,False,True,True,False,TARGET_IDENTITY_UNCERTAIN,TARGET_OVERLAP_AMBIGUOUS: another detected person overlaps or is too close to the selected pose for automated identity acceptance.,False,,TARGET_IDENTITY_UNCERTAIN,TARGET_OVERLAP_AMBIGUOUS: another detected person overlaps or is too close to the selected pose for automated identity acceptance.,NOT_REVIEWED,False
81,81,81,2700.0,17,1.0,0.9724249243736267,4,6,0.9922881126403809,0.9856956899166107,False,,,,,False,,,,782.1361808776855,334.6496353149414,780.5361003875732,294.5623416900635,40.11921444572434,2,0,True,1,0.09058957583492337,0.39936275737595706,761.4367599487305,278.33334732055664,53.55864715576172,115.70100021362305,788.2160835266113,336.18384742736816,776.3636363636364,337.6623376623377,11.944305635992963,0.0524853674693864,1.0,127.49607890279678,0.0839499008543963,True,3.0200642900553913,3.7314362884866523,29.8712086110712,0.04532899945086972,False,True,True,False,TARGET_IDENTITY_UNCERTAIN,TARGET_OVERLAP_AMBIGUOUS: another detected person overlaps or is too close to the selected pose for automated identity acceptance.,False,,TARGET_IDENTITY_UNCERTAIN,TARGET_OVERLAP_AMBIGUOUS: another detected person overlaps or is too close to the selected pose for automated identity acceptance.,NOT_REVIEWED,False
82,82,82,2733.3333333333335,17,1.0,0.9636524319648743,4,6,0.9856578409671783,0.8884869813919067,False,,,,,False,,,,786.5348606109619,336.9767951965332,782.5549259185791,297.1284923553467,40.04656189335792,3,0,True,2,0.04835331853025628,0.42153833261677764,764.8709373474121,282.76313400268555,32.6768913269043,102.74086380004883,781.2093830108643,334.13356590270996,781.6883116883116,340.06493506493507,5.950673307843112,0.02620252014190887,1.0,107.81217148898587,0.6589591894355237,True,4.97634971745622,3.265085873537558,29.8712086110712,0.002432193263833773,False,True,True,False,TARGET_IDENTITY_UNCERTAIN,TARGET_OVERLAP_AMBIGUOUS: another detected person overlaps or is too close to the selected pose for automated identity acceptance.,False,,TARGET_IDENTITY_UNCERTAIN,TARGET_OVERLAP_AMBIGUOUS: another detected person overlaps or is too close to the selected pose for automated identity acceptance.,NOT_REVIEWED,False
83,83,83,2766.6666666666665,17,1.0,0.9581905007362366,4,6,0.9783759117126465,0.7834823727607727,False,,,,,False,,,,791.0088310241699,333.4255905151367,786.2136726379395,298.68084144592285,35.074080627033894,2,0,True,1,0.06807806634833792,0.3917997394703045,766.1794166564941,285.31220626831055,31.880512237548828,89.6254997253418,782.1196727752686,330.12495613098145,787.012987012987,342.46753246753246,13.277187761444324,0.05857797680872094,1.0,95.12674314589847,0.4246707425954563,True,5.712045688493128,3.974445276443343,29.8712086110712,0.16646401325994784,False,True,True,False,TARGET_IDENTITY_UNCERTAIN,TARGET_OVERLAP_AMBIGUOUS: another detected person overlaps or is too close to the selected pose for automated identity acceptance.,False,,TARGET_IDENTITY_UNCERTAIN,TARGET_OVERLAP_AMBIGUOUS: another detected person overlaps or is too close to the selected pose for automated identity acceptance.,NOT_REVIEWED,False
84,84,84,2800.0,17,1.0,0.9537263512611389,4,6,0.9938078820705414,0.9913264214992523,False,,,,,False,,,,790.4288463592529,337.605167388916,790.2336101531982,297.0201721191406,40.5854648639614,5,2,True,4,0.6934235666684156,0.06023911567954744,769.1833152770996,281.9266357421875,35.670284271240234,113.17466735839844,787.0184574127197,338.5139694213867,792.3376623376623,344.87012987012986,8.288227596036451,0.03663467681027079,1.0,118.66286070913353,0.7879198284100173,True,4.219626174837008,4.349450567543025,29.8712086110712,0.1845048959580703,False,True,True,False,TARGET_IDENTITY_UNCERTAIN,TARGET_OVERLAP_AMBIGUOUS: another detected person overlaps or is too close to the selected pose for automated identity acceptance.,False,,TARGET_IDENTITY_UNCERTAIN,TARGET_OVERLAP_AMBIGUOUS: another detected person overlaps or is too close to the selected pose for automated identity acceptance.,NOT_REVIEWED,False
85,85,85,2833.3333333333335,17,1.0,0.9862913489341736,4,6,0.9968254864215851,0.996366947889328,False,,,,,True,,85.0,92.0,793.3964385986328,340.20996475219727,791.2560768127441,301.41015625,38.85879936876166,2,0,True,1,0.12006217830100319,0.40636985470183484,770.2222213745117,287.45043563842773,36.881439208984375,113.9501838684082,788.6629409790039,344.42552757263184,797.6623376623377,347.27272727272725,9.439051159741762,0.041793814957998325,1.0,119.77013384717431,0.03706824027302302,True,3.948616593565987,4.507482527872969,29.8712086110712,0.05780367033959863,False,True,True,False,VALID_TARGET,HUMAN_ACCEPTED_TARGET: operator reviewed the raw skeleton and confirmed that it belongs to the documented athlete.,True,9,TARGET_IDENTITY_UNCERTAIN,TARGET_OVERLAP_AMBIGUOUS: another detected person overlaps or is too close to the selected pose for automated identity acceptance.,ACCEPTED,True
86,86,86,2866.6666666666665,17,1.0,0.9908706545829773,4,6,0.997685432434082,0.9968218803405762,False,,,,,True,,85.0,92.0,794.8546829223633,341.70348358154297,794.4161796569824,305.46461486816406,36.24152163940226,3,0,True,2,0.15009807640071673,0.3941582010858454,773.7466659545898,291.6652069091797,33.329933166503906,112.60858154296875,790.4116325378418,347.96949768066406,802.987012987013,349.67532467532465,12.690549207071808,0.05628168617274876,1.0,117.43754545290471,0.07808818265910615,True,2.087360774112202,5.140514047502226,29.8712086110712,0.08761874229586265,False,True,True,False,VALID_TARGET,HUMAN_ACCEPTED_TARGET: operator reviewed the raw skeleton and confirmed that it belongs to the documented athlete.,True,9,TARGET_IDENTITY_UNCERTAIN,TARGET_OVERLAP_AMBIGUOUS: another detected person overlaps or is too close to the selected pose for automated identity acceptance.,ACCEPTED,True
87,87,87,2900.0,17,1.0,0.9884442687034607,4,6,0.9948624670505524,0.9921553730964661,False,,,,,True,,85.0,92.0,796.9290752410889,344.0818061828613,796.8482837677002,306.6230297088623,37.458863599837024,3,0,True,2,0.2222345919438794,0.3623490337450882,777.9656181335449,291.9288024902344,38.811771392822266,111.77201843261719,797.371503829956,347.81481170654297,808.3116883116884,352.0779220779221,11.741454191576834,0.0521508163314805,1.0,118.31879691388859,0.029501700867143908,True,3.155871018899448,2.693892230309191,29.8712086110712,0.0407530199492357,False,True,True,False,VALID_TARGET,HUMAN_ACCEPTED_TARGET: operator reviewed the raw skeleton and confirmed that it belongs to the documented athlete.,True,9,TARGET_IDENTITY_UNCERTAIN,TARGET_OVERLAP_AMBIGUOUS: another detected person overlaps or is too close to the selected pose for automated identity acceptance.,ACCEPTED,True
88,88,88,2933.333333333333,17,1.0,0.9895167946815491,4,6,0.9965605735778809,0.994921863079071,False,,,,,True,,85.0,92.0,800.0338745117188,347.76587677001953,798.1937274932861,309.2406768798828,38.569121945209446,2,0,True,1,0.27176277425047635,0.35588859309301424,780.7497367858887,295.23191833496094,40.71638107299805,114.70889282226562,801.1079273223877,352.58636474609375,813.6363636363636,354.48051948051943,12.670814442303937,0.056356675213137516,1.0,121.72080257783226,0.11388912006335022,True,4.817899397254787,2.9431777946074265,29.8712086110712,0.03716817621369782,False,True,True,False,VALID_TARGET,HUMAN_ACCEPTED_TARGET: operator reviewed the raw skeleton and confirmed that it belongs to the documented athlete.,True,9,TARGET_IDENTITY_UNCERTAIN,TARGET_OVERLAP_AMBIGUOUS: another detected person overlaps or is too close to the selected pose for automated identity acceptance.,ACCEPTED,True
89,89,89,2966.666666666667,17,1.0,0.9910818338394165,4,6,0.9983553886413574,0.9979934692382812,False,,,,,True,,85.0,92.0,803.068323135376,347.8783187866211,802.9768562316895,308.8372287750244,39.04119715746514,2,0,True,1,0.14786045119365696,0.305852223939814,780.001501083374,292.94166374206543,46.151071548461914,115.78943061828613,803.077036857605,350.8363790512085,818.9610389610391,356.8831168831168,16.99601603993509,0.07568994948522066,1.0,124.64795886005574,0.09799256268253516,True,3.0365311881672916,4.8001136342230035,29.8712086110712,0.015803686365764597,False,True,True,False,VALID_TARGET,HUMAN_ACCEPTED_TARGET: operator reviewed the raw skeleton and confirmed that it belongs to the documented athlete.,True,9,TARGET_IDENTITY_UNCERTAIN,TARGET_OVERLAP_AMBIGUOUS: another detected person overlaps or is too close to the selected pose for automated identity acceptance.,ACCEPTED,True
90,90,90,3000.0,17,1.0,0.9911795258522034,4,6,0.9983550310134888,0.9980847835540771,False,,,,,True,,85.0,92.0,802.4117622375488,348.1173896789551,802.8624610900879,307.85097312927246,40.26893878919873,2,0,True,1,0.14193591466537694,0.30313146014175274,780.8069610595703,292.1493511199951,46.24518585205078,116.68594551086426,803.9295539855957,350.49232387542725,824.2857142857142,359.2857142857143,22.174241296419797,0.09886403858000711,1.0,125.51584399690384,0.02905423574078073,True,0.6987324982544885,0.9928677893856984,29.8712086110712,0.041101170284705085,False,True,True,False,VALID_TARGET,HUMAN_ACCEPTED_TARGET: operator reviewed the raw skeleton and confirmed that it belongs to the documented athlete.,True,9,TARGET_IDENTITY_UNCERTAIN,TARGET_OVERLAP_AMBIGUOUS: another detected person overlaps or is too close to the selected pose for automated identity acceptance.,ACCEPTED,True
91,91,91,3033.333333333333,17,1.0,0.9929693341255188,4,6,0.9983027577400208,0.997632622718811,False,,,,,True,,85.0,92.0,803.693717956543,349.67601776123047,806.590913772583,311.1945114135742,38.590414281025645,3,1,True,2,0.6432824465070898,0.09977836200796031,783.9767627716064,298.17335510253906,67.75720024108887,116.16804504394531,817.8553628921509,356.2573776245117,826.031746031746,360.515873015873,9.218894957840725,0.04123681494882167,1.0,134.4843963954299,0.3002406938165216,True,2.0181010788162337,5.008054279278189,29.8712086110712,0.056192052019983216,False,True,True,False,VALID_TARGET,HUMAN_ACCEPTED_TARGET: operator reviewed the raw skeleton and confirmed that it belongs to the documented athlete.,True,9,TARGET_IDENTITY_UNCERTAIN,TARGET_OVERLAP_AMBIGUOUS: another detected person overlaps or is too close to the selected pose for automated identity acceptance.,ACCEPTED,True
92,92,92,3066.666666666667,17,1.0,0.9874883890151978,4,6,0.9973409175872803,0.9970927238464355,False,,,,,True,,85.0,92.0,806.7094287872314,353.3048782348633,806.2337417602539,313.5826663970947,39.725059992808006,1,0,False,0,0.0,,788.1026630401611,300.10258865356445,42.29659080505371,112.75576400756836,809.250958442688,356.48047065734863,827.7777777777778,361.74603174603175,19.26055991537402,0.08643635502663978,1.0,120.42783694254665,0.47057216987442096,True,4.71838321371064,2.41471656135975,29.8712086110712,0.03798459334390061,False,False,False,False,VALID_TARGET,,True,9,VALID_TARGET,,ACCEPTED,False
93,93,93,3100.0,17,1.0,0.98183274269104,4,6,0.9953008592128754,0.9951841831207275,False,,,,,False,,,,807.7899627685547,355.2560729980469,808.5375919342041,315.81137466430664,39.45178292560552,1,0,False,0,0.0,,792.0494575500488,303.0019874572754,62.58076095581055,119.15281295776367,823.3398380279541,362.5783939361572,829.5238095238095,362.9761904761905,6.1967528229561255,0.027900863807373544,1.0,134.58731172571996,0.4740174717244406,True,2.230406843755044,3.2054432087231053,29.8712086110712,0.009148510552773569,False,False,False,False,VALID_TARGET,,True,9,VALID_TARGET,,NOT_REVIEWED,False
94,94,94,3133.3333333333335,17,1.0,0.986896812915802,4,6,0.993442714214325,0.9959250688552856,False,,,,,False,,,,811.6482772827148,354.3571090698242,811.4177284240723,317.4406032562256,36.917225711877144,1,0,False,0,0.0,,798.2152328491211,304.7799606323242,56.42210388183594,115.8254165649414,826.4262847900391,362.6926689147949,831.2698412698412,364.20634920634916,5.074570661452364,0.022923630535381788,1.0,128.83703244368402,0.19250239777391198,True,3.9616571071237896,3.309013751104141,29.8712086110712,0.08484950330362565,False,False,False,False,VALID_TARGET,,True,9,VALID_TARGET,,NOT_REVIEWED,False
95,95,95,3166.6666666666665,17,1.0,0.9813470840454102,4,6,0.9922400116920471,0.9936294853687286,False,,,,,False,,,,810.4128017425537,355.20327377319336,810.5146865844727,317.7624797821045,37.440932616645235,1,0,False,0,0.0,,799.2643775939941,304.4980354309082,55.84048843383789,119.4033317565918,827.1846218109131,364.1997013092041,833.015873015873,365.43650793650795,5.960971502086662,0.027016959576272034,1.0,131.81546109278798,0.0997090103679321,True,1.4974626925450358,0.9586913277897745,29.8712086110712,0.017532163213978172,False,False,False,False,VALID_TARGET,,True,9,VALID_TARGET,,NOT_REVIEWED,False
96,96,96,3200.0,17,1.0,0.983421266078949,4,6,0.9951832592487335,0.9962153136730194,False,,,,,False,,,,813.933723449707,355.4972915649414,813.0163230895996,320.97887802124023,34.53060232597598,1,0,False,0,0.0,,798.8379306793213,307.58581352233887,54.11287498474121,118.75067329406738,825.8943681716919,366.96115016937256,834.7619047619048,366.66666666666663,8.872425018681813,0.04034612586333588,1.0,130.49875726193164,0.044079362438931555,True,3.5331764928698153,4.074727332779372,29.8712086110712,0.09742927809056239,False,False,False,False,VALID_TARGET,,True,9,VALID_TARGET,,NOT_REVIEWED,False
97,97,97,3233.3333333333335,17,1.0,0.9891764521598816,4,6,0.9920384883880615,0.996122419834137,False,,,,,False,,,,818.0092353820801,358.4699897766113,815.3268489837646,322.54455757141113,36.02543373674081,1,0,False,0,0.0,,803.6353797912598,309.81152725219727,45.37887191772461,115.70290756225586,826.3248157501221,367.6629810333252,836.5079365079366,367.89682539682536,10.185805395479258,0.04647289455645243,1.0,124.28356623015442,0.20806627253353518,True,5.044475410642878,2.791036073115233,29.8712086110712,0.050042548670454545,False,False,False,False,VALID_TARGET,,True,9,VALID_TARGET,,NOT_REVIEWED,False
98,98,98,3266.6666666666665,17,1.0,0.9793688058853149,4,6,0.9861439764499664,0.9932720363140106,False,,,,,True,,98.0,100.0,817.217248916626,356.3977737426758,814.4170570373535,322.1656665802002,34.34644428967802,2,0,True,1,0.26695955713491243,0.20793736226969162,800.7196578979492,310.0336456298828,49.58573913574219,112.33924865722656,825.5125274658203,366.2032699584961,838.2539682539683,369.1269841269841,13.072582678908518,0.05984328134831053,1.0,122.7959784134157,0.04980005449753974,True,2.218405249895079,0.9855352702848155,29.8712086110712,0.05620761680330886,False,True,True,False,VALID_TARGET,HUMAN_ACCEPTED_TARGET: operator reviewed the raw skeleton and confirmed that it belongs to the documented athlete.,True,9,TARGET_IDENTITY_UNCERTAIN,TARGET_OVERLAP_AMBIGUOUS: another detected person overlaps or is too close to the selected pose for automated identity acceptance.,ACCEPTED,True
99,99,99,3300.0,17,1.0,0.9871763586997986,4,6,0.990454912185669,0.9966232478618622,False,,,,,True,,98.0,100.0,821.7460651397705,363.0314140319824,816.5723743438721,325.98473358154297,37.406197465774795,1,0,False,0,0.0,,801.2337017059326,312.5086555480957,47.273393630981445,117.47045516967773,824.8703985214233,371.24388313293457,840.0,370.35714285714283,15.155564958696203,0.06961144070552222,1.0,126.62575402800563,0.12820959688823907,True,8.032145408975698,4.385278263978659,29.8712086110712,0.1024315157761222,False,False,False,False,VALID_TARGET,HUMAN_ACCEPTED_TARGET: operator reviewed the raw skeleton and confirmed that it belongs to the documented athlete.,True,9,INVALID_TRACK_SEGMENT,Valid-looking pose segment is too short to establish target identity continuity.,ACCEPTED,True
100,100,100,3333.3333333333335,17,1.0,0.9660693407058716,4,6,0.9877134561538696,0.9942508637905121,False,,,,,True,,98.0,100.0,825.0831336975098,364.6476631164551,819.2479820251465,328.9703063964844,36.151386938311546,1,0,False,0,0.0,,806.8006858825684,313.27133560180664,47.32609939575195,116.99845504760742,830.4637355804443,371.77056312561035,841.7460317460317,371.5873015873016,11.283784452011231,0.05200230966313823,1.0,126.20775795308151,0.01399327628039786,True,3.7078683447650445,4.009054938188275,29.8712086110712,0.04200735711102688,False,False,False,False,VALID_TARGET,HUMAN_ACCEPTED_TARGET: operator reviewed the raw skeleton and confirmed that it belongs to the documented athlete.,True,9,INVALID_TRACK_SEGMENT,Valid-looking pose segment is too short to establish target identity continuity.,ACCEPTED,True
101,101,101,3366.6666666666665,17,1.0,0.9669144153594971,4,6,0.9825002253055573,0.9927743673324585,False,,,,,False,,,,824.4469242095947,366.2861442565918,822.1951122283936,330.3217945098877,36.03477639589202,2,0,True,1,0.3712537269671732,0.25478795484794614,807.9228115081787,313.0942840576172,33.263254165649414,111.89056396484375,824.5544385910034,369.03956604003906,843.4920634920634,372.81746031746036,19.31077735526509,0.08929597225083691,1.0,116.7302119507173,0.3172802990921343,True,1.7576640632091327,3.242236350971592,29.8712086110712,0.003903777176806629,False,True,True,False,TARGET_IDENTITY_UNCERTAIN,TARGET_OVERLAP_AMBIGUOUS: another detected person overlaps or is too close to the selected pose for automated identity acceptance.,False,,TARGET_IDENTITY_UNCERTAIN,TARGET_OVERLAP_AMBIGUOUS: another detected person overlaps or is too close to the selected pose for automated identity acceptance.,NOT_REVIEWED,False
102,102,102,3400.0,17,1.0,0.9179760217666626,4,6,0.9612143635749817,0.9955129027366638,False,,,,,True,,102.0,121.0,830.1324501037598,368.47939682006836,824.2397747039795,331.7196846008301,37.22902182180445,1,0,False,0,0.0,,819.664478302002,316.257080078125,46.5511589050293,107.82962036132812,842.9400577545166,370.17189025878906,845.2380952380952,374.04761904761904,4.505801806615294,0.020906117906568218,1.0,117.44887152573854,0.024058603867634507,True,6.093895429068149,2.4768410012401114,29.8712086110712,0.039979816065085834,False,False,False,False,VALID_TARGET,,True,10,VALID_TARGET,,ACCEPTED,False
103,103,103,3433.333333333333,17,1.0,0.8997771739959717,4,6,0.9647383987903595,0.9932048916816711,False,,,,,True,,102.0,121.0,830.4163932800293,370.6205749511719,825.297040939331,333.5114688873291,37.46055954261422,1,0,False,0,0.0,,822.925178527832,319.0278072357178,50.20178985595703,105.73784828186035,848.0260734558105,371.89673137664795,846.984126984127,375.2777777777778,3.5379552309840108,0.016471297411682323,1.0,117.0500417087469,0.013351646469497637,True,2.159923034847764,2.0804573587938013,29.8712086110712,0.007751200288693828,False,False,False,False,VALID_TARGET,,True,10,VALID_TARGET,,ACCEPTED,False
104,104,104,3466.666666666667,17,1.0,0.9551103115081787,4,6,0.9814620614051819,0.9961414039134979,False,,,,,True,,102.0,121.0,834.4625186920166,367.88073348999023,825.6259517669678,333.093563079834,35.89195091056096,1,0,False,0,0.0,,817.7187004089355,316.7759780883789,50.4328727722168,106.96329498291016,842.935136795044,370.257625579834,848.7301587301587,376.5079365079365,8.523418676001944,0.039816993575181175,1.0,118.25659021661185,0.040391686977733036,True,4.8864979363486265,0.531815378185717,29.8712086110712,0.05251239253412355,False,False,False,False,VALID_TARGET,,True,10,VALID_TARGET,,ACCEPTED,False
105,105,105,3500.0,17,1.0,0.9277359843254089,4,6,0.9646684229373932,0.9937582612037659,False,,,,,True,,102.0,121.0,836.3327026367188,376.586856842041,829.4591846466064,338.19006538391113,39.007164006622084,1,0,False,0,0.0,,826.339786529541,320.48733139038086,55.45063400268555,105.66804885864258,854.0651035308838,373.32135581970215,850.4761904761905,377.7380952380953,5.6910354070358675,0.026676578941486683,1.0,119.33360532931309,0.036055290789340784,True,8.90472749769164,6.377147484965882,29.8712086110712,0.10428815039330316,False,False,False,False,VALID_TARGET,,True,10,VALID_TARGET,,ACCEPTED,False
106,106,106,3533.333333333333,17,1.0,0.9675951600074768,4,6,0.9892108738422394,0.993436723947525,False,,,,,True,,102.0,121.0,831.1913871765137,375.9366683959961,827.5815277099609,338.7815246582031,37.33009230559598,1,0,False,0,0.0,,820.1274681091309,324.1103858947754,49.206722259521484,103.66083908081055,844.7308292388916,375.94080543518066,852.2222222222222,378.968253968254,8.080000832370146,0.038004893968100056,1.0,114.74698721301307,0.1535464525730664,True,5.182264917650782,1.9686085555231652,29.8712086110712,0.05614341631977107,False,False,False,False,VALID_TARGET,,True,10,VALID_TARGET,,ACCEPTED,False
107,107,107,3566.666666666667,17,1.0,0.8670793175697327,4,6,0.9390086829662323,0.9826325476169586,False,,,,,True,,102.0,121.0,837.3964309692383,376.54758071899414,831.4469470977783,340.95126152038574,36.090085880002825,1,0,False,0,0.0,,829.6746597290039,325.0012397766113,43.171180725097656,99.67478561401367,851.2602500915527,374.83863258361816,853.968253968254,380.1984126984127,6.0050418712258775,0.028342524953566157,1.0,108.62234453554494,0.20503498057986672,True,6.235044693987452,4.4327446457954895,29.8712086110712,0.041511759424878884,False,False,False,False,VALID_TARGET,,True,10,VALID_TARGET,,ACCEPTED,False
108,108,108,3600.0,17,1.0,0.8794888854026794,4,6,0.9489711225032806,0.9864158928394318,False,,,,,True,,102.0,121.0,841.036735534668,381.8061752319336,833.3740139007568,341.9865608215332,40.550203385825036,1,0,False,0,0.0,,831.869384765625,325.58617210388184,62.78765106201172,105.30021095275879,863.2632102966309,378.23627758026123,855.7142857142858,381.42857142857144,8.19615778056359,0.03881792581445916,1.0,122.5986278576577,0.4678847616809424,True,6.39567303578014,2.187562823348911,29.8712086110712,0.14931158507490563,False,False,False,False,VALID_TARGET,,True,10,VALID_TARGET,,ACCEPTED,False
109,109,109,3633.3333333333335,17,1.0,0.9210262894630432,4,6,0.9690230786800385,0.9721069037914276,False,,,,,True,,102.0,121.0,852.5132389068604,396.7264213562012,842.3192157745361,372.40864181518555,26.368020582284885,1,0,False,0,0.0,,835.5914344787598,357.61516189575195,55.77535629272461,69.74227523803711,863.4791126251221,392.4862995147705,857.0488721804511,382.27443609022555,12.067731633486114,0.05721744042965556,1.0,89.30215744851016,1.1146676668719335,True,18.82349261058279,31.709929809871984,29.8712086110712,0.4747776693000561,False,False,False,False,VALID_TARGET,,True,10,VALID_TARGET,,ACCEPTED,False
110,110,110,3666.6666666666665,17,1.0,0.8771988749504089,4,6,0.9428685903549194,0.9772862493991852,False,,,,,True,,102.0,121.0,851.9913730621338,393.8887825012207,841.9349021911621,371.19751358032227,24.819876946093693,1,0,False,0,0.0,,836.3119812011719,356.23571395874023,56.307701110839844,69.53354263305664,864.4658317565918,391.00248527526855,858.3834586466165,383.12030075187977,9.956108452086081,0.0472577565952475,1.0,89.47329632628262,0.0057292250876328525,True,2.8852275874161184,1.2706409924320992,29.8712086110712,0.051827284806192996,False,False,False,True,VALID_TARGET,HUMAN_ACCEPTED_TARGET: operator reviewed the raw skeleton and confirmed that it belongs to the documented athlete.,True,10,TARGET_IDENTITY_UNCERTAIN,Temporal/body-scale discontinuity suggests target identity uncertainty.,ACCEPTED,True
111,111,111,3700.0,17,1.0,0.8910987973213196,4,6,0.9513709545135498,0.9865139126777649,False,,,,,True,,102.0,121.0,849.7797260284424,391.0775833129883,840.5184440612793,348.14394760131836,43.9211614042443,1,0,False,0,0.0,,837.9002799987793,330.72464752197266,58.88105392456055,103.2932357788086,867.3408069610596,382.37126541137695,859.718045112782,383.9661654135339,7.787824099993319,0.03700669032765458,1.0,118.8968925957426,0.9850152584236138,True,3.5769013793442257,23.097040026418913,29.8712086110712,0.6394546905300336,True,False,False,True,VALID_TARGET,HUMAN_ACCEPTED_TARGET: operator reviewed the raw skeleton and confirmed that it belongs to the documented athlete.,True,10,TARGET_IDENTITY_UNCERTAIN,Temporal/body-scale discontinuity suggests target identity uncertainty.,ACCEPTED,True
112,112,112,3733.3333333333335,17,1.0,0.8820165395736694,4,6,0.9530341327190399,0.9888808727264404,False,,,,,True,,102.0,121.0,858.5956077575684,393.3786277770996,848.9890441894531,371.9743423461914,23.46123394870841,2,0,True,1,0.38820597928657335,0.2124265390080729,843.6877899169922,361.9932327270508,53.6832275390625,70.7794418334961,870.5294036865234,397.3829536437988,861.0526315789474,384.812030075188,15.742850089700626,0.07489072400577937,1.0,88.83478094345713,1.0063908710122802,True,9.111233521744166,25.29108104110798,29.8712086110712,0.6849380526221093,True,True,True,True,VALID_TARGET,HUMAN_ACCEPTED_TARGET: operator reviewed the raw skeleton and confirmed that it belongs to the documented athlete.,True,10,TARGET_IDENTITY_UNCERTAIN,TARGET_OVERLAP_AMBIGUOUS: another detected person overlaps or is too close to the selected pose for automated identity acceptance.,ACCEPTED,True
113,113,113,3766.6666666666665,17,1.0,0.8767263293266296,4,6,0.9335885941982269,0.9942656755447388,False,,,,,True,,102.0,121.0,857.2159461975098,389.5554428100586,847.6472034454346,357.43917083740234,33.51142735362099,1,0,False,0,0.0,,843.5485038757324,342.38124084472656,51.44137191772461,93.095703125,869.2691898345947,388.92909240722656,862.3872180451127,385.65789473684214,7.6198602290301025,0.03628876227811879,1.0,106.36270344963877,0.5867831708585519,True,4.064506035487181,14.596977336840034,29.8712086110712,0.33645084588869506,False,False,False,True,VALID_TARGET,HUMAN_ACCEPTED_TARGET: operator reviewed the raw skeleton and confirmed that it belongs to the documented athlete.,True,10,TARGET_IDENTITY_UNCERTAIN,Temporal/body-scale discontinuity suggests target identity uncertainty.,ACCEPTED,True
114,114,114,3800.0,17,1.0,0.9518033862113953,4,6,0.9726612567901611,0.9945656955242157,False,,,,,True,,102.0,121.0,858.6767597198486,391.35572814941406,849.397403717041,362.0221462249756,30.766304236040206,1,0,False,0,0.0,,843.6060485839844,350.7223091125488,48.63246154785156,88.74813461303711,867.9222793579102,395.0963764190674,863.7218045112782,386.5037593984963,9.564363867994361,0.045599664094426576,1.0,101.1995440379897,0.17284735542088003,True,2.3184053679514984,4.90579905762898,29.8712086110712,0.09189862898829457,False,False,False,False,VALID_TARGET,,True,10,VALID_TARGET,,ACCEPTED,False
115,115,115,3833.3333333333335,17,1.0,0.9592739343643188,4,6,0.9762190282344818,0.9943320155143738,False,,,,,True,,102.0,121.0,859.1735897064209,392.4949722290039,848.8576602935791,364.490571975708,29.844008329940095,2,0,True,1,0.006486740832207747,0.522036533479938,842.6818733215332,353.73444747924805,50.98833084106445,85.32883071899414,868.1760387420654,396.3988628387451,865.0563909774437,387.3496240601504,9.571881980432673,0.045686007840600285,1.0,99.40231000247732,0.06016609702381657,True,1.2428664885810976,2.526746653317128,29.8712086110712,0.030875747885148477,False,False,False,False,VALID_TARGET,,True,10,VALID_TARGET,,ACCEPTED,False
116,116,116,3866.6666666666665,17,1.0,0.959739625453949,4,6,0.981139063835144,0.9950225353240967,False,,,,,True,,102.0,121.0,861.2713165283203,396.7065620422363,855.6430969238281,374.9377899169922,22.484579065599526,1,0,False,0,0.0,,848.8425750732422,367.27125549316406,42.28528594970703,72.1112060546875,869.9852180480957,403.3268585205078,866.390977443609,388.1954887218045,15.55239266183989,0.07431274854072045,1.0,83.59468551594706,0.529192664828147,True,4.705097934606603,12.45738788734682,29.8712086110712,0.2463719951931552,False,False,False,False,VALID_TARGET,,True,10,VALID_TARGET,,ACCEPTED,False
117,117,117,3900.0,17,1.0,0.9666128158569336,4,6,0.9807659089565277,0.9907529354095459,False,,,,,True,,102.0,121.0,861.9875831604004,398.3074722290039,855.5192584991455,376.6781234741211,22.575826706540532,1,0,False,0,0.0,,848.5131530761719,367.2001075744629,43.348777770996094,72.14477157592773,870.1875419616699,403.27249336242676,867.7255639097743,389.0413533834586,14.442530284856634,0.0690859205080291,1.0,84.1664101645187,0.019139655713821122,True,1.753839021782655,1.744734032882039,29.8712086110712,0.0030547020085148783,False,False,False,False,VALID_TARGET,,True,10,VALID_TARGET,,ACCEPTED,False
118,118,118,3933.333333333333,17,1.0,0.9582722783088684,4,6,0.9668846130371094,0.9822879731655121,False,,,,,True,,102.0,121.0,867.8257694244385,400.8316955566406,858.0449123382568,382.2819061279297,20.970451907143673,1,0,False,0,0.0,,845.4698448181152,368.51909255981445,56.26742172241211,73.95701217651367,873.6035556793213,405.4975986480713,869.0601503759399,389.8872180451128,16.258121488044605,0.0778568243840932,1.0,92.92826479260637,0.29332106183478157,True,6.360512735730381,6.1466500914029485,29.8712086110712,0.053743215425232485,False,False,False,False,VALID_TARGET,,True,10,VALID_TARGET,,ACCEPTED,False
119,119,119,3966.666666666667,17,1.0,0.9443873167037964,4,6,0.9484168291091919,0.9867936074733734,False,,,,,True,,102.0,121.0,864.972110748291,395.72453689575195,856.5137519836426,376.6841163635254,20.834621355703586,1,0,False,0,0.0,,849.2460746765137,367.43946075439453,42.8082160949707,74.70201873779297,870.650182723999,404.790470123291,870.3947368421053,390.73308270676694,14.0597081611542,0.06740352259571472,1.0,86.09840282336997,0.2286436433879359,True,5.850336522580719,5.80342160091889,29.8712086110712,0.0045472064156702316,False,False,False,False,VALID_TARGET,,True,10,VALID_TARGET,,ACCEPTED,False
120,120,120,4000.0,17,1.0,0.9203951954841614,4,6,0.954908937215805,0.9896236956119537,False,,,,,True,,102.0,121.0,863.2383155822754,391.9852485656738,857.1625995635986,356.87659454345703,35.630491329636826,2,0,True,1,0.19123215899457252,0.25864075132775727,849.0525016784668,340.96237564086914,46.973941802978516,105.87702560424805,872.539472579956,393.90088844299316,871.7293233082708,391.57894736842104,2.4592178016998365,0.011802748477643671,1.0,115.82959794159785,0.9953127610380178,True,4.12168932516239,19.818146326901996,29.8712086110712,0.49532210653336034,False,True,True,False,VALID_TARGET,HUMAN_ACCEPTED_TARGET: operator reviewed the raw skeleton and confirmed that it belongs to the documented athlete.,True,10,TARGET_IDENTITY_UNCERTAIN,TARGET_OVERLAP_AMBIGUOUS: another detected person overlaps or is too close to the selected pose for automated identity acceptance.,ACCEPTED,True
121,121,121,4033.333333333333,17,1.0,0.8945152163505554,4,6,0.9481425583362579,0.9875215888023376,False,,,,,True,,102.0,121.0,863.8708438873291,391.67630767822266,857.7103137969971,355.62885093688965,36.57008707279982,2,0,True,1,0.2005787865487782,0.24856675467728087,849.7722854614258,340.5897979736328,46.784088134765625,106.25045776367188,873.1643295288086,393.71502685546875,873.0639097744361,392.42481203007515,1.2941168504944551,0.006217838272320814,1.0,116.09440416140366,0.008864931555118269,True,0.7039435550051141,1.3626646649843892,29.8712086110712,0.031454895427791736,False,True,True,True,VALID_TARGET,HUMAN_ACCEPTED_TARGET: operator reviewed the raw skeleton and confirmed that it belongs to the documented athlete.,True,10,TARGET_IDENTITY_UNCERTAIN,TARGET_OVERLAP_AMBIGUOUS: another detected person overlaps or is too close to the selected pose for automated identity acceptance.,ACCEPTED,True
122,122,122,4066.6666666666665,17,1.0,0.944902777671814,4,6,0.9686951637268066,0.9680732488632202,False,,,,,False,,,,869.0045967102051,396.0097465515137,863.0711860656738,379.2422676086426,17.786334978748776,3,2,True,2,0.14856959592136962,0.35224174123655927,851.393669128418,368.8893814086914,57.82171630859375,49.62073516845703,880.3045272827148,393.6997489929199,874.3984962406015,393.27067669172936,5.921596550766977,0.02848291367558478,1.0,76.19427954597145,1.3357385412468372,True,6.718192503563497,24.21430152605866,29.8712086110712,0.6288246431076513,True,True,True,True,TARGET_IDENTITY_UNCERTAIN,TARGET_OVERLAP_AMBIGUOUS: another detected person overlaps or is too close to the selected pose for automated identity acceptance.,False,,TARGET_IDENTITY_UNCERTAIN,TARGET_OVERLAP_AMBIGUOUS: another detected person overlaps or is too close to the selected pose for automated identity acceptance.,NOT_REVIEWED,False
123,123,123,4100.0,17,1.0,0.8684999346733093,4,6,0.9538203775882721,0.973797619342804,False,,,,,False,,,,869.0454769134521,393.3847427368164,863.7775993347168,375.80319595336914,18.353782211933527,3,1,True,2,0.10966181764840521,0.38926866247880754,855.1733093261719,368.2013473510742,52.3133544921875,53.41331481933594,881.3299865722656,394.9080047607422,875.7330827067669,394.11654135338347,5.6525876556513515,0.027219018997731662,1.0,74.76409070011329,0.04787850617226436,True,2.6253221170349206,3.510873617318794,29.8712086110712,0.01899646045705822,False,True,True,True,TARGET_IDENTITY_UNCERTAIN,TARGET_OVERLAP_AMBIGUOUS: another detected person overlaps or is too close to the selected pose for automated identity acceptance.,False,,TARGET_IDENTITY_UNCERTAIN,TARGET_OVERLAP_AMBIGUOUS: another detected person overlaps or is too close to the selected pose for automated identity acceptance.,NOT_REVIEWED,False
124,124,124,4133.333333333334,17,1.0,0.6398761868476868,4,6,0.9116069376468658,0.5778329968452454,False,,,,,False,,,,862.2718734741211,385.0436553955078,861.6983432769775,359.1307888031006,25.919212795201364,2,1,True,1,0.0,0.9242489769804817,849.679027557373,347.7714195251465,23.00948715209961,65.7637825012207,861.1837711334229,380.65331077575684,877.0676691729324,394.9624060150376,21.37869087424066,0.10305895311711376,1.0,69.6728899061213,0.1704383930453028,True,10.745019385215457,16.801561413689246,29.8712086110712,0.2532683120315344,False,False,False,False,INVALID_TRACK_SEGMENT,Valid-looking pose segment is too short to establish target identity continuity.,False,,INVALID_TRACK_SEGMENT,Valid-looking pose segment is too short to establish target identity continuity.,NOT_REVIEWED,False
125,125,125,4166.666666666667,17,1.0,0.9057987928390503,4,6,0.9798543453216553,0.9797899425029755,False,,,,,False,,,,870.7540702819824,392.16201400756836,862.5134124755859,361.8816223144531,31.38169151225927,3,2,True,2,0.3047543209991519,0.20346350474754493,850.3492622375488,349.3501091003418,47.113277435302734,79.65558242797852,873.9059009552002,389.17790031433105,878.4022556390977,395.80827067669173,8.01118072355616,0.03866165959574452,1.0,92.54551703154662,0.7657081246102649,True,11.073332471175489,2.8690456262841617,29.8712086110712,0.1828676833328177,False,True,True,False,TARGET_IDENTITY_UNCERTAIN,TARGET_OVERLAP_AMBIGUOUS: another detected person overlaps or is too close to the selected pose for automated identity acceptance.,False,,TARGET_IDENTITY_UNCERTAIN,TARGET_OVERLAP_AMBIGUOUS: another detected person overlaps or is too close to the selected pose for automated identity acceptance.,NOT_REVIEWED,False
126,126,126,4200.0,17,1.0,0.9191521406173706,4,6,0.9611211121082306,0.9900937676429749,False,,,,,True,,126.0,135.0,870.2245464324951,405.27661895751953,866.7843017578125,382.4839210510254,23.05086465359563,1,0,False,0,0.0,,864.5431251525879,372.0958709716797,37.23527908325195,74.93168640136719,883.1607646942139,409.5617141723633,879.7368421052631,396.6541353383459,13.35398207470344,0.06451697298917736,1.0,83.67331495381605,0.2970151691298578,True,13.12529079679607,21.04032339323721,29.8712086110712,0.27889152284169627,False,False,False,False,VALID_TARGET,,True,11,VALID_TARGET,,ACCEPTED,False
127,127,127,4233.333333333333,17,1.0,0.9203227758407593,4,6,0.9476888477802277,0.9754376709461212,False,,,,,True,,126.0,135.0,867.9392833709717,406.47172927856445,865.0510368347168,381.7719192504883,24.86810373706127,1,0,False,0,0.0,,863.7786903381348,371.5516891479492,37.73460006713867,74.98502349853516,882.6459903717041,409.0442008972168,881.0714285714287,397.5,11.651086611049964,0.05635192258646027,1.0,83.94434937089436,0.009073433238247275,True,2.5788982026888094,1.873807316028529,29.8712086110712,0.06083580705174787,False,False,False,False,VALID_TARGET,,True,11,VALID_TARGET,,ACCEPTED,False
128,128,128,4266.666666666667,17,1.0,0.9775245189666748,4,6,0.986686646938324,0.9953136146068573,False,,,,,True,,126.0,135.0,869.8857574462891,400.3427200317383,866.3567638397217,369.386661529541,31.156561971222903,1,0,False,0,0.0,,866.307186126709,356.7328071594238,34.99528121948242,92.04423141479492,883.8048267364502,402.7549228668213,882.406015037594,398.34586466165416,4.625631678528735,0.022397128824634654,1.0,98.47238315574057,0.48635574053945957,True,6.43066992416524,12.453896250807732,29.8712086110712,0.2105190424679012,False,False,False,False,VALID_TARGET,,True,11,VALID_TARGET,,ACCEPTED,False
129,129,129,4300.0,17,1.0,0.9788721203804016,4,6,0.9902798235416412,0.9953293204307556,False,,,,,True,,126.0,135.0,872.2186946868896,404.1675491333008,869.8217544555664,378.6189308166504,25.660810984113883,1,0,False,0,0.0,,863.9738616943359,370.2900848388672,35.10682678222656,76.73915100097656,881.5272750854492,408.65966033935547,883.7406015037595,399.1917293233083,9.72319554254762,0.047131274953066904,1.0,84.38830833159261,0.4714933033853865,True,4.480168950468328,9.86108290998484,29.8712086110712,0.18398154084304855,False,False,False,False,VALID_TARGET,,True,11,VALID_TARGET,,ACCEPTED,False
130,130,130,4333.333333333333,17,1.0,0.9729246497154236,4,6,0.9890132546424866,0.9918519556522369,False,,,,,True,,126.0,135.0,872.4286708831787,404.16122817993164,870.8483085632324,381.4144287109375,22.801632203527408,1,0,False,0,0.0,,860.9427833557129,372.381103515625,36.657222747802734,72.25065612792969,879.2713947296143,408.50643157958984,885.0751879699249,400.0375939849624,10.266704738154772,0.04982071801961117,1.0,81.01795659295765,0.1128294399639996,True,0.21007131517538932,2.9780231384140774,29.8712086110712,0.09571687633445052,False,False,False,False,VALID_TARGET,,True,11,VALID_TARGET,,ACCEPTED,False
131,131,131,4366.666666666666,17,1.0,0.9672940373420715,4,6,0.9790737926959991,0.9862339496612549,False,,,,,True,,126.0,135.0,881.9658660888672,412.1035957336426,875.2780208587646,390.55367279052734,22.56383062948332,1,0,False,0,0.0,,870.8693695068359,374.4018440246582,28.39501190185547,68.25724411010742,885.0668754577637,408.5304660797119,886.4097744360903,400.88345864661653,7.764026039871755,0.037717639500984584,1.0,73.92785722860705,0.23735562416188213,True,12.41125677559076,10.156186950204658,29.8712086110712,0.007960895628305823,False,False,False,False,VALID_TARGET,,True,11,VALID_TARGET,,ACCEPTED,False
132,132,132,4400.0,17,1.0,0.9230185151100159,4,6,0.9663140773773193,0.9852913022041321,False,,,,,True,,126.0,135.0,879.1304779052734,411.00016021728516,875.9505596160889,390.48598861694336,20.759169462532945,1,0,False,0,0.0,,871.5020866394043,376.7469482421875,26.713130950927734,65.0473403930664,884.8586521148682,409.2706184387207,887.7443609022557,401.72932330827064,8.07455555743817,0.03926943273572875,1.0,70.31890113911666,0.12081721019325611,True,3.0425311979373415,0.6759360379924652,29.8712086110712,0.06041473548818882,False,False,False,False,VALID_TARGET,,True,11,VALID_TARGET,,ACCEPTED,False
133,133,133,4433.333333333334,17,1.0,0.9313225150108337,4,6,0.9866552948951721,0.9956001341342926,False,,,,,True,,126.0,135.0,876.8083400726318,401.62157440185547,871.3277950286865,368.1873664855957,33.880416658689434,1,0,False,0,0.0,,859.3582305908203,356.87138748168945,41.94782257080078,90.23057174682617,880.3321418762207,401.98667335510254,889.078947368421,402.57518796992485,8.766581760882941,0.04268198713058558,1.0,99.50465263589703,0.9770529166323462,True,9.661790517868019,22.772757878376712,29.8712086110712,0.4392606729442258,False,False,False,False,VALID_TARGET,,True,11,VALID_TARGET,,ACCEPTED,False
134,134,134,4466.666666666667,17,1.0,0.8884785175323486,4,6,0.989327996969223,0.9705161154270172,False,,,,,True,,126.0,135.0,878.1128959655762,402.6238327026367,872.3749647140503,369.38758850097656,33.72790808336067,1,0,False,0,0.0,,858.1774044036865,357.3710136413574,36.01358985900879,80.45952987670898,876.1841993331909,397.6007785797119,890.4135338345865,403.42105263157896,15.373664182342566,0.074932450557413,1.0,88.1516568336292,0.38006482931728625,True,1.6451102635691968,1.5928268067023947,29.8712086110712,0.005105537486429073,False,False,False,False,VALID_TARGET,,True,11,VALID_TARGET,,ACCEPTED,False
135,135,135,4500.0,17,1.0,0.9368817806243896,4,6,0.991176187992096,0.9918070137500763,False,,,,,True,,126.0,135.0,882.5894069671631,404.33834075927734,874.6927223205566,371.9472999572754,33.339723343856726,2,0,True,1,0.13120668920780343,0.41535150265062165,861.9701480865479,360.56324768066406,37.15014457702637,83.40394592285156,880.545220375061,402.26522064208984,891.7481203007519,404.26691729323306,11.380323204032587,0.05552968393847023,1.0,91.30362225890005,0.10551851002448653,True,4.793609143809525,3.453132355127081,29.8712086110712,0.012995280658314848,False,True,True,False,VALID_TARGET,HUMAN_ACCEPTED_TARGET: operator reviewed the raw skeleton and confirmed that it belongs to the documented athlete.,True,11,TARGET_IDENTITY_UNCERTAIN,TARGET_OVERLAP_AMBIGUOUS: another detected person overlaps or is too close to the selected pose for automated identity acceptance.,ACCEPTED,True
136,136,136,4533.333333333333,17,1.0,0.9409823417663574,4,6,0.9899429380893707,0.9900346100330353,False,,,,,False,,,,883.6439552307129,404.15875244140625,875.9032583236694,371.2790641784668,33.778577366058364,1,0,False,0,0.0,,863.1677398681641,360.2088928222656,36.67914581298828,83.44270324707031,881.5073127746582,401.9302444458008,893.0827067669172,405.1127819548873,12.004927782905185,0.05864190508177511,1.0,91.14847482404241,0.005193878723746608,True,1.069730809162603,1.382727909211434,29.8712086110712,0.014691538863244584,False,False,False,False,INVALID_TRACK_SEGMENT,Valid-looking pose segment is too short to establish target identity continuity.,False,,INVALID_TRACK_SEGMENT,Valid-looking pose segment is too short to establish target identity continuity.,NOT_REVIEWED,False
137,137,137,4566.666666666666,17,1.0,0.9350372552871704,4,6,0.990784615278244,0.9932494759559631,False,,,,,False,,,,882.3808784484863,399.5367965698242,877.3763828277588,371.7468509674072,28.236962531461785,2,0,True,1,0.14188165436564978,0.38378591385862215,865.3639755249023,361.0329704284668,38.633567810058594,78.50417709350586,884.6807594299316,400.2850589752197,894.4172932330827,405.9586466165414,11.268970104834795,0.05510747466088796,1.0,87.495476356569,0.1222916191653355,True,4.791433922809687,1.545613238962357,29.8712086110712,0.18551692724420546,False,True,True,False,TARGET_IDENTITY_UNCERTAIN,TARGET_OVERLAP_AMBIGUOUS: another detected person overlaps or is too close to the selected pose for automated identity acceptance.,False,,TARGET_IDENTITY_UNCERTAIN,TARGET_OVERLAP_AMBIGUOUS: another detected person overlaps or is too close to the selected pose for automated identity acceptance.,NOT_REVIEWED,False
138,138,138,4600.0,17,1.0,0.9538135528564453,4,6,0.989772379398346,0.994955450296402,False,,,,,False,,,,883.6174221038818,400.6880531311035,876.9423007965088,372.4088897705078,29.056295786686302,1,0,False,0,0.0,,865.6117362976074,361.4966011047363,38.7827262878418,78.87552261352539,885.0030994415283,400.934362411499,895.7518796992481,406.8045112781955,12.247241515783225,0.059957315037206735,1.0,87.89452728056742,0.013359048480231752,True,1.68950640175985,0.7916581248651354,29.8712086110712,0.027428861881432107,False,False,False,False,VALID_TARGET,,True,12,VALID_TARGET,,NOT_REVIEWED,False
139,139,139,4633.333333333334,17,1.0,0.803740918636322,4,6,0.9072443544864655,0.9805354177951813,False,,,,,False,,,,885.163164138794,406.25426483154297,883.1440143585205,377.1300964355469,29.19407732046889,1,0,False,0,0.0,,870.9553318023682,367.9138832092285,32.87794303894043,83.07542037963867,887.3943033218384,409.45159339904785,897.0864661654136,407.65037593984965,9.85811365940266,0.04831424200806235,1.0,89.34475143916119,0.048549229375883754,True,5.7768530475167275,7.794295572997559,29.8712086110712,0.004612519552741511,False,False,False,False,VALID_TARGET,,True,12,VALID_TARGET,,NOT_REVIEWED,False
140,140,140,4666.666666666667,17,1.0,0.8089563250541687,4,6,0.9429238736629486,0.9756663739681244,False,,,,,False,,,,886.4765930175781,397.9269905090332,883.7665958404541,370.93928146362305,27.123431276660654,1,0,False,0,0.0,,869.3519554138184,363.51568603515625,34.704471588134766,90.53663635253906,886.7041912078857,408.7840042114258,898.421052631579,408.49624060150376,11.720394597334408,0.057504373811183215,1.0,96.96021282074184,0.2549431956615954,True,8.430219039974865,6.22204128226765,29.8712086110712,0.06931912500657203,False,False,False,False,VALID_TARGET,,True,12,VALID_TARGET,,NOT_REVIEWED,False
141,141,141,4700.0,17,1.0,0.885806143283844,4,6,0.9724179208278656,0.9887312948703766,False,,,,,False,,,,889.5897769927979,401.97375106811523,883.7259941101074,372.0383777618408,30.504270597431763,1,0,False,0,0.0,,869.6360321044922,362.62306213378906,36.513153076171875,92.19334411621094,887.8926086425781,408.71973419189453,899.7556390977443,409.3421052631579,11.879344987437026,0.058348308802400974,1.0,99.16059220725765,0.07366221484926046,True,5.105701272705525,1.0998459770636784,29.8712086110712,0.11318053329512971,False,False,False,False,VALID_TARGET,,True,12,VALID_TARGET,,NOT_REVIEWED,False
142,142,142,4733.333333333333,17,1.0,0.9315576553344727,4,6,0.9889099895954132,0.9918939173221588,False,,,,,False,,,,893.7268028259277,403.07254791259766,886.6301765441895,374.2127876281738,29.719486339051443,1,0,False,0,0.0,,874.143741607666,364.83279037475586,32.73762512207031,92.5629768371582,890.5125541687012,411.11427879333496,901.0902255639098,410.187969924812,10.618153335911082,0.05221096704560736,1.0,98.18175380176041,0.03276862407015076,True,4.28045993433282,3.62799309222564,29.8712086110712,0.026272263322129338,False,False,False,False,VALID_TARGET,,True,12,VALID_TARGET,,NOT_REVIEWED,False
143,143,143,4766.666666666667,17,1.0,0.9328354001045227,4,6,0.9878190457820892,0.9935834109783173,False,,,,,False,,,,893.8206920623779,405.24896240234375,886.0850524902344,374.433292388916,31.771774233847605,1,0,False,0,0.0,,873.9155693054199,364.7793312072754,33.02326583862305,92.83465194702148,890.4272022247314,411.19665718078613,902.4248120300753,411.0338345864662,11.998714607761245,0.05906419174160122,1.0,98.53328721185034,0.011768302202530863,True,2.1784387115312542,0.5880328083622446,29.8712086110712,0.06870454829991447,False,False,False,False,VALID_TARGET,,True,12,VALID_TARGET,,NOT_REVIEWED,False
144,144,144,4800.0,17,1.0,0.8718749284744263,4,6,0.9738546311855316,0.9932083189487457,False,,,,,False,,,,896.0218257904053,401.59980392456055,889.9580764770508,372.5230312347412,29.702319198854333,1,0,False,0,0.0,,876.6232318878174,364.2580146789551,32.647653579711914,90.73723220825195,892.9470586776733,409.62663078308105,903.7593984962407,411.8796992481203,11.044591882923124,0.054427180637486125,1.0,96.43191687960534,0.07034768360414329,True,4.261613225603255,4.318496553154177,29.8712086110712,0.06927925354269955,False,False,False,False,VALID_TARGET,,True,12,VALID_TARGET,,NOT_REVIEWED,False
145,145,145,4833.333333333333,17,1.0,0.9268622994422913,4,6,0.9902205169200897,0.9963488280773163,False,,,,,False,,,,898.8217906951904,402.8469657897949,889.9601440429688,373.2303104400635,30.913994492682566,1,0,False,0,0.0,,876.9615592956543,364.3499755859375,32.12849044799805,90.83146667480469,893.0258045196533,409.76570892333984,905.093984962406,412.72556390977445,12.425848894122298,0.061301158361271424,1.0,96.34622585635233,0.0028686828299691134,True,3.0651616900456387,0.7072822273393562,29.8712086110712,0.04056331665733632,False,False,False,False,VALID_TARGET,,True,12,VALID_TARGET,,NOT_REVIEWED,False
