source_frame_index,analysis_frame_index,timestamp_ms,frame_status,frame_rejection_reason,valid_segment_id,raw_pelvis_mid_x,raw_pelvis_mid_y,path_input_center_x,path_input_center_y,center_status,roi_center_x,roi_center_y,roi_x,roi_y,roi_width,roi_height,translation_camera_motion_status,translation_camera_motion_method,translation_background_dx_px,translation_background_dy_px,translation_background_feature_count,translation_camera_motion_residual_px,translation_affine_scale,translation_affine_inlier_fraction,affine_camera_motion_status,affine_camera_motion_method,affine_background_dx_px,affine_background_dy_px,affine_background_feature_count,affine_camera_motion_residual_px,affine_affine_scale,affine_affine_inlier_fraction,translation_raw_dx,translation_raw_dy,translation_compensated_dx,translation_compensated_dy,translation_compensated_x,translation_compensated_y,translation_projected_heading_deg,translation_normalized_projected_speed_per_s,translation_path_segment_id,translation_path_status,translation_path_rejection_reason,affine_raw_dx,affine_raw_dy,affine_compensated_dx,affine_compensated_dy,affine_compensated_x,affine_compensated_y,affine_projected_heading_deg,affine_normalized_projected_speed_per_s,affine_path_segment_id,affine_path_status,affine_path_rejection_reason,chosen_raw_dx,chosen_raw_dy,chosen_compensated_dx,chosen_compensated_dy,chosen_compensated_x,chosen_compensated_y,chosen_projected_heading_deg,chosen_normalized_projected_speed_per_s,chosen_path_segment_id,chosen_path_status,chosen_path_rejection_reason,chosen_path_validation_status,chosen_path_validation_reason
0,0,0.0,INVALID_TRACK_SEGMENT,Valid-looking pose segment is too short to establish target identity continuity.,,854.750072479248,411.5387878417969,,,,842.1428571428571,420.71428571428567,746.4285714285714,302.85714285714283,191.42857142857144,235.71428571428572,,,,,,,,,,,,,,,,,,,,,,,,,,,,,,,,,,,,,,,,,,,,,,,,,,,
1,1,20.0,TARGET_IDENTITY_UNCERTAIN,TARGET_OVERLAP_AMBIGUOUS: another detected person overlaps or is too close to the selected pose for automated identity acceptance.,,855.4764060974121,410.4683265686035,,,,838.6785714285714,421.2857142857143,744.1428571428571,303.0,189.07142857142858,236.57142857142858,,,,,,,,,,,,,,,,,,,,,,,,,,,,,,,,,,,,,,,,,,,,,,,,,,,
2,2,40.0,TARGET_IDENTITY_UNCERTAIN,TARGET_OVERLAP_AMBIGUOUS: another detected person overlaps or is too close to the selected pose for automated identity acceptance.,,858.9567260742188,413.77369689941406,,,,835.2142857142858,421.85714285714283,741.8571428571429,303.1428571428571,186.71428571428572,237.42857142857144,,,,,,,,,,,,,,,,,,,,,,,,,,,,,,,,,,,,,,,,,,,,,,,,,,,
3,3,60.0,TARGET_IDENTITY_UNCERTAIN,TARGET_OVERLAP_AMBIGUOUS: another detected person overlaps or is too close to the selected pose for automated identity acceptance.,,855.7624969482422,414.32051849365234,,,,831.75,422.42857142857144,739.5714285714286,303.2857142857143,184.3571428571429,238.28571428571428,,,,,,,,,,,,,,,,,,,,,,,,,,,,,,,,,,,,,,,,,,,,,,,,,,,
4,4,80.0,VALID_TARGET,,1.0,853.2519836425781,413.09886169433594,854.559513092041,413.09886169433594,SUPPORTED,828.2857142857143,422.99999999999994,737.2857142857143,303.4285714285714,182.00000000000003,239.14285714285714,INSUFFICIENT_EVIDENCE,translation_median_sparse_flow,0.0,0.0,0.0,,,,INSUFFICIENT_EVIDENCE,partial_affine_ransac_sparse_flow,0.0,0.0,0.0,,,,,,,,0.0,0.0,,,path_segment_001,SUPPORTED,,,,,,0.0,0.0,,,path_segment_001,SUPPORTED,,,,,,0.0,0.0,,,path_segment_001,SUPPORTED,,SUPPORTED,
5,5,100.0,VALID_TARGET,,1.0,854.3211975097656,414.419132232666,855.3212432861328,413.6217346191406,SUPPORTED,824.8214285714286,423.57142857142856,735.0,303.57142857142856,179.64285714285717,240.0,SUPPORTED,translation_median_sparse_flow,0.0,0.0,350.0,0.0,,,SUPPORTED,partial_affine_ransac_sparse_flow,0.004542121040135767,-0.001742518650766554,350.0,0.004573545135627269,0.9999937601209885,1.0,0.7617301940917969,0.5228729248046875,0.7617301940917969,0.5228729248046875,0.7617301940917969,0.5228729248046875,-34.466793978454234,1.1023753693549796,path_segment_001,SUPPORTED,,0.7617301940917969,0.5228729248046875,0.7623607080046213,0.5275235218544481,0.7623607080046213,0.5275235218544481,-34.681705190902505,1.1061436427344369,path_segment_001,SUPPORTED,,0.7617301940917969,0.5228729248046875,0.7617301940917969,0.5228729248046875,0.7617301940917969,0.5228729248046875,-34.466793978454234,1.1023753693549796,path_segment_001,SUPPORTED,,SUPPORTED,
6,6,120.0,VALID_TARGET,,1.0,856.0829734802246,410.924503326416,854.559513092041,413.71059799194336,SUPPORTED,821.3571428571428,424.14285714285717,732.7142857142857,303.7142857142857,177.2857142857143,240.85714285714286,SUPPORTED,translation_median_sparse_flow,0.0,0.0,350.0,0.0,,,SUPPORTED,partial_affine_ransac_sparse_flow,0.003694839238343066,-0.0023354505257753345,350.0,0.004207526041726011,0.9999942969888264,1.0,-0.7617301940917969,0.08886337280273438,-0.7617301940917969,0.08886337280273438,0.0,0.6117362976074219,-173.345957113162,0.915021795637033,path_segment_001,SUPPORTED,,-0.7617301940917969,0.08886337280273438,-0.7602895113432169,0.0930249947308539,0.0020711966614044286,0.620548516585302,-173.024264704704,0.9139041947611775,path_segment_001,SUPPORTED,,-0.7617301940917969,0.08886337280273438,-0.7617301940917969,0.08886337280273438,0.0,0.6117362976074219,-173.345957113162,0.915021795637033,path_segment_001,SUPPORTED,,SUPPORTED,
7,7,140.0,VALID_TARGET,,1.0,857.2849731445312,414.1446075439453,855.2020854949951,413.9968605041504,SUPPORTED,817.8928571428571,424.71428571428567,730.4285714285714,303.85714285714283,174.92857142857144,241.71428571428572,SUPPORTED,translation_median_sparse_flow,-0.0001220703125,-0.062103271484375,350.0,0.0621643140912056,,,SUPPORTED,partial_affine_ransac_sparse_flow,0.021933791544301973,-0.0774273578815682,350.0,0.05891857147295025,0.9999670053014228,1.0,0.6425724029541016,0.28626251220703125,0.6426944732666016,0.34836578369140625,0.6426944732666016,0.9601020812988281,-28.459441496562235,0.8722363987599602,path_segment_001,SUPPORTED,,0.6425724029541016,0.28626251220703125,0.663143071376112,0.3477857755032687,0.6652142680375164,0.9683342920885707,-27.674790043499655,0.8934402221539034,path_segment_001,SUPPORTED,,0.6425724029541016,0.28626251220703125,0.6426944732666016,0.34836578369140625,0.6426944732666016,0.9601020812988281,-28.459441496562235,0.8722363987599602,path_segment_001,SUPPORTED,,SUPPORTED,
8,8,160.0,VALID_TARGET,,1.0,853.2409019470215,413.8491134643554,856.0829734802246,413.71059799194336,SUPPORTED,814.4285714285714,425.2857142857143,728.1428571428571,304.0,172.5714285714286,242.57142857142856,SUPPORTED,translation_median_sparse_flow,0.0001220703125,-0.10137748718261719,350.0,0.07977945357561111,,,SUPPORTED,partial_affine_ransac_sparse_flow,0.016813519384108244,-0.09995305225911565,350.0,0.06774132185398574,0.9999766836373871,1.0,0.8808879852294922,-0.28626251220703125,0.8807659149169922,-0.18488502502441406,1.5234603881835938,0.7752170562744141,11.85505528539052,1.0737890089131505,path_segment_001,SUPPORTED,,0.8808879852294922,-0.28626251220703125,0.8967615522902861,-0.2029870348351892,1.5619758203278025,0.7653472572533815,12.754291734415476,1.0970393312318316,path_segment_001,SUPPORTED,,0.8808879852294922,-0.28626251220703125,0.8807659149169922,-0.18488502502441406,1.5234603881835938,0.7752170562744141,11.85505528539052,1.0737890089131505,path_segment_001,SUPPORTED,,SUPPORTED,
9,9,180.0,TARGET_NOT_FOUND,No observed landmarks returned by pose backend.,,,,,,,810.9642857142858,425.85714285714283,725.8571428571429,304.1428571428571,170.21428571428575,243.42857142857142,,,,,,,,,,,,,,,,,,,,,,,,,,,,,,,,,,,,,,,,,,,,,,,,,,,
10,10,200.0,TARGET_NOT_FOUND,No observed landmarks returned by pose backend.,,,,,,,807.5,426.42857142857144,723.5714285714286,304.2857142857143,167.8571428571429,244.28571428571428,,,,,,,,,,,,,,,,,,,,,,,,,,,,,,,,,,,,,,,,,,,,,,,,,,,
11,11,220.0,INVALID_TRACK_SEGMENT,Valid-looking pose segment is too short to establish target identity continuity.,,825.4093780517578,416.4381980895996,,,,804.0357142857142,427.0,721.2857142857142,304.42857142857144,165.50000000000003,245.14285714285714,,,,,,,,,,,,,,,,,,,,,,,,,,,,,,,,,,,,,,,,,,,,,,,,,,,
12,12,240.0,INVALID_TRACK_SEGMENT,Valid-looking pose segment is too short to establish target identity continuity.,,831.8643531799316,413.7024154663086,,,,800.5714285714286,427.57142857142856,719.0,304.57142857142856,163.14285714285717,246.0,,,,,,,,,,,,,,,,,,,,,,,,,,,,,,,,,,,,,,,,,,,,,,,,,,,
13,13,260.0,INVALID_TRACK_SEGMENT,Valid-looking pose segment is too short to establish target identity continuity.,,803.6435585021973,412.1078147888184,,,,797.1071428571429,428.1428571428571,716.7142857142857,304.7142857142857,160.78571428571433,246.85714285714283,,,,,,,,,,,,,,,,,,,,,,,,,,,,,,,,,,,,,,,,,,,,,,,,,,,
14,14,280.0,INVALID_TRACK_SEGMENT,Valid-looking pose segment is too short to establish target identity continuity.,,806.6713447570801,412.71057891845703,,,,793.6428571428572,428.71428571428567,714.4285714285714,304.85714285714283,158.42857142857147,247.7142857142857,,,,,,,,,,,,,,,,,,,,,,,,,,,,,,,,,,,,,,,,,,,,,,,,,,,
15,15,300.0,TARGET_IDENTITY_UNCERTAIN,TARGET_OVERLAP_AMBIGUOUS: another detected person overlaps or is too close to the selected pose for automated identity acceptance.,,809.491886138916,413.6999626159668,,,,790.1785714285714,429.2857142857143,712.1428571428571,305.0,156.0714285714286,248.57142857142856,,,,,,,,,,,,,,,,,,,,,,,,,,,,,,,,,,,,,,,,,,,,,,,,,,,
16,16,320.0,INVALID_TRACK_SEGMENT,Valid-looking pose segment is too short to establish target identity continuity.,,786.1319351196289,405.6005325317383,,,,786.7142857142857,429.8571428571429,709.8571428571428,305.14285714285717,153.71428571428575,249.42857142857142,,,,,,,,,,,,,,,,,,,,,,,,,,,,,,,,,,,,,,,,,,,,,,,,,,,
17,17,340.0,INVALID_TRACK_SEGMENT,Valid-looking pose segment is too short to establish target identity continuity.,,789.8894424438477,405.4543571472168,,,,783.25,430.42857142857144,707.5714285714286,305.2857142857143,151.3571428571429,250.28571428571428,,,,,,,,,,,,,,,,,,,,,,,,,,,,,,,,,,,,,,,,,,,,,,,,,,,
18,18,360.0,INVALID_TRACK_SEGMENT,Valid-looking pose segment is too short to establish target identity continuity.,,763.5402870178223,412.47677993774414,,,,779.7857142857142,431.0,705.2857142857142,305.42857142857144,149.00000000000006,251.1428571428571,,,,,,,,,,,,,,,,,,,,,,,,,,,,,,,,,,,,,,,,,,,,,,,,,,,
19,19,380.0,INVALID_TRACK_SEGMENT,Valid-looking pose segment is too short to establish target identity continuity.,,762.249174118042,410.0198440551758,,,,776.3214285714286,431.57142857142856,703.0,305.57142857142856,146.6428571428572,251.99999999999997,,,,,,,,,,,,,,,,,,,,,,,,,,,,,,,,,,,,,,,,,,,,,,,,,,,
20,20,400.0,TARGET_NOT_FOUND,No observed landmarks returned by pose backend.,,,,,,,772.8571428571429,432.1428571428571,700.7142857142857,305.7142857142857,144.28571428571433,252.85714285714283,,,,,,,,,,,,,,,,,,,,,,,,,,,,,,,,,,,,,,,,,,,,,,,,,,,
21,21,420.0,VALID_TARGET,,2.0,747.2476024627686,411.8328628540039,741.6785659790039,411.8328628540039,SUPPORTED,765.4761904761905,429.6428571428571,692.6190476190476,305.4761904761905,145.71428571428575,248.33333333333331,UNSTABLE_TRANSFORM,translation_median_sparse_flow,-49.46908187866211,1.332489013671875,310.0,16.811365127563477,,,SUPPORTED,partial_affine_ransac_sparse_flow,-46.24180876528222,3.1837478845310003,134.0,0.6987353050570577,0.982856850614865,0.432258064516129,,,,,0.0,0.0,,,path_segment_002,SUPPORTED,,,,,,0.0,0.0,,,path_segment_002,SUPPORTED,,,,,,0.0,0.0,,,path_segment_002,SUPPORTED,,SUPPORTED,
22,22,440.0,VALID_TARGET,,2.0,741.6785659790039,407.7657241821289,740.1097173690796,409.7992935180664,SUPPORTED,758.0952380952381,427.1428571428571,684.5238095238095,305.23809523809524,147.1428571428572,243.8095238095238,SUPPORTED,translation_median_sparse_flow,-10.268829345703125,0.10974693298339844,342.0,3.8026866912841797,,,SUPPORTED,partial_affine_ransac_sparse_flow,-6.767354909913883,1.1486108611032848,195.0,0.3958996700379275,0.9944119457840314,0.5701754385964912,-1.5688486099243164,-2.0335693359375,8.699980735778809,-2.1433162689208984,8.699980735778809,-2.1433162689208984,13.839719172698413,10.69074549621125,path_segment_002,SUPPORTED,,-1.5688486099243164,-2.0335693359375,9.3313901887268,-0.8598433212222858,9.3313901887268,-0.8598433212222858,5.264667436098205,11.180912109003925,path_segment_002,SUPPORTED,,-1.5688486099243164,-2.0335693359375,8.699980735778809,-2.1433162689208984,8.699980735778809,-2.1433162689208984,13.839719172698413,10.69074549621125,path_segment_002,SUPPORTED,,SUPPORTED,
23,23,460.0,VALID_TARGET,,2.0,738.5408687591553,426.950496673584,738.5408687591553,411.8328628540039,SUPPORTED,750.7142857142857,424.6428571428571,676.4285714285713,305.0,148.5714285714286,239.28571428571428,SUPPORTED,translation_median_sparse_flow,-0.033599853515625,0.6485137939453125,350.0,0.15699300169944763,,,SUPPORTED,partial_affine_ransac_sparse_flow,-0.17018100982581796,0.6740983329634066,350.0,0.17588073370529367,1.0000721195346318,1.0,-1.5688486099243164,2.0335693359375,-1.5352487564086914,1.3850555419921875,7.164731979370117,-0.7582607269287109,-137.94416642365027,2.4670710414435715,path_segment_002,SUPPORTED,,-1.5688486099243164,2.0335693359375,-1.5148046114910585,1.4432845429341228,7.816585577235742,0.583441221711837,-136.38501568663523,2.4964224865252698,path_segment_002,SUPPORTED,,-1.5688486099243164,2.0335693359375,-1.5352487564086914,1.3850555419921875,7.164731979370117,-0.7582607269287109,-137.94416642365027,2.4670710414435715,path_segment_002,SUPPORTED,,SUPPORTED,
24,24,480.0,VALID_TARGET,,2.0,725.3801002502441,406.7994766235352,732.5556993484497,413.882999420166,SUPPORTED,743.3333333333333,422.1428571428571,668.3333333333333,304.76190476190476,150.00000000000003,234.76190476190476,SUPPORTED,translation_median_sparse_flow,-9.8458251953125,0.10789108276367188,304.0,3.8498051166534424,,,SUPPORTED,partial_affine_ransac_sparse_flow,-6.640000144393983,1.1203283608051935,215.0,0.754551337774793,0.9942233640045599,0.7072368421052632,-5.985169410705566,2.0501365661621094,3.8606557846069336,1.9422454833984375,11.02538776397705,1.1839847564697266,-26.70637104165814,5.15641969679419,path_segment_002,SUPPORTED,,-5.985169410705566,2.0501365661621094,4.970359291602676,3.220514838102133,12.786944868838418,3.80395605981397,-32.94098060437552,7.066447147683298,path_segment_002,SUPPORTED,,-5.985169410705566,2.0501365661621094,3.8606557846069336,1.9422454833984375,11.02538776397705,1.1839847564697266,-26.70637104165814,5.15641969679419,path_segment_002,SUPPORTED,,SUPPORTED,
25,25,500.0,VALID_TARGET,,2.0,725.2491550445557,420.0002746582031,726.5705299377441,420.0002746582031,SUPPORTED,735.952380952381,419.6428571428571,660.2380952380952,304.5238095238095,151.42857142857147,230.23809523809524,SUPPORTED,translation_median_sparse_flow,-0.006809234619140625,-0.6643524169921875,350.0,0.12663035094738007,,,SUPPORTED,partial_affine_ransac_sparse_flow,0.05811410651511293,-0.6569036946867046,349.0,0.13241268974661155,0.9999113011510572,0.9971428571428571,-5.985169410705566,6.117275238037109,-5.978360176086426,6.781627655029297,5.047027587890625,7.965612411499023,-131.3978661869556,10.786710738420565,path_segment_002,SUPPORTED,,-5.985169410705566,6.117275238037109,-5.937313951927877,6.738342861020442,6.849630916910542,10.542298920834412,-131.38404324897286,10.715584203838992,path_segment_002,SUPPORTED,,-5.985169410705566,6.117275238037109,-5.978360176086426,6.781627655029297,5.047027587890625,7.965612411499023,-131.3978661869556,10.786710738420565,path_segment_002,SUPPORTED,,SUPPORTED,
26,26,520.0,TARGET_NOT_FOUND,No observed landmarks returned by pose backend.,,,,,,,728.5714285714286,417.1428571428571,652.1428571428571,304.2857142857143,152.8571428571429,225.71428571428572,,,,,,,,,,,,,,,,,,,,,,,,,,,,,,,,,,,,,,,,,,,,,,,,,,,
27,27,540.0,TARGET_NOT_FOUND,No observed landmarks returned by pose backend.,,,,,,,719.6428571428572,420.17857142857144,645.3571428571429,310.7142857142857,148.57142857142858,218.92857142857144,,,,,,,,,,,,,,,,,,,,,,,,,,,,,,,,,,,,,,,,,,,,,,,,,,,
28,28,560.0,VALID_TARGET,,3.0,699.8022155761719,420.36079025268555,699.4418315887451,419.88371658325195,SUPPORTED,710.7142857142857,423.21428571428567,638.5714285714286,317.1428571428571,144.28571428571428,212.14285714285714,SUPPORTED,translation_median_sparse_flow,-21.335052490234375,0.552703857421875,324.0,6.400147438049316,,,SUPPORTED,partial_affine_ransac_sparse_flow,-11.726886215053307,2.9904948143283,172.0,0.7203256268786231,0.989220601675969,0.5308641975308642,,,,,0.0,0.0,,,path_segment_003,SUPPORTED,,,,,,0.0,0.0,,,path_segment_003,SUPPORTED,,,,,,0.0,0.0,,,path_segment_003,SUPPORTED,,SUPPORTED,
29,29,580.0,VALID_TARGET,,3.0,700.1679229736328,418.9349212646485,694.8546304702759,419.99257469177246,SUPPORTED,701.7857142857142,426.25,631.7857142857142,323.57142857142856,139.99999999999997,205.35714285714283,SUPPORTED,translation_median_sparse_flow,0.0016565322875976562,-0.71893310546875,350.0,0.08515527844429016,,,SUPPORTED,partial_affine_ransac_sparse_flow,0.011161365364744723,-0.6829715378168177,350.0,0.11335482747803902,0.9999778902711354,1.0,-4.587201118469238,0.10885810852050781,-4.588857650756836,0.8277912139892578,-4.588857650756836,0.8277912139892578,-169.7742968135499,5.563565276741931,path_segment_003,SUPPORTED,,-4.587201118469238,0.10885810852050781,-4.557640442553179,0.7590419933009684,-4.557640442553179,0.7590419933009684,-170.54458569292697,5.512846156322944,path_segment_003,SUPPORTED,,-4.587201118469238,0.10885810852050781,-4.588857650756836,0.8277912139892578,-4.588857650756836,0.8277912139892578,-169.7742968135499,5.563565276741931,path_segment_003,SUPPORTED,,SUPPORTED,
30,30,600.0,VALID_TARGET,,3.0,688.0488414764404,419.8837165832519,690.2674293518066,419.88371658325195,SUPPORTED,692.8571428571429,429.2857142857143,625.0,330.0,135.71428571428567,198.57142857142856,SUPPORTED,translation_median_sparse_flow,-9.192779541015625,-0.03856658935546875,348.0,3.7907347679138184,,,SUPPORTED,partial_affine_ransac_sparse_flow,-5.440102615048232,0.7250415373148765,233.0,1.0455796541116076,0.9944664648572377,0.6695402298850575,-4.587201118469238,-0.10885810852050781,4.605578422546387,-0.07029151916503906,0.01672077178955078,0.7574996948242188,0.8743949940530714,5.495784338903664,path_segment_003,SUPPORTED,,-4.587201118469238,-0.10885810852050781,5.027046142404856,0.9460805080683485,0.4694056998516771,1.705122501369317,-10.658289869606739,6.103314666875064,path_segment_003,SUPPORTED,,-4.587201118469238,-0.10885810852050781,4.605578422546387,-0.07029151916503906,0.01672077178955078,0.7574996948242188,0.8743949940530714,5.495784338903664,path_segment_003,SUPPORTED,,SUPPORTED,
31,31,620.0,VALID_TARGET,,3.0,690.2674293518066,420.10143280029297,688.0488414764404,419.45105743408203,SUPPORTED,684.047619047619,429.5238095238095,610.7142857142857,330.0,146.66666666666663,199.04761904761904,SUPPORTED,translation_median_sparse_flow,-0.05358123779296875,0.7093505859375,350.0,0.1524713933467865,,,SUPPORTED,partial_affine_ransac_sparse_flow,-0.12330978621824201,0.6342738368695424,350.0,0.16943875932865904,1.0000172807229073,1.0,-2.218587875366211,-0.4326591491699219,-2.165006637573242,-1.1420097351074219,-2.1482858657836914,-0.3845100402832031,152.1890004567846,2.9205223300650895,path_segment_003,SUPPORTED,,-2.218587875366211,-0.4326591491699219,-2.1192477510927574,-1.0543928887576612,-1.6498420512410803,0.6507296126116557,153.5482000586256,2.824252405264634,path_segment_003,SUPPORTED,,-2.218587875366211,-0.4326591491699219,-2.165006637573242,-1.1420097351074219,-2.1482858657836914,-0.3845100402832031,152.1890004567846,2.9205223300650895,path_segment_003,SUPPORTED,,SUPPORTED,
32,32,640.0,VALID_TARGET,,3.0,676.1944885253906,419.451057434082,677.4120979309082,419.45105743408203,SUPPORTED,675.2380952380952,429.76190476190476,596.4285714285714,330.0,157.6190476190476,199.52380952380952,SUPPORTED,translation_median_sparse_flow,-8.659912109375,-0.419158935546875,349.0,4.001586437225342,,,SUPPORTED,partial_affine_ransac_sparse_flow,-4.686607052163829,0.970013469869519,230.0,0.6138146326946865,0.994433350073902,0.6590257879656161,-10.636743545532227,0.0,-1.9768314361572266,0.419158935546875,-4.125117301940918,0.034648895263671875,-168.02855343514693,2.4110944423326672,path_segment_003,SUPPORTED,,-10.636743545532227,0.0,-1.9869895180095227,1.1468019768981321,-3.636831569250603,1.7975315895097879,-150.0083692540726,2.7373053704855135,path_segment_003,SUPPORTED,,-10.636743545532227,0.0,-1.9768314361572266,0.419158935546875,-4.125117301940918,0.034648895263671875,-168.02855343514693,2.4110944423326672,path_segment_003,SUPPORTED,,SUPPORTED,
33,33,660.0,VALID_TARGET,,3.0,675.027946472168,418.9044532775879,673.8103370666504,419.45105743408203,SUPPORTED,666.4285714285713,430.0,582.1428571428571,330.0,168.57142857142856,200.0,SUPPORTED,translation_median_sparse_flow,-0.0056095123291015625,-0.5886306762695312,350.0,0.1408354490995407,,,SUPPORTED,partial_affine_ransac_sparse_flow,-0.009512286893352142,-0.6306225986927122,350.0,0.14025856461924718,0.9999968980949645,1.0,-3.6017608642578125,0.0,-3.596151351928711,0.5886306762695312,-7.721268653869629,0.6232795715332031,-170.7040605707274,4.347846332561046,path_segment_003,SUPPORTED,,-3.6017608642578125,0.0,-3.562665925741385,0.5875445985597025,-7.199497494991988,2.3850761880694904,-170.63523786813596,4.308211688967512,path_segment_003,SUPPORTED,,-3.6017608642578125,0.0,-3.596151351928711,0.5886306762695312,-7.721268653869629,0.6232795715332031,-170.7040605707274,4.347846332561046,path_segment_003,SUPPORTED,,SUPPORTED,
34,34,680.0,VALID_TARGET,,3.0,663.0454025268555,417.3512954711914,663.0454025268555,418.9044532775879,SUPPORTED,659.9999999999999,429.2857142857143,576.8367346938775,329.18367346938777,166.32653061224488,200.20408163265304,SUPPORTED,translation_median_sparse_flow,-8.55377197265625,-0.284576416015625,345.0,3.9596176147460938,,,SUPPORTED,partial_affine_ransac_sparse_flow,-4.099984824831349,1.0635832899716047,226.0,0.555151002592202,0.994044837785563,0.6550724637681159,-10.764934539794922,-0.5466041564941406,-2.211162567138672,-0.2620277404785156,-9.9324312210083,0.3612518310546875,173.24183805091627,2.6567074748376367,path_segment_003,SUPPORTED,,-10.764934539794922,-0.5466041564941406,-2.5736838633791876,0.7614486608221114,-9.773181358371176,3.1465248488916018,-163.5186514173158,3.202368519432884,path_segment_003,SUPPORTED,,-10.764934539794922,-0.5466041564941406,-2.211162567138672,-0.2620277404785156,-9.9324312210083,0.3612518310546875,173.24183805091627,2.6567074748376367,path_segment_003,SUPPORTED,,SUPPORTED,
35,35,700.0,VALID_TARGET,,3.0,662.0582122802734,420.54899978637695,662.0582122802734,417.3512954711914,SUPPORTED,653.5714285714286,428.57142857142856,571.530612244898,328.3673469387755,164.08163265306123,200.40816326530611,SUPPORTED,translation_median_sparse_flow,-0.0108795166015625,0.5737457275390625,350.0,0.1774359941482544,,,SUPPORTED,partial_affine_ransac_sparse_flow,-0.11792656823144627,0.6609345602287674,350.0,0.19502814667520685,0.9999543391188712,1.0,-0.9871902465820312,-1.5531578063964844,-0.9763107299804688,-2.126903533935547,-10.90874195098877,-1.7656517028808594,114.65650263373071,2.792301961560672,path_segment_003,SUPPORTED,,-0.9871902465820312,-1.5531578063964844,-0.9002251627517808,-2.098023141498743,-10.673406521122956,1.0485017073928589,113.22332779251877,2.723965251154517,path_segment_003,SUPPORTED,,-0.9871902465820312,-1.5531578063964844,-0.9763107299804688,-2.126903533935547,-10.90874195098877,-1.7656517028808594,114.65650263373071,2.792301961560672,path_segment_003,SUPPORTED,,SUPPORTED,
36,36,720.0,VALID_TARGET,,3.0,645.475040435791,416.9340934753418,654.4632740020752,417.21429443359375,SUPPORTED,647.1428571428571,427.85714285714283,566.2244897959183,327.55102040816325,161.83673469387756,200.61224489795916,SUPPORTED,translation_median_sparse_flow,-7.835540771484375,-0.516815185546875,349.0,3.606660842895508,,,SUPPORTED,partial_affine_ransac_sparse_flow,-3.6693647417416115,0.9755170241978932,229.0,0.8147382556756435,0.9945138277072145,0.6561604584527221,-7.594938278198242,-0.13700103759765625,0.2406024932861328,0.37981414794921875,-10.668139457702637,-1.3858375549316406,-57.646793188082604,0.5364509536999357,path_segment_003,SUPPORTED,,-7.594938278198242,-0.13700103759765625,-0.24014479817435586,1.092661697977519,-10.913551319297312,2.141163405370378,-102.39537532307328,1.3348242185093313,path_segment_003,SUPPORTED,,-7.594938278198242,-0.13700103759765625,0.2406024932861328,0.37981414794921875,-10.668139457702637,-1.3858375549316406,-57.646793188082604,0.5364509536999357,path_segment_003,SUPPORTED,,SUPPORTED,
37,37,740.0,VALID_TARGET,,3.0,646.868335723877,417.0772933959961,646.868335723877,417.0772933959961,SUPPORTED,640.7142857142858,427.1428571428571,560.9183673469388,326.734693877551,159.59183673469389,200.81632653061223,SUPPORTED,translation_median_sparse_flow,-0.0017352104187011719,-0.5361328125,350.0,0.16900402307510376,,,SUPPORTED,partial_affine_ransac_sparse_flow,0.07793502896445662,-0.5844576587964738,350.0,0.12446990569832031,0.9998615659618433,1.0,-7.594938278198242,-0.13700103759765625,-7.593203067779541,0.39913177490234375,-18.261342525482178,-0.9867057800292969,-176.9910538696258,9.072335287449027,path_segment_003,SUPPORTED,,-7.594938278198242,-0.13700103759765625,-7.542749341777835,0.4432204747545825,-18.456300661075147,2.5843838801249603,-176.63710224323566,9.015152761043563,path_segment_003,SUPPORTED,,-7.594938278198242,-0.13700103759765625,-7.593203067779541,0.39913177490234375,-18.261342525482178,-0.9867057800292969,-176.9910538696258,9.072335287449027,path_segment_003,SUPPORTED,,SUPPORTED,
38,38,760.0,TARGET_NOT_FOUND,No observed landmarks returned by pose backend.,,,,,,,634.2857142857142,426.42857142857144,555.6122448979592,325.9183673469388,157.3469387755102,201.02040816326527,,,,,,,,,,,,,,,,,,,,,,,,,,,,,,,,,,,,,,,,,,,,,,,,,,,
39,39,780.0,TARGET_IDENTITY_UNCERTAIN,Temporal/body-scale discontinuity suggests target identity uncertainty.,,620.117753982544,401.285099029541,,,,627.8571428571429,425.71428571428567,550.3061224489796,325.1020408163265,155.10204081632656,201.22448979591834,,,,,,,,,,,,,,,,,,,,,,,,,,,,,,,,,,,,,,,,,,,,,,,,,,,
40,40,800.0,TARGET_IDENTITY_UNCERTAIN,Temporal/body-scale discontinuity suggests target identity uncertainty.,,606.4986915588379,351.7105131149292,,,,621.4285714285714,425.0,545.0,324.2857142857143,152.8571428571429,201.4285714285714,,,,,,,,,,,,,,,,,,,,,,,,,,,,,,,,,,,,,,,,,,,,,,,,,,,
41,41,820.0,TARGET_IDENTITY_UNCERTAIN,Temporal/body-scale discontinuity suggests target identity uncertainty.,,602.9977340698242,351.6446828842163,,,,617.4285714285714,424.2857142857142,543.8571428571429,322.85714285714283,147.14285714285717,202.8571428571428,,,,,,,,,,,,,,,,,,,,,,,,,,,,,,,,,,,,,,,,,,,,,,,,,,,
42,42,840.0,INVALID_TRACK_SEGMENT,Valid-looking pose segment is too short to establish target identity continuity.,,605.9571704864502,353.49632453918457,,,,613.4285714285714,423.57142857142856,542.7142857142858,321.42857142857144,141.42857142857142,204.28571428571422,,,,,,,,,,,,,,,,,,,,,,,,,,,,,,,,,,,,,,,,,,,,,,,,,,,
43,43,860.0,TARGET_IDENTITY_UNCERTAIN,TARGET_OVERLAP_AMBIGUOUS: another detected person overlaps or is too close to the selected pose for automated identity acceptance.,,599.0520515441895,378.5395278930664,,,,609.4285714285714,422.85714285714283,541.5714285714286,320.0,135.7142857142857,205.71428571428567,,,,,,,,,,,,,,,,,,,,,,,,,,,,,,,,,,,,,,,,,,,,,,,,,,,
44,44,880.0,TARGET_IDENTITY_UNCERTAIN,TARGET_OVERLAP_AMBIGUOUS: another detected person overlaps or is too close to the selected pose for automated identity acceptance.,,594.7431869506836,393.2559700012207,,,,605.4285714285714,422.14285714285717,540.4285714285714,318.5714285714286,129.99999999999994,207.14285714285708,,,,,,,,,,,,,,,,,,,,,,,,,,,,,,,,,,,,,,,,,,,,,,,,,,,
45,45,900.0,TARGET_IDENTITY_UNCERTAIN,TARGET_OVERLAP_AMBIGUOUS: another detected person overlaps or is too close to the selected pose for automated identity acceptance.,,613.5734252929688,343.30243587493896,,,,601.4285714285714,421.42857142857144,539.2857142857143,317.14285714285717,124.28571428571422,208.5714285714285,,,,,,,,,,,,,,,,,,,,,,,,,,,,,,,,,,,,,,,,,,,,,,,,,,,
46,46,920.0,TARGET_IDENTITY_UNCERTAIN,TARGET_OVERLAP_AMBIGUOUS: another detected person overlaps or is too close to the selected pose for automated identity acceptance.,,582.811616897583,395.0556411743164,,,,597.0714285714286,421.0,536.0,316.5714285714286,122.14285714285708,208.8571428571428,,,,,,,,,,,,,,,,,,,,,,,,,,,,,,,,,,,,,,,,,,,,,,,,,,,
47,47,940.0,TARGET_IDENTITY_UNCERTAIN,TARGET_OVERLAP_AMBIGUOUS: another detected person overlaps or is too close to the selected pose for automated identity acceptance.,,583.1349048614502,388.8143806457519,,,,592.7142857142858,420.57142857142856,532.7142857142858,316.0,119.99999999999996,209.14285714285708,,,,,,,,,,,,,,,,,,,,,,,,,,,,,,,,,,,,,,,,,,,,,,,,,,,
48,48,960.0,TARGET_IDENTITY_UNCERTAIN,TARGET_OVERLAP_AMBIGUOUS: another detected person overlaps or is too close to the selected pose for automated identity acceptance.,,580.1519012451172,391.16673278808594,,,,588.3571428571429,420.1428571428571,529.4285714285714,315.42857142857144,117.85714285714282,209.4285714285714,,,,,,,,,,,,,,,,,,,,,,,,,,,,,,,,,,,,,,,,,,,,,,,,,,,
49,49,980.0,TARGET_IDENTITY_UNCERTAIN,TARGET_OVERLAP_AMBIGUOUS: another detected person overlaps or is too close to the selected pose for automated identity acceptance.,,571.0253810882568,395.8453102111816,,,,584.0000000000001,419.7142857142857,526.1428571428572,314.8571428571429,115.7142857142857,209.71428571428567,,,,,,,,,,,,,,,,,,,,,,,,,,,,,,,,,,,,,,,,,,,,,,,,,,,
50,50,1000.0,VALID_TARGET,,4.0,571.0496807098389,396.1236991882324,568.4120292663574,398.58663177490234,SUPPORTED,579.6428571428571,419.28571428571433,522.8571428571429,314.28571428571433,113.57142857142856,209.99999999999997,UNSTABLE_TRANSFORM,translation_median_sparse_flow,-25.944976806640625,-1.3694915771484375,336.0,20.248779296875,,,SUPPORTED,partial_affine_ransac_sparse_flow,-10.039264673526779,4.352222408728281,112.0,0.7219520757706017,0.9713901441913588,0.3333333333333333,,,,,0.0,0.0,,,path_segment_004,SUPPORTED,,,,,,0.0,0.0,,,path_segment_004,SUPPORTED,,,,,,0.0,0.0,,,path_segment_004,SUPPORTED,,SUPPORTED,
51,51,1020.0,VALID_TARGET,,4.0,567.3719596862793,398.7257308959961,567.8919944763184,398.6919231414795,SUPPORTED,575.2857142857142,418.8571428571429,519.5714285714286,313.7142857142857,111.42857142857142,210.28571428571428,SUPPORTED,translation_median_sparse_flow,-0.00634765625,-0.46392822265625,350.0,2.2615768909454346,,,SUPPORTED,partial_affine_ransac_sparse_flow,3.479691428918886,1.0061722293227209,248.0,0.9395175278654189,0.9944835337269402,0.7085714285714285,-0.5200347900390625,0.10529136657714844,-0.5136871337890625,0.5692195892333984,-0.5136871337890625,0.5692195892333984,-132.0643910738913,0.9148318298203186,path_segment_004,SUPPORTED,,-0.5200347900390625,0.10529136657714844,-1.2533642678197339,1.8536065813368623,-1.2533642678197339,1.8536065813368623,-124.06561369513368,2.6697718575948874,path_segment_004,SUPPORTED,,-0.5200347900390625,0.10529136657714844,-0.5136871337890625,0.5692195892333984,-0.5136871337890625,0.5692195892333984,-132.0643910738913,0.9148318298203186,path_segment_004,SUPPORTED,,SUPPORTED,
52,52,1040.0,VALID_TARGET,,4.0,568.4120292663574,398.6581153869629,567.7187900543213,398.79721450805664,SUPPORTED,570.9285714285714,418.42857142857144,516.2857142857143,313.14285714285717,109.28571428571429,210.57142857142856,SUPPORTED,translation_median_sparse_flow,0.00177001953125,-0.7210350036621094,350.0,0.06874518096446991,,,SUPPORTED,partial_affine_ransac_sparse_flow,0.12132704006379402,-0.6549652993419858,349.0,0.1051838583015518,0.9998525844653952,0.9971428571428571,-0.1732044219970703,0.10529136657714844,-0.1749744415283203,0.8263263702392578,-0.6886615753173828,1.3955459594726562,-101.95576671209326,1.0077922447029826,path_segment_004,SUPPORTED,,-0.1732044219970703,0.10529136657714844,-0.17970292398513266,0.7747175450349459,-1.4330671918048665,2.6283241263718082,-103.05933714396697,0.9488956723069193,path_segment_004,SUPPORTED,,-0.1732044219970703,0.10529136657714844,-0.1749744415283203,0.8263263702392578,-0.6886615753173828,1.3955459594726562,-101.95576671209326,1.0077922447029826,path_segment_004,SUPPORTED,,SUPPORTED,
53,53,1060.0,VALID_TARGET,,4.0,565.0113925933838,398.9696464538574,566.6240253448486,398.9696464538574,SUPPORTED,566.5714285714286,418.00000000000006,513.0,312.5714285714286,107.14285714285715,210.85714285714286,SUPPORTED,translation_median_sparse_flow,0.3773193359375,-0.53875732421875,350.0,2.264653205871582,,,SUPPORTED,partial_affine_ransac_sparse_flow,5.022984071505072,0.6903789349642306,258.0,0.7531261702775814,0.9947094890876712,0.7371428571428571,-1.0947647094726562,0.17243194580078125,-1.4720840454101562,0.7111892700195312,-2.160745620727539,2.1067352294921875,-154.21400812770105,1.9506525155278196,path_segment_004,SUPPORTED,,-1.0947647094726562,0.17243194580078125,-3.3852461443966604,1.9779922501811598,-4.818313336201527,4.606316376552968,-149.70234524321063,4.678051335561042,path_segment_004,SUPPORTED,,-1.0947647094726562,0.17243194580078125,-1.4720840454101562,0.7111892700195312,-2.160745620727539,2.1067352294921875,-154.21400812770105,1.9506525155278196,path_segment_004,SUPPORTED,,SUPPORTED,
54,54,1080.0,VALID_TARGET,,4.0,566.9783535003662,400.5098304748535,566.0430183410645,398.9696464538574,SUPPORTED,562.2142857142858,417.57142857142856,509.7142857142857,312.0,105.00000000000003,211.14285714285714,SUPPORTED,translation_median_sparse_flow,-0.0002288818359375,0.588043212890625,350.0,0.11088718473911285,,,SUPPORTED,partial_affine_ransac_sparse_flow,-0.05576692974175882,0.6193160616956453,349.0,0.11793243235933326,1.0000369032136778,0.9971428571428571,-0.5810070037841797,0.0,-0.5807781219482422,-0.588043212890625,-2.7415237426757812,1.5186920166015625,134.6438688482913,0.9861351670567255,path_segment_004,SUPPORTED,,-0.5810070037841797,0.0,-0.5885002636990748,-0.5738863754116892,-5.406813599900602,4.032430001141279,135.72030250608057,0.9807647686174934,path_segment_004,SUPPORTED,,-0.5810070037841797,0.0,-0.5807781219482422,-0.588043212890625,-2.7415237426757812,1.5186920166015625,134.6438688482913,0.9861351670567255,path_segment_004,SUPPORTED,,SUPPORTED,
55,55,1100.0,VALID_TARGET,,4.0,566.3089275360107,399.60156631469727,565.6778450012207,398.9696464538574,SUPPORTED,557.8571428571429,417.14285714285717,506.42857142857144,311.42857142857144,102.85714285714289,211.42857142857144,SUPPORTED,translation_median_sparse_flow,-0.000701904296875,-0.679931640625,350.0,0.08130962401628494,,,SUPPORTED,partial_affine_ransac_sparse_flow,0.09825983936569659,-0.6431741758283319,350.0,0.1071834670565978,0.9998952576086536,1.0,-0.36517333984375,0.0,-0.364471435546875,0.679931640625,-3.1059951782226562,2.1986236572265625,-118.19314622093161,0.920464096889707,path_segment_004,SUPPORTED,,-0.36517333984375,0.0,-0.36259872830009954,0.6260261894231007,-5.769412328200701,4.6584561905643795,-120.07972141920439,0.86318967308034,path_segment_004,SUPPORTED,,-0.36517333984375,0.0,-0.364471435546875,0.679931640625,-3.1059951782226562,2.1986236572265625,-118.19314622093161,0.920464096889707,path_segment_004,SUPPORTED,,SUPPORTED,
56,56,1120.0,VALID_TARGET,,4.0,563.0736312866211,395.61968994140625,565.7090158462524,397.61062812805176,SUPPORTED,557.6984126984128,416.82539682539687,505.4761904761905,311.42857142857144,104.44444444444447,210.7936507936508,SUPPORTED,translation_median_sparse_flow,1.57281494140625,-0.789398193359375,349.0,2.4403717517852783,,,SUPPORTED,partial_affine_ransac_sparse_flow,6.047122999230708,0.5534668089972121,251.0,0.617159043276681,0.9945641094341402,0.7191977077363897,0.03117084503173828,-1.359018325805664,-1.5416440963745117,-0.5696201324462891,-4.647639274597168,1.6290035247802734,159.72129636373097,1.9609564946738607,path_segment_004,SUPPORTED,,0.03117084503173828,-1.359018325805664,-3.1397543737779188,0.5382386066067397,-8.90916670197862,5.196694797171119,-170.27251009200722,3.800843454190207,path_segment_004,SUPPORTED,,0.03117084503173828,-1.359018325805664,-1.5416440963745117,-0.5696201324462891,-4.647639274597168,1.6290035247802734,159.72129636373097,1.9609564946738607,path_segment_004,SUPPORTED,,SUPPORTED,
57,57,1140.0,VALID_TARGET,,4.0,565.610673904419,393.4360237121582,565.0206851959229,395.61968994140625,SUPPORTED,557.5396825396825,416.5079365079365,504.5238095238095,311.42857142857144,106.03174603174607,210.15873015873015,SUPPORTED,translation_median_sparse_flow,0.001708984375,0.5346527099609375,350.0,0.13892781734466553,,,SUPPORTED,partial_affine_ransac_sparse_flow,-0.0780661200419149,0.6231240024337048,350.0,0.10377151667484064,1.0000702939761563,1.0,-0.6883306503295898,-1.9909381866455078,-0.6900396347045898,-2.5255908966064453,-5.337678909301758,-0.8965873718261719,105.28134337493766,3.1238572566502767,path_segment_004,SUPPORTED,,-0.6883306503295898,-1.9909381866455078,-0.7118158293400256,-2.554090855779748,-9.620982531318646,2.6426039413913713,105.57296027550215,3.163548511192421,path_segment_004,SUPPORTED,,-0.6883306503295898,-1.9909381866455078,-0.6900396347045898,-2.5255908966064453,-5.337678909301758,-0.8965873718261719,105.28134337493766,3.1238572566502767,path_segment_004,SUPPORTED,,SUPPORTED,
58,58,1160.0,TARGET_IDENTITY_UNCERTAIN,TARGET_OVERLAP_AMBIGUOUS: another detected person overlaps or is too close to the selected pose for automated identity acceptance.,,561.5177593231201,392.40990829467773,,,,557.3809523809524,416.1904761904762,503.57142857142856,311.42857142857144,107.61904761904765,209.52380952380952,,,,,,,,,,,,,,,,,,,,,,,,,,,,,,,,,,,,,,,,,,,,,,,,,,,
59,59,1180.0,VALID_TARGET,,5.0,564.3636322021484,389.1638488769531,564.3636322021484,389.1638488769531,SUPPORTED,557.2222222222222,415.8730158730159,502.6190476190476,311.42857142857144,109.20634920634923,208.88888888888889,SUPPORTED,translation_median_sparse_flow,2.3438720703125,-1.627960205078125,350.0,2.7583160400390625,,,SUPPORTED,partial_affine_ransac_sparse_flow,7.59953216007112,-0.15401944516019572,242.0,0.7938047541991319,0.9938961975502316,0.6914285714285714,,,,,0.0,0.0,,,path_segment_005,SUPPORTED,,,,,,0.0,0.0,,,path_segment_005,SUPPORTED,,,,,,0.0,0.0,,,path_segment_005,SUPPORTED,,SUPPORTED,
60,60,1200.0,VALID_TARGET,,5.0,565.0492687225342,388.163818359375,563.2819881439209,388.66383361816406,SUPPORTED,557.063492063492,415.55555555555554,501.6666666666667,311.42857142857144,110.79365079365083,208.25396825396822,SUPPORTED,translation_median_sparse_flow,3.9859619140625,-1.09423828125,349.0,3.7342770099639893,,,SUPPORTED,partial_affine_ransac_sparse_flow,9.522032313013469,0.6350904335625499,246.0,1.0545623976781746,0.9932938910275019,0.7048710601719198,-1.081644058227539,-0.5000152587890625,-5.067605972290039,0.5942230224609375,-5.067605972290039,0.5942230224609375,-173.31208792872783,6.0878386531472835,path_segment_005,SUPPORTED,,-1.081644058227539,-0.5000152587890625,-6.990160029785443,1.7230137389476,-6.990160029785443,1.7230137389476,-166.15311954814155,8.58994127193305,path_segment_005,SUPPORTED,,-1.081644058227539,-0.5000152587890625,-5.067605972290039,0.5942230224609375,-5.067605972290039,0.5942230224609375,-173.31208792872783,6.0878386531472835,path_segment_005,SUPPORTED,,SUPPORTED,
61,61,1220.0,VALID_TARGET,,5.0,562.3038139343262,389.74303436279297,564.0540809631348,388.163818359375,SUPPORTED,556.9047619047619,415.23809523809524,500.7142857142857,311.42857142857144,112.38095238095241,207.6190476190476,SUPPORTED,translation_median_sparse_flow,-0.00030517578125,0.6595687866210938,350.0,0.09802497923374176,,,SUPPORTED,partial_affine_ransac_sparse_flow,-0.12871997205360955,0.6880152147465824,350.0,0.1182790584678581,1.0001096161005196,1.0,0.7720928192138672,-0.5000152587890625,0.7723979949951172,-1.1595840454101562,-4.295207977294922,-0.5653610229492188,56.332448019604975,1.662393566058115,path_segment_005,SUPPORTED,,0.7720928192138672,-0.5000152587890625,0.7621853928338851,-1.1191864036516677,-6.227974636951558,0.6038273352959322,55.744456488523284,1.615607824944167,path_segment_005,SUPPORTED,,0.7720928192138672,-0.5000152587890625,0.7723979949951172,-1.1595840454101562,-4.295207977294922,-0.5653610229492188,56.332448019604975,1.662393566058115,path_segment_005,SUPPORTED,,SUPPORTED,
62,62,1240.0,VALID_TARGET,,5.0,562.2003440856934,381.09397888183594,563.7697715759277,381.5904235839844,SUPPORTED,556.7460317460318,414.92063492063494,499.76190476190476,311.42857142857144,113.96825396825399,206.98412698412696,SUPPORTED,translation_median_sparse_flow,5.1041717529296875,-1.031707763671875,350.0,4.279853820800781,,,SUPPORTED,partial_affine_ransac_sparse_flow,10.692359222475995,-0.04473862039751956,211.0,0.842986000852652,0.9937349131459391,0.6028571428571429,-0.28430938720703125,-6.573394775390625,-5.388481140136719,-5.54168701171875,-9.68368911743164,-6.107048034667969,134.19694968014903,9.222516248172505,path_segment_005,SUPPORTED,,-0.28430938720703125,-6.573394775390625,-7.360056007173853,-4.217016845109299,-13.58803064412541,-3.613189509813367,150.18902151661914,10.120951787574683,path_segment_005,SUPPORTED,,-0.28430938720703125,-6.573394775390625,-5.388481140136719,-5.54168701171875,-9.68368911743164,-6.107048034667969,134.19694968014903,9.222516248172505,path_segment_005,SUPPORTED,,SUPPORTED,
63,63,1260.0,VALID_TARGET,,5.0,563.2705879211426,381.48851776123047,563.2705879211426,380.99207305908203,SUPPORTED,556.5873015873016,414.6031746031746,498.8095238095238,311.42857142857144,115.55555555555559,206.3492063492063,SUPPORTED,translation_median_sparse_flow,0.0039825439453125,-0.7262115478515625,350.0,0.1338692009449005,,,SUPPORTED,partial_affine_ransac_sparse_flow,0.169308855602788,-0.6398706014495746,350.0,0.13581661275096385,0.9998064017677407,1.0,-0.49918365478515625,-0.5983505249023438,-0.5031661987304688,0.12786102294921875,-10.18685531616211,-5.97918701171875,-165.74218201630129,0.6194327768621061,path_segment_005,SUPPORTED,,-0.49918365478515625,-0.5983505249023438,-0.544865441526099,0.09399981820143921,-14.13289608565151,-3.5191896916119276,-170.21172109178283,0.6597096128631228,path_segment_005,SUPPORTED,,-0.49918365478515625,-0.5983505249023438,-0.5031661987304688,0.12786102294921875,-10.18685531616211,-5.97918701171875,-165.74218201630129,0.6194327768621061,path_segment_005,SUPPORTED,,SUPPORTED,
64,64,1280.0,VALID_TARGET,,5.0,562.7112655639648,376.8698539733887,563.2705879211426,378.4780807495117,SUPPORTED,556.4285714285714,414.2857142857143,497.85714285714283,311.42857142857144,117.14285714285717,205.71428571428567,SUPPORTED,translation_median_sparse_flow,5.098968505859375,-2.366729736328125,341.0,5.071530818939209,,,SUPPORTED,partial_affine_ransac_sparse_flow,10.719937311559713,-0.7874332042115383,151.0,0.568372900167613,0.9951512203116263,0.44281524926686217,0.0,-2.5139923095703125,-5.098968505859375,-0.1472625732421875,-15.285823822021484,-6.1264495849609375,178.34570871206262,6.086369325693356,path_segment_005,SUPPORTED,,0.0,-2.5139923095703125,-7.943745172609624,0.05424126625541703,-22.076641258261134,-3.4649484253565106,-179.60878058567198,9.478297866487228,path_segment_005,SUPPORTED,,0.0,-2.5139923095703125,-5.098968505859375,-0.1472625732421875,-15.285823822021484,-6.1264495849609375,178.34570871206262,6.086369325693356,path_segment_005,SUPPORTED,,SUPPORTED,
65,65,1300.0,VALID_TARGET,,5.0,562.5363464355469,378.4780807495117,563.2705879211426,377.4363479614258,SUPPORTED,559.7142857142858,412.2857142857143,502.2857142857143,308.8571428571429,114.85714285714289,206.8571428571428,SUPPORTED,translation_median_sparse_flow,0.00347900390625,0.604949951171875,350.0,0.12540622055530548,,,SUPPORTED,partial_affine_ransac_sparse_flow,-0.07740270085507404,0.6171626409828648,350.0,0.13695178525078416,1.0000630361452598,1.0,0.0,-1.0417327880859375,-0.00347900390625,-1.6466827392578125,-15.289302825927734,-7.77313232421875,90.12105060641207,1.9647433488034438,path_segment_005,SUPPORTED,,0.0,-1.0417327880859375,0.006463562453063787,-1.6300150779556475,-22.07017769580807,-5.094963503312158,89.77280399846067,1.9448672395874889,path_segment_005,SUPPORTED,,0.0,-1.0417327880859375,-0.00347900390625,-1.6466827392578125,-15.289302825927734,-7.77313232421875,90.12105060641207,1.9647433488034438,path_segment_005,SUPPORTED,,SUPPORTED,
66,66,1320.0,VALID_TARGET,,5.0,562.2259407043457,376.9542007446289,563.2007064819336,376.9542007446289,SUPPORTED,563.0,410.2857142857142,506.71428571428567,306.2857142857143,112.5714285714286,207.99999999999994,SUPPORTED,translation_median_sparse_flow,6.6531982421875,-1.9593124389648438,349.0,4.530465602874756,,,SUPPORTED,partial_affine_ransac_sparse_flow,11.808452417223297,-1.2231744908453563,195.0,0.9307687161165829,0.9948902932226409,0.5587392550143266,-0.06988143920898438,-0.482147216796875,-6.723079681396484,1.4771652221679688,-22.01238250732422,-6.295967102050781,-167.60812720030495,8.212980327749754,path_segment_005,SUPPORTED,,-0.06988143920898438,-0.482147216796875,-8.880434631400021,2.490965409178955,-30.95061232720809,-2.6039980941332033,-164.3311709082475,11.004632771874531,path_segment_005,SUPPORTED,,-0.06988143920898438,-0.482147216796875,-6.723079681396484,1.4771652221679688,-22.01238250732422,-6.295967102050781,-167.60812720030495,8.212980327749754,path_segment_005,SUPPORTED,,SUPPORTED,
67,67,1340.0,VALID_TARGET,,5.0,563.9323711395264,375.8970642089844,563.2833442687988,376.7790184020996,SUPPORTED,566.2857142857142,408.2857142857143,511.1428571428571,303.7142857142857,110.28571428571432,209.1428571428571,SUPPORTED,translation_median_sparse_flow,-0.004302978515625,-0.6303863525390625,350.0,0.09791066497564316,,,SUPPORTED,partial_affine_ransac_sparse_flow,0.013706164503993184,-0.6217760126043769,347.0,0.10901093855159241,0.9999689977418351,0.9914285714285714,0.08263778686523438,-0.17518234252929688,0.08694076538085938,0.4552040100097656,-21.92544174194336,-5.840763092041016,-79.18713226616106,0.552943954282462,path_segment_005,SUPPORTED,,0.08263778686523438,-0.17518234252929688,0.10612391002382537,0.4288008409849908,-30.844488417184266,-2.1751972531482124,-76.09919039124172,0.5270595276580503,path_segment_005,SUPPORTED,,0.08263778686523438,-0.17518234252929688,0.08694076538085938,0.4552040100097656,-21.92544174194336,-5.840763092041016,-79.18713226616106,0.552943954282462,path_segment_005,SUPPORTED,,SUPPORTED,
68,68,1360.0,VALID_TARGET,,5.0,562.9703578948975,376.3843078613281,563.9323711395264,375.6358222961426,SUPPORTED,569.5714285714286,406.2857142857143,515.5714285714286,301.14285714285717,108.00000000000003,210.28571428571425,SUPPORTED,translation_median_sparse_flow,0.010988235473632812,0.6163787841796875,348.0,0.10792655497789383,,,SUPPORTED,partial_affine_ransac_sparse_flow,0.024185427968664183,0.5990752859761183,347.0,0.12164440433717036,1.0000230975815068,0.9971264367816092,0.6490268707275391,-1.1431961059570312,0.6380386352539062,-1.7595748901367188,-21.287403106689453,-7.600337982177734,70.06887247854642,2.2331978997975934,path_segment_005,SUPPORTED,,0.6490268707275391,-1.1431961059570312,0.5989535033888842,-1.7317216107892364,-30.24553491379538,-3.906918863937449,70.92094510647487,2.1862998682545167,path_segment_005,SUPPORTED,,0.6490268707275391,-1.1431961059570312,0.6380386352539062,-1.7595748901367188,-21.287403106689453,-7.600337982177734,70.06887247854642,2.2331978997975934,path_segment_005,SUPPORTED,,SUPPORTED,
69,69,1380.0,VALID_TARGET,,5.0,565.5652370452881,375.6358222961426,565.5652370452881,375.4955062866211,SUPPORTED,572.8571428571429,404.2857142857142,520.0,298.57142857142856,105.71428571428575,211.4285714285714,SUPPORTED,translation_median_sparse_flow,8.85430908203125,-2.2772216796875,350.0,3.8460965156555176,,,SUPPORTED,partial_affine_ransac_sparse_flow,13.362661512347174,-1.2254919337155887,216.0,1.0541882064172392,0.995553258365202,0.6171428571428571,1.6328659057617188,-0.14031600952148438,-7.221443176269531,2.1369056701660156,-28.508846282958984,-5.463432312011719,-163.51592619851903,8.98558213919529,path_segment_005,SUPPORTED,,1.6328659057617188,-0.14031600952148438,-9.240856170785378,2.7836399328226094,-39.48639108458076,-1.1232789311148395,-163.2360271423997,11.515104325296706,path_segment_005,SUPPORTED,,1.6328659057617188,-0.14031600952148438,-7.221443176269531,2.1369056701660156,-28.508846282958984,-5.463432312011719,-163.51592619851903,8.98558213919529,path_segment_005,SUPPORTED,,SUPPORTED,
70,70,1400.0,VALID_TARGET,,5.0,565.9332618713379,373.51898193359375,565.9332618713379,373.51898193359375,SUPPORTED,576.1428571428572,402.2857142857143,524.4285714285714,296.0,103.42857142857147,212.57142857142853,SUPPORTED,translation_median_sparse_flow,0.011457443237304688,-0.7310085296630859,350.0,0.05425388365983963,,,SUPPORTED,partial_affine_ransac_sparse_flow,0.18613542129695518,-0.7399538807094882,348.0,0.1253858307810426,0.9998886208667305,0.9942857142857143,0.3680248260498047,-1.9765243530273438,0.3565673828125,-1.2455158233642578,-28.152278900146484,-6.708948135375977,74.02459448818941,1.545785127249042,path_segment_005,SUPPORTED,,0.3680248260498047,-1.9765243530273438,0.2931110622656661,-1.2673804625965204,-39.19328002231509,-2.39065939371136,76.97797404460611,1.5520888465104874,path_segment_005,SUPPORTED,,0.3680248260498047,-1.9765243530273438,0.3565673828125,-1.2455158233642578,-28.152278900146484,-6.708948135375977,74.02459448818941,1.545785127249042,path_segment_005,SUPPORTED,,SUPPORTED,
71,71,1420.0,VALID_TARGET,,5.0,570.9521808624268,371.5942497253418,570.9521808624268,371.5942497253418,SUPPORTED,579.4285714285713,400.2857142857143,528.8571428571428,293.42857142857144,101.14285714285718,213.71428571428567,SUPPORTED,translation_median_sparse_flow,10.91912841796875,-2.380859375,350.0,3.661259174346924,,,SUPPORTED,partial_affine_ransac_sparse_flow,15.415280837784,-1.08440824355954,218.0,0.9166766317230164,0.9952234559377456,0.6228571428571429,5.018918991088867,-1.9247322082519531,-5.900209426879883,0.4561271667480469,-34.05248832702637,-6.25282096862793,-175.5794306331925,7.060837884203648,path_segment_005,SUPPORTED,,5.018918991088867,-1.9247322082519531,-7.727177678455405,0.9953575835975244,-46.9204577007705,-1.3953018101138355,-172.66000228121132,9.295854378663318,path_segment_005,SUPPORTED,,5.018918991088867,-1.9247322082519531,-5.900209426879883,0.4561271667480469,-34.05248832702637,-6.25282096862793,-175.5794306331925,7.060837884203648,path_segment_005,SUPPORTED,,SUPPORTED,
72,72,1440.0,VALID_TARGET,,5.0,577.8548431396484,368.74940490722656,574.1110248565674,370.1718273162842,SUPPORTED,582.7142857142857,398.28571428571433,533.2857142857142,290.8571428571429,98.8571428571429,214.85714285714283,SUPPORTED,translation_median_sparse_flow,12.6536865234375,-2.1934432983398438,336.0,3.53554630279541,,,SUPPORTED,partial_affine_ransac_sparse_flow,16.97569877173795,-1.0327790887028483,214.0,0.8007027564834795,0.9955370418454843,0.6369047619047619,3.158843994140625,-1.4224224090576172,-9.494842529296875,0.7710208892822266,-43.54733085632324,-5.481800079345703,-175.35752973416456,11.366058460473385,path_segment_005,SUPPORTED,,3.158843994140625,-1.4224224090576172,-11.285959973277158,1.2952581293759522,-58.20641767404766,-0.10004368073788328,-173.45296778509783,13.554232017361489,path_segment_005,SUPPORTED,,3.158843994140625,-1.4224224090576172,-9.494842529296875,0.7710208892822266,-43.54733085632324,-5.481800079345703,-175.35752973416456,11.366058460473385,path_segment_005,SUPPORTED,,SUPPORTED,
73,73,1460.0,VALID_TARGET,,5.0,577.269868850708,366.53161239624023,577.269868850708,368.74940490722656,SUPPORTED,586.0,396.2857142857143,537.7142857142857,288.2857142857143,96.57142857142861,215.99999999999997,SUPPORTED,translation_median_sparse_flow,0.003326416015625,0.62261962890625,350.0,0.1300894320011139,,,SUPPORTED,partial_affine_ransac_sparse_flow,-0.019163908659874485,0.6212451156257611,349.0,0.1475679269052315,1.0000403316041646,0.9971428571428571,3.158843994140625,-1.4224224090576172,3.155517578125,-2.045042037963867,-40.39181327819824,-7.52684211730957,32.94664714561191,4.486542318381329,path_segment_005,SUPPORTED,,3.158843994140625,-1.4224224090576172,3.1303461406968154,-2.0205858030304285,-55.07607153335084,-2.1206294837683117,32.841562678741106,4.445476792387943,path_segment_005,SUPPORTED,,3.158843994140625,-1.4224224090576172,3.155517578125,-2.045042037963867,-40.39181327819824,-7.52684211730957,32.94664714561191,4.486542318381329,path_segment_005,SUPPORTED,,SUPPORTED,
74,74,1480.0,TARGET_IDENTITY_UNCERTAIN,TARGET_OVERLAP_AMBIGUOUS: another detected person overlaps or is too close to the selected pose for automated identity acceptance.,,586.9890518188477,365.12525177001953,,,,589.2857142857142,394.2857142857143,542.1428571428571,285.7142857142857,94.28571428571433,217.1428571428571,,,,,,,,,,,,,,,,,,,,,,,,,,,,,,,,,,,,,,,,,,,,,,,,,,,
75,75,1500.0,VALID_TARGET,,6.0,585.5896768569946,363.43911361694336,596.133752822876,361.9581832885742,SUPPORTED,593.7142857142857,391.7857142857143,547.7142857142857,284.42857142857144,92.00000000000004,214.7142857142857,SUPPORTED,translation_median_sparse_flow,13.847900390625,-2.52685546875,347.0,3.4604711532592773,,,SUPPORTED,partial_affine_ransac_sparse_flow,17.963856713068107,-1.6289324982834097,227.0,0.7581850858637356,0.9959723486189379,0.654178674351585,,,,,0.0,0.0,,,path_segment_006,SUPPORTED,,,,,,0.0,0.0,,,path_segment_006,SUPPORTED,,,,,,0.0,0.0,,,path_segment_006,SUPPORTED,,SUPPORTED,
76,76,1520.0,VALID_TARGET,,6.0,597.6692142486572,361.9581832885742,596.9014835357666,361.59780502319336,SUPPORTED,598.1428571428571,389.28571428571433,553.2857142857142,283.14285714285717,89.71428571428575,212.28571428571428,SUPPORTED,translation_median_sparse_flow,14.5631103515625,-1.71490478515625,349.0,3.486375093460083,,,SUPPORTED,partial_affine_ransac_sparse_flow,18.901279969391403,-0.8691838655068401,216.0,0.7777725870370051,0.995593796424925,0.6189111747851003,0.767730712890625,-0.3603782653808594,-13.795379638671875,1.3545265197753906,-13.795379638671875,1.3545265197753906,-174.39227570883304,16.53910490088184,path_segment_006,SUPPORTED,,0.767730712890625,-0.3603782653808594,-15.490226701589222,2.0762696919717882,-15.490226701589222,2.0762696919717882,-172.36572494892897,18.64744522523003,path_segment_006,SUPPORTED,,0.767730712890625,-0.3603782653808594,-13.795379638671875,1.3545265197753906,-13.795379638671875,1.3545265197753906,-174.39227570883304,16.53910490088184,path_segment_006,SUPPORTED,,SUPPORTED,
77,77,1540.0,VALID_TARGET,,6.0,596.133752822876,361.2374267578125,597.6692142486572,361.9581832885742,SUPPORTED,602.5714285714287,386.7857142857142,558.8571428571429,281.85714285714283,87.42857142857147,209.85714285714283,SUPPORTED,translation_median_sparse_flow,0.0139617919921875,0.6128158569335938,350.0,0.16054828464984894,,,SUPPORTED,partial_affine_ransac_sparse_flow,-0.04683711211306479,0.5890336530258715,348.0,0.1813282391218291,1.000100893822816,0.9942857142857143,0.767730712890625,0.3603782653808594,0.7537689208984375,-0.2524375915527344,-13.041610717773438,1.1020889282226562,18.515723834423582,0.9484544195306234,path_segment_006,SUPPORTED,,0.767730712890625,0.3603782653808594,0.726532419682826,-0.21922463914910395,-14.763694281906396,1.8570450528226843,16.790717345214713,0.9054652380218375,path_segment_006,SUPPORTED,,0.767730712890625,0.3603782653808594,0.7537689208984375,-0.2524375915527344,-13.041610717773438,1.1020889282226562,18.515723834423582,0.9484544195306234,path_segment_006,SUPPORTED,,SUPPORTED,
78,78,1560.0,VALID_TARGET,,6.0,604.5931415557861,358.4062194824219,601.7589015960693,361.9581832885742,SUPPORTED,607.0,384.2857142857143,564.4285714285714,280.57142857142856,85.14285714285718,207.42857142857142,SUPPORTED,translation_median_sparse_flow,15.292816162109375,-1.6265869140625,344.0,3.555633068084717,,,SUPPORTED,partial_affine_ransac_sparse_flow,19.551528310204816,-0.5540110992881436,216.0,0.57352484151779,0.9955782667220369,0.627906976744186,4.089687347412109,0.0,-11.203128814697266,1.6265869140625,-24.244739532470703,2.7286758422851562,-171.73892778237155,13.50716464542029,path_segment_006,SUPPORTED,,4.089687347412109,0.0,-12.86272700413997,2.226529119893712,-27.626421286046366,4.083574172716396,-170.17945420852138,15.575387736918728,path_segment_006,SUPPORTED,,4.089687347412109,0.0,-11.203128814697266,1.6265869140625,-24.244739532470703,2.7286758422851562,-171.73892778237155,13.50716464542029,path_segment_006,SUPPORTED,,SUPPORTED,
79,79,1580.0,VALID_TARGET,,6.0,601.7589015960693,386.1481628417969,604.5931415557861,365.10323333740234,SUPPORTED,611.4285714285714,381.7857142857143,570.0,279.2857142857143,82.85714285714289,205.0,SUPPORTED,translation_median_sparse_flow,0.018341064453125,-0.7147674560546875,350.0,0.1515478640794754,,,SUPPORTED,partial_affine_ransac_sparse_flow,0.19991178026158946,-0.6838714211511763,350.0,0.1442609477846999,0.9998470121360659,1.0,2.834239959716797,3.145050048828125,2.815898895263672,3.8598175048828125,-21.42884063720703,6.588493347167969,-53.887679270728235,5.700643585004662,path_segment_006,SUPPORTED,,2.834239959716797,3.145050048828125,2.767339355772606,3.816226687240828,-24.85908193027376,7.8998008599572245,-54.05222986599232,5.624502123906888,path_segment_006,SUPPORTED,,2.834239959716797,3.145050048828125,2.815898895263672,3.8598175048828125,-21.42884063720703,6.588493347167969,-53.887679270728235,5.700643585004662,path_segment_006,SUPPORTED,,SUPPORTED,
80,80,1600.0,VALID_TARGET,,6.0,613.1020736694336,365.10323333740234,613.1020736694336,365.10323333740234,SUPPORTED,615.8571428571429,379.2857142857143,575.5714285714286,278.0,80.5714285714286,202.57142857142858,SUPPORTED,translation_median_sparse_flow,15.9046630859375,-1.3868789672851562,348.0,3.3490939140319824,,,SUPPORTED,partial_affine_ransac_sparse_flow,19.92523384047106,-0.33440582863187246,216.0,0.8240884836091609,0.9956611624482354,0.6206896551724138,8.508932113647461,0.0,-7.395730972290039,1.3868789672851562,-28.82457160949707,7.975372314453125,-169.37900201975978,8.978026694154243,path_segment_006,SUPPORTED,,8.508932113647461,0.0,-8.930347571177776,2.145950969051114,-33.78942950145154,10.045751829008339,-166.48808531271112,10.958559321790801,path_segment_006,SUPPORTED,,8.508932113647461,0.0,-7.395730972290039,1.3868789672851562,-28.82457160949707,7.975372314453125,-169.37900201975978,8.978026694154243,path_segment_006,SUPPORTED,,SUPPORTED,
81,81,1620.0,VALID_TARGET,,6.0,616.9876050949097,365.90116119384766,616.9876050949097,365.10323333740234,SUPPORTED,620.2857142857142,376.78571428571433,581.1428571428571,276.7142857142857,78.2857142857143,200.14285714285717,SUPPORTED,translation_median_sparse_flow,0.002044677734375,0.5821990966796875,350.0,0.18907234072685242,,,SUPPORTED,partial_affine_ransac_sparse_flow,-0.04482012475918898,0.6117782741987227,350.0,0.20122259742942689,1.0000284389324072,1.0,3.885531425476074,0.0,3.883486747741699,-0.5821990966796875,-24.94108486175537,7.3931732177734375,8.526091762781691,4.685361428914357,path_segment_006,SUPPORTED,,3.885531425476074,0.0,3.8811598091123187,-0.568830048346399,-29.908269692339218,9.47692178066194,8.338013659868766,4.680276009379186,path_segment_006,SUPPORTED,,3.885531425476074,0.0,3.883486747741699,-0.5821990966796875,-24.94108486175537,7.3931732177734375,8.526091762781691,4.685361428914357,path_segment_006,SUPPORTED,,SUPPORTED,
82,82,1640.0,VALID_TARGET,,6.0,626.7932720184326,361.0248069763184,626.7932720184326,361.02480697631836,SUPPORTED,624.7142857142858,374.2857142857142,586.7142857142858,275.4285714285714,76.00000000000003,197.71428571428572,SUPPORTED,translation_median_sparse_flow,16.8935546875,-1.01336669921875,347.0,2.840869188308716,,,SUPPORTED,partial_affine_ransac_sparse_flow,19.951297575315582,-0.27698869582883906,216.0,0.6416893150745927,0.9959622174446434,0.622478386167147,9.80566692352295,-4.078426361083984,-7.087887763977051,-3.0650596618652344,-32.02897262573242,4.328113555908203,156.61459428425349,9.213769016660818,path_segment_006,SUPPORTED,,9.80566692352295,-4.078426361083984,-7.713460415593431,-2.227352922756893,-37.62173010793265,7.249568857905047,163.89330132579772,9.57933291812295,path_segment_006,SUPPORTED,,9.80566692352295,-4.078426361083984,-7.087887763977051,-3.0650596618652344,-32.02897262573242,4.328113555908203,156.61459428425349,9.213769016660818,path_segment_006,SUPPORTED,,SUPPORTED,
83,83,1660.0,VALID_TARGET,,6.0,634.9581832885742,359.61058807373047,634.9581832885742,359.61058807373047,SUPPORTED,629.1428571428572,371.7857142857143,592.2857142857143,274.1428571428571,73.71428571428574,195.2857142857143,SUPPORTED,translation_median_sparse_flow,16.1304931640625,-0.7704010009765625,349.0,2.961756706237793,,,SUPPORTED,partial_affine_ransac_sparse_flow,19.201849798839014,-0.26407285887048704,207.0,0.6179910980241249,0.9967248430952721,0.5931232091690545,8.164911270141602,-1.4142189025878906,-7.965581893920898,-0.6438179016113281,-39.99455451965332,3.684295654296875,175.37911523244782,9.535124561409868,path_segment_006,SUPPORTED,,8.164911270141602,-1.4142189025878906,-9.091239555712264,0.2183547840051574,-46.71296966364491,7.467923641910204,-178.62412571954943,10.850337731653156,path_segment_006,SUPPORTED,,8.164911270141602,-1.4142189025878906,-7.965581893920898,-0.6438179016113281,-39.99455451965332,3.684295654296875,175.37911523244782,9.535124561409868,path_segment_006,SUPPORTED,,SUPPORTED,
84,84,1680.0,VALID_TARGET,,6.0,636.1234149932861,356.0441246032715,636.1234149932861,358.41571044921875,SUPPORTED,633.5714285714287,369.2857142857143,597.8571428571429,272.85714285714283,71.42857142857144,192.8571428571429,SUPPORTED,translation_median_sparse_flow,0.03350830078125,-0.674224853515625,350.0,0.18869012594223022,,,SUPPORTED,partial_affine_ransac_sparse_flow,0.21831933628541114,-0.6575138784002333,350.0,0.20589269064105348,0.999864394309848,1.0,1.165231704711914,-1.1948776245117188,1.131723403930664,-0.5206527709960938,-38.862831115722656,3.1636428833007812,24.704937509458542,1.4863585887763375,path_segment_006,SUPPORTED,,1.165231704711914,-1.1948776245117188,1.0850200549383544,-0.5804051322869554,-45.62794960870656,6.8875185096232485,28.143472183537067,1.4681747329351191,path_segment_006,SUPPORTED,,1.165231704711914,-1.1948776245117188,1.131723403930664,-0.5206527709960938,-38.862831115722656,3.1636428833007812,24.704937509458542,1.4863585887763375,path_segment_006,SUPPORTED,,SUPPORTED,
85,85,1700.0,VALID_TARGET,,6.0,643.182035446167,358.41571044921875,643.182035446167,357.25182723999023,SUPPORTED,638.5714285714287,370.42857142857144,602.1428571428572,276.0,72.85714285714286,188.8571428571429,SUPPORTED,translation_median_sparse_flow,16.0135498046875,-0.776092529296875,349.0,2.3708138465881348,,,SUPPORTED,partial_affine_ransac_sparse_flow,18.523917891409614,-0.14658440578438184,218.0,0.5375024535302257,0.9970705151135888,0.6246418338108882,7.058620452880859,-1.1638832092285156,-8.95492935180664,-0.3877906799316406,-47.8177604675293,2.7758522033691406,177.52037173189171,10.69458467172215,path_segment_006,SUPPORTED,,7.058620452880859,-1.1638832092285156,-9.702484672208925,0.21145996533351763,-55.33043428091548,7.098978474956766,-178.75146973271222,11.579265442453387,path_segment_006,SUPPORTED,,7.058620452880859,-1.1638832092285156,-8.95492935180664,-0.3877906799316406,-47.8177604675293,2.7758522033691406,177.52037173189171,10.69458467172215,path_segment_006,SUPPORTED,,SUPPORTED,
86,86,1720.0,VALID_TARGET,,6.0,644.8706436157227,357.25182723999023,644.8706436157227,357.15871810913086,SUPPORTED,643.5714285714286,371.57142857142856,606.4285714285714,279.1428571428571,74.28571428571429,184.8571428571429,SUPPORTED,translation_median_sparse_flow,0.01446533203125,0.712646484375,349.0,0.14732976257801056,,,SUPPORTED,partial_affine_ransac_sparse_flow,0.0037515177331578645,0.6694601500804368,347.0,0.15968717553003509,1.0000375560722539,0.994269340974212,1.688608169555664,-0.093109130859375,1.674142837524414,-0.805755615234375,-46.14361763000488,1.9700965881347656,25.70125262159866,2.216818253540908,path_segment_006,SUPPORTED,,1.688608169555664,-0.093109130859375,1.636964961263402,-0.7332490183838445,-53.69346931965208,6.365729456572922,24.129135510829748,2.140135503327425,path_segment_006,SUPPORTED,,1.688608169555664,-0.093109130859375,1.674142837524414,-0.805755615234375,-46.14361763000488,1.9700965881347656,25.70125262159866,2.216818253540908,path_segment_006,SUPPORTED,,SUPPORTED,
87,87,1740.0,VALID_TARGET,,6.0,653.1522579193115,357.1519775390625,646.1556529998779,357.25182723999023,SUPPORTED,648.5714285714287,372.7142857142857,610.7142857142858,282.2857142857143,75.71428571428571,180.8571428571429,SUPPORTED,translation_median_sparse_flow,16.141845703125,-0.774993896484375,345.0,1.6417144536972046,,,SUPPORTED,partial_affine_ransac_sparse_flow,17.494662762206154,-0.3931042344729557,229.0,0.4793501627216867,0.9985701255893868,0.663768115942029,1.2850093841552734,0.093109130859375,-14.856836318969727,0.86810302734375,-61.00045394897461,2.8381996154785156,-176.6559401844733,17.756664388834135,path_segment_006,SUPPORTED,,1.2850093841552734,0.093109130859375,-15.311931549148198,1.040896382372921,-69.00540086880028,7.406625838945843,-176.11104873421465,18.311590752110178,path_segment_006,SUPPORTED,,1.2850093841552734,0.093109130859375,-14.856836318969727,0.86810302734375,-61.00045394897461,2.8381996154785156,-176.6559401844733,17.756664388834135,path_segment_006,SUPPORTED,,SUPPORTED,
88,88,1760.0,VALID_TARGET,,6.0,652.0337867736816,356.925350189209,646.1556529998779,357.25182723999023,SUPPORTED,653.5714285714286,373.85714285714283,615.0,285.4285714285714,77.14285714285714,176.8571428571429,SUPPORTED,translation_median_sparse_flow,0.006927490234375,-0.7136611938476562,350.0,0.18201273679733276,,,SUPPORTED,partial_affine_ransac_sparse_flow,0.1428529595862639,-0.6496283614414621,349.0,0.1907169447817449,0.9998484535288967,0.9971428571428571,0.0,0.0,-0.006927490234375,0.7136611938476562,-61.007381439208984,3.551860809326172,-90.55615114099179,0.8515447323026949,path_segment_006,SUPPORTED,,0.0,0.0,-0.006422039182666595,0.6341281140235537,-69.01182290798295,8.040753952969396,-90.580234741355,0.7566485479899954,path_segment_006,SUPPORTED,,0.0,0.0,-0.006927490234375,0.7136611938476562,-61.007381439208984,3.551860809326172,-90.55615114099179,0.8515447323026949,path_segment_006,SUPPORTED,,SUPPORTED,
89,89,1780.0,VALID_TARGET,,6.0,645.7170267105103,379.10391998291016,648.875406742096,368.1313190460205,SUPPORTED,658.5714285714287,375.0,619.2857142857143,288.57142857142856,78.57142857142856,172.8571428571429,SUPPORTED,translation_median_sparse_flow,15.910888671875,-0.7618751525878906,337.0,1.4005341529846191,,,SUPPORTED,partial_affine_ransac_sparse_flow,16.74321311512403,-0.5531060969784998,208.0,0.5713112999112202,0.9996812374636617,0.6172106824925816,2.7197537422180176,10.879491806030273,-13.191134929656982,11.641366958618164,-74.19851636886597,15.193227767944336,-138.57113235290564,20.991550617198374,path_segment_006,SUPPORTED,,2.7197537422180176,10.879491806030273,-13.90727777461052,11.708923865227803,-82.91910068259347,19.7496778181972,-139.90504189236634,21.69142399010259,path_segment_006,SUPPORTED,,2.7197537422180176,10.879491806030273,-13.191134929656982,11.641366958618164,-74.19851636886597,15.193227767944336,-138.57113235290564,20.991550617198374,path_segment_006,SUPPORTED,,SUPPORTED,
90,90,1800.0,VALID_TARGET,,6.0,644.6708793640137,379.44153213500977,645.7170267105103,379.10391998291016,SUPPORTED,662.9285714285714,374.6428571428571,625.0,288.57142857142856,75.85714285714285,172.14285714285717,SUPPORTED,translation_median_sparse_flow,0.0238037109375,0.6914825439453125,349.0,0.18130654096603394,,,SUPPORTED,partial_affine_ransac_sparse_flow,0.024858264085054652,0.633102234880791,346.0,0.2010608049461438,1.0000921150155757,0.9914040114613181,-3.1583800315856934,10.972600936889648,-3.1821837425231934,10.281118392944336,-77.38070011138916,25.474346160888672,-107.198199519607,12.841067238988702,path_segment_006,SUPPORTED,,-3.1583800315856934,10.972600936889648,-3.270540348767099,10.354118979757402,-86.18964103136057,30.1037967979546,-107.52968716563922,12.955661383992394,path_segment_006,SUPPORTED,,-3.1583800315856934,10.972600936889648,-3.1821837425231934,10.281118392944336,-77.38070011138916,25.474346160888672,-107.198199519607,12.841067238988702,path_segment_006,SUPPORTED,,SUPPORTED,
91,91,1820.0,TARGET_NOT_FOUND,No observed landmarks returned by pose backend.,,,,,,,667.2857142857143,374.2857142857143,630.7142857142858,288.57142857142856,73.14285714285714,171.42857142857144,,,,,,,,,,,,,,,,,,,,,,,,,,,,,,,,,,,,,,,,,,,,,,,,,,,
92,92,1840.0,TARGET_NOT_FOUND,No observed landmarks returned by pose backend.,,,,,,,671.6428571428571,373.92857142857144,636.4285714285714,288.57142857142856,70.42857142857142,170.71428571428575,,,,,,,,,,,,,,,,,,,,,,,,,,,,,,,,,,,,,,,,,,,,,,,,,,,
93,93,1860.0,INVALID_TRACK_SEGMENT,Valid-looking pose segment is too short to establish target identity continuity.,,666.3763294219971,375.4554290771485,,,,676.0000000000001,373.57142857142856,642.1428571428572,288.57142857142856,67.71428571428571,170.00000000000003,,,,,,,,,,,,,,,,,,,,,,,,,,,,,,,,,,,,,,,,,,,,,,,,,,,
94,94,1880.0,TARGET_NOT_FOUND,No observed landmarks returned by pose backend.,,,,,,,680.3571428571429,373.2142857142857,647.8571428571429,288.57142857142856,65.0,169.2857142857143,,,,,,,,,,,,,,,,,,,,,,,,,,,,,,,,,,,,,,,,,,,,,,,,,,,
95,95,1900.0,TARGET_NOT_FOUND,No observed landmarks returned by pose backend.,,,,,,,684.7142857142857,372.85714285714283,653.5714285714286,288.57142857142856,62.28571428571429,168.57142857142858,,,,,,,,,,,,,,,,,,,,,,,,,,,,,,,,,,,,,,,,,,,,,,,,,,,
96,96,1920.0,LOW_POSE_CONFIDENCE,Frame/core landmark confidence below threshold.,,701.5081729888916,374.4172554016113,,,,689.0714285714287,372.5,659.2857142857143,288.57142857142856,59.571428571428584,167.85714285714286,,,,,,,,,,,,,,,,,,,,,,,,,,,,,,,,,,,,,,,,,,,,,,,,,,,
97,97,1940.0,LOW_POSE_CONFIDENCE,Frame/core landmark confidence below threshold.,,702.5747318267822,374.61695098876953,,,,693.4285714285714,372.1428571428571,665.0,288.57142857142856,56.85714285714286,167.14285714285717,,,,,,,,,,,,,,,,,,,,,,,,,,,,,,,,,,,,,,,,,,,,,,,,,,,
98,98,1960.0,TARGET_NOT_FOUND,No observed landmarks returned by pose backend.,,,,,,,697.7857142857143,371.7857142857143,670.7142857142858,288.57142857142856,54.14285714285715,166.42857142857144,,,,,,,,,,,,,,,,,,,,,,,,,,,,,,,,,,,,,,,,,,,,,,,,,,,
99,99,1980.0,TARGET_NOT_FOUND,No observed landmarks returned by pose backend.,,,,,,,702.1428571428571,371.42857142857144,676.4285714285714,288.57142857142856,51.428571428571445,165.71428571428572,,,,,,,,,,,,,,,,,,,,,,,,,,,,,,,,,,,,,,,,,,,,,,,,,,,
100,100,2000.0,TARGET_NOT_FOUND,HUMAN_TARGET_UNAVAILABLE: operator excluded this frame because PLAYER_OVERLAP.,,,,,,,706.5659340659341,370.0274725274725,681.0989010989011,288.57142857142856,50.93406593406595,162.9120879120879,,,,,,,,,,,,,,,,,,,,,,,,,,,,,,,,,,,,,,,,,,,,,,,,,,,
101,101,2020.0,TARGET_NOT_FOUND,HUMAN_TARGET_UNAVAILABLE: operator excluded this frame because PLAYER_OVERLAP.,,,,,,,710.989010989011,368.6263736263736,685.7692307692308,288.57142857142856,50.43956043956045,160.10989010989013,,,,,,,,,,,,,,,,,,,,,,,,,,,,,,,,,,,,,,,,,,,,,,,,,,,
102,102,2040.0,TARGET_NOT_FOUND,HUMAN_TARGET_UNAVAILABLE: operator excluded this frame because PLAYER_OVERLAP.,,,,,,,715.4120879120879,367.22527472527474,690.4395604395604,288.57142857142856,49.945054945054956,157.30769230769232,,,,,,,,,,,,,,,,,,,,,,,,,,,,,,,,,,,,,,,,,,,,,,,,,,,
103,103,2060.0,TARGET_NOT_FOUND,HUMAN_TARGET_UNAVAILABLE: operator excluded this frame because PLAYER_OVERLAP.,,,,,,,719.8351648351648,365.8241758241758,695.1098901098901,288.57142857142856,49.45054945054946,154.5054945054945,,,,,,,,,,,,,,,,,,,,,,,,,,,,,,,,,,,,,,,,,,,,,,,,,,,
104,104,2080.0,TARGET_NOT_FOUND,HUMAN_TARGET_UNAVAILABLE: operator excluded this frame because PLAYER_OVERLAP.,,,,,,,724.2582417582418,364.4230769230769,699.7802197802198,288.57142857142856,48.95604395604396,151.7032967032967,,,,,,,,,,,,,,,,,,,,,,,,,,,,,,,,,,,,,,,,,,,,,,,,,,,
105,105,2100.0,TARGET_NOT_FOUND,HUMAN_TARGET_UNAVAILABLE: operator excluded this frame because PLAYER_OVERLAP.,,,,,,,728.6813186813188,363.02197802197804,704.4505494505495,288.57142857142856,48.46153846153847,148.90109890109892,,,,,,,,,,,,,,,,,,,,,,,,,,,,,,,,,,,,,,,,,,,,,,,,,,,
106,106,2120.0,TARGET_NOT_FOUND,HUMAN_TARGET_UNAVAILABLE: operator excluded this frame because PLAYER_OVERLAP.,,,,,,,733.1043956043957,361.6208791208791,709.1208791208792,288.57142857142856,47.96703296703298,146.0989010989011,,,,,,,,,,,,,,,,,,,,,,,,,,,,,,,,,,,,,,,,,,,,,,,,,,,
107,107,2140.0,TARGET_NOT_FOUND,HUMAN_TARGET_UNAVAILABLE: operator excluded this frame because PLAYER_OVERLAP.,,,,,,,737.5274725274726,360.2197802197802,713.7912087912089,288.57142857142856,47.47252747252748,143.2967032967033,,,,,,,,,,,,,,,,,,,,,,,,,,,,,,,,,,,,,,,,,,,,,,,,,,,
108,108,2160.0,TARGET_NOT_FOUND,HUMAN_TARGET_UNAVAILABLE: operator excluded this frame because PLAYER_OVERLAP.,,,,,,,741.9505494505495,358.81868131868134,718.4615384615385,288.57142857142856,46.978021978021985,140.49450549450552,,,,,,,,,,,,,,,,,,,,,,,,,,,,,,,,,,,,,,,,,,,,,,,,,,,
109,109,2180.0,TARGET_NOT_FOUND,HUMAN_TARGET_UNAVAILABLE: operator excluded this frame because PLAYER_OVERLAP.,,,,,,,746.3736263736264,357.4175824175824,723.1318681318681,288.57142857142856,46.48351648351649,137.6923076923077,,,,,,,,,,,,,,,,,,,,,,,,,,,,,,,,,,,,,,,,,,,,,,,,,,,
110,110,2200.0,INVALID_TRACK_SEGMENT,Valid-looking pose segment is too short to establish target identity continuity.,,749.6202359199524,368.9386863708496,,,,750.7967032967033,356.0164835164835,727.8021978021978,288.57142857142856,45.98901098901099,134.8901098901099,,,,,,,,,,,,,,,,,,,,,,,,,,,,,,,,,,,,,,,,,,,,,,,,,,,
111,111,2220.0,INVALID_TRACK_SEGMENT,Valid-looking pose segment is too short to establish target identity continuity.,,750.2524223327637,371.1509475708008,,,,755.2197802197803,354.61538461538464,732.4725274725275,288.57142857142856,45.494505494505496,132.08791208791212,,,,,,,,,,,,,,,,,,,,,,,,,,,,,,,,,,,,,,,,,,,,,,,,,,,
112,112,2240.0,INVALID_TRACK_SEGMENT,Valid-looking pose segment is too short to establish target identity continuity.,,751.8940753936768,371.6403923034668,,,,759.6428571428571,353.2142857142857,737.1428571428571,288.57142857142856,45.0,129.2857142857143,,,,,,,,,,,,,,,,,,,,,,,,,,,,,,,,,,,,,,,,,,,,,,,,,,,
113,113,2260.0,INVALID_TRACK_SEGMENT,Valid-looking pose segment is too short to establish target identity continuity.,,752.9696164131165,368.73057556152344,,,,764.065934065934,351.8131868131868,741.8131868131868,288.57142857142856,44.505494505494504,126.4835164835165,,,,,,,,,,,,,,,,,,,,,,,,,,,,,,,,,,,,,,,,,,,,,,,,,,,
114,114,2280.0,TARGET_IDENTITY_UNCERTAIN,TARGET_OVERLAP_AMBIGUOUS: another detected person overlaps or is too close to the selected pose for automated identity acceptance.,,755.1955416202545,370.48291397094727,,,,768.489010989011,350.41208791208794,746.4835164835165,288.57142857142856,44.01098901098901,123.68131868131871,,,,,,,,,,,,,,,,,,,,,,,,,,,,,,,,,,,,,,,,,,,,,,,,,,,
115,115,2300.0,TARGET_IDENTITY_UNCERTAIN,TARGET_OVERLAP_AMBIGUOUS: another detected person overlaps or is too close to the selected pose for automated identity acceptance.,,760.9584763050079,370.5752944946289,,,,772.9120879120879,349.010989010989,751.1538461538462,288.57142857142856,43.51648351648351,120.8791208791209,,,,,,,,,,,,,,,,,,,,,,,,,,,,,,,,,,,,,,,,,,,,,,,,,,,
116,116,2320.0,TARGET_IDENTITY_UNCERTAIN,TARGET_OVERLAP_AMBIGUOUS: another detected person overlaps or is too close to the selected pose for automated identity acceptance.,,769.6195783615112,371.71532821655273,,,,777.3351648351648,347.6098901098901,755.8241758241759,288.57142857142856,43.021978021978015,118.0769230769231,,,,,,,,,,,,,,,,,,,,,,,,,,,,,,,,,,,,,,,,,,,,,,,,,,,
117,117,2340.0,TARGET_NOT_FOUND,No observed landmarks returned by pose backend.,,,,,,,781.7582417582419,346.2087912087912,760.4945054945056,288.57142857142856,42.527472527472526,115.2747252747253,,,,,,,,,,,,,,,,,,,,,,,,,,,,,,,,,,,,,,,,,,,,,,,,,,,
118,118,2360.0,TARGET_NOT_FOUND,No observed landmarks returned by pose backend.,,,,,,,786.1813186813187,344.8076923076923,765.1648351648352,288.57142857142856,42.03296703296702,112.4725274725275,,,,,,,,,,,,,,,,,,,,,,,,,,,,,,,,,,,,,,,,,,,,,,,,,,,
119,119,2380.0,TARGET_NOT_FOUND,No observed landmarks returned by pose backend.,,,,,,,790.6043956043956,343.4065934065934,769.8351648351648,288.57142857142856,41.53846153846153,109.67032967032969,,,,,,,,,,,,,,,,,,,,,,,,,,,,,,,,,,,,,,,,,,,,,,,,,,,
120,120,2400.0,TARGET_NOT_FOUND,No observed landmarks returned by pose backend.,,,,,,,795.0274725274726,342.0054945054945,774.5054945054945,288.57142857142856,41.04395604395603,106.8681318681319,,,,,,,,,,,,,,,,,,,,,,,,,,,,,,,,,,,,,,,,,,,,,,,,,,,
121,121,2420.0,TARGET_NOT_FOUND,No observed landmarks returned by pose backend.,,,,,,,799.4505494505495,340.6043956043956,779.1758241758242,288.57142857142856,40.54945054945054,104.0659340659341,,,,,,,,,,,,,,,,,,,,,,,,,,,,,,,,,,,,,,,,,,,,,,,,,,,
122,122,2440.0,INVALID_TRACK_SEGMENT,Valid-looking pose segment is too short to establish target identity continuity.,,787.7755071520805,366.0018577575683,,,,803.8736263736263,339.2032967032967,783.8461538461538,288.57142857142856,40.054945054945044,101.26373626373629,,,,,,,,,,,,,,,,,,,,,,,,,,,,,,,,,,,,,,,,,,,,,,,,,,,
123,123,2460.0,TARGET_NOT_FOUND,No observed landmarks returned by pose backend.,,,,,,,808.2967032967033,337.8021978021978,788.5164835164835,288.57142857142856,39.56043956043955,98.4615384615385,,,,,,,,,,,,,,,,,,,,,,,,,,,,,,,,,,,,,,,,,,,,,,,,,,,
124,124,2480.0,TARGET_NOT_FOUND,No observed landmarks returned by pose backend.,,,,,,,812.7197802197802,336.4010989010989,793.1868131868132,288.57142857142856,39.06593406593405,95.65934065934069,,,,,,,,,,,,,,,,,,,,,,,,,,,,,,,,,,,,,,,,,,,,,,,,,,,
125,125,2500.0,TARGET_NOT_FOUND,No observed landmarks returned by pose backend.,,,,,,,817.1428571428571,335.0,797.8571428571429,288.57142857142856,38.571428571428555,92.85714285714289,,,,,,,,,,,,,,,,,,,,,,,,,,,,,,,,,,,,,,,,,,,,,,,,,,,
126,126,2520.0,TARGET_NOT_FOUND,No observed landmarks returned by pose backend.,,,,,,,819.5535714285714,337.2321428571429,799.1071428571429,287.67857142857144,40.892857142857125,99.10714285714289,,,,,,,,,,,,,,,,,,,,,,,,,,,,,,,,,,,,,,,,,,,,,,,,,,,
127,127,2540.0,TARGET_NOT_FOUND,No observed landmarks returned by pose backend.,,,,,,,821.9642857142858,339.4642857142857,800.3571428571429,286.7857142857143,43.214285714285694,105.35714285714288,,,,,,,,,,,,,,,,,,,,,,,,,,,,,,,,,,,,,,,,,,,,,,,,,,,
128,128,2560.0,TARGET_NOT_FOUND,No observed landmarks returned by pose backend.,,,,,,,824.375,341.69642857142856,801.6071428571429,285.8928571428571,45.53571428571426,111.60714285714286,,,,,,,,,,,,,,,,,,,,,,,,,,,,,,,,,,,,,,,,,,,,,,,,,,,
129,129,2580.0,INVALID_TRACK_SEGMENT,Valid-looking pose segment is too short to establish target identity continuity.,,822.1724152565002,350.54217529296875,,,,826.7857142857143,343.92857142857144,802.8571428571429,285.0,47.85714285714283,117.85714285714286,,,,,,,,,,,,,,,,,,,,,,,,,,,,,,,,,,,,,,,,,,,,,,,,,,,
130,130,2600.0,TARGET_NOT_FOUND,No observed landmarks returned by pose backend.,,,,,,,829.1964285714286,346.16071428571433,804.1071428571429,284.1071428571429,50.1785714285714,124.10714285714286,,,,,,,,,,,,,,,,,,,,,,,,,,,,,,,,,,,,,,,,,,,,,,,,,,,
131,131,2620.0,INVALID_TRACK_SEGMENT,Valid-looking pose segment is too short to establish target identity continuity.,,832.6636695861816,345.25169563293457,,,,831.6071428571429,348.3928571428571,805.3571428571429,283.2142857142857,52.49999999999997,130.35714285714283,,,,,,,,,,,,,,,,,,,,,,,,,,,,,,,,,,,,,,,,,,,,,,,,,,,
132,132,2640.0,INVALID_TRACK_SEGMENT,Valid-looking pose segment is too short to establish target identity continuity.,,845.2683334350586,345.3712730407715,,,,834.0178571428571,350.625,806.6071428571429,282.32142857142856,54.82142857142854,136.60714285714283,,,,,,,,,,,,,,,,,,,,,,,,,,,,,,,,,,,,,,,,,,,,,,,,,,,
133,133,2660.0,TARGET_NOT_FOUND,No observed landmarks returned by pose backend.,,,,,,,836.4285714285714,352.8571428571429,807.8571428571429,281.42857142857144,57.14285714285711,142.85714285714283,,,,,,,,,,,,,,,,,,,,,,,,,,,,,,,,,,,,,,,,,,,,,,,,,,,
134,134,2680.0,INVALID_TRACK_SEGMENT,Valid-looking pose segment is too short to establish target identity continuity.,,852.5988483428955,345.1838550567627,,,,840.1428571428571,353.8571428571429,809.5714285714286,283.14285714285717,61.14285714285711,141.42857142857142,,,,,,,,,,,,,,,,,,,,,,,,,,,,,,,,,,,,,,,,,,,,,,,,,,,
135,135,2700.0,TARGET_IDENTITY_UNCERTAIN,TARGET_OVERLAP_AMBIGUOUS: multiple pose candidates plus a target-continuity jump.,,867.0737476348877,342.1261959075928,,,,843.8571428571429,354.8571428571429,811.2857142857143,284.8571428571429,65.14285714285711,140.0,,,,,,,,,,,,,,,,,,,,,,,,,,,,,,,,,,,,,,,,,,,,,,,,,,,
136,136,2720.0,TARGET_IDENTITY_UNCERTAIN,TARGET_OVERLAP_AMBIGUOUS: multiple pose candidates plus a target-continuity jump.,,860.6921463012695,345.17849922180176,,,,847.5714285714286,355.85714285714283,813.0,286.57142857142856,69.14285714285711,138.57142857142856,,,,,,,,,,,,,,,,,,,,,,,,,,,,,,,,,,,,,,,,,,,,,,,,,,,
137,137,2740.0,TARGET_IDENTITY_UNCERTAIN,TARGET_OVERLAP_AMBIGUOUS: multiple pose candidates plus a target-continuity jump.,,866.3375644683838,375.4178161621094,,,,851.2857142857143,356.85714285714283,814.7142857142858,288.2857142857143,73.14285714285711,137.14285714285714,,,,,,,,,,,,,,,,,,,,,,,,,,,,,,,,,,,,,,,,,,,,,,,,,,,
138,138,2760.0,TARGET_IDENTITY_UNCERTAIN,TARGET_OVERLAP_AMBIGUOUS: another detected person overlaps or is too close to the selected pose for automated identity acceptance.,,864.6108417510986,378.7384147644043,,,,855.0,357.8571428571429,816.4285714285714,290.0,77.14285714285711,135.71428571428572,,,,,,,,,,,,,,,,,,,,,,,,,,,,,,,,,,,,,,,,,,,,,,,,,,,
139,139,2780.0,LOW_POSE_CONFIDENCE,Frame/core landmark confidence below threshold.,,884.8814468383789,425.0,,,,861.2857142857142,356.85714285714283,824.1428571428571,288.85714285714283,74.28571428571426,136.0,,,,,,,,,,,,,,,,,,,,,,,,,,,,,,,,,,,,,,,,,,,,,,,,,,,
140,140,2800.0,LOW_POSE_CONFIDENCE,Frame/core landmark confidence below threshold.,,886.5072898864746,424.0,,,,867.5714285714286,355.8571428571429,831.8571428571429,287.7142857142857,71.42857142857142,136.2857142857143,,,,,,,,,,,,,,,,,,,,,,,,,,,,,,,,,,,,,,,,,,,,,,,,,,,
141,141,2820.0,TARGET_NOT_FOUND,No observed landmarks returned by pose backend.,,,,,,,873.8571428571429,354.85714285714283,839.5714285714286,286.57142857142856,68.57142857142858,136.57142857142858,,,,,,,,,,,,,,,,,,,,,,,,,,,,,,,,,,,,,,,,,,,,,,,,,,,
142,142,2840.0,TARGET_NOT_FOUND,No observed landmarks returned by pose backend.,,,,,,,880.1428571428572,353.8571428571429,847.2857142857143,285.42857142857144,65.71428571428574,136.8571428571429,,,,,,,,,,,,,,,,,,,,,,,,,,,,,,,,,,,,,,,,,,,,,,,,,,,
143,143,2860.0,TARGET_NOT_FOUND,No observed landmarks returned by pose backend.,,,,,,,886.4285714285714,352.8571428571429,855.0,284.2857142857143,62.85714285714289,137.14285714285717,,,,,,,,,,,,,,,,,,,,,,,,,,,,,,,,,,,,,,,,,,,,,,,,,,,
144,144,2880.0,INVALID_TRACK_SEGMENT,Valid-looking pose segment is too short to establish target identity continuity.,,907.6866989135742,347.772274017334,,,,893.1428571428571,350.5714285714286,860.1428571428571,285.42857142857144,66.00000000000004,130.2857142857143,,,,,,,,,,,,,,,,,,,,,,,,,,,,,,,,,,,,,,,,,,,,,,,,,,,
145,145,2900.0,TARGET_NOT_FOUND,No observed landmarks returned by pose backend.,,,,,,,899.8571428571428,348.2857142857143,865.2857142857142,286.57142857142856,69.1428571428572,123.42857142857143,,,,,,,,,,,,,,,,,,,,,,,,,,,,,,,,,,,,,,,,,,,,,,,,,,,
146,146,2920.0,TARGET_NOT_FOUND,No observed landmarks returned by pose backend.,,,,,,,906.5714285714287,346.0,870.4285714285714,287.7142857142857,72.28571428571436,116.57142857142857,,,,,,,,,,,,,,,,,,,,,,,,,,,,,,,,,,,,,,,,,,,,,,,,,,,
147,147,2940.0,TARGET_NOT_FOUND,No observed landmarks returned by pose backend.,,,,,,,913.2857142857143,343.71428571428567,875.5714285714286,288.85714285714283,75.42857142857152,109.7142857142857,,,,,,,,,,,,,,,,,,,,,,,,,,,,,,,,,,,,,,,,,,,,,,,,,,,
148,148,2960.0,INVALID_TRACK_SEGMENT,Valid-looking pose segment is too short to establish target identity continuity.,,922.8420524597168,316.70774841308594,,,,920.0,341.42857142857144,880.7142857142857,290.0,78.57142857142867,102.85714285714283,,,,,,,,,,,,,,,,,,,,,,,,,,,,,,,,,,,,,,,,,,,,,,,,,,,
149,149,2980.0,TARGET_NOT_FOUND,No observed landmarks returned by pose backend.,,,,,,,923.6666666666666,343.04761904761904,884.2380952380952,290.3809523809524,78.85714285714295,105.33333333333331,,,,,,,,,,,,,,,,,,,,,,,,,,,,,,,,,,,,,,,,,,,,,,,,,,,
150,150,3000.0,TARGET_NOT_FOUND,No observed landmarks returned by pose backend.,,,,,,,927.3333333333334,344.66666666666663,887.7619047619047,290.76190476190476,79.14285714285724,107.80952380952378,,,,,,,,,,,,,,,,,,,,,,,,,,,,,,,,,,,,,,,,,,,,,,,,,,,
151,151,3020.0,INVALID_TRACK_SEGMENT,Valid-looking pose segment is too short to establish target identity continuity.,,939.1932544708252,323.8354148864746,,,,931.0,346.2857142857143,891.2857142857142,291.14285714285717,79.42857142857152,110.28571428571426,,,,,,,,,,,,,,,,,,,,,,,,,,,,,,,,,,,,,,,,,,,,,,,,,,,
152,152,3040.0,TARGET_NOT_FOUND,No observed landmarks returned by pose backend.,,,,,,,934.6666666666666,347.90476190476187,894.8095238095237,291.5238095238095,79.7142857142858,112.76190476190474,,,,,,,,,,,,,,,,,,,,,,,,,,,,,,,,,,,,,,,,,,,,,,,,,,,
153,153,3060.0,TARGET_NOT_FOUND,No observed landmarks returned by pose backend.,,,,,,,938.3333333333333,349.5238095238095,898.3333333333333,291.9047619047619,80.00000000000007,115.23809523809523,,,,,,,,,,,,,,,,,,,,,,,,,,,,,,,,,,,,,,,,,,,,,,,,,,,
154,154,3080.0,INVALID_TRACK_SEGMENT,Valid-looking pose segment is too short to establish target identity continuity.,,949.1851768493652,365.5851020812988,,,,942.0,351.1428571428571,901.8571428571428,292.2857142857143,80.28571428571436,117.7142857142857,,,,,,,,,,,,,,,,,,,,,,,,,,,,,,,,,,,,,,,,,,,,,,,,,,,
155,155,3100.0,INVALID_TRACK_SEGMENT,Valid-looking pose segment is too short to establish target identity continuity.,,951.2393741607666,359.4410972595215,,,,945.6666666666666,352.76190476190476,905.3809523809523,292.6666666666667,80.57142857142864,120.19047619047618,,,,,,,,,,,,,,,,,,,,,,,,,,,,,,,,,,,,,,,,,,,,,,,,,,,
156,156,3120.0,TARGET_NOT_FOUND,No observed landmarks returned by pose backend.,,,,,,,949.3333333333334,354.38095238095235,908.9047619047619,293.04761904761904,80.85714285714292,122.66666666666666,,,,,,,,,,,,,,,,,,,,,,,,,,,,,,,,,,,,,,,,,,,,,,,,,,,
157,157,3140.0,INVALID_TRACK_SEGMENT,Valid-looking pose segment is too short to establish target identity continuity.,,959.7449035644532,366.23976135253906,,,,953.0,356.0,912.4285714285714,293.42857142857144,81.1428571428572,125.14285714285714,,,,,,,,,,,,,,,,,,,,,,,,,,,,,,,,,,,,,,,,,,,,,,,,,,,
158,158,3160.0,TARGET_NOT_FOUND,No observed landmarks returned by pose backend.,,,,,,,956.6666666666667,357.6190476190476,915.952380952381,293.8095238095238,81.42857142857149,127.6190476190476,,,,,,,,,,,,,,,,,,,,,,,,,,,,,,,,,,,,,,,,,,,,,,,,,,,
159,159,3180.0,VALID_TARGET,,7.0,970.6093788146972,362.49980545043945,970.6093788146973,362.49980545043945,SUPPORTED,960.3333333333334,359.23809523809524,919.4761904761905,294.1904761904762,81.71428571428577,130.09523809523807,UNSTABLE_TRANSFORM,translation_median_sparse_flow,-22.982635498046875,-6.826966762542725,290.0,79.65914916992188,,,LOW_BACKGROUND_FEATURE_COUNT,partial_affine_ransac_sparse_flow,0.0,0.0,24.0,,,,,,,,0.0,0.0,,,path_segment_007,SUPPORTED,,,,,,0.0,0.0,,,path_segment_007,SUPPORTED,,,,,,0.0,0.0,,,path_segment_007,SUPPORTED,,SUPPORTED,
160,160,3200.0,VALID_TARGET,,7.0,968.0342617034912,364.46546173095703,974.1026973724365,358.740047454834,SUPPORTED,964.0,360.85714285714283,923.0,294.57142857142856,82.00000000000004,132.57142857142856,SUPPORTED,translation_median_sparse_flow,0.01751708984375,0.6251220703125,349.0,0.1293412297964096,,,SUPPORTED,partial_affine_ransac_sparse_flow,0.019501167557620117,0.6666426051214416,347.0,0.1463621987442649,0.9999957782873563,0.994269340974212,3.493318557739258,-3.7597579956054688,3.475801467895508,-4.384880065917969,3.475801467895508,-4.384880065917969,51.59688351402526,6.6761355661981785,path_segment_007,SUPPORTED,,3.493318557739258,-3.7597579956054688,3.433756157339758,-4.306610917940304,3.433756157339758,-4.306610917940304,51.43386957237114,6.571815835405367,path_segment_007,SUPPORTED,,3.493318557739258,-3.7597579956054688,3.475801467895508,-4.384880065917969,3.475801467895508,-4.384880065917969,51.59688351402526,6.6761355661981785,path_segment_007,SUPPORTED,,SUPPORTED,
161,161,3220.0,VALID_TARGET,,7.0,979.253423690796,347.94618034362793,977.5960159301758,355.4809398651123,SUPPORTED,967.6666666666666,362.4761904761905,926.5238095238095,294.95238095238096,82.28571428571432,135.04761904761904,SUPPORTED,translation_median_sparse_flow,7.062713623046875,0.03228759765625,350.0,0.7556746006011963,,,SUPPORTED,partial_affine_ransac_sparse_flow,6.683342309759421,-0.27983288271570883,259.0,0.30794205741600345,1.0010567775832369,0.74,3.493318557739258,-3.2591075897216797,-3.569395065307617,-3.2913951873779297,-0.09359359741210938,-7.676275253295898,137.32036111048447,5.793090407869843,path_segment_007,SUPPORTED,,3.493318557739258,-3.2591075897216797,-4.238793401826342,-3.305810378219803,-0.8050372444865843,-7.612421296160107,142.04953830626025,6.4137484634662805,path_segment_007,SUPPORTED,,3.493318557739258,-3.2591075897216797,-3.569395065307617,-3.2913951873779297,-0.09359359741210938,-7.676275253295898,137.32036111048447,5.793090407869843,path_segment_007,SUPPORTED,,SUPPORTED,
162,162,3240.0,VALID_TARGET,,7.0,977.5960159301758,354.9802894592285,979.2534236907959,355.4809398651123,SUPPORTED,971.3333333333334,364.0952380952381,930.047619047619,295.3333333333333,82.57142857142861,137.52380952380952,SUPPORTED,translation_median_sparse_flow,0.022094249725341797,-0.6368637084960938,350.0,0.13266226649284363,,,SUPPORTED,partial_affine_ransac_sparse_flow,0.13977251887823933,-0.6431757418807079,348.0,0.14527904883627216,0.9998912799117032,0.9942857142857143,1.6574077606201172,0.0,1.6353135108947754,0.6368637084960938,1.541719913482666,-7.039411544799805,-21.278148134993423,2.093916704585275,path_segment_007,SUPPORTED,,1.6574077606201172,0.0,1.6630784470776234,0.5741526244445936,0.8580412025910391,-7.038268671715514,-19.046457736856407,2.099225083817483,path_segment_007,SUPPORTED,,1.6574077606201172,0.0,1.6353135108947754,0.6368637084960938,1.541719913482666,-7.039411544799805,-21.278148134993423,2.093916704585275,path_segment_007,SUPPORTED,,SUPPORTED,
163,163,3260.0,VALID_TARGET,,7.0,984.0944328308104,355.15961265563965,981.6739282608032,355.0699510574341,SUPPORTED,975.0,365.7142857142857,933.5714285714286,295.7142857142857,82.85714285714289,140.0,SUPPORTED,translation_median_sparse_flow,7.0552978515625,0.00021004676818847656,350.0,0.7358746528625488,,,SUPPORTED,partial_affine_ransac_sparse_flow,6.520532641855928,-0.40427757278493837,267.0,0.32574410001703075,1.001173420508882,0.7628571428571429,2.420504570007324,-0.41098880767822266,-4.634793281555176,-0.41119885444641113,-3.0930733680725098,-7.450610399246216,174.92999311293667,5.551723387807378,path_segment_007,SUPPORTED,,2.420504570007324,-0.41098880767822266,-5.198729678040991,-0.5625771643482835,-4.3406884754499515,-7.600845836063797,173.82380795853894,6.239075715177188,path_segment_007,SUPPORTED,,2.420504570007324,-0.41098880767822266,-4.634793281555176,-0.41119885444641113,-3.0930733680725098,-7.450610399246216,174.92999311293667,5.551723387807378,path_segment_007,SUPPORTED,,SUPPORTED,
164,164,3280.0,VALID_TARGET,,7.0,984.6399745941162,356.24122619628906,984.0944328308105,355.4809398651123,SUPPORTED,975.9047619047619,366.42857142857144,933.6666666666666,296.0,84.47619047619051,140.85714285714286,SUPPORTED,translation_median_sparse_flow,0.01263427734375,0.6605224609375,349.0,0.09929974377155304,,,SUPPORTED,partial_affine_ransac_sparse_flow,0.09600746689230875,0.6802511875439751,349.0,0.13849985593745862,0.9999213421695043,1.0,2.420504570007324,0.41098880767822266,2.407870292663574,-0.24953365325927734,-0.6852030754089355,-7.700144052505493,5.916585248317173,2.8883357462496804,path_segment_007,SUPPORTED,,2.420504570007324,0.41098880767822266,2.3786153164459165,-0.1774666744746014,-1.962073159004035,-7.778312510538399,4.266888858796479,2.845932153829182,path_segment_007,SUPPORTED,,2.420504570007324,0.41098880767822266,2.407870292663574,-0.24953365325927734,-0.6852030754089355,-7.700144052505493,5.916585248317173,2.8883357462496804,path_segment_007,SUPPORTED,,SUPPORTED,
165,165,3300.0,TARGET_NOT_FOUND,No observed landmarks returned by pose backend.,,,,,,,976.8095238095237,367.1428571428571,933.7619047619047,296.2857142857143,86.09523809523812,141.71428571428572,,,,,,,,,,,,,,,,,,,,,,,,,,,,,,,,,,,,,,,,,,,,,,,,,,,
166,166,3320.0,INVALID_TRACK_SEGMENT,Valid-looking pose segment is too short to establish target identity continuity.,,991.0194988250732,362.5513153076172,,,,977.7142857142858,367.85714285714283,933.8571428571429,296.57142857142856,87.71428571428574,142.57142857142856,,,,,,,,,,,,,,,,,,,,,,,,,,,,,,,,,,,,,,,,,,,,,,,,,,,
167,167,3340.0,INVALID_TRACK_SEGMENT,Valid-looking pose segment is too short to establish target identity continuity.,,993.4690189361572,370.5506477355957,,,,978.6190476190476,368.5714285714286,933.952380952381,296.8571428571429,89.33333333333334,143.42857142857142,,,,,,,,,,,,,,,,,,,,,,,,,,,,,,,,,,,,,,,,,,,,,,,,,,,
168,168,3360.0,TARGET_IDENTITY_UNCERTAIN,TARGET_OVERLAP_AMBIGUOUS: another detected person overlaps or is too close to the selected pose for automated identity acceptance.,,1000.6176605224608,375.1930122375488,,,,979.5238095238095,369.28571428571433,934.047619047619,297.14285714285717,90.95238095238096,144.28571428571428,,,,,,,,,,,,,,,,,,,,,,,,,,,,,,,,,,,,,,,,,,,,,,,,,,,
169,169,3380.0,INVALID_TRACK_SEGMENT,Valid-looking pose segment is too short to establish target identity continuity.,,1005.5241584777832,375.33850479125977,,,,980.4285714285714,370.0,934.1428571428571,297.42857142857144,92.57142857142858,145.14285714285714,,,,,,,,,,,,,,,,,,,,,,,,,,,,,,,,,,,,,,,,,,,,,,,,,,,
170,170,3400.0,INVALID_TRACK_SEGMENT,Valid-looking pose segment is too short to establish target identity continuity.,,1007.3858299255372,369.6937561035156,,,,981.3333333333333,370.7142857142857,934.2380952380952,297.7142857142857,94.19047619047619,146.0,,,,,,,,,,,,,,,,,,,,,,,,,,,,,,,,,,,,,,,,,,,,,,,,,,,
171,171,3420.0,TARGET_IDENTITY_UNCERTAIN,TARGET_OVERLAP_AMBIGUOUS: another detected person overlaps or is too close to the selected pose for automated identity acceptance.,,1003.0137748718262,377.7126693725586,,,,982.2380952380953,371.42857142857144,934.3333333333334,298.0,95.80952380952381,146.85714285714283,,,,,,,,,,,,,,,,,,,,,,,,,,,,,,,,,,,,,,,,,,,,,,,,,,,
172,172,3440.0,INVALID_TRACK_SEGMENT,Valid-looking pose segment is too short to establish target identity continuity.,,1001.9496841430664,379.252254486084,,,,983.1428571428571,372.1428571428571,934.4285714285714,298.2857142857143,97.42857142857142,147.7142857142857,,,,,,,,,,,,,,,,,,,,,,,,,,,,,,,,,,,,,,,,,,,,,,,,,,,
173,173,3460.0,INVALID_TRACK_SEGMENT,Valid-looking pose segment is too short to establish target identity continuity.,,1007.187343597412,377.6106643676758,,,,984.047619047619,372.85714285714283,934.5238095238095,298.57142857142856,99.04761904761904,148.57142857142856,,,,,,,,,,,,,,,,,,,,,,,,,,,,,,,,,,,,,,,,,,,,,,,,,,,
174,174,3480.0,INVALID_TRACK_SEGMENT,Valid-looking pose segment is too short to establish target identity continuity.,,1004.8423233032228,385.4436225891113,,,,984.952380952381,373.57142857142856,934.6190476190476,298.85714285714283,100.66666666666666,149.42857142857142,,,,,,,,,,,,,,,,,,,,,,,,,,,,,,,,,,,,,,,,,,,,,,,,,,,
175,175,3500.0,TARGET_IDENTITY_UNCERTAIN,TARGET_OVERLAP_AMBIGUOUS: another detected person overlaps or is too close to the selected pose for automated identity acceptance.,,1003.454969406128,385.2496795654297,,,,985.8571428571428,374.28571428571433,934.7142857142857,299.14285714285717,102.28571428571426,150.28571428571428,,,,,,,,,,,,,,,,,,,,,,,,,,,,,,,,,,,,,,,,,,,,,,,,,,,
176,176,3520.0,TARGET_NOT_FOUND,No observed landmarks returned by pose backend.,,,,,,,986.7619047619048,375.0,934.8095238095239,299.42857142857144,103.90476190476188,151.1428571428571,,,,,,,,,,,,,,,,,,,,,,,,,,,,,,,,,,,,,,,,,,,,,,,,,,,
177,177,3540.0,TARGET_NOT_FOUND,No observed landmarks returned by pose backend.,,,,,,,987.6666666666666,375.7142857142857,934.9047619047619,299.7142857142857,105.52380952380949,151.99999999999997,,,,,,,,,,,,,,,,,,,,,,,,,,,,,,,,,,,,,,,,,,,,,,,,,,,
178,178,3560.0,VALID_TARGET,,8.0,999.8046855926514,394.9192008972168,998.1014347076416,393.71837997436523,SUPPORTED,988.5714285714286,376.42857142857144,935.0,300.0,107.14285714285711,152.85714285714283,SUPPORTED,translation_median_sparse_flow,14.705169677734375,-0.562896728515625,349.0,7.757549285888672,,,SUPPORTED,partial_affine_ransac_sparse_flow,10.544190785572315,-2.987675692362642,159.0,0.828042069628272,1.0129108119414119,0.45558739255014324,,,,,0.0,0.0,,,path_segment_008,SUPPORTED,,,,,,0.0,0.0,,,path_segment_008,SUPPORTED,,,,,,0.0,0.0,,,path_segment_008,SUPPORTED,,SUPPORTED,
179,179,3580.0,VALID_TARGET,,8.0,998.1014347076416,393.7183799743652,996.210750579834,390.43250465393066,SUPPORTED,988.5714285714286,376.42857142857144,935.0,300.0,107.14285714285711,152.85714285714283,SUPPORTED,translation_median_sparse_flow,-0.013568878173828125,-0.6269283294677734,350.0,0.1212540715932846,,,SUPPORTED,partial_affine_ransac_sparse_flow,-0.02713639442072108,-0.653201784400966,350.0,0.12979044914649462,1.0000301811632932,1.0,-1.8906841278076172,-3.2858753204345703,-1.877115249633789,-2.658946990966797,-1.877115249633789,-2.658946990966797,125.22063454746853,3.883433795495153,path_segment_008,SUPPORTED,,-1.8906841278076172,-3.2858753204345703,-1.8613085740413453,-2.726588882206329,-1.8613085740413453,-2.726588882206329,124.3194376572679,3.938976596309016,path_segment_008,SUPPORTED,,-1.8906841278076172,-3.2858753204345703,-1.877115249633789,-2.658946990966797,-1.877115249633789,-2.658946990966797,125.22063454746853,3.883433795495153,path_segment_008,SUPPORTED,,SUPPORTED,
180,180,3600.0,VALID_TARGET,,8.0,994.7976493835448,387.1466293334961,994.3200664520264,387.1466293334961,SUPPORTED,988.5714285714286,376.42857142857144,935.0,300.0,107.14285714285711,152.85714285714283,SUPPORTED,translation_median_sparse_flow,-3.00665283203125,-0.042724609375,345.0,0.6285629272460938,,,SUPPORTED,partial_affine_ransac_sparse_flow,-3.921008610183894,-0.516782306207249,317.0,0.3640378058295831,1.001875987014084,0.9188405797101449,-1.8906841278076172,-3.2858753204345703,1.1159687042236328,-3.2431507110595703,-0.7611465454101562,-5.902097702026367,71.0116511901411,4.09224466673013,path_segment_008,SUPPORTED,,-1.8906841278076172,-3.2858753204345703,0.25887312809175,-3.750038986885045,-1.6024354459495953,-6.476627869091374,86.0510159971004,4.485006227942756,path_segment_008,SUPPORTED,,-1.8906841278076172,-3.2858753204345703,1.1159687042236328,-3.2431507110595703,-0.7611465454101562,-5.902097702026367,71.0116511901411,4.09224466673013,path_segment_008,SUPPORTED,,SUPPORTED,
181,181,3620.0,VALID_TARGET,,8.0,988.8692836761476,371.7272300720215,992.5487480163574,387.1466293334961,SUPPORTED,988.5714285714286,376.42857142857144,935.0,300.0,107.14285714285711,152.85714285714283,SUPPORTED,translation_median_sparse_flow,-3.4080810546875,-0.2523651123046875,350.0,0.6990034580230713,,,SUPPORTED,partial_affine_ransac_sparse_flow,-4.552283690596577,-0.7829308231281434,329.0,0.41884745307726945,1.0023515680709556,0.94,-1.7713184356689453,0.0,1.6367626190185547,0.2523651123046875,0.8756160736083984,-5.64973258972168,-8.765156537026304,1.9759797802438308,path_segment_008,SUPPORTED,,-1.7713184356689453,0.0,0.56346744041889,-0.43736036558408387,-1.0389680055307053,-6.9139882346754575,37.81842013399696,0.8510592358088516,path_segment_008,SUPPORTED,,-1.7713184356689453,0.0,1.6367626190185547,0.2523651123046875,0.8756160736083984,-5.64973258972168,-8.765156537026304,1.9759797802438308,path_segment_008,SUPPORTED,,SUPPORTED,
182,182,3640.0,VALID_TARGET,,8.0,992.41312789917,384.8262519836426,991.5317239761353,385.98644065856934,SUPPORTED,988.5714285714286,376.42857142857144,935.0,300.0,107.14285714285711,152.85714285714283,SUPPORTED,translation_median_sparse_flow,-0.00567626953125,0.7174072265625,349.0,0.05359842628240585,,,SUPPORTED,partial_affine_ransac_sparse_flow,-0.04253537332935502,0.72736106139049,349.0,0.09005087982661936,1.0000186760145453,1.0,-1.017024040222168,-1.1601886749267578,-1.011347770690918,-1.8775959014892578,-0.13573169708251953,-7.5273284912109375,118.30867047978253,2.5445691459712796,path_segment_008,SUPPORTED,,-1.017024040222168,-1.1601886749267578,-1.0323645245333637,-1.7939094244930516,-2.071332530064069,-8.707897659168509,119.91969867083101,2.4695280029062765,path_segment_008,SUPPORTED,,-1.017024040222168,-1.1601886749267578,-1.011347770690918,-1.8775959014892578,-0.13573169708251953,-7.5273284912109375,118.30867047978253,2.5445691459712796,path_segment_008,SUPPORTED,,SUPPORTED,
183,183,3660.0,VALID_TARGET,,8.0,989.2519397735596,401.6834182739258,990.5146999359131,384.8262519836426,SUPPORTED,988.5714285714286,376.42857142857144,935.0,300.0,107.14285714285711,152.85714285714283,SUPPORTED,translation_median_sparse_flow,-3.875946044921875,-0.16259002685546875,348.0,0.5778777599334717,,,SUPPORTED,partial_affine_ransac_sparse_flow,-4.8526978581525935,-0.7344124850658154,327.0,0.4725172966608525,1.002067370665309,0.9396551724137931,-1.017024040222168,-1.1601886749267578,2.858922004699707,-0.9975986480712891,2.7231903076171875,-8.524927139282227,19.236037163069827,3.6128284481834383,path_segment_008,SUPPORTED,,-1.017024040222168,-1.1601886749267578,1.9396351762147788,-1.6186704758978294,-0.13169735384929027,-10.326568135066339,39.845780229423426,3.014274559778909,path_segment_008,SUPPORTED,,-1.017024040222168,-1.1601886749267578,2.858922004699707,-0.9975986480712891,2.7231903076171875,-8.524927139282227,19.236037163069827,3.6128284481834383,path_segment_008,SUPPORTED,,SUPPORTED,
