source_frame_index,analysis_frame_index,timestamp_ms,frame_status,frame_rejection_reason,valid_segment_id,raw_pelvis_mid_x,raw_pelvis_mid_y,path_input_center_x,path_input_center_y,center_status,roi_center_x,roi_center_y,roi_x,roi_y,roi_width,roi_height,translation_camera_motion_status,translation_camera_motion_method,translation_background_dx_px,translation_background_dy_px,translation_background_feature_count,translation_camera_motion_residual_px,translation_affine_scale,translation_affine_inlier_fraction,affine_camera_motion_status,affine_camera_motion_method,affine_background_dx_px,affine_background_dy_px,affine_background_feature_count,affine_camera_motion_residual_px,affine_affine_scale,affine_affine_inlier_fraction,translation_raw_dx,translation_raw_dy,translation_compensated_dx,translation_compensated_dy,translation_compensated_x,translation_compensated_y,translation_projected_heading_deg,translation_normalized_projected_speed_per_s,translation_path_segment_id,translation_path_status,translation_path_rejection_reason,affine_raw_dx,affine_raw_dy,affine_compensated_dx,affine_compensated_dy,affine_compensated_x,affine_compensated_y,affine_projected_heading_deg,affine_normalized_projected_speed_per_s,affine_path_segment_id,affine_path_status,affine_path_rejection_reason,chosen_raw_dx,chosen_raw_dy,chosen_compensated_dx,chosen_compensated_dy,chosen_compensated_x,chosen_compensated_y,chosen_projected_heading_deg,chosen_normalized_projected_speed_per_s,chosen_path_segment_id,chosen_path_status,chosen_path_rejection_reason,chosen_path_validation_status,chosen_path_validation_reason
0,0,0.0,VALID_TARGET,,1.0,254.94535636901855,146.95774459838867,255.20604133605957,146.94029998779297,SUPPORTED,251.0,148.5,214.5,80.0,73.0,137.0,INSUFFICIENT_EVIDENCE,translation_median_sparse_flow,0.0,0.0,0.0,,,,INSUFFICIENT_EVIDENCE,partial_affine_ransac_sparse_flow,0.0,0.0,0.0,,,,,,,,0.0,0.0,,,path_segment_001,SUPPORTED,,,,,,0.0,0.0,,,path_segment_001,SUPPORTED,,,,,,0.0,0.0,,,path_segment_001,QA_REQUIRED,Projected path contains a large step relative to the median supported step.,QA_REQUIRED,Projected path contains a large step relative to the median supported step.
1,1,33.333333333333336,VALID_TARGET,,1.0,255.3031959533691,146.75397491455078,255.07569885253906,146.94230461120605,SUPPORTED,250.5689655172414,148.5344827586207,214.05172413793105,79.75862068965517,73.03448275862068,137.55172413793105,SUPPORTED,translation_median_sparse_flow,-3.0517578125e-05,-3.0517578125e-05,84.0,0.0001724858593661338,,,SUPPORTED,partial_affine_ransac_sparse_flow,-7.353876469705902e-05,1.9884695417329368e-05,84.0,0.00018642970645177753,0.9999998609710479,1.0,-0.1303424835205078,0.0020046234130859375,-0.1303119659423828,0.0020351409912109375,-0.1303119659423828,0.0020351409912109375,-179.10525860092127,0.10327080960333768,path_segment_001,SUPPORTED,,-0.1303424835205078,0.0020046234130859375,-0.1302566072797049,0.002045363422951141,-0.1302566072797049,0.002045363422951141,-179.10038297751134,0.1032270760280917,path_segment_001,SUPPORTED,,-0.1303424835205078,0.0020046234130859375,-0.1303119659423828,0.0020351409912109375,-0.1303119659423828,0.0020351409912109375,,,path_segment_001,QA_REQUIRED,Projected path contains a large step relative to the median supported step.,QA_REQUIRED,Projected path contains a large step relative to the median supported step.
2,2,66.66666666666667,VALID_TARGET,,1.0,255.35727310180664,146.97473907470703,254.94535636901855,146.94430923461914,SUPPORTED,250.13793103448276,148.5689655172414,213.60344827586206,79.51724137931035,73.06896551724138,138.10344827586206,SUPPORTED,translation_median_sparse_flow,0.0,-3.814697265625e-06,84.0,0.00013990112347528338,,,SUPPORTED,partial_affine_ransac_sparse_flow,0.00018118432015365416,-0.00018816611153457989,84.0,0.00019652118154099985,0.9999998726276941,1.0,-0.1303424835205078,0.0020046234130859375,-0.1303424835205078,0.0020084381103515625,-0.2606544494628906,0.0040435791015625,-179.11720325016964,0.10329466038603678,path_segment_001,SUPPORTED,,-0.1303424835205078,0.0020046234130859375,-0.13034748098124282,0.0019620634950570093,-0.2606040882609477,0.00400742691800815,-179.13761687473934,0.10329806025933233,path_segment_001,SUPPORTED,,-0.1303424835205078,0.0020046234130859375,-0.1303424835205078,0.0020084381103515625,-0.2606544494628906,0.0040435791015625,,,path_segment_001,QA_REQUIRED,Projected path contains a large step relative to the median supported step.,QA_REQUIRED,Projected path contains a large step relative to the median supported step.
3,3,100.0,VALID_TARGET,,1.0,254.79633140563965,147.02588653564453,254.80179405212402,147.02527236938477,SUPPORTED,249.70689655172413,148.6034482758621,213.1551724137931,79.27586206896552,73.10344827586206,138.6551724137931,SUPPORTED,translation_median_sparse_flow,0.0,0.0,84.0,0.00012685958063229918,,,SUPPORTED,partial_affine_ransac_sparse_flow,-0.000146852041365441,5.264857075931705e-05,84.0,0.00019333595306030108,1.000000105575979,1.0,-0.14356231689453125,0.080963134765625,-0.14356231689453125,0.080963134765625,-0.4042167663574219,0.0850067138671875,-150.57882208650827,0.13060100710779587,path_segment_001,SUPPORTED,,-0.14356231689453125,0.080963134765625,-0.1435286961800557,0.08104472764205184,-0.4041327844410034,0.08505215456005999,-150.5483768310252,0.1306095800516707,path_segment_001,SUPPORTED,,-0.14356231689453125,0.080963134765625,-0.14356231689453125,0.080963134765625,-0.4042167663574219,0.0850067138671875,,,path_segment_001,QA_REQUIRED,Projected path contains a large step relative to the median supported step.,QA_REQUIRED,Projected path contains a large step relative to the median supported step.
4,4,133.33333333333334,VALID_TARGET,,1.0,254.801794052124,147.02273178100586,254.79633140563965,147.05631637573242,SUPPORTED,249.27586206896552,148.63793103448273,212.70689655172413,79.03448275862068,73.13793103448276,139.20689655172413,SUPPORTED,translation_median_sparse_flow,0.0,0.0,84.0,6.0311314882710576e-05,,,SUPPORTED,partial_affine_ransac_sparse_flow,-0.00015265254051379773,-0.00013733233393894376,84.0,0.00017618112961133197,1.000000877683203,1.0,-0.005462646484375,0.03104400634765625,-0.005462646484375,0.03104400634765625,-0.4096794128417969,0.11605072021484375,-99.97986252711851,0.024976969640113186,path_segment_001,SUPPORTED,,-0.005462646484375,0.03104400634765625,-0.005467023666113846,0.03093686657243211,-0.40959980810711727,0.1159890211324921,-100.02158752277667,0.02489396517721274,path_segment_001,SUPPORTED,,-0.005462646484375,0.03104400634765625,-0.005462646484375,0.03104400634765625,-0.4096794128417969,0.11605072021484375,,,path_segment_001,QA_REQUIRED,Projected path contains a large step relative to the median supported step.,QA_REQUIRED,Projected path contains a large step relative to the median supported step.
5,5,166.66666666666666,VALID_TARGET,,1.0,248.9595947265625,148.43621826171875,248.9595947265625,147.8482208251953,SUPPORTED,248.8448275862069,148.67241379310343,212.25862068965517,78.79310344827586,73.17241379310344,139.75862068965517,UNSTABLE_TRANSFORM,translation_median_sparse_flow,-1.6378936767578125,0.03786468505859375,82.0,8.645842552185059,,,SUPPORTED,partial_affine_ransac_sparse_flow,-19.618913286277966,-2.5436294360505296,37.0,1.2330942052607852,1.0628480983975266,0.45121951219512196,,,,,,,,,,UNSTABLE_TRANSFORM,Camera compensation was not supported.,-5.836736679077148,0.7919044494628906,-4.961543698159119,-1.0776687411301396,-5.371143506266236,-0.9616797199976475,167.74545644906365,4.02316037508746,path_segment_001,SUPPORTED,,,,,,,,,,,UNSTABLE_TRANSFORM,Camera compensation was not supported.,QA_REQUIRED,Projected path contains a large step relative to the median supported step.
6,6,200.0,VALID_TARGET,,1.0,248.9037179946899,148.45249938964844,248.90371799468994,148.43413162231445,SUPPORTED,248.41379310344828,148.70689655172413,211.81034482758622,78.55172413793103,73.20689655172414,140.31034482758622,SUPPORTED,translation_median_sparse_flow,0.0,3.0517578125e-05,85.0,0.0001983642578125,,,SUPPORTED,partial_affine_ransac_sparse_flow,-3.129655509712829e-06,-0.00035858533580395026,85.0,0.0007605817742432005,1.0000015459540375,1.0,,,,,0.0,0.0,,,path_segment_002,SUPPORTED,,-0.055876731872558594,0.5859107971191406,-0.055904663453333114,0.5854450268004712,-5.427048169719569,-0.3762346931971763,-95.45468525673559,0.4660124669572593,path_segment_001,SUPPORTED,,,,,,0.0,0.0,,,path_segment_002,QA_REQUIRED,Projected path contains a large step relative to the median supported step.,QA_REQUIRED,Projected path contains a large step relative to the median supported step.
7,7,233.33333333333337,VALID_TARGET,,1.0,248.4835214614868,147.8482208251953,248.48352146148682,148.43621826171875,SUPPORTED,247.98275862068965,148.74137931034483,211.36206896551724,78.3103448275862,73.24137931034483,140.86206896551724,SUPPORTED,translation_median_sparse_flow,0.0,3.0517578125e-05,85.0,0.00018951023230329156,,,SUPPORTED,partial_affine_ransac_sparse_flow,9.838280737076733e-06,-4.971238013917887e-05,85.0,0.0002638977989941083,1.0000005835561276,1.0,-0.420196533203125,0.002086639404296875,-0.420196533203125,0.002056121826171875,-0.420196533203125,0.002056121826171875,-179.7196403271806,0.33296454600380543,path_segment_002,SUPPORTED,,-0.420196533203125,0.002086639404296875,-0.4203088508955659,0.0019780129305217997,-5.847357020615135,-0.3742566802666545,-179.7303626705798,0.3330532476085875,path_segment_001,SUPPORTED,,-0.420196533203125,0.002086639404296875,-0.420196533203125,0.002056121826171875,-0.420196533203125,0.002056121826171875,,,path_segment_002,QA_REQUIRED,Projected path contains a large step relative to the median supported step.,QA_REQUIRED,Projected path contains a large step relative to the median supported step.
8,8,266.6666666666667,VALID_TARGET,,1.0,247.88836765289307,148.44259643554688,248.09606075286865,148.46096420288086,SUPPORTED,247.55172413793105,148.77586206896552,210.91379310344828,78.06896551724138,73.27586206896552,141.41379310344828,SUPPORTED,translation_median_sparse_flow,3.0517578125e-05,3.814697265625e-05,85.0,0.0002293899015057832,,,SUPPORTED,partial_affine_ransac_sparse_flow,-4.4648268185952414e-07,-0.00023924464267200053,85.0,0.0004083432677399929,1.0000010846341647,1.0,-0.38746070861816406,0.024745941162109375,-0.38749122619628906,0.024707794189453125,-0.8076877593994141,0.026763916015625,-176.35156018795107,0.3076686778176768,path_segment_002,SUPPORTED,,-0.38746070861816406,0.024745941162109375,-0.3875907469485469,0.024591451463692238,-6.234947767563682,-0.34966522880296225,-176.369623596139,0.30774152639301056,path_segment_001,SUPPORTED,,-0.38746070861816406,0.024745941162109375,-0.38749122619628906,0.024707794189453125,-0.8076877593994141,0.026763916015625,,,path_segment_002,QA_REQUIRED,Projected path contains a large step relative to the median supported step.,QA_REQUIRED,Projected path contains a large step relative to the median supported step.
9,9,300.0,VALID_TARGET,,1.0,247.42484378814697,149.2733039855957,247.7259817123413,148.73321914672852,SUPPORTED,247.1206896551724,148.81034482758622,210.4655172413793,77.82758620689656,73.3103448275862,141.9655172413793,SUPPORTED,translation_median_sparse_flow,1.52587890625e-05,0.0,85.0,0.00033647273085080087,,,SUPPORTED,partial_affine_ransac_sparse_flow,0.00037213940624123066,-0.0006772625752798241,85.0,0.0006256300593083821,1.0000008998438619,1.0,-0.37007904052734375,0.27225494384765625,-0.37009429931640625,0.27225494384765625,-1.1777820587158203,0.29901885986328125,-143.6604362970254,0.3640631948487378,path_segment_002,SUPPORTED,,-0.37007904052734375,0.27225494384765625,-0.3703500034243632,0.27225646432256667,-6.605297770988045,-0.07740876448039558,-143.67917083484528,0.36422714096683195,path_segment_001,SUPPORTED,,-0.37007904052734375,0.27225494384765625,-0.37009429931640625,0.27225494384765625,-1.1777820587158203,0.29901885986328125,,,path_segment_002,QA_REQUIRED,Projected path contains a large step relative to the median supported step.,QA_REQUIRED,Projected path contains a large step relative to the median supported step.
10,10,333.3333333333333,VALID_TARGET,,1.0,247.54312419891355,149.60784149169922,247.67897605895996,149.26364135742188,SUPPORTED,246.68965517241378,148.84482758620692,210.01724137931035,77.58620689655173,73.34482758620689,142.51724137931035,SUPPORTED,translation_median_sparse_flow,-3.814697265625e-05,0.0,85.0,0.00014005706179887056,,,SUPPORTED,partial_affine_ransac_sparse_flow,-3.065539864586314e-05,0.0004690857951627203,85.0,0.0002837652877136353,0.9999997079178444,1.0,-0.047005653381347656,0.5304222106933594,-0.046967506408691406,0.5304222106933594,-1.2247495651245117,0.8294410705566406,-95.06019465262762,0.4219470580061503,path_segment_002,SUPPORTED,,-0.047005653381347656,0.5304222106933594,-0.04703393202518669,0.5302152411040595,-6.652331703013232,0.4528064766236639,-95.0692817172109,0.4217883438935481,path_segment_001,SUPPORTED,,-0.047005653381347656,0.5304222106933594,-0.046967506408691406,0.5304222106933594,-1.2247495651245117,0.8294410705566406,,,path_segment_002,QA_REQUIRED,Projected path contains a large step relative to the median supported step.,QA_REQUIRED,Projected path contains a large step relative to the median supported step.
11,11,366.66666666666663,VALID_TARGET,,1.0,247.75265789031985,148.73321914672852,247.70511627197266,149.35783004760742,SUPPORTED,246.25862068965517,148.87931034482756,209.56896551724137,77.34482758620689,73.37931034482759,143.06896551724137,SUPPORTED,translation_median_sparse_flow,0.0,0.0,85.0,0.00013738207053393126,,,SUPPORTED,partial_affine_ransac_sparse_flow,-0.00010372530182837132,0.0003197238272981776,85.0,0.00022174579856619673,1.000000047016219,1.0,0.026140213012695312,0.09418869018554688,0.026140213012695312,0.09418869018554688,-1.1986093521118164,0.9236297607421875,-74.48905492982303,0.0774553793445855,path_segment_002,SUPPORTED,,0.026140213012695312,0.09418869018554688,0.026143610047228094,0.09400910436394838,-6.626188092966004,0.5468155809876123,-74.45893303683364,0.0773189901668996,path_segment_001,SUPPORTED,,0.026140213012695312,0.09418869018554688,0.026140213012695312,0.09418869018554688,-1.1986093521118164,0.9236297607421875,,,path_segment_002,QA_REQUIRED,Projected path contains a large step relative to the median supported step.,QA_REQUIRED,Projected path contains a large step relative to the median supported step.
12,12,400.0,VALID_TARGET,,1.0,247.67897605895996,149.3618507385254,247.72888708114624,149.39476013183594,SUPPORTED,245.82758620689654,148.91379310344826,209.1206896551724,77.10344827586206,73.41379310344827,143.6206896551724,SUPPORTED,translation_median_sparse_flow,0.0,0.0,85.0,0.00014680391177535057,,,SUPPORTED,partial_affine_ransac_sparse_flow,-0.00016752152656913987,0.0005755439738840838,85.0,0.00032890253923907283,0.9999999368478338,1.0,0.023770809173583984,0.036930084228515625,0.023770809173583984,0.036930084228515625,-1.1748385429382324,0.9605598449707031,-57.23180755266727,0.03480111939514495,path_segment_002,SUPPORTED,,0.023770809173583984,0.036930084228515625,0.023780936542863174,0.036650949603654226,-6.602407156423141,0.5834665305912665,-57.022512071798296,0.03461970724059078,path_segment_001,SUPPORTED,,0.023770809173583984,0.036930084228515625,0.023770809173583984,0.036930084228515625,-1.1748385429382324,0.9605598449707031,,,path_segment_002,QA_REQUIRED,Projected path contains a large step relative to the median supported step.,QA_REQUIRED,Projected path contains a large step relative to the median supported step.
13,13,433.33333333333337,VALID_TARGET,,1.0,248.1504812240601,149.73103713989258,247.75265789031982,149.3618507385254,SUPPORTED,245.39655172413794,148.94827586206895,208.67241379310346,76.86206896551724,73.44827586206897,144.17241379310346,SUPPORTED,translation_median_sparse_flow,-1.1444091796875e-05,0.0,85.0,9.226521797245368e-05,,,SUPPORTED,partial_affine_ransac_sparse_flow,-0.0003341904976240479,0.0004771738205753196,85.0,0.0002571035643670836,1.0000003871261736,1.0,0.023770809173583984,-0.032909393310546875,0.02378225326538086,-0.032909393310546875,-1.1510562896728516,0.9276504516601562,54.14592195481688,0.03217370701128594,path_segment_002,SUPPORTED,,0.023770809173583984,-0.032909393310546875,0.023844586758286823,-0.03317160722647827,-6.578562569664854,0.5502949233647882,54.29046821719965,0.032371145468748065,path_segment_001,SUPPORTED,,0.023770809173583984,-0.032909393310546875,0.02378225326538086,-0.032909393310546875,-1.1510562896728516,0.9276504516601562,,,path_segment_002,QA_REQUIRED,Projected path contains a large step relative to the median supported step.,QA_REQUIRED,Projected path contains a large step relative to the median supported step.
14,14,466.6666666666667,TARGET_IDENTITY_UNCERTAIN,TARGET_OVERLAP_AMBIGUOUS: another detected person overlaps or is too close to the selected pose for automated identity acceptance.,,239.88439464569092,153.7416877746582,,,,244.9655172413793,148.98275862068965,208.22413793103448,76.62068965517241,73.48275862068965,144.72413793103448,,,,,,,,,,,,,,,,,,,,,,,,,,,,,,,,,,,,,,,,,,,,,,,,,,,
15,15,500.0,VALID_TARGET,,2.0,240.62961864471436,153.82342910766602,240.39816284179688,154.02711868286133,SUPPORTED,244.5344827586207,149.01724137931035,207.77586206896552,76.37931034482759,73.51724137931035,145.27586206896552,UNSTABLE_TRANSFORM,translation_median_sparse_flow,-2.128326416015625,-0.7089309692382812,85.0,11.57258415222168,,,LOW_BACKGROUND_FEATURE_COUNT,partial_affine_ransac_sparse_flow,0.0,0.0,23.0,,,,,,,,0.0,0.0,,,path_segment_003,SUPPORTED,,,,,,0.0,0.0,,,path_segment_002,SUPPORTED,,,,,,0.0,0.0,,,path_segment_003,QA_REQUIRED,Projected path contains a large step relative to the median supported step.,QA_REQUIRED,Projected path contains a large step relative to the median supported step.
16,16,533.3333333333334,VALID_TARGET,,2.0,240.3025360107422,154.02711868286133,240.34697103500366,153.92527389526367,SUPPORTED,244.10344827586206,149.05172413793105,207.32758620689654,76.13793103448276,73.55172413793103,145.82758620689654,SUPPORTED,translation_median_sparse_flow,-2.86102294921875e-05,0.0,80.0,0.000162457610713318,,,SUPPORTED,partial_affine_ransac_sparse_flow,0.0017371090273538275,-0.0004767887396099196,80.0,0.0015264978643177093,0.9999960675256268,1.0,-0.05119180679321289,-0.10184478759765625,-0.0511631965637207,-0.10184478759765625,-0.0511631965637207,-0.10184478759765625,116.67332518645746,0.09031200056241148,path_segment_003,SUPPORTED,,-0.05119180679321289,-0.10184478759765625,-0.05081468107525211,-0.10258660034233458,-0.05081468107525211,-0.10258660034233458,116.35080098535276,0.0907147209601575,path_segment_002,SUPPORTED,,-0.05119180679321289,-0.10184478759765625,-0.0511631965637207,-0.10184478759765625,-0.0511631965637207,-0.10184478759765625,,,path_segment_003,QA_REQUIRED,Projected path contains a large step relative to the median supported step.,QA_REQUIRED,Projected path contains a large step relative to the median supported step.
17,17,566.6666666666666,VALID_TARGET,,2.0,240.26137351989743,154.32430267333984,240.4030418395996,154.02711868286133,SUPPORTED,243.67241379310346,149.08620689655174,206.8793103448276,75.89655172413794,73.58620689655173,146.3793103448276,SUPPORTED,translation_median_sparse_flow,0.0,-3.814697265625e-05,80.0,0.00018088618526235223,,,SUPPORTED,partial_affine_ransac_sparse_flow,0.0011491344406425626,-0.0007758684143878281,80.0,0.0010456160016470203,0.9999987830856384,1.0,0.056070804595947266,0.10184478759765625,0.056070804595947266,0.1018829345703125,0.0049076080322265625,3.814697265625e-05,-61.17401455058168,0.0921497142312666,path_segment_003,SUPPORTED,,0.056070804595947266,0.10184478759765625,0.056128414835654894,0.1013804011716104,0.0053137337604027834,-0.001206199170724176,-61.029258813610596,0.09182315594566218,path_segment_002,SUPPORTED,,0.056070804595947266,0.10184478759765625,0.056070804595947266,0.1018829345703125,0.0049076080322265625,3.814697265625e-05,,,path_segment_003,QA_REQUIRED,Projected path contains a large step relative to the median supported step.,QA_REQUIRED,Projected path contains a large step relative to the median supported step.
18,18,600.0,VALID_TARGET,,2.0,240.29577922821045,153.79595184326172,240.39816284179688,154.02711868286133,SUPPORTED,243.24137931034483,149.12068965517244,206.43103448275863,75.65517241379311,73.62068965517241,146.93103448275863,SUPPORTED,translation_median_sparse_flow,-6.103515625e-05,-8.58306884765625e-06,81.0,0.00014420678780879825,,,SUPPORTED,partial_affine_ransac_sparse_flow,0.0012473279005227314,-0.0003544859669032933,81.0,0.0009647120793561323,0.9999968300939988,1.0,-0.004878997802734375,0.0,-0.004817962646484375,8.58306884765625e-06,8.96453857421875e-05,4.673004150390625e-05,-179.89792924186276,0.0038177232769981803,path_segment_003,SUPPORTED,,-0.004878997802734375,0.0,-0.0045809933610030384,-0.0003797822704996179,0.000732740399399745,-0.0015859814412237938,175.26079352291757,0.003642397596429815,path_segment_002,SUPPORTED,,-0.004878997802734375,0.0,-0.004817962646484375,8.58306884765625e-06,8.96453857421875e-05,4.673004150390625e-05,,,path_segment_003,QA_REQUIRED,Projected path contains a large step relative to the median supported step.,QA_REQUIRED,Projected path contains a large step relative to the median supported step.
19,19,633.3333333333333,VALID_TARGET,,2.0,240.68167209625244,154.1021957397461,240.29090023040771,153.79595184326172,SUPPORTED,242.81034482758622,149.15517241379308,205.98275862068965,75.41379310344827,73.65517241379311,147.48275862068965,SUPPORTED,translation_median_sparse_flow,0.0,-7.62939453125e-06,80.0,0.00015578948659822345,,,SUPPORTED,partial_affine_ransac_sparse_flow,0.0011808771111065399,-0.000907889103885906,80.0,0.001117818377042406,0.9999991937691834,1.0,-0.10726261138916016,-0.23116683959960938,-0.10726261138916016,-0.23115921020507812,-0.10717296600341797,-0.23111248016357422,114.89226641520447,0.2019277299041939,path_segment_003,SUPPORTED,,-0.10726261138916016,-0.23116683959960938,-0.10724366099543658,-0.2317048918220337,-0.10651092059603684,-0.23329087326325748,114.83686586175651,0.2023137289338297,path_segment_002,SUPPORTED,,-0.10726261138916016,-0.23116683959960938,-0.10726261138916016,-0.23115921020507812,-0.10717296600341797,-0.23111248016357422,,,path_segment_003,QA_REQUIRED,Projected path contains a large step relative to the median supported step.,QA_REQUIRED,Projected path contains a large step relative to the median supported step.
20,20,666.6666666666666,VALID_TARGET,,2.0,239.94969844818115,149.56007766723633,239.77752208709717,150.29344940185547,SUPPORTED,242.3793103448276,149.18965517241378,205.5344827586207,75.17241379310344,73.6896551724138,148.0344827586207,SUPPORTED,translation_median_sparse_flow,-0.021881103515625,-4.734714508056641,80.0,5.98673152923584,,,SUPPORTED,partial_affine_ransac_sparse_flow,6.174357387575673,-4.458184392408998,27.0,1.746275557482832,0.9888401713130539,0.3375,-0.5133781433105469,-3.50250244140625,-0.4914970397949219,1.2322120666503906,-0.5986700057983398,1.0010995864868164,-111.74575880073127,1.051202264458535,path_segment_003,SUPPORTED,,-0.5133781433105469,-3.50250244140625,-2.7740525673923457,0.7639796992683046,-2.8805634879883826,0.5306888260050471,-164.6023360232243,2.279975211265257,path_segment_002,SUPPORTED,,-0.5133781433105469,-3.50250244140625,-0.4914970397949219,1.2322120666503906,-0.5986700057983398,1.0010995864868164,,,path_segment_003,QA_REQUIRED,Projected path contains a large step relative to the median supported step.,QA_REQUIRED,Projected path contains a large step relative to the median supported step.
21,21,700.0,VALID_TARGET,,2.0,238.721604347229,150.29344940185547,239.5763168334961,150.29344940185547,SUPPORTED,241.94827586206895,149.22413793103448,205.08620689655172,74.93103448275862,73.72413793103448,148.58620689655172,SUPPORTED,translation_median_sparse_flow,-0.0069427490234375,-1.0598793029785156,86.0,1.561682939529419,,,SUPPORTED,partial_affine_ransac_sparse_flow,-1.2418976836499005,-1.7541498762790317,80.0,0.9819962036980117,1.0034809920762808,0.9302325581395349,-0.20120525360107422,0.0,-0.19426250457763672,1.0598793029785156,-0.7929325103759766,2.060978889465332,-100.38631069088119,0.853830737373365,path_segment_003,SUPPORTED,,-0.20120525360107422,0.0,0.36867003136006815,0.9718127862033157,-2.5118934566283144,1.5025016122083628,-69.22509670968843,0.8236071167354853,path_segment_002,SUPPORTED,,-0.20120525360107422,0.0,-0.19426250457763672,1.0598793029785156,-0.7929325103759766,2.060978889465332,,,path_segment_003,QA_REQUIRED,Projected path contains a large step relative to the median supported step.,QA_REQUIRED,Projected path contains a large step relative to the median supported step.
22,22,733.3333333333333,VALID_TARGET,,2.0,239.18270015716553,150.06304931640625,239.5763168334961,150.29344940185547,SUPPORTED,241.51724137931035,149.25862068965517,204.63793103448276,74.6896551724138,73.75862068965517,149.13793103448276,SUPPORTED,translation_median_sparse_flow,3.0517578125e-05,0.0,83.0,0.00042209328967146575,,,SUPPORTED,partial_affine_ransac_sparse_flow,-0.0006488553930675368,-0.0007298739240875355,83.0,0.0010531103651097154,1.0000009781338859,1.0,0.0,0.0,-3.0517578125e-05,0.0,-0.7929630279541016,2.060978889465332,-180.0,2.4181898457409746e-05,path_segment_003,SUPPORTED,,0.0,0.0,0.00033518671946808354,0.0007093249500940146,-2.5115582699088463,1.5032109371584568,-64.70723971804753,0.0006216580217091074,path_segment_002,SUPPORTED,,0.0,0.0,-3.0517578125e-05,0.0,-0.7929630279541016,2.060978889465332,,,path_segment_003,QA_REQUIRED,Projected path contains a large step relative to the median supported step.,QA_REQUIRED,Projected path contains a large step relative to the median supported step.
23,23,766.6666666666667,VALID_TARGET,,2.0,239.5763168334961,150.36285400390625,239.18270015716553,150.33119201660156,SUPPORTED,241.08620689655172,149.29310344827587,204.18965517241378,74.44827586206897,73.79310344827586,149.68965517241378,SUPPORTED,translation_median_sparse_flow,-3.4332275390625e-05,-2.288818359375e-05,83.0,0.00023282157781068236,,,SUPPORTED,partial_affine_ransac_sparse_flow,-0.0004269503748580987,-0.0006807663988538945,83.0,0.0011114357840249726,0.9999994054681144,1.0,-0.3936166763305664,0.03774261474609375,-0.3935823440551758,0.0377655029296875,-1.1865453720092773,2.0987443923950195,-174.51906399121182,0.3133040930231608,path_segment_003,SUPPORTED,,-0.3936166763305664,0.03774261474609375,-0.39314956806950363,0.03867577227009633,-2.90470783797835,1.541886709428553,-174.3816511020347,0.3130325264614839,path_segment_002,SUPPORTED,,-0.3936166763305664,0.03774261474609375,-0.3935823440551758,0.0377655029296875,-1.1865453720092773,2.0987443923950195,,,path_segment_003,QA_REQUIRED,Projected path contains a large step relative to the median supported step.,QA_REQUIRED,Projected path contains a large step relative to the median supported step.
24,24,800.0,VALID_TARGET,,2.0,239.59998893737793,150.33119201660156,239.18270015716553,150.36285400390625,SUPPORTED,240.6551724137931,149.32758620689657,203.74137931034483,74.20689655172414,73.82758620689656,150.24137931034483,SUPPORTED,translation_median_sparse_flow,0.0,7.62939453125e-06,83.0,0.00025177001953125,,,SUPPORTED,partial_affine_ransac_sparse_flow,-3.7188636394847997e-05,-0.0006428826766427477,83.0,0.0005521112152010351,1.0000007985122674,1.0,0.0,0.0316619873046875,0.0,0.03165435791015625,-1.1865453720092773,2.130398750305176,-90.0,0.02508267417494826,path_segment_003,SUPPORTED,,0.0,0.0316619873046875,2.170117312516595e-05,0.03190559725624098,-2.904686136805225,1.573792306684794,-89.9610292379476,0.02528176018362333,path_segment_002,SUPPORTED,,0.0,0.0316619873046875,0.0,0.03165435791015625,-1.1865453720092773,2.130398750305176,,,path_segment_003,QA_REQUIRED,Projected path contains a large step relative to the median supported step.,QA_REQUIRED,Projected path contains a large step relative to the median supported step.
25,25,833.3333333333334,VALID_TARGET,,2.0,238.40067768096924,151.02038955688477,239.40558624267578,150.36285400390625,SUPPORTED,240.22413793103448,149.36206896551727,203.29310344827587,73.96551724137932,73.86206896551724,150.79310344827587,SUPPORTED,translation_median_sparse_flow,-1.811981201171875e-05,1.9073486328125e-06,84.0,0.0003233012103009969,,,SUPPORTED,partial_affine_ransac_sparse_flow,-0.0011564260532368577,-0.0021594016994935902,84.0,0.002121993409199301,1.0000019862492227,1.0,0.2228860855102539,0.0,0.22290420532226562,-1.9073486328125e-06,-0.9636411666870117,2.130396842956543,0.0004902690218856121,0.1766276090766936,path_segment_003,SUPPORTED,,0.2228860855102539,0.0,0.22359617210452143,0.001815031574835757,-2.6810899647007034,1.5756073382596298,-0.46508562235001266,0.17718175555827764,path_segment_002,SUPPORTED,,0.2228860855102539,0.0,0.22290420532226562,-1.9073486328125e-06,-0.9636411666870117,2.130396842956543,,,path_segment_003,QA_REQUIRED,Projected path contains a large step relative to the median supported step.,QA_REQUIRED,Projected path contains a large step relative to the median supported step.
26,26,866.6666666666667,VALID_TARGET,,2.0,238.40166187286377,151.02005004882812,238.40166187286377,151.02005004882812,SUPPORTED,239.79310344827587,149.3965517241379,202.8448275862069,73.72413793103448,73.89655172413794,151.3448275862069,SUPPORTED,translation_median_sparse_flow,0.0,2.86102294921875e-05,84.0,0.0001539289514767006,,,SUPPORTED,partial_affine_ransac_sparse_flow,-7.727537352533125e-06,5.5269744508561317e-05,84.0,0.00015353190104268392,0.9999999669817857,1.0,-1.0039243698120117,0.657196044921875,-1.0039243698120117,0.6571674346923828,-1.9675655364990234,2.787564277648926,-146.79130010744362,0.950782839253222,path_segment_003,SUPPORTED,,-1.0039243698120117,0.657196044921875,-1.003920286577653,0.6571641281209395,-3.6850102512783565,2.2327714663805693,-146.79132542500338,0.9507786971467661,path_segment_002,SUPPORTED,,-1.0039243698120117,0.657196044921875,-1.0039243698120117,0.6571674346923828,-1.9675655364990234,2.787564277648926,,,path_segment_003,QA_REQUIRED,Projected path contains a large step relative to the median supported step.,QA_REQUIRED,Projected path contains a large step relative to the median supported step.
27,27,900.0,VALID_TARGET,,2.0,239.40558624267575,149.76186752319336,238.40067768096924,151.02038955688477,SUPPORTED,239.36206896551724,149.4310344827586,202.39655172413794,73.48275862068965,73.93103448275862,151.89655172413794,SUPPORTED,translation_median_sparse_flow,0.0,0.0,84.0,3.379217741894536e-05,,,SUPPORTED,partial_affine_ransac_sparse_flow,-2.4994654268823264e-05,-1.100051149952069e-05,84.0,2.26008516936982e-05,1.0000000564065892,1.0,-0.00098419189453125,0.000339508056640625,-0.00098419189453125,0.000339508056640625,-1.9685497283935547,2.7879037857055664,-160.96755022386938,0.000824963658343869,path_segment_003,SUPPORTED,,-0.00098419189453125,0.000339508056640625,-0.0009694705193794562,0.00033697930663834086,-3.685979721797736,2.2331084456872077,-160.83300445207166,0.0008132850443571256,path_segment_002,SUPPORTED,,-0.00098419189453125,0.000339508056640625,-0.00098419189453125,0.000339508056640625,-1.9685497283935547,2.7879037857055664,,,path_segment_003,QA_REQUIRED,Projected path contains a large step relative to the median supported step.,QA_REQUIRED,Projected path contains a large step relative to the median supported step.
28,28,933.3333333333334,VALID_TARGET,,2.0,237.33013439178467,154.15526580810547,237.4423704147339,154.15526580810547,SUPPORTED,238.9310344827586,149.4655172413793,201.94827586206895,73.24137931034483,73.96551724137932,152.44827586206895,SUPPORTED,translation_median_sparse_flow,-0.066436767578125,-2.1620635986328125,82.0,7.375191688537598,,,SUPPORTED,partial_affine_ransac_sparse_flow,-12.19505543282183,-7.396030910567356,49.0,1.2881186068345856,1.0432938573218766,0.5975609756097561,-0.9583072662353516,3.134876251220703,-0.8918704986572266,5.296939849853516,-2.8604202270507812,8.084843635559082,-99.55751222945818,4.256335485433173,path_segment_003,SUPPORTED,,-0.9583072662353516,3.134876251220703,0.707662290718531,4.321165906759944,-2.978317431079205,6.554274352447152,-80.69942877668979,3.469671165988871,path_segment_002,SUPPORTED,,-0.9583072662353516,3.134876251220703,-0.8918704986572266,5.296939849853516,-2.8604202270507812,8.084843635559082,,,path_segment_003,QA_REQUIRED,Projected path contains a large step relative to the median supported step.,QA_REQUIRED,Projected path contains a large step relative to the median supported step.
29,29,966.6666666666666,VALID_TARGET,,2.0,237.32996940612793,154.15550231933594,237.4423704147339,154.15550231933594,SUPPORTED,238.5,149.5,201.5,73.0,74.0,153.0,SUPPORTED,translation_median_sparse_flow,9.5367431640625e-06,3.0517578125e-05,85.0,0.0001660270063439384,,,SUPPORTED,partial_affine_ransac_sparse_flow,-2.1010022311190483e-05,2.598462755762471e-05,85.0,0.0001654322758225365,1.0000000989237665,1.0,0.0,0.00023651123046875,-9.5367431640625e-06,0.00020599365234375,-2.8604297637939453,8.085049629211426,-92.65068968342183,0.00016340264788305191,path_segment_003,SUPPORTED,,0.0,0.00023651123046875,-1.7952829978185036e-06,0.00019422437361527045,-2.9783192263622027,6.554468576820767,-90.52958960581388,0.00015390850150353755,path_segment_002,SUPPORTED,,0.0,0.00023651123046875,-9.5367431640625e-06,0.00020599365234375,-2.8604297637939453,8.085049629211426,,,path_segment_003,QA_REQUIRED,Projected path contains a large step relative to the median supported step.,QA_REQUIRED,Projected path contains a large step relative to the median supported step.
30,30,1000.0,VALID_TARGET,,2.0,237.32635307312012,154.56677627563477,237.33013439178467,154.15550231933594,SUPPORTED,238.175,149.6,200.4,72.85,75.55,153.5,SUPPORTED,translation_median_sparse_flow,1.52587890625e-05,1.52587890625e-05,85.0,0.00020357764151412994,,,SUPPORTED,partial_affine_ransac_sparse_flow,0.0005285246585606883,-3.207288120865733e-05,85.0,0.0005994105895677552,1.0000000899782564,1.0,-0.11223602294921875,0.0,-0.11225128173828125,-1.52587890625e-05,-2.9726810455322266,8.085034370422363,179.99221154364707,0.08894706882275388,path_segment_003,SUPPORTED,,-0.11223602294921875,0.0,-0.11265267177401483,-0.00018702499053802057,-3.0909718981362175,6.554281551830229,179.90487813020732,0.08926524945200812,path_segment_002,SUPPORTED,,-0.11223602294921875,0.0,-0.11225128173828125,-1.52587890625e-05,-2.9726810455322266,8.085034370422363,,,path_segment_003,QA_REQUIRED,Projected path contains a large step relative to the median supported step.,QA_REQUIRED,Projected path contains a large step relative to the median supported step.
31,31,1033.3333333333337,VALID_TARGET,,2.0,237.5624179840088,154.80895233154297,237.32996940612793,154.31599044799805,SUPPORTED,237.85000000000002,149.7,199.3,72.7,77.1,154.0,SUPPORTED,translation_median_sparse_flow,0.0,-1.52587890625e-05,85.0,0.00017993891378864646,,,SUPPORTED,partial_affine_ransac_sparse_flow,-2.2117097429480382e-05,-4.7299748706427086e-05,85.0,0.00021770319237542811,1.0000001278309842,1.0,-0.00016498565673828125,0.16048812866210938,-0.00016498565673828125,0.16050338745117188,-2.972846031188965,8.245537757873535,-90.05889581915979,0.12718173939156638,path_segment_003,SUPPORTED,,-0.00016498565673828125,0.16048812866210938,-0.00019912369683083853,0.16055562308011417,-3.0911710218330484,6.714837174910343,-90.07105912182382,0.12722316116053828,path_segment_002,SUPPORTED,,-0.00016498565673828125,0.16048812866210938,-0.00016498565673828125,0.16050338745117188,-2.972846031188965,8.245537757873535,,,path_segment_003,QA_REQUIRED,Projected path contains a large step relative to the median supported step.,QA_REQUIRED,Projected path contains a large step relative to the median supported step.
32,32,1066.6666666666667,VALID_TARGET,,2.0,237.32534217834473,153.89142227172852,237.17848014831543,154.31599044799805,SUPPORTED,237.52499999999998,149.8,198.2,72.55,78.65,154.5,SUPPORTED,translation_median_sparse_flow,0.0,0.0,84.0,0.00016583394608460367,,,SUPPORTED,partial_affine_ransac_sparse_flow,-0.00016817531039895698,-7.965259862832625e-05,84.0,0.00025713033551373555,1.0000009356759125,1.0,-0.1514892578125,0.0,-0.1514892578125,0.0,-3.124335289001465,8.245537757873535,-180.0,0.12003894394258197,path_segment_003,SUPPORTED,,-0.1514892578125,0.0,-0.15159259153404037,1.1306857089721234e-05,-3.2427636133670887,6.714848481767433,-179.99572647196646,0.12012082513735223,path_segment_002,SUPPORTED,,-0.1514892578125,0.0,-0.1514892578125,0.0,-3.124335289001465,8.245537757873535,,,path_segment_003,QA_REQUIRED,Projected path contains a large step relative to the median supported step.,QA_REQUIRED,Projected path contains a large step relative to the median supported step.
33,33,1100.0,VALID_TARGET,,2.0,236.6790428161621,154.31599044799805,237.32439804077148,153.89142227172852,SUPPORTED,237.2,149.9,197.1,72.4,80.2,155.0,SUPPORTED,translation_median_sparse_flow,6.103515625e-05,1.52587890625e-05,84.0,0.0002840830711647868,,,SUPPORTED,partial_affine_ransac_sparse_flow,0.0003723472678952551,-0.00047629349123136746,84.0,0.0006325363840923381,1.00000083964223,1.0,0.1459178924560547,-0.42456817626953125,0.1458568572998047,-0.42458343505859375,-2.97847843170166,7.820954322814941,71.04090098207732,0.35573507079075806,path_segment_003,SUPPORTED,,0.1459178924560547,-0.42456817626953125,0.14564526828718272,-0.4246808023347626,-3.097118345079906,6.29016767943267,71.0704758593332,0.3557536137035317,path_segment_002,SUPPORTED,,0.1459178924560547,-0.42456817626953125,0.1458568572998047,-0.42458343505859375,-2.97847843170166,7.820954322814941,,,path_segment_003,QA_REQUIRED,Projected path contains a large step relative to the median supported step.,QA_REQUIRED,Projected path contains a large step relative to the median supported step.
34,34,1133.3333333333333,VALID_TARGET,,2.0,237.07320976257324,153.7733917236328,237.32534217834473,153.7733917236328,SUPPORTED,236.875,150.0,196.0,72.25,81.75,155.5,SUPPORTED,translation_median_sparse_flow,0.0,0.0,84.0,8.239557791966945e-05,,,SUPPORTED,partial_affine_ransac_sparse_flow,1.0007297701903982e-05,-5.450271396071344e-06,84.0,8.130582943224139e-05,0.9999999772659208,1.0,0.0009441375732421875,-0.11803054809570312,0.0009441375732421875,-0.11803054809570312,-2.977534294128418,7.702923774719238,89.54169538839014,0.0935295071449028,path_segment_003,SUPPORTED,,0.0009441375732421875,-0.11803054809570312,0.0009446063398854676,-0.11802943448978453,-3.0961737387400206,6.172138244942886,89.5414635226696,0.09352862773212345,path_segment_002,SUPPORTED,,0.0009441375732421875,-0.11803054809570312,0.0009441375732421875,-0.11803054809570312,-2.977534294128418,7.702923774719238,,,path_segment_003,QA_REQUIRED,Projected path contains a large step relative to the median supported step.,QA_REQUIRED,Projected path contains a large step relative to the median supported step.
35,35,1166.6666666666667,VALID_TARGET,,2.0,240.0638103485107,152.36789321899414,239.9120693206787,152.37889099121094,SUPPORTED,236.55,150.1,194.9,72.1,83.3,156.0,SUPPORTED,translation_median_sparse_flow,0.28167724609375,0.7161407470703125,75.0,6.429401397705078,,,SUPPORTED,partial_affine_ransac_sparse_flow,-12.177064886271227,-4.250847153864773,30.0,1.2072521719408251,1.0458349808679077,0.4,2.5867271423339844,-1.394500732421875,2.3050498962402344,-2.1106414794921875,-0.6724843978881836,5.592282295227051,42.47908260973173,2.4765354131643074,path_segment_003,SUPPORTED,,2.5867271423339844,-1.394500732421875,3.588402384781432,-3.731640734146822,0.49222864604141137,2.440497510796064,46.12101875565105,4.102249781079332,path_segment_002,SUPPORTED,,2.5867271423339844,-1.394500732421875,2.3050498962402344,-2.1106414794921875,-0.6724843978881836,5.592282295227051,,,path_segment_003,QA_REQUIRED,Projected path contains a large step relative to the median supported step.,QA_REQUIRED,Projected path contains a large step relative to the median supported step.
36,36,1200.0,VALID_TARGET,,2.0,239.92061614990232,152.34056854248047,239.99227714538574,152.33007049560547,SUPPORTED,236.22500000000002,150.2,193.8,71.95,84.85,156.5,SUPPORTED,translation_median_sparse_flow,0.0,-1.9073486328125e-05,77.0,0.0001295312977163121,,,SUPPORTED,partial_affine_ransac_sparse_flow,-1.0916974041184002e-05,-2.3296026444279473e-05,77.0,0.00013341623210031257,1.0000000501560102,1.0,0.08020782470703125,-0.04882049560546875,0.08020782470703125,-0.048801422119140625,-0.5922765731811523,5.54348087310791,31.317885606065527,0.07439579366063313,path_segment_003,SUPPORTED,,0.08020782470703125,-0.04882049560546875,0.0802132457004916,-0.04881513451911701,0.572441891741903,2.391682376276947,31.32331422306168,0.07440511145799149,path_segment_002,SUPPORTED,,0.08020782470703125,-0.04882049560546875,0.08020782470703125,-0.048801422119140625,-0.5922765731811523,5.54348087310791,,,path_segment_003,QA_REQUIRED,Projected path contains a large step relative to the median supported step.,QA_REQUIRED,Projected path contains a large step relative to the median supported step.
37,37,1233.3333333333337,VALID_TARGET,,2.0,240.3732433319092,151.81331253051758,240.22280025482178,152.10923957824707,SUPPORTED,235.89999999999998,150.3,192.7,71.8,86.4,157.0,SUPPORTED,translation_median_sparse_flow,-1.9073486328125e-05,0.0,77.0,0.00015334892668761313,,,SUPPORTED,partial_affine_ransac_sparse_flow,0.0002748995334526642,-3.7804230235069324e-05,77.0,0.000281896615797875,0.9999994355151283,1.0,0.23052310943603516,-0.22083091735839844,0.23054218292236328,-0.22083091735839844,-0.36173439025878906,5.322649955749512,43.76747484368921,0.25296561728678685,path_segment_003,SUPPORTED,,0.23052310943603516,-0.22083091735839844,0.2305349520421487,-0.2209454472130119,0.8029768437840517,2.170736929063935,43.783212842748895,0.25302426570907227,path_segment_002,SUPPORTED,,0.23052310943603516,-0.22083091735839844,0.23054218292236328,-0.22083091735839844,-0.36173439025878906,5.322649955749512,,,path_segment_003,QA_REQUIRED,Projected path contains a large step relative to the median supported step.,QA_REQUIRED,Projected path contains a large step relative to the median supported step.
38,38,1266.6666666666663,VALID_TARGET,,2.0,240.74436569213867,151.70330429077148,240.3817901611328,151.88890838623047,SUPPORTED,235.575,150.4,191.6,71.65,87.95,157.5,SUPPORTED,translation_median_sparse_flow,-7.62939453125e-06,-3.0517578125e-05,77.0,0.00014813605230301619,,,SUPPORTED,partial_affine_ransac_sparse_flow,-8.23757782020328e-05,-2.671191615248857e-05,77.0,0.0001858301875764643,0.9999999470621531,1.0,0.15898990631103516,-0.22033119201660156,0.1589975357055664,-0.22030067443847656,-0.20273685455322266,5.102349281311035,54.18089790185489,0.2152809445122403,path_segment_003,SUPPORTED,,0.15898990631103516,-0.22033119201660156,0.15905924215419986,-0.22025575058518143,0.9620360859382515,1.9504811784787535,54.164801330439474,0.21528070340073066,path_segment_002,SUPPORTED,,0.15898990631103516,-0.22033119201660156,0.1589975357055664,-0.22030067443847656,-0.20273685455322266,5.102349281311035,,,path_segment_003,QA_REQUIRED,Projected path contains a large step relative to the median supported step.,QA_REQUIRED,Projected path contains a large step relative to the median supported step.
39,39,1300.0,TARGET_IDENTITY_UNCERTAIN,TARGET_OVERLAP_AMBIGUOUS: another detected person overlaps or is too close to the selected pose for automated identity acceptance.,,240.56632614135745,151.92535400390625,,,,235.25,150.5,190.5,71.5,89.5,158.0,,,,,,,,,,,,,,,,,,,,,,,,,,,,,,,,,,,,,,,,,,,,,,,,,,,
40,40,1333.3333333333333,VALID_TARGET,,3.0,239.8304615020752,151.7892951965332,241.68097496032715,149.36398315429688,SUPPORTED,234.925,150.6,189.4,71.35,91.05,158.5,SUPPORTED,translation_median_sparse_flow,-5.1021575927734375e-05,3.814697265625e-05,77.0,0.00016143385437317193,,,SUPPORTED,partial_affine_ransac_sparse_flow,0.00010298626193831406,8.93581909265706e-05,77.0,0.00021547788534348128,0.9999993526648645,1.0,,,,,0.0,0.0,,,path_segment_004,SUPPORTED,,,,,,0.0,0.0,,,path_segment_003,SUPPORTED,,,,,,0.0,0.0,,,path_segment_004,QA_REQUIRED,Projected path contains a large step relative to the median supported step.,QA_REQUIRED,Projected path contains a large step relative to the median supported step.
41,41,1366.6666666666667,VALID_TARGET,,3.0,241.7576904296875,148.9925308227539,241.72722816467285,149.36895942687988,SUPPORTED,234.60000000000002,150.7,188.3,71.2,92.6,159.0,SUPPORTED,translation_median_sparse_flow,1.2989501953125,-0.003749847412109375,71.0,6.869861125946045,,,SUPPORTED,partial_affine_ransac_sparse_flow,-7.323467071661497,-3.7298577301210103,31.0,1.2055412825477319,1.0290472581146228,0.43661971830985913,0.046253204345703125,0.0049762725830078125,-1.2526969909667969,0.008726119995117188,-1.2526969909667969,0.008726119995117188,-179.60089170457238,0.9926517185818333,path_segment_004,SUPPORTED,,0.046253204345703125,0.0049762725830078125,0.6397296878280372,-1.0723213742138853,0.6397296878280372,-1.0723213742138853,59.18037731803053,0.9894209517691462,path_segment_003,SUPPORTED,,0.046253204345703125,0.0049762725830078125,-1.2526969909667969,0.008726119995117188,-1.2526969909667969,0.008726119995117188,,,path_segment_004,QA_REQUIRED,Projected path contains a large step relative to the median supported step.,QA_REQUIRED,Projected path contains a large step relative to the median supported step.
42,42,1400.0,VALID_TARGET,,3.0,241.8107681274414,149.36398315429688,241.7552604675293,149.32923126220703,SUPPORTED,234.27499999999998,150.8,187.2,71.05,94.15,159.5,SUPPORTED,translation_median_sparse_flow,-3.0517578125e-05,1.52587890625e-05,74.0,0.00015447931946255267,,,SUPPORTED,partial_affine_ransac_sparse_flow,0.00017994164915223222,-0.00013037915882908743,74.0,0.00026074665980566736,0.9999999097095911,1.0,0.028032302856445312,-0.03972816467285156,0.028062820434570312,-0.03974342346191406,-1.2246341705322266,-0.031017303466796875,54.774095238912686,0.03855183975570163,path_segment_004,SUPPORTED,,0.028032302856445312,-0.03972816467285156,0.028012534409072032,-0.039808189727551735,0.6677422222371092,-1.112129563941437,54.866419303583136,0.03857082917693336,path_segment_003,SUPPORTED,,0.028032302856445312,-0.03972816467285156,0.028062820434570312,-0.03974342346191406,-1.2246341705322266,-0.031017303466796875,,,path_segment_004,QA_REQUIRED,Projected path contains a large step relative to the median supported step.,QA_REQUIRED,Projected path contains a large step relative to the median supported step.
43,43,1433.3333333333333,VALID_TARGET,,3.0,241.77348136901855,149.3739356994629,241.8107681274414,149.32923126220703,SUPPORTED,233.95,150.9,186.1,70.9,95.7,160.0,SUPPORTED,translation_median_sparse_flow,6.103515625e-05,0.0,74.0,0.00012302029062993824,,,SUPPORTED,partial_affine_ransac_sparse_flow,1.970058673923263e-05,2.041649038628153e-06,74.0,0.00011898800779514741,1.0000001100802445,1.0,0.055507659912109375,0.0,0.055446624755859375,0.0,-1.1691875457763672,-0.031017303466796875,-0.0,0.04393548675980633,path_segment_004,SUPPORTED,,0.055507659912109375,0.0,0.05545097465198978,-1.687870764044419e-06,0.723193196889099,-1.112131251812201,0.0017440247303196679,0.043938933605007884,path_segment_003,SUPPORTED,,0.055507659912109375,0.0,0.055446624755859375,0.0,-1.1691875457763672,-0.031017303466796875,,,path_segment_004,QA_REQUIRED,Projected path contains a large step relative to the median supported step.,QA_REQUIRED,Projected path contains a large step relative to the median supported step.
44,44,1466.6666666666663,VALID_TARGET,,3.0,242.27955055236816,148.8632850646973,241.80567741394043,149.38261032104492,SUPPORTED,233.625,151.0,185.0,70.75,97.25,160.5,SUPPORTED,translation_median_sparse_flow,-1.4781951904296875e-05,2.288818359375e-05,74.0,0.00018005087622441351,,,SUPPORTED,partial_affine_ransac_sparse_flow,0.0021615214574470624,9.229535279180007e-05,74.0,0.0009387457724910802,0.9999959264177102,1.0,-0.0050907135009765625,0.053379058837890625,-0.005075931549072266,0.053356170654296875,-1.1742634773254395,0.0223388671875,-95.43436348405378,0.04246991439091893,path_segment_004,SUPPORTED,,-0.0050907135009765625,0.053379058837890625,-0.0060838132150138335,0.05359810998447756,0.7171093836740852,-1.0585331418277235,-96.47581154437025,0.04274345978271054,path_segment_003,SUPPORTED,,-0.0050907135009765625,0.053379058837890625,-0.005075931549072266,0.053356170654296875,-1.1742634773254395,0.0223388671875,,,path_segment_004,QA_REQUIRED,Projected path contains a large step relative to the median supported step.,QA_REQUIRED,Projected path contains a large step relative to the median supported step.
45,45,1500.0,VALID_TARGET,,3.0,241.7089385986328,150.21507263183594,241.75016975402832,149.38297271728516,SUPPORTED,233.3,151.1,183.9,70.6,98.8,161.0,SUPPORTED,translation_median_sparse_flow,1.8596649169921875e-05,-2.288818359375e-05,74.0,0.00014625895710196346,,,SUPPORTED,partial_affine_ransac_sparse_flow,0.0025418169141976474,0.0002901441044026786,74.0,0.0008835193247982097,0.9999948746759751,1.0,-0.055507659912109375,0.000362396240234375,-0.0555262565612793,0.000385284423828125,-1.2297897338867188,0.022724151611328125,-179.6024436277012,0.043999645580707396,path_segment_004,SUPPORTED,,-0.055507659912109375,0.000362396240234375,-0.056744777807864466,0.0007320775810910618,0.6603646058662207,-1.0578010642466324,-179.2608548241094,0.04496787523546747,path_segment_003,SUPPORTED,,-0.055507659912109375,0.000362396240234375,-0.0555262565612793,0.000385284423828125,-1.2297897338867188,0.022724151611328125,,,path_segment_004,QA_REQUIRED,Projected path contains a large step relative to the median supported step.,QA_REQUIRED,Projected path contains a large step relative to the median supported step.
46,46,1533.3333333333337,VALID_TARGET,,3.0,241.66569900512695,149.38261032104492,241.9516544342041,150.21507263183594,SUPPORTED,232.97500000000002,151.2,182.8,70.45,100.35,161.5,SUPPORTED,translation_median_sparse_flow,0.0,0.0,74.0,0.00016857741866260767,,,SUPPORTED,partial_affine_ransac_sparse_flow,-0.0024409433728037003,-0.006256446837379948,74.0,0.009586511136981057,1.0000039396115674,1.0,0.20148468017578125,0.8320999145507812,0.20148468017578125,0.8320999145507812,-1.0283050537109375,0.8548240661621094,-76.38838759852013,0.678403796949532,path_segment_004,SUPPORTED,,0.20148468017578125,0.8320999145507812,0.2012361155832707,0.8405790891004585,0.8616007214494914,-0.21722197514617392,-76.53668079367301,0.6848898625326045,path_segment_003,SUPPORTED,,0.20148468017578125,0.8320999145507812,0.20148468017578125,0.8320999145507812,-1.0283050537109375,0.8548240661621094,,,path_segment_004,QA_REQUIRED,Projected path contains a large step relative to the median supported step.,QA_REQUIRED,Projected path contains a large step relative to the median supported step.
47,47,1566.6666666666667,VALID_TARGET,,3.0,242.12909507751465,151.21065139770508,242.3337116241455,151.21065139770508,SUPPORTED,232.64999999999998,151.3,181.7,70.3,101.9,162.0,SUPPORTED,translation_median_sparse_flow,0.00396728515625,-4.1392669677734375,61.0,4.139538764953613,,,SUPPORTED,partial_affine_ransac_sparse_flow,-3.9838876395781635,-7.061410843767778,29.0,0.9034394211272124,1.014509133038285,0.47540983606557374,0.38205718994140625,0.9955787658691406,0.37808990478515625,5.134845733642578,-0.6502151489257812,5.9896697998046875,-85.78878630400763,4.079828013079613,path_segment_004,SUPPORTED,,0.38205718994140625,0.9955787658691406,1.5783844814900476,4.719162029906215,2.439985202939539,4.501940054760041,-71.5068249579821,3.9430413114196847,path_segment_003,SUPPORTED,,0.38205718994140625,0.9955787658691406,0.37808990478515625,5.134845733642578,-0.6502151489257812,5.9896697998046875,,,path_segment_004,QA_REQUIRED,Projected path contains a large step relative to the median supported step.,QA_REQUIRED,Projected path contains a large step relative to the median supported step.
48,48,1600.0,VALID_TARGET,,3.0,243.29927444458008,153.93376541137695,243.2525463104248,153.90814208984375,SUPPORTED,232.325,151.4,180.6,70.15,103.45,162.5,SUPPORTED,translation_median_sparse_flow,-0.032440185546875,-1.7962417602539062,68.0,1.702854871749878,,,SUPPORTED,partial_affine_ransac_sparse_flow,-1.2135781017952927,-3.003287965758145,56.0,1.006320709052782,1.0037483615292841,0.8235294117647058,0.9188346862792969,2.697490692138672,0.9512748718261719,4.493732452392578,0.3010597229003906,10.483402252197266,-78.04755333403376,3.6397092024562023,path_segment_004,SUPPORTED,,0.9188346862792969,2.697490692138672,1.7199143721626626,4.3421914853148,4.159899575102202,8.84413154007484,-68.39179720694223,3.700797851484173,path_segment_003,SUPPORTED,,0.9188346862792969,2.697490692138672,0.9512748718261719,4.493732452392578,0.3010597229003906,10.483402252197266,,,path_segment_004,QA_REQUIRED,Projected path contains a large step relative to the median supported step.,QA_REQUIRED,Projected path contains a large step relative to the median supported step.
49,49,1633.3333333333333,VALID_TARGET,,3.0,243.3253002166748,154.61883163452148,243.27772331237793,153.92709732055664,SUPPORTED,232.0,151.5,179.5,70.0,105.0,163.0,SUPPORTED,translation_median_sparse_flow,0.0,3.0517578125e-05,67.0,0.0004967901622876525,,,SUPPORTED,partial_affine_ransac_sparse_flow,-0.0030664610256537043,-0.00450056378230197,67.0,0.006776355838571628,1.0000007611094681,1.0,0.025177001953125,0.018955230712890625,0.025177001953125,0.018924713134765625,0.3262367248535156,10.502326965332031,-36.93096426755238,0.0249575470258006,path_segment_004,SUPPORTED,,0.025177001953125,0.018955230712890625,0.027191165578017262,0.024709205598014705,4.187090740680219,8.868840745672856,-42.26210866721792,0.02911332595671274,path_segment_003,SUPPORTED,,0.025177001953125,0.018955230712890625,0.025177001953125,0.018924713134765625,0.3262367248535156,10.502326965332031,,,path_segment_004,QA_REQUIRED,Projected path contains a large step relative to the median supported step.,QA_REQUIRED,Projected path contains a large step relative to the median supported step.
50,50,1666.6666666666667,VALID_TARGET,,3.0,243.27772331237793,153.97465896606445,243.27772331237793,153.97465896606445,SUPPORTED,233.89999999999998,152.25,182.2,69.6,103.4,165.3,SUPPORTED,translation_median_sparse_flow,0.0,0.0,68.0,0.00012135081487940624,,,SUPPORTED,partial_affine_ransac_sparse_flow,0.0016295255858806545,-0.00031515850565140996,68.0,0.000884751135608797,0.9999958805525169,1.0,0.0,0.0475616455078125,0.0,0.0475616455078125,0.3262367248535156,10.549888610839844,-90.0,0.03768748874587283,path_segment_004,SUPPORTED,,0.0,0.0475616455078125,-0.0005482110187813305,0.0483858124662504,4.186542529661438,8.917226558139106,-90.64913312668521,0.038343013206345214,path_segment_003,SUPPORTED,,0.0,0.0475616455078125,0.0,0.0475616455078125,0.3262367248535156,10.549888610839844,,,path_segment_004,QA_REQUIRED,Projected path contains a large step relative to the median supported step.,QA_REQUIRED,Projected path contains a large step relative to the median supported step.
51,51,1700.0,VALID_TARGET,,3.0,243.62760734558103,153.72467041015625,243.3253002166748,153.96666717529297,SUPPORTED,235.8,153.0,184.9,69.2,101.8,167.6,SUPPORTED,translation_median_sparse_flow,0.0,1.1444091796875e-05,68.0,0.00017129465413745493,,,SUPPORTED,partial_affine_ransac_sparse_flow,-0.00034115750622733194,-0.0036732187034551724,68.0,0.0015648126832653402,1.0000015900295964,1.0,0.047576904296875,-0.007991790771484375,0.047576904296875,-0.00800323486328125,0.3738136291503906,10.541885375976562,9.548716402571127,0.038229249331951015,path_segment_004,SUPPORTED,,0.047576904296875,-0.007991790771484375,0.04889027003406454,-0.006710618289133663,4.235432799695502,8.910515939849972,7.815511024226625,0.039103510818119996,path_segment_003,SUPPORTED,,0.047576904296875,-0.007991790771484375,0.047576904296875,-0.00800323486328125,0.3738136291503906,10.541885375976562,,,path_segment_004,QA_REQUIRED,Projected path contains a large step relative to the median supported step.,QA_REQUIRED,Projected path contains a large step relative to the median supported step.
52,52,1733.3333333333337,VALID_TARGET,,3.0,243.06872940063477,154.02656173706055,243.26875495910645,153.72941970825195,SUPPORTED,237.7,153.75,187.6,68.8,100.2,169.9,SUPPORTED,translation_median_sparse_flow,0.0,0.0,69.0,0.0001502816448919475,,,SUPPORTED,partial_affine_ransac_sparse_flow,1.9604232364658426e-05,-7.131329005329238e-05,69.0,0.00011070635057564992,1.0000000061479866,1.0,-0.056545257568359375,-0.23724746704101562,-0.056545257568359375,-0.23724746704101562,0.31726837158203125,10.304637908935547,103.40569908689514,0.19325885991373187,path_segment_004,SUPPORTED,,-0.056545257568359375,-0.23724746704101562,-0.05652127343984148,-0.23724835051447712,4.178911526255661,8.673267589335495,103.40016998544465,0.1932551356254237,path_segment_003,SUPPORTED,,-0.056545257568359375,-0.23724746704101562,-0.056545257568359375,-0.23724746704101562,0.31726837158203125,10.304637908935547,,,path_segment_004,QA_REQUIRED,Projected path contains a large step relative to the median supported step.,QA_REQUIRED,Projected path contains a large step relative to the median supported step.
53,53,1766.6666666666663,VALID_TARGET,,3.0,243.60018157958984,153.7184181213379,243.37554359436035,153.72941970825195,SUPPORTED,239.60000000000002,154.5,190.3,68.4,98.6,172.2,SUPPORTED,translation_median_sparse_flow,0.0,0.0,69.0,0.000152587890625,,,SUPPORTED,partial_affine_ransac_sparse_flow,8.725876277801853e-05,-0.0001606993100084906,69.0,0.00017366798680713244,1.000000089791596,1.0,0.10678863525390625,0.0,0.10678863525390625,0.0,0.4240570068359375,10.304637908935547,-0.0,0.08461850817709164,path_segment_004,SUPPORTED,,0.10678863525390625,0.0,0.10670701287801876,0.00010341024318449854,4.285618539133679,8.67337099957868,-0.05552557866865557,0.08455387092772294,path_segment_003,SUPPORTED,,0.10678863525390625,0.0,0.10678863525390625,0.0,0.4240570068359375,10.304637908935547,,,path_segment_004,QA_REQUIRED,Projected path contains a large step relative to the median supported step.,QA_REQUIRED,Projected path contains a large step relative to the median supported step.
54,54,1800.0,VALID_TARGET,,3.0,243.17222595214844,153.65807342529297,243.69059944152832,154.02656173706055,SUPPORTED,241.5,155.25,193.0,68.0,97.0,174.5,SUPPORTED,translation_median_sparse_flow,0.0,0.0,69.0,0.00015334892668761313,,,SUPPORTED,partial_affine_ransac_sparse_flow,-0.00010987370398270982,-0.00021576826410309025,69.0,0.00026269177404716107,1.0000002127866792,1.0,0.31505584716796875,0.29714202880859375,0.31505584716796875,0.29714202880859375,0.7391128540039062,10.60177993774414,-43.32391872755047,0.3431650088518491,path_segment_004,SUPPORTED,,0.31505584716796875,0.29714202880859375,0.31509968300454716,0.29734764653636603,4.600718222138227,8.970718646115046,-43.339723243198144,0.3433020811180966,path_segment_003,SUPPORTED,,0.31505584716796875,0.29714202880859375,0.31505584716796875,0.29714202880859375,0.7391128540039062,10.60177993774414,,,path_segment_004,QA_REQUIRED,Projected path contains a large step relative to the median supported step.,QA_REQUIRED,Projected path contains a large step relative to the median supported step.
55,55,1833.3333333333333,VALID_TARGET,,3.0,246.91691780090332,156.20509338378906,246.91691780090332,156.14617538452148,SUPPORTED,243.39999999999998,156.0,195.7,67.6,95.4,176.8,SUPPORTED,translation_median_sparse_flow,0.1772003173828125,0.8096046447753906,48.0,0.8850696086883545,,,SUPPORTED,partial_affine_ransac_sparse_flow,0.5660675239989257,1.9190779998803205,35.0,0.512508130808989,0.9986692007365022,0.7291666666666666,3.226318359375,2.1196136474609375,3.0491180419921875,1.3100090026855469,3.7882308959960938,11.911788940429688,-23.250071518560254,2.6296501104420806,path_segment_004,SUPPORTED,,3.226318359375,2.1196136474609375,2.6376317051906994,0.9557670742525204,7.238349927328926,9.926485720367566,-19.918391676226925,2.2230233278678058,path_segment_003,SUPPORTED,,3.226318359375,2.1196136474609375,3.0491180419921875,1.3100090026855469,3.7882308959960938,11.911788940429688,,,path_segment_004,QA_REQUIRED,Projected path contains a large step relative to the median supported step.,QA_REQUIRED,Projected path contains a large step relative to the median supported step.
56,56,1866.6666666666667,VALID_TARGET,,3.0,247.00736236572263,156.36260604858398,246.9313793182373,156.39239120483398,SUPPORTED,245.3,156.75,198.4,67.2,93.8,179.1,SUPPORTED,translation_median_sparse_flow,0.0289154052734375,0.224456787109375,62.0,0.24170126020908356,,,SUPPORTED,partial_affine_ransac_sparse_flow,-0.0016726013788311055,0.06424254969531515,62.0,0.28858423710417136,1.0002627099850063,1.0,0.014461517333984375,0.2462158203125,-0.014453887939453125,0.021759033203125,3.7737770080566406,11.933547973632812,-123.59492273858606,0.020699050245762594,path_segment_004,SUPPORTED,,0.014461517333984375,0.2462158203125,-0.038797743955399255,0.1252417421430323,7.199552183373527,10.051727462510598,-107.21208459859713,0.10389337459943626,path_segment_003,SUPPORTED,,0.014461517333984375,0.2462158203125,-0.014453887939453125,0.021759033203125,3.7737770080566406,11.933547973632812,,,path_segment_004,QA_REQUIRED,Projected path contains a large step relative to the median supported step.,QA_REQUIRED,Projected path contains a large step relative to the median supported step.
57,57,1900.0,VALID_TARGET,,3.0,247.0943489074707,156.7746810913086,246.93577575683594,156.42152404785156,SUPPORTED,247.2,157.5,201.1,66.8,92.2,181.4,SUPPORTED,translation_median_sparse_flow,0.0,0.0,63.0,0.000152587890625,,,SUPPORTED,partial_affine_ransac_sparse_flow,-0.00018469032452855745,-0.00043429002993360924,63.0,0.0002613621908593021,1.0000007983895296,1.0,0.0043964385986328125,0.029132843017578125,0.0043964385986328125,0.029132843017578125,3.7781734466552734,11.96268081665039,-81.41824694627073,0.02334602803457668,path_segment_004,SUPPORTED,,0.0043964385986328125,0.029132843017578125,0.004453210996700818,0.02933296307409705,7.204005394370228,10.081060425584695,-81.36750611117499,0.0235095483114811,path_segment_003,SUPPORTED,,0.0043964385986328125,0.029132843017578125,0.0043964385986328125,0.029132843017578125,3.7781734466552734,11.96268081665039,,,path_segment_004,QA_REQUIRED,Projected path contains a large step relative to the median supported step.,QA_REQUIRED,Projected path contains a large step relative to the median supported step.
58,58,1933.3333333333333,VALID_TARGET,,3.0,246.92631721496585,156.39239120483398,247.0943489074707,156.41317749023438,SUPPORTED,249.10000000000002,158.25,203.8,66.4,90.6,183.7,SUPPORTED,translation_median_sparse_flow,0.0,-2.288818359375e-05,63.0,0.00016469598631374538,,,SUPPORTED,partial_affine_ransac_sparse_flow,0.0001377213475766685,-0.0005452221510145468,63.0,0.00022897769644114924,1.0000000499592752,1.0,0.15857315063476562,-0.0083465576171875,0.15857315063476562,-0.00832366943359375,3.936746597290039,11.954357147216797,3.004757342951725,0.12582515333080577,path_segment_004,SUPPORTED,,0.15857315063476562,-0.0083465576171875,0.15866290258674098,-0.008187727073419637,7.362668296956969,10.072872698511276,2.954102268882316,0.12589057697924905,path_segment_003,SUPPORTED,,0.15857315063476562,-0.0083465576171875,0.15857315063476562,-0.00832366943359375,3.936746597290039,11.954357147216797,,,path_segment_004,QA_REQUIRED,Projected path contains a large step relative to the median supported step.,QA_REQUIRED,Projected path contains a large step relative to the median supported step.
59,59,1966.6666666666663,VALID_TARGET,,3.0,247.02288627624512,157.0241661071777,247.12249183654785,156.39239120483398,SUPPORTED,251.0,159.0,206.5,66.0,89.0,186.0,SUPPORTED,translation_median_sparse_flow,6.103515625e-05,0.0,63.0,0.00020142178982496262,,,SUPPORTED,partial_affine_ransac_sparse_flow,0.00010066654077363274,-8.077206702075803e-05,63.0,0.0002070621625242351,0.9999996844491432,1.0,0.028142929077148438,-0.020786285400390625,0.028081893920898438,-0.020786285400390625,3.9648284912109375,11.933570861816406,36.508933880665204,0.027684591301479697,path_segment_004,SUPPORTED,,0.028142929077148438,-0.020786285400390625,0.028169820108900012,-0.020734491844962122,7.390838117065869,10.052138206666314,36.3550527745042,0.027716273992923215,path_segment_003,SUPPORTED,,0.028142929077148438,-0.020786285400390625,0.028081893920898438,-0.020786285400390625,3.9648284912109375,11.933570861816406,,,path_segment_004,QA_REQUIRED,Projected path contains a large step relative to the median supported step.,QA_REQUIRED,Projected path contains a large step relative to the median supported step.
60,60,2000.0,VALID_TARGET,,3.0,252.28254508972168,155.2961082458496,252.28254508972168,156.0721893310547,SUPPORTED,252.3,159.25,207.9,66.0,88.8,186.5,SUPPORTED,translation_median_sparse_flow,0.6927490234375,-0.00911712646484375,61.0,3.1802518367767334,,,SUPPORTED,partial_affine_ransac_sparse_flow,0.7240791631155764,2.29959588755979,31.0,0.8817022974987235,0.9982811173828743,0.5081967213114754,5.160053253173828,-0.3202018737792969,4.467304229736328,-0.3110847473144531,8.432132720947266,11.622486114501953,3.983412702067191,3.548430424477163,path_segment_004,SUPPORTED,,5.160053253173828,-0.3202018737792969,4.420466703172934,-1.6530881102930834,11.811304820238803,8.39905009637323,20.503904228796113,3.7396580421198444,path_segment_003,SUPPORTED,,5.160053253173828,-0.3202018737792969,4.467304229736328,-0.3110847473144531,8.432132720947266,11.622486114501953,,,path_segment_004,QA_REQUIRED,Projected path contains a large step relative to the median supported step.,QA_REQUIRED,Projected path contains a large step relative to the median supported step.
61,61,2033.3333333333333,VALID_TARGET,,3.0,252.76004219055176,155.2320213317871,252.5503158569336,155.89546966552734,SUPPORTED,253.60000000000002,159.5,209.3,66.0,88.6,187.0,SUPPORTED,translation_median_sparse_flow,0.0,-6.103515625e-05,51.0,0.0003363703435752541,,,SUPPORTED,partial_affine_ransac_sparse_flow,-0.010040966009001185,-0.024838277958724182,51.0,0.027748375453920344,1.0000225552266835,1.0,0.26777076721191406,-0.17671966552734375,0.26777076721191406,-0.17665863037109375,8.69990348815918,11.44582748413086,33.41436524315026,0.2541955645060647,path_segment_004,SUPPORTED,,0.26777076721191406,-0.17671966552734375,0.269021868821568,-0.1503912197861439,12.08032668906037,8.248658876587086,29.206487733002444,0.24421926690389698,path_segment_003,SUPPORTED,,0.26777076721191406,-0.17671966552734375,0.26777076721191406,-0.17665863037109375,8.69990348815918,11.44582748413086,,,path_segment_004,QA_REQUIRED,Projected path contains a large step relative to the median supported step.,QA_REQUIRED,Projected path contains a large step relative to the median supported step.
62,62,2066.666666666667,VALID_TARGET,,3.0,252.5503158569336,156.0721893310547,252.75096130371094,155.38035202026367,SUPPORTED,254.89999999999998,159.75,210.7,66.0,88.4,187.5,SUPPORTED,translation_median_sparse_flow,-0.005859375,-0.1493988037109375,51.0,0.3667909502983093,,,SUPPORTED,partial_affine_ransac_sparse_flow,-0.03791698577355354,-0.2516733021754372,51.0,0.32645967734348746,1.0002028874406517,1.0,0.20064544677734375,-0.5151176452636719,0.20650482177734375,-0.3657188415527344,8.906408309936523,11.080108642578125,60.548555671251805,0.33279965188628524,path_segment_004,SUPPORTED,,0.20064544677734375,-0.5151176452636719,0.17097131759760487,-0.2685805431320887,12.251298006657976,7.980078333454998,57.520240755399655,0.25228299689768285,path_segment_003,SUPPORTED,,0.20064544677734375,-0.5151176452636719,0.20650482177734375,-0.3657188415527344,8.906408309936523,11.080108642578125,,,path_segment_004,QA_REQUIRED,Projected path contains a large step relative to the median supported step.,QA_REQUIRED,Projected path contains a large step relative to the median supported step.
63,63,2100.0,VALID_TARGET,,3.0,252.75096130371097,155.89546966552734,252.75550174713135,155.6379108428955,SUPPORTED,256.2,160.0,212.1,66.0,88.2,188.0,SUPPORTED,translation_median_sparse_flow,-0.00140380859375,-0.00554656982421875,53.0,0.017355652526021004,,,SUPPORTED,partial_affine_ransac_sparse_flow,-0.011840032723804437,-0.038776308597317274,53.0,0.022373654355942407,1.0000288052171438,1.0,0.004540443420410156,0.25755882263183594,0.005944252014160156,0.2631053924560547,8.912352561950684,11.34321403503418,-88.70575581901576,0.20853592715818547,path_segment_004,SUPPORTED,,0.004540443420410156,0.25755882263183594,0.01555935686894827,0.2813525660823757,12.266857363526924,8.261430899537373,-86.83465360231169,0.2232823008675952,path_segment_003,SUPPORTED,,0.004540443420410156,0.25755882263183594,0.005944252014160156,0.2631053924560547,8.912352561950684,11.34321403503418,,,path_segment_004,QA_REQUIRED,Projected path contains a large step relative to the median supported step.,QA_REQUIRED,Projected path contains a large step relative to the median supported step.
64,64,2133.3333333333335,VALID_TARGET,,3.0,252.9369840621948,155.38035202026367,252.75096130371094,155.89546966552734,SUPPORTED,257.5,160.25,213.5,66.0,88.0,188.5,SUPPORTED,translation_median_sparse_flow,3.0517578125e-05,-2.288818359375e-05,53.0,0.0001726334885461256,,,SUPPORTED,partial_affine_ransac_sparse_flow,0.00030420223530134357,0.00023765202090782499,53.0,0.00023331183826163273,0.9999993286115071,1.0,-0.004540443420410156,0.25755882263183594,-0.004570960998535156,0.2575817108154297,8.907781600952148,11.60079574584961,-91.01664550129625,0.2041379374019896,path_segment_004,SUPPORTED,,-0.004540443420410156,0.25755882263183594,-0.004710251244688379,0.257482995646626,12.262147112282236,8.518913895184,-91.04802034511425,0.2040617174826972,path_segment_003,SUPPORTED,,-0.004540443420410156,0.25755882263183594,-0.004570960998535156,0.2575817108154297,8.907781600952148,11.60079574584961,,,path_segment_004,QA_REQUIRED,Projected path contains a large step relative to the median supported step.,QA_REQUIRED,Projected path contains a large step relative to the median supported step.
65,65,2166.6666666666665,TARGET_IDENTITY_UNCERTAIN,TARGET_OVERLAP_AMBIGUOUS: another detected person overlaps or is too close to the selected pose for automated identity acceptance.,,252.89887142181396,155.61488723754883,,,,258.8,160.5,214.9,66.0,87.8,189.0,,,,,,,,,,,,,,,,,,,,,,,,,,,,,,,,,,,,,,,,,,,,,,,,,,,
66,66,2200.0,VALID_TARGET,,4.0,252.15235710144043,156.0746612548828,259.18588066101074,158.77701950073242,SUPPORTED,260.1,160.75,216.3,66.0,87.6,189.5,SUPPORTED,translation_median_sparse_flow,0.0,-1.52587890625e-05,53.0,0.000152587890625,,,SUPPORTED,partial_affine_ransac_sparse_flow,-0.0002458039841624028,-0.00011464150477170503,53.0,0.0002088349026740429,1.0000004285652884,1.0,,,,,0.0,0.0,,,path_segment_005,SUPPORTED,,,,,,0.0,0.0,,,path_segment_004,INSUFFICIENT_EVIDENCE,Continuous path run is shorter than the configured minimum sample count.,,,,,0.0,0.0,,,path_segment_005,QA_REQUIRED,Projected path contains a large step relative to the median supported step.,QA_REQUIRED,Projected path contains a large step relative to the median supported step.
67,67,2233.3333333333335,VALID_TARGET,,4.0,259.18588066101074,158.77701950073242,259.55853939056396,158.78090476989746,SUPPORTED,261.4,161.0,217.7,66.0,87.4,190.0,SUPPORTED,translation_median_sparse_flow,0.000244140625,-2.841136932373047,48.0,2.8526129722595215,,,LOW_BACKGROUND_FEATURE_COUNT,partial_affine_ransac_sparse_flow,0.0,0.0,24.0,,,,0.37265872955322266,0.0038852691650390625,0.37241458892822266,2.845022201538086,0.37241458892822266,2.845022201538086,-82.54236108460802,2.2736063317192867,path_segment_005,SUPPORTED,,,,,,,,,,,LOW_BACKGROUND_FEATURE_COUNT,Camera compensation was not supported.,0.37265872955322266,0.0038852691650390625,0.37241458892822266,2.845022201538086,0.37241458892822266,2.845022201538086,,,path_segment_005,QA_REQUIRED,Projected path contains a large step relative to the median supported step.,QA_REQUIRED,Projected path contains a large step relative to the median supported step.
68,68,2266.6666666666665,VALID_TARGET,,4.0,260.03060150146484,159.1032676696777,259.67167949676514,158.7674331665039,SUPPORTED,262.7,161.25,219.1,66.0,87.2,190.5,SUPPORTED,translation_median_sparse_flow,-0.04888916015625,-0.47265625,55.0,0.3621211647987366,,,SUPPORTED,partial_affine_ransac_sparse_flow,1.133856953494867,-0.39917441597893166,48.0,0.2503892026994726,0.9970784385086046,0.8727272727272727,0.11314010620117188,-0.013471603393554688,0.16202926635742188,0.4591846466064453,0.5344438552856445,3.3042068481445312,-70.56394891701018,0.3858422570506641,path_segment_005,SUPPORTED,,,,,,0.0,0.0,,,path_segment_005,SUPPORTED,,0.11314010620117188,-0.013471603393554688,0.16202926635742188,0.4591846466064453,0.5344438552856445,3.3042068481445312,,,path_segment_005,QA_REQUIRED,Projected path contains a large step relative to the median supported step.,QA_REQUIRED,Projected path contains a large step relative to the median supported step.
69,69,2300.0,VALID_TARGET,,4.0,260.1320037841797,158.7847900390625,259.9311981201172,158.88105010986328,SUPPORTED,264.0,161.5,220.5,66.0,87.0,191.0,SUPPORTED,translation_median_sparse_flow,-0.000804901123046875,-0.0001819133758544922,46.0,0.007631365675479174,,,SUPPORTED,partial_affine_ransac_sparse_flow,-0.037067072136531515,-0.029229128228275936,46.0,0.031510330812403314,1.0000453872616388,1.0,0.2595186233520508,0.113616943359375,0.26032352447509766,0.11379885673522949,0.7947673797607422,3.4180057048797607,-23.612253281450837,0.22512665357419956,path_segment_005,SUPPORTED,,0.2595186233520508,0.113616943359375,0.28522595920770755,0.13494322935525815,0.28522595920770755,0.13494322935525815,-25.31929531666035,0.2500290413784181,path_segment_005,SUPPORTED,,0.2595186233520508,0.113616943359375,0.26032352447509766,0.11379885673522949,0.7947673797607422,3.4180057048797607,,,path_segment_005,QA_REQUIRED,Projected path contains a large step relative to the median supported step.,QA_REQUIRED,Projected path contains a large step relative to the median supported step.
70,70,2333.3333333333335,VALID_TARGET,,4.0,259.67167949676514,158.7674331665039,260.23140716552734,159.10326766967773,SUPPORTED,264.43333333333334,161.63333333333333,221.5,66.46666666666667,85.86666666666666,190.33333333333334,SUPPORTED,translation_median_sparse_flow,1.52587890625e-05,0.0,48.0,0.00022325324243865907,,,SUPPORTED,partial_affine_ransac_sparse_flow,-0.0006244985359996586,-0.0013867896468107083,48.0,0.0015992035046790073,1.000002906143431,1.0,0.30020904541015625,0.22221755981445312,0.30019378662109375,0.22221755981445312,1.094961166381836,3.640223264694214,-36.51058577393653,0.29595296108015595,path_segment_005,SUPPORTED,,0.30020904541015625,0.22221755981445312,0.2998566750223972,0.2235049489226526,0.5850826342301048,0.35844817827791076,-36.69983683014909,0.296346817598988,path_segment_005,SUPPORTED,,0.30020904541015625,0.22221755981445312,0.30019378662109375,0.22221755981445312,1.094961166381836,3.640223264694214,,,path_segment_005,QA_REQUIRED,Projected path contains a large step relative to the median supported step.,QA_REQUIRED,Projected path contains a large step relative to the median supported step.
71,71,2366.6666666666665,VALID_TARGET,,4.0,263.39754486083984,159.5925331115723,263.39754486083984,159.40681838989258,SUPPORTED,264.8666666666667,161.76666666666665,222.5,66.93333333333334,84.73333333333333,189.66666666666666,SUPPORTED,translation_median_sparse_flow,-0.4589080810546875,-1.7053680419921875,48.0,1.7660624980926514,,,SUPPORTED,partial_affine_ransac_sparse_flow,-1.8970022155979325,-4.030615043580884,41.0,1.3943308699806827,1.0039370022393288,0.8541666666666666,3.1661376953125,0.30355072021484375,3.6250457763671875,2.0089187622070312,4.720006942749023,5.649142026901245,-28.994233388918104,3.284054369137613,path_segment_005,SUPPORTED,,3.1661376953125,0.30355072021484375,4.909281500958684,2.2923356407516735,5.494364135188789,2.6507838190295843,-25.02971146505639,4.293264446309958,path_segment_005,SUPPORTED,,3.1661376953125,0.30355072021484375,3.6250457763671875,2.0089187622070312,4.720006942749023,5.649142026901245,,,path_segment_005,QA_REQUIRED,Projected path contains a large step relative to the median supported step.,QA_REQUIRED,Projected path contains a large step relative to the median supported step.
72,72,2400.0,VALID_TARGET,,4.0,263.7157859802246,159.4095802307129,263.7157859802246,159.59529495239258,SUPPORTED,265.3,161.9,223.5,67.4,83.6,189.0,SUPPORTED,translation_median_sparse_flow,-3.0517578125e-05,-1.52587890625e-05,52.0,0.0002206589124398306,,,SUPPORTED,partial_affine_ransac_sparse_flow,-0.004996599630786358,0.0023015040515723495,52.0,0.0020375858682345673,1.0000105274488535,1.0,0.3182411193847656,0.1884765625,0.3182716369628906,0.1884918212890625,5.038278579711914,5.837633848190308,-30.635531078341035,0.29310595774641096,path_segment_005,SUPPORTED,,0.3182411193847656,0.1884765625,0.31795517400888684,0.1886438166157518,5.812319309197676,2.839427635645336,-30.680790911677516,0.2929516594175001,path_segment_005,SUPPORTED,,0.3182411193847656,0.1884765625,0.3182716369628906,0.1884918212890625,5.038278579711914,5.837633848190308,,,path_segment_005,QA_REQUIRED,Projected path contains a large step relative to the median supported step.,QA_REQUIRED,Projected path contains a large step relative to the median supported step.
73,73,2433.333333333333,VALID_TARGET,,4.0,267.44401931762695,160.36351013183594,267.44401931762695,160.36351013183594,SUPPORTED,265.73333333333335,162.03333333333333,224.5,67.86666666666666,82.46666666666667,188.33333333333334,SUPPORTED,translation_median_sparse_flow,-0.38519287109375,-1.16204833984375,52.0,1.437334656715393,,,SUPPORTED,partial_affine_ransac_sparse_flow,-0.9038997179617747,-3.316473681588603,35.0,0.8167798889981057,1.0031100029772255,0.6730769230769231,3.7282333374023438,0.7682151794433594,4.113426208496094,1.9302635192871094,9.151704788208008,7.767897367477417,-25.138754388536206,3.6004792594387296,path_segment_005,SUPPORTED,,3.7282333374023438,0.7682151794433594,4.601622830548365,2.290738587850484,10.413942139746041,5.13016622349582,-26.464628226139393,4.0731142366605075,path_segment_005,SUPPORTED,,3.7282333374023438,0.7682151794433594,4.113426208496094,1.9302635192871094,9.151704788208008,7.767897367477417,,,path_segment_005,QA_REQUIRED,Projected path contains a large step relative to the median supported step.,QA_REQUIRED,Projected path contains a large step relative to the median supported step.
74,74,2466.666666666667,VALID_TARGET,,4.0,268.0273971557617,160.54576110839844,267.9898109436035,160.5258560180664,SUPPORTED,266.1666666666667,162.16666666666666,225.5,68.33333333333333,81.33333333333333,187.66666666666666,SUPPORTED,translation_median_sparse_flow,-0.2563600540161133,-0.21868896484375,46.0,0.3640667200088501,,,SUPPORTED,partial_affine_ransac_sparse_flow,0.05687963820451621,-0.9932046250350565,41.0,0.401464444952625,1.000282792179364,0.8913043478260869,0.5457916259765625,0.16234588623046875,0.8021516799926758,0.38103485107421875,9.953856468200684,8.148932218551636,-25.40846424876947,0.7036850388539934,path_segment_005,SUPPORTED,,0.5457916259765625,0.16234588623046875,0.7738862912602826,0.5103333089885211,11.187828431006324,5.640499532484341,-33.402544868455955,0.7345525346072266,path_segment_005,SUPPORTED,,0.5457916259765625,0.16234588623046875,0.8021516799926758,0.38103485107421875,9.953856468200684,8.148932218551636,,,path_segment_005,QA_REQUIRED,Projected path contains a large step relative to the median supported step.,QA_REQUIRED,Projected path contains a large step relative to the median supported step.
75,75,2500.0,VALID_TARGET,,4.0,268.0443229675293,160.76930236816406,268.0819091796875,160.73830795288086,SUPPORTED,266.6,162.3,226.5,68.8,80.2,187.0,SUPPORTED,translation_median_sparse_flow,0.0,1.9073486328125e-05,48.0,0.00016432194388471544,,,SUPPORTED,partial_affine_ransac_sparse_flow,0.01319673960602078,-0.00376540230366978,48.0,0.004124826224711151,0.9999632200502672,1.0,0.09209823608398438,0.21245193481445312,0.09209823608398438,0.212432861328125,10.045954704284668,8.36136507987976,-66.56131759715016,0.18346889470282235,path_segment_005,SUPPORTED,,0.09209823608398438,0.21245193481445312,0.09310408381492152,0.21486637284638732,11.280932514821245,5.8553659053307285,-66.57235736126557,0.18555511444965683,path_segment_005,SUPPORTED,,0.09209823608398438,0.21245193481445312,0.09209823608398438,0.212432861328125,10.045954704284668,8.36136507987976,,,path_segment_005,QA_REQUIRED,Projected path contains a large step relative to the median supported step.,QA_REQUIRED,Projected path contains a large step relative to the median supported step.
76,76,2533.333333333333,VALID_TARGET,,4.0,268.78290939331055,160.75546646118164,268.67925453186035,160.80546188354492,SUPPORTED,267.0333333333333,162.43333333333334,227.5,69.26666666666667,79.06666666666666,186.33333333333334,SUPPORTED,translation_median_sparse_flow,-3.0517578125e-05,4.57763671875e-05,47.0,0.0001911920844577253,,,SUPPORTED,partial_affine_ransac_sparse_flow,0.009662251860351835,-0.00398073121452255,47.0,0.0034717336244558953,0.9999729226552658,1.0,0.5973453521728516,0.0671539306640625,0.5973758697509766,0.067108154296875,10.643330574035645,8.428473234176636,-6.409634279309739,0.4763336126241954,path_segment_005,SUPPORTED,,0.5973453521728516,0.0671539306640625,0.5984207604438438,0.06968531644531595,11.879353275265089,5.9250512217760445,-6.642103569093645,0.4773883046625901,path_segment_005,SUPPORTED,,0.5973453521728516,0.0671539306640625,0.5973758697509766,0.067108154296875,10.643330574035645,8.428473234176636,,,path_segment_005,QA_REQUIRED,Projected path contains a large step relative to the median supported step.,QA_REQUIRED,Projected path contains a large step relative to the median supported step.
77,77,2566.666666666667,VALID_TARGET,,4.0,268.67925453186035,161.0580825805664,268.7049961090088,160.80546188354492,SUPPORTED,267.4666666666667,162.56666666666666,228.5,69.73333333333333,77.93333333333334,185.66666666666666,SUPPORTED,translation_median_sparse_flow,0.0,0.0,48.0,6.197438051458448e-05,,,SUPPORTED,partial_affine_ransac_sparse_flow,0.008223645506762068,-0.0036504797481725876,48.0,0.003375146285451963,0.9999759431585445,1.0,0.0257415771484375,0.0,0.0257415771484375,0.0,10.669072151184082,8.428473234176636,-0.0,0.020397431348824702,path_segment_005,SUPPORTED,,0.0257415771484375,0.0,0.02701169007542603,0.002456124302000262,11.906364965340515,5.927507346078045,-5.1955146849845795,0.02149215998239067,path_segment_005,SUPPORTED,,0.0257415771484375,0.0,0.0257415771484375,0.0,10.669072151184082,8.428473234176636,,,path_segment_005,QA_REQUIRED,Projected path contains a large step relative to the median supported step.,QA_REQUIRED,Projected path contains a large step relative to the median supported step.
78,78,2600.0,VALID_TARGET,,4.0,268.73048210144043,161.11077880859375,268.8083953857422,160.75546646118164,SUPPORTED,267.9,162.7,229.5,70.2,76.8,185.0,SUPPORTED,translation_median_sparse_flow,0.0,-3.0517578125e-05,48.0,0.00013566622510552406,,,SUPPORTED,partial_affine_ransac_sparse_flow,0.010738908074230032,-0.0048978748736778245,48.0,0.0033318010367668635,0.9999719647129731,1.0,0.10339927673339844,-0.04999542236328125,0.10339927673339844,-0.04996490478515625,10.77247142791748,8.37850832939148,25.79090001860698,0.09099723286157112,path_segment_005,SUPPORTED,,0.10339927673339844,-0.04999542236328125,0.10405771510960449,-0.04704607425821905,12.01042268045012,5.880461271819826,24.328448705386435,0.09049018091766611,path_segment_005,SUPPORTED,,0.10339927673339844,-0.04999542236328125,0.10339927673339844,-0.04996490478515625,10.77247142791748,8.37850832939148,,,path_segment_005,QA_REQUIRED,Projected path contains a large step relative to the median supported step.,QA_REQUIRED,Projected path contains a large step relative to the median supported step.
79,79,2633.3333333333335,VALID_TARGET,,4.0,272.621524810791,158.04415130615234,272.3290824890137,158.10953903198242,SUPPORTED,268.3333333333333,162.83333333333334,230.5,70.66666666666667,75.66666666666667,184.33333333333334,SUPPORTED,translation_median_sparse_flow,-2.0275421142578125,-0.9322700500488281,46.0,2.576004981994629,,,LOW_BACKGROUND_FEATURE_COUNT,partial_affine_ransac_sparse_flow,0.0,0.0,23.0,,,,3.5206871032714844,-2.6459274291992188,5.548229217529297,-1.7136573791503906,16.320700645446777,6.664850950241089,17.164121565127836,4.601301507361069,path_segment_005,SUPPORTED,,,,,,,,,,,LOW_BACKGROUND_FEATURE_COUNT,Camera compensation was not supported.,3.5206871032714844,-2.6459274291992188,5.548229217529297,-1.7136573791503906,16.320700645446777,6.664850950241089,,,path_segment_005,QA_REQUIRED,Projected path contains a large step relative to the median supported step.,QA_REQUIRED,Projected path contains a large step relative to the median supported step.
80,80,2666.6666666666665,VALID_TARGET,,4.0,272.3290824890137,158.02777481079102,272.621524810791,157.96245193481445,SUPPORTED,268.76666666666665,162.96666666666664,231.5,71.13333333333333,74.53333333333333,183.66666666666666,SUPPORTED,translation_median_sparse_flow,0.0,3.0517578125e-05,48.0,0.0002601091400720179,,,SUPPORTED,partial_affine_ransac_sparse_flow,0.07251120491619825,0.00843315516488325,48.0,0.022529375516593182,0.9998549161857537,1.0,0.29244232177734375,-0.14708709716796875,0.29244232177734375,-0.14711761474609375,16.61314296722412,6.517733335494995,26.70538659070443,0.2593994491964903,path_segment_005,SUPPORTED,,,,,,0.0,0.0,,,path_segment_006,SUPPORTED,,0.29244232177734375,-0.14708709716796875,0.29244232177734375,-0.14711761474609375,16.61314296722412,6.517733335494995,,,path_segment_005,QA_REQUIRED,Projected path contains a large step relative to the median supported step.,QA_REQUIRED,Projected path contains a large step relative to the median supported step.
81,81,2700.0,VALID_TARGET,,4.0,275.1233615875244,157.11067581176758,274.84207344055176,157.65195083618164,SUPPORTED,269.2,163.1,232.5,71.6,73.4,183.0,SUPPORTED,translation_median_sparse_flow,-1.1522674560546875,-0.0725393295288086,46.0,1.1543877124786377,,,SUPPORTED,partial_affine_ransac_sparse_flow,-2.218996564543864,-0.5811300088891663,36.0,0.6170953772123469,1.0034483253760123,0.782608695652174,2.220548629760742,-0.3105010986328125,3.3728160858154297,-0.2379617691040039,19.98595905303955,6.279771566390991,4.0356929310034655,2.679237430846981,path_segment_005,SUPPORTED,,2.220548629760742,-0.3105010986328125,3.556269895323908,-0.3720869879117288,3.556269895323908,-0.3720869879117288,5.9730357311079425,2.8333436958956946,path_segment_006,SUPPORTED,,2.220548629760742,-0.3105010986328125,3.3728160858154297,-0.2379617691040039,19.98595905303955,6.279771566390991,,,path_segment_005,QA_REQUIRED,Projected path contains a large step relative to the median supported step.,QA_REQUIRED,Projected path contains a large step relative to the median supported step.
82,82,2733.3333333333335,VALID_TARGET,,4.0,274.84207344055176,157.52728652954102,274.9555892944336,157.61711502075195,SUPPORTED,269.6333333333333,163.23333333333335,233.5,72.06666666666666,72.26666666666667,182.33333333333334,SUPPORTED,translation_median_sparse_flow,6.103515625e-05,0.0,47.0,0.0004401307669468224,,,SUPPORTED,partial_affine_ransac_sparse_flow,0.010297131503827264,-0.021422104691850085,47.0,0.009865033719946636,1.0000062784526325,1.0,0.11351585388183594,-0.0348358154296875,0.11345481872558594,-0.0348358154296875,20.099413871765137,6.244935750961304,17.068879622843596,0.09404309716626119,path_segment_005,SUPPORTED,,0.11351585388183594,-0.0348358154296875,0.10784689391812208,-0.02547980344570533,3.66411678924203,-0.3975667913574341,13.292894273850472,0.08780971530958244,path_segment_006,SUPPORTED,,0.11351585388183594,-0.0348358154296875,0.11345481872558594,-0.0348358154296875,20.099413871765137,6.244935750961304,,,path_segment_005,QA_REQUIRED,Projected path contains a large step relative to the median supported step.,QA_REQUIRED,Projected path contains a large step relative to the median supported step.
83,83,2766.6666666666665,VALID_TARGET,,4.0,274.96849632263184,157.79166412353516,275.13626861572266,157.52728652954102,SUPPORTED,270.06666666666666,163.36666666666667,234.5,72.53333333333333,71.13333333333333,181.66666666666666,SUPPORTED,translation_median_sparse_flow,3.0517578125e-05,3.0517578125e-05,47.0,0.00018374015053268522,,,SUPPORTED,partial_affine_ransac_sparse_flow,-0.002398209701946762,-0.002793066222135179,47.0,0.0013837514046348605,1.0000076409098408,1.0,0.1806793212890625,-0.0898284912109375,0.1806488037109375,-0.0898590087890625,20.280062675476074,6.155076742172241,26.446843797515864,0.1598761130086899,path_segment_005,SUPPORTED,,0.1806793212890625,-0.0898284912109375,0.1812297358033561,-0.08868131064417639,3.845346525045386,-0.4862481020016105,26.073931945945347,0.1598760349612478,path_segment_006,SUPPORTED,,0.1806793212890625,-0.0898284912109375,0.1806488037109375,-0.0898590087890625,20.280062675476074,6.155076742172241,,,path_segment_005,QA_REQUIRED,Projected path contains a large step relative to the median supported step.,QA_REQUIRED,Projected path contains a large step relative to the median supported step.
84,84,2800.0,VALID_TARGET,,4.0,277.3776321411133,158.30745315551758,277.3776321411133,157.75682830810547,SUPPORTED,270.5,163.5,235.5,73.0,70.0,181.0,SUPPORTED,translation_median_sparse_flow,-0.92633056640625,-0.2119903564453125,47.0,1.9315619468688965,,,SUPPORTED,partial_affine_ransac_sparse_flow,-3.430300973146855,-1.5517860882890093,28.0,0.9803007314942678,1.0054109659190626,0.5957446808510638,2.241363525390625,0.22954177856445312,3.167694091796875,0.4415321350097656,23.44775676727295,6.596608877182007,-7.935102839155017,2.53432284036434,path_segment_005,SUPPORTED,,2.241363525390625,0.22954177856445312,4.591861047130408,0.2168131725172202,8.437207572175794,-0.2694349294843903,-2.703317945950896,3.642609713998676,path_segment_006,SUPPORTED,,2.241363525390625,0.22954177856445312,3.167694091796875,0.4415321350097656,23.44775676727295,6.596608877182007,,,path_segment_005,QA_REQUIRED,Projected path contains a large step relative to the median supported step.,QA_REQUIRED,Projected path contains a large step relative to the median supported step.
85,85,2833.3333333333335,VALID_TARGET,,4.0,279.7415523529053,156.82219696044922,279.1782646179199,158.06210327148438,SUPPORTED,271.525,164.3,237.0,74.15,69.05,180.3,SUPPORTED,translation_median_sparse_flow,-0.15032958984375,-0.2016448974609375,51.0,1.005452275276184,,,SUPPORTED,partial_affine_ransac_sparse_flow,0.5980301921531083,-0.14287815590964512,47.0,1.1982041819779654,0.9985847773826851,0.9215686274509803,1.8006324768066406,0.30527496337890625,1.9509620666503906,0.5069198608398438,25.39871883392334,7.103528738021851,-14.56513044760733,1.5972597063132346,path_segment_005,SUPPORTED,,1.8006324768066406,0.30527496337890625,1.600080011335308,0.6627521692586242,10.037287583511102,0.39331723977423394,-22.499307037497168,1.3723487987110314,path_segment_006,SUPPORTED,,1.8006324768066406,0.30527496337890625,1.9509620666503906,0.5069198608398438,25.39871883392334,7.103528738021851,,,path_segment_005,QA_REQUIRED,Projected path contains a large step relative to the median supported step.,QA_REQUIRED,Projected path contains a large step relative to the median supported step.
86,86,2866.6666666666665,VALID_TARGET,,4.0,279.21771240234375,158.55062866210938,279.22996616363525,157.9018096923828,SUPPORTED,272.55,165.1,238.5,75.3,68.1,179.6,SUPPORTED,translation_median_sparse_flow,0.0,3.0517578125e-05,49.0,0.00018874079978559166,,,SUPPORTED,partial_affine_ransac_sparse_flow,0.007927323448772889,0.001794936041025712,49.0,0.002115112123471033,0.999983416936329,1.0,0.05170154571533203,-0.1602935791015625,0.05170154571533203,-0.1603240966796875,25.450420379638672,6.943204641342163,72.12645181691445,0.1334819496415402,path_segment_005,SUPPORTED,,0.05170154571533203,-0.1602935791015625,0.0488519425581444,-0.16025879947144972,10.086139526069246,0.23305844030278422,73.04712317514112,0.1327568242776359,path_segment_006,SUPPORTED,,0.05170154571533203,-0.1602935791015625,0.05170154571533203,-0.1603240966796875,25.450420379638672,6.943204641342163,,,path_segment_005,QA_REQUIRED,Projected path contains a large step relative to the median supported step.,QA_REQUIRED,Projected path contains a large step relative to the median supported step.
87,87,2900.0,VALID_TARGET,,4.0,279.22996616363525,157.77766036987305,279.3772020339966,157.9018096923828,SUPPORTED,273.575,165.9,240.0,76.45,67.15,178.9,SUPPORTED,translation_median_sparse_flow,-3.0517578125e-05,3.814697265625e-05,49.0,0.000167325692018494,,,SUPPORTED,partial_affine_ransac_sparse_flow,0.0007945929465614385,-0.0013035494405326563,49.0,0.0009160810871521966,1.0000005149771647,1.0,0.14723587036132812,0.0,0.14726638793945312,-3.814697265625e-05,25.597686767578125,6.943166494369507,0.01484154338339469,0.11669277765849276,path_segment_005,SUPPORTED,,0.14723587036132812,0.0,0.14665815448893227,0.000584427391487452,10.232797680558178,0.23364286769427167,-0.22832038105713426,0.1162117368566949,path_segment_006,SUPPORTED,,0.14723587036132812,0.0,0.14726638793945312,-3.814697265625e-05,25.597686767578125,6.943166494369507,,,path_segment_005,QA_REQUIRED,Projected path contains a large step relative to the median supported step.,QA_REQUIRED,Projected path contains a large step relative to the median supported step.
88,88,2933.333333333333,VALID_TARGET,,4.0,279.05405712127686,157.65939712524414,279.3772020339966,158.55062866210938,SUPPORTED,274.6,166.7,241.5,77.6,66.2,178.2,SUPPORTED,translation_median_sparse_flow,0.0,3.0517578125e-05,49.0,0.0001220703125,,,SUPPORTED,partial_affine_ransac_sparse_flow,-0.00019024601947698153,9.952119429918042e-05,49.0,0.00014680876308147505,1.0000003057079758,1.0,0.0,0.6488189697265625,0.0,0.6487884521484375,25.597686767578125,7.591954946517944,-90.0,0.5140950702553061,path_segment_005,SUPPORTED,,0.0,0.6488189697265625,7.777211652637561e-05,0.6487190649485228,10.232875452674705,0.8823619326427945,-89.99313105740192,0.5140400920560997,path_segment_006,SUPPORTED,,0.0,0.6488189697265625,0.0,0.6487884521484375,25.597686767578125,7.591954946517944,,,path_segment_005,QA_REQUIRED,Projected path contains a large step relative to the median supported step.,QA_REQUIRED,Projected path contains a large step relative to the median supported step.
89,89,2966.666666666667,VALID_TARGET,,4.0,281.4153184890747,160.47716903686523,281.4153184890747,160.47716903686523,SUPPORTED,275.625,167.5,243.0,78.75,65.25,177.5,SUPPORTED,translation_median_sparse_flow,-2.78656005859375,-1.280792236328125,47.0,2.53863787651062,,,SUPPORTED,partial_affine_ransac_sparse_flow,-7.135648306595178,-4.802037257352624,29.0,0.6466166507660474,1.0125665534539052,0.6170212765957447,2.038116455078125,1.9265403747558594,4.824676513671875,3.2073326110839844,30.42236328125,10.799287557601929,-33.615034773047576,4.590714961766804,path_segment_005,SUPPORTED,,2.038116455078125,1.9265403747558594,6.7457494950804175,2.8429994174657054,16.978624947755122,3.7253613501085,-22.853014189047393,5.8006040151203555,path_segment_006,SUPPORTED,,2.038116455078125,1.9265403747558594,4.824676513671875,3.2073326110839844,30.42236328125,10.799287557601929,,,path_segment_005,QA_REQUIRED,Projected path contains a large step relative to the median supported step.,QA_REQUIRED,Projected path contains a large step relative to the median supported step.
90,90,3000.0,VALID_TARGET,,4.0,282.32328510284424,160.60748291015625,282.32328510284424,160.60748291015625,SUPPORTED,276.65,168.3,244.5,79.9,64.3,176.8,SUPPORTED,translation_median_sparse_flow,-1.11566162109375,-0.41022491455078125,43.0,0.7855210900306702,,,SUPPORTED,partial_affine_ransac_sparse_flow,-1.8714032771969493,-1.5407386529931453,40.0,0.7146006331711363,1.003365307940858,0.9302325581395349,0.9079666137695312,0.13031387329101562,2.0236282348632812,0.5405387878417969,32.44599151611328,11.339826345443726,-14.95532619435813,1.6597271123906236,path_segment_005,SUPPORTED,,0.9079666137695312,0.13031387329101562,2.177874920521674,0.5265334070203949,19.156499868276796,4.251894757128895,-13.591301281136836,1.775450123176012,path_segment_006,SUPPORTED,,0.9079666137695312,0.13031387329101562,2.0236282348632812,0.5405387878417969,32.44599151611328,11.339826345443726,,,path_segment_005,QA_REQUIRED,Projected path contains a large step relative to the median supported step.,QA_REQUIRED,Projected path contains a large step relative to the median supported step.
91,91,3033.333333333333,VALID_TARGET,,4.0,282.6811304092407,161.2763633728027,282.5536079406738,161.27636337280273,SUPPORTED,277.675,169.1,246.0,81.05,63.35,176.1,SUPPORTED,translation_median_sparse_flow,-7.62939453125e-05,-5.91278076171875e-05,40.0,0.000651722657494247,,,SUPPORTED,partial_affine_ransac_sparse_flow,-0.039707901862254306,0.030030642869567505,40.0,0.025616039007980283,1.0001008799530018,1.0,0.23032283782958984,0.6688804626464844,0.23039913177490234,0.6689395904541016,32.676390647888184,12.008765935897827,-70.99504134241754,0.5606219612997796,path_segment_005,SUPPORTED,,0.23032283782958984,0.6688804626464844,0.2156211707048783,0.6682351703549898,19.372121038981675,4.920129927483885,-72.1165321883819,0.5563874478056903,path_segment_006,SUPPORTED,,0.23032283782958984,0.6688804626464844,0.23039913177490234,0.6689395904541016,32.676390647888184,12.008765935897827,,,path_segment_005,QA_REQUIRED,Projected path contains a large step relative to the median supported step.,QA_REQUIRED,Projected path contains a large step relative to the median supported step.
92,92,3066.666666666667,VALID_TARGET,,4.0,283.16619300842285,163.53436660766602,283.02206897735596,162.3905143737793,SUPPORTED,278.7,169.9,247.5,82.2,62.4,175.4,SUPPORTED,translation_median_sparse_flow,-1.670196533203125,-0.8509979248046875,38.0,1.605068325996399,,,SUPPORTED,partial_affine_ransac_sparse_flow,-3.031038417893973,-1.9185255307782496,32.0,0.7847556452720342,1.0047679910115277,0.8421052631578947,0.4684610366821289,1.1141510009765625,2.138657569885254,1.96514892578125,34.81504821777344,13.973914861679077,-42.57898046596082,2.3014419715108976,path_segment_005,SUPPORTED,,0.4684610366821289,1.1141510009765625,2.4260125902341088,1.7850863971615922,21.798133629215783,6.705216324645477,-36.346038232432825,2.386676391567482,path_segment_006,SUPPORTED,,0.4684610366821289,1.1141510009765625,2.138657569885254,1.96514892578125,34.81504821777344,13.973914861679077,,,path_segment_005,QA_REQUIRED,Projected path contains a large step relative to the median supported step.,QA_REQUIRED,Projected path contains a large step relative to the median supported step.
93,93,3100.0,VALID_TARGET,,4.0,283.16649055480957,162.3905143737793,283.43813705444336,163.53436660766602,SUPPORTED,279.725,170.7,249.0,83.35,61.45,174.7,SUPPORTED,translation_median_sparse_flow,-3.0517578125e-05,-7.62939453125e-05,46.0,0.0004745916521642357,,,SUPPORTED,partial_affine_ransac_sparse_flow,-0.005966211407204844,-0.021245782522879213,46.0,0.020386875271227147,1.0000302816704667,1.0,0.41606807708740234,1.1438522338867188,0.41609859466552734,1.1439285278320312,35.231146812438965,15.117843389511108,-70.01138238785681,0.9645439246922599,path_segment_005,SUPPORTED,,0.41606807708740234,1.1438522338867188,0.4122579405307647,1.1622823961460256,22.210391569746548,7.867498720791502,-70.47056282809214,0.9772023788025124,path_segment_006,SUPPORTED,,0.41606807708740234,1.1438522338867188,0.41609859466552734,1.1439285278320312,35.231146812438965,15.117843389511108,,,path_segment_005,QA_REQUIRED,Projected path contains a large step relative to the median supported step.,QA_REQUIRED,Projected path contains a large step relative to the median supported step.
94,94,3133.3333333333335,VALID_TARGET,,4.0,285.6676940917969,165.03765869140625,285.5612258911133,165.03765869140625,SUPPORTED,280.75,171.5,250.5,84.5,60.5,174.0,SUPPORTED,translation_median_sparse_flow,-2.193328857421875,-1.7535858154296875,44.0,2.249551773071289,,,SUPPORTED,partial_affine_ransac_sparse_flow,-3.028849089343426,-5.9226019474358305,33.0,1.1868685982278762,1.0051925333141,0.75,2.123088836669922,1.5032920837402344,4.316417694091797,3.256877899169922,39.54756450653076,18.37472128868103,-37.03574390889093,4.284690650534649,path_segment_005,SUPPORTED,,2.123088836669922,1.5032920837402344,5.328979853217561,3.7515718837330496,27.53937142296411,11.619070604524552,-35.1453303162589,5.164084137176904,path_segment_006,SUPPORTED,,2.123088836669922,1.5032920837402344,4.316417694091797,3.256877899169922,39.54756450653076,18.37472128868103,,,path_segment_005,QA_REQUIRED,Projected path contains a large step relative to the median supported step.,QA_REQUIRED,Projected path contains a large step relative to the median supported step.
95,95,3166.6666666666665,VALID_TARGET,,4.0,285.7872734069824,165.53106689453125,285.7872734069824,165.41015243530273,SUPPORTED,281.775,172.3,252.0,85.65,59.55,173.3,SUPPORTED,translation_median_sparse_flow,-0.349853515625,-0.43756103515625,45.0,0.5049719214439392,,,SUPPORTED,partial_affine_ransac_sparse_flow,-0.017300075731764186,-0.8686899435134251,44.0,0.4682749311977019,0.999843710010635,0.9777777777777777,0.22604751586914062,0.3724937438964844,0.5759010314941406,0.8100547790527344,40.1234655380249,19.184776067733765,-54.58942428906707,0.787564249384584,path_segment_005,SUPPORTED,,0.22604751586914062,0.3724937438964844,0.5286678829019138,0.8512159554021537,28.068039305866023,12.470286559926706,-58.15666967531482,0.7939987168780173,path_segment_006,SUPPORTED,,0.22604751586914062,0.3724937438964844,0.5759010314941406,0.8100547790527344,40.1234655380249,19.184776067733765,,,path_segment_005,QA_REQUIRED,Projected path contains a large step relative to the median supported step.,QA_REQUIRED,Projected path contains a large step relative to the median supported step.
96,96,3200.0,VALID_TARGET,,4.0,286.1042060852051,165.50751495361328,286.07403564453125,165.53106689453125,SUPPORTED,282.8,173.1,253.5,86.8,58.6,172.6,SUPPORTED,translation_median_sparse_flow,-3.0517578125e-05,3.4332275390625e-05,44.0,0.00030428008176386356,,,SUPPORTED,partial_affine_ransac_sparse_flow,-0.002707142197968776,0.0012644750826905282,44.0,0.0012635517300256362,1.0000075400703974,1.0,0.2867622375488281,0.12091445922851562,0.2867927551269531,0.120880126953125,40.410258293151855,19.30565619468689,-22.854910882083992,0.24661372597116699,path_segment_005,SUPPORTED,,0.2867622375488281,0.12091445922851562,0.28630822169463954,0.12014142952986617,28.354347527560662,12.590427989456572,-22.764027196705392,0.24603289278643214,path_segment_006,SUPPORTED,,0.2867622375488281,0.12091445922851562,0.2867927551269531,0.120880126953125,40.410258293151855,19.30565619468689,,,path_segment_005,QA_REQUIRED,Projected path contains a large step relative to the median supported step.,QA_REQUIRED,Projected path contains a large step relative to the median supported step.
97,97,3233.3333333333335,VALID_TARGET,,4.0,285.8290853500366,165.75944137573242,286.16751194000244,165.53106689453125,SUPPORTED,283.825,173.9,255.0,87.95,57.65,171.9,SUPPORTED,translation_median_sparse_flow,0.0,-3.0517578125e-05,42.0,0.00024553880211897194,,,SUPPORTED,partial_affine_ransac_sparse_flow,0.0035048531243343944,0.0025199563981727455,42.0,0.0021808885734132563,0.9999860567236876,1.0,0.0934762954711914,0.0,0.0934762954711914,3.0517578125e-05,40.50373458862305,19.305686712265015,-0.01870558045317166,0.07406991460675254,path_segment_005,SUPPORTED,,0.0934762954711914,0.0,0.09302761374522106,0.0013999026328122,28.447375141305884,12.591827892089384,-0.8621360452346424,0.07372272447774236,path_segment_006,SUPPORTED,,0.0934762954711914,0.0,0.0934762954711914,3.0517578125e-05,40.50373458862305,19.305686712265015,,,path_segment_005,QA_REQUIRED,Projected path contains a large step relative to the median supported step.,QA_REQUIRED,Projected path contains a large step relative to the median supported step.
98,98,3266.6666666666665,VALID_TARGET,,4.0,286.1071014404297,165.7085418701172,286.3604907989502,165.66393280029297,SUPPORTED,284.85,174.7,256.5,89.1,56.7,171.2,SUPPORTED,translation_median_sparse_flow,-6.103515625e-05,-4.57763671875e-05,41.0,0.00019073486328125,,,SUPPORTED,partial_affine_ransac_sparse_flow,-0.01604902538827138,-0.0010939714766211226,41.0,0.005777974434858914,1.0000280344586325,1.0,0.1929788589477539,0.13286590576171875,0.1930398941040039,0.13291168212890625,40.69677448272705,19.43859839439392,-34.5481592903018,0.185714064695525,path_segment_005,SUPPORTED,,0.1929788589477539,0.13286590576171875,0.19992410410651473,0.1311885291316628,28.6472992454124,12.723016421221047,-33.272551376357136,0.18947970428510724,path_segment_006,SUPPORTED,,0.1929788589477539,0.13286590576171875,0.1930398941040039,0.13291168212890625,40.69677448272705,19.43859839439392,,,path_segment_005,QA_REQUIRED,Projected path contains a large step relative to the median supported step.,QA_REQUIRED,Projected path contains a large step relative to the median supported step.
99,99,3300.0,VALID_TARGET,,4.0,289.63479709625244,165.0165138244629,289.63479709625244,165.2251091003418,SUPPORTED,285.875,175.5,258.0,90.25,55.75,170.5,SUPPORTED,translation_median_sparse_flow,-2.89727783203125,-3.7721405029296875,41.0,4.799204349517822,,,LOW_BACKGROUND_FEATURE_COUNT,partial_affine_ransac_sparse_flow,0.0,0.0,19.0,,,,3.274306297302246,-0.4388236999511719,6.171584129333496,3.3333168029785156,46.86835861206055,22.771915197372437,-28.373799919564927,5.558024527772174,path_segment_005,SUPPORTED,,,,,,,,,,,LOW_BACKGROUND_FEATURE_COUNT,Camera compensation was not supported.,3.274306297302246,-0.4388236999511719,6.171584129333496,3.3333168029785156,46.86835861206055,22.771915197372437,,,path_segment_005,QA_REQUIRED,Projected path contains a large step relative to the median supported step.,QA_REQUIRED,Projected path contains a large step relative to the median supported step.
100,100,3333.3333333333335,VALID_TARGET,,4.0,292.09876441955566,165.2149772644043,291.7818965911865,165.26576614379883,SUPPORTED,286.9,176.3,259.5,91.4,54.8,169.8,SUPPORTED,translation_median_sparse_flow,-0.545379638671875,-0.6975154876708984,43.0,2.106719970703125,,,SUPPORTED,partial_affine_ransac_sparse_flow,-2.321897597622159,-2.2656589381801227,30.0,0.968568212806075,1.004329925560936,0.6976744186046512,2.147099494934082,0.04065704345703125,2.692479133605957,0.7381725311279297,49.560837745666504,23.510087728500366,-15.331545533106596,2.212228958173343,path_segment_005,SUPPORTED,,,,,,0.0,0.0,,,path_segment_007,INSUFFICIENT_EVIDENCE,Continuous path run is shorter than the configured minimum sample count.,2.147099494934082,0.04065704345703125,2.692479133605957,0.7381725311279297,49.560837745666504,23.510087728500366,,,path_segment_005,QA_REQUIRED,Projected path contains a large step relative to the median supported step.,QA_REQUIRED,Projected path contains a large step relative to the median supported step.
101,101,3366.6666666666665,VALID_TARGET,,4.0,291.97125720977783,164.63901901245117,292.288125038147,165.26576614379883,SUPPORTED,287.925,177.1,261.0,92.55,53.85,169.1,SUPPORTED,translation_median_sparse_flow,-7.62939453125e-05,-0.00012969970703125,40.0,0.0004907982656732202,,,SUPPORTED,partial_affine_ransac_sparse_flow,0.051827594905803916,0.00672446741541513,40.0,0.041813013507285876,0.9999504051522238,1.0,0.5062284469604492,0.0,0.5063047409057617,0.00012969970703125,50.067142486572266,23.510217428207397,-0.014677416690048897,0.40119206657428935,path_segment_005,SUPPORTED,,0.5062284469604492,0.0,0.46451459904039893,0.009164752453472147,0.46451459904039893,0.009164752453472147,,,path_segment_007,INSUFFICIENT_EVIDENCE,Continuous path run is shorter than the configured minimum sample count.,0.5062284469604492,0.0,0.5063047409057617,0.00012969970703125,50.067142486572266,23.510217428207397,,,path_segment_005,QA_REQUIRED,Projected path contains a large step relative to the median supported step.,QA_REQUIRED,Projected path contains a large step relative to the median supported step.
102,102,3400.0,VALID_TARGET,,4.0,293.4837188720703,167.1751594543457,293.4837188720703,167.1035041809082,SUPPORTED,288.95,177.9,262.5,93.7,52.9,168.4,SUPPORTED,translation_median_sparse_flow,-0.98541259765625,-0.653350830078125,36.0,1.988222599029541,,,LOW_BACKGROUND_FEATURE_COUNT,partial_affine_ransac_sparse_flow,0.0,0.0,19.0,,,,1.1955938339233398,1.837738037109375,2.18100643157959,2.4910888671875,52.248148918151855,26.001306295394897,-48.79709666302109,2.6235625514376544,path_segment_005,SUPPORTED,,,,,,,,,,,LOW_BACKGROUND_FEATURE_COUNT,Camera compensation was not supported.,1.1955938339233398,1.837738037109375,2.18100643157959,2.4910888671875,52.248148918151855,26.001306295394897,,,path_segment_005,QA_REQUIRED,Projected path contains a large step relative to the median supported step.,QA_REQUIRED,Projected path contains a large step relative to the median supported step.
103,103,3433.333333333333,VALID_TARGET,,4.0,294.53506088256836,167.1998519897461,294.53506088256836,167.2715072631836,SUPPORTED,289.975,178.7,264.0,94.85,51.95,167.7,SUPPORTED,translation_median_sparse_flow,6.103515625e-05,-2.288818359375e-05,41.0,0.0005284147337079048,,,SUPPORTED,partial_affine_ransac_sparse_flow,0.07732187555351458,0.008377985830623727,41.0,0.03270285962010779,0.9998495006688094,1.0,1.0513420104980469,0.16800308227539062,1.0512809753417969,0.16802597045898438,53.29942989349365,26.169332265853882,-9.080765280311962,0.8436000757464118,path_segment_005,SUPPORTED,,,,,,0.0,0.0,,,path_segment_008,INSUFFICIENT_EVIDENCE,Continuous path run is shorter than the configured minimum sample count.,1.0513420104980469,0.16800308227539062,1.0512809753417969,0.16802597045898438,53.29942989349365,26.169332265853882,,,path_segment_005,QA_REQUIRED,Projected path contains a large step relative to the median supported step.,QA_REQUIRED,Projected path contains a large step relative to the median supported step.
104,104,3466.666666666667,VALID_TARGET,,4.0,296.0614585876465,168.9692268371582,295.48728466033936,167.90483474731445,SUPPORTED,291.0,179.5,265.5,96.0,51.0,167.0,SUPPORTED,translation_median_sparse_flow,-0.54541015625,-1.2677993774414062,39.0,2.4342615604400635,,,LOW_BACKGROUND_FEATURE_COUNT,partial_affine_ransac_sparse_flow,0.0,0.0,21.0,,,,0.9522237777709961,0.6333274841308594,1.497633934020996,1.9011268615722656,54.79706382751465,28.070459127426147,-51.7703327631249,1.9177191799789857,path_segment_005,SUPPORTED,,,,,,,,,,,LOW_BACKGROUND_FEATURE_COUNT,Camera compensation was not supported.,0.9522237777709961,0.6333274841308594,1.497633934020996,1.9011268615722656,54.79706382751465,28.070459127426147,,,path_segment_005,QA_REQUIRED,Projected path contains a large step relative to the median supported step.,QA_REQUIRED,Projected path contains a large step relative to the median supported step.
105,105,3500.0,VALID_TARGET,,4.0,295.48728466033936,168.9810562133789,295.78417682647705,168.54910278320312,SUPPORTED,293.3,179.7,265.7,97.2,55.2,165.0,SUPPORTED,translation_median_sparse_flow,0.0,-3.0517578125e-05,41.0,0.000300563289783895,,,SUPPORTED,partial_affine_ransac_sparse_flow,0.0006524106718871865,-0.0007464776685022706,41.0,0.0006092069275353672,0.9999990390793787,1.0,0.2968921661376953,0.6442680358886719,0.2968921661376953,0.6442985534667969,55.093955993652344,28.714757680892944,-65.25979432949606,0.5621328226814626,path_segment_005,SUPPORTED,,,,,,0.0,0.0,,,path_segment_009,INSUFFICIENT_EVIDENCE,Continuous path run is shorter than the configured minimum sample count.,0.2968921661376953,0.6442680358886719,0.2968921661376953,0.6442985534667969,55.093955993652344,28.714757680892944,,,path_segment_005,QA_REQUIRED,Projected path contains a large step relative to the median supported step.,QA_REQUIRED,Projected path contains a large step relative to the median supported step.
106,106,3533.333333333333,VALID_TARGET,,4.0,296.4835329055786,167.90483474731445,296.0447988510132,169.12203216552734,SUPPORTED,295.59999999999997,179.9,265.9,98.4,59.4,163.0,SUPPORTED,translation_median_sparse_flow,-9.1552734375e-05,-3.0517578125e-05,34.0,0.0003418236447032541,,,SUPPORTED,partial_affine_ransac_sparse_flow,-0.0008796422342820557,0.00010596704311575144,34.0,0.0005708451464620344,1.0000007118857104,1.0,0.2606220245361328,0.5729293823242188,0.2607135772705078,0.5729598999023438,55.35466957092285,29.287717580795288,-65.5330711678363,0.498801206734597,path_segment_005,SUPPORTED,,0.2606220245361328,0.5729293823242188,0.2611446307013239,0.5729604684514413,0.2611446307013239,0.5729604684514413,,,path_segment_009,INSUFFICIENT_EVIDENCE,Continuous path run is shorter than the configured minimum sample count.,0.2606220245361328,0.5729293823242188,0.2607135772705078,0.5729598999023438,55.35466957092285,29.287717580795288,,,path_segment_005,QA_REQUIRED,Projected path contains a large step relative to the median supported step.,QA_REQUIRED,Projected path contains a large step relative to the median supported step.
107,107,3566.666666666667,VALID_TARGET,,4.0,295.4850797653198,169.12203216552734,296.4835329055786,169.26283645629883,SUPPORTED,297.90000000000003,180.1,266.1,99.6,63.6,161.0,SUPPORTED,translation_median_sparse_flow,0.0,0.0,30.0,5.5256961786653847e-05,,,SUPPORTED,partial_affine_ransac_sparse_flow,-0.00025699340942769667,1.6694298836279546e-06,30.0,0.00015057888145451377,1.0000005151233369,1.0,0.4387340545654297,0.14080429077148438,0.4387340545654297,0.14080429077148438,55.79340362548828,29.428521871566772,-17.793156368517632,0.3651144743021512,path_segment_005,SUPPORTED,,0.4387340545654297,0.14080429077148438,0.43881701955859853,0.1407531884389357,0.6999616502599224,0.713713656890377,,,path_segment_009,INSUFFICIENT_EVIDENCE,Continuous path run is shorter than the configured minimum sample count.,0.4387340545654297,0.14080429077148438,0.4387340545654297,0.14080429077148438,55.79340362548828,29.428521871566772,,,path_segment_005,QA_REQUIRED,Projected path contains a large step relative to the median supported step.,QA_REQUIRED,Projected path contains a large step relative to the median supported step.
108,108,3600.0,VALID_TARGET,,4.0,301.16299533843994,176.3138313293457,301.16299533843994,176.3138313293457,SUPPORTED,300.2,180.3,266.3,100.8,67.8,159.0,UNSTABLE_TRANSFORM,translation_median_sparse_flow,0.00140380859375,-1.564361572265625,29.0,9.310483932495117,,,LOW_BACKGROUND_FEATURE_COUNT,partial_affine_ransac_sparse_flow,0.0,0.0,9.0,,,,,,,,,,,,,UNSTABLE_TRANSFORM,Camera compensation was not supported.,,,,,,,,,,LOW_BACKGROUND_FEATURE_COUNT,Camera compensation was not supported.,,,,,,,,,,UNSTABLE_TRANSFORM,Camera compensation was not supported.,QA_REQUIRED,Projected path contains a large step relative to the median supported step.
109,109,3633.3333333333335,VALID_TARGET,,4.0,303.27642822265625,177.18426513671875,303.27642822265625,176.97515106201172,SUPPORTED,302.5,180.5,266.5,102.0,72.0,157.0,LOW_BACKGROUND_FEATURE_COUNT,translation_median_sparse_flow,0.0,0.0,0.0,,,,LOW_BACKGROUND_FEATURE_COUNT,partial_affine_ransac_sparse_flow,0.0,0.0,0.0,,,,,,,,0.0,0.0,,,path_segment_006,INSUFFICIENT_EVIDENCE,Continuous path run is shorter than the configured minimum sample count.,,,,,0.0,0.0,,,path_segment_010,INSUFFICIENT_EVIDENCE,Continuous path run is shorter than the configured minimum sample count.,,,,,0.0,0.0,,,path_segment_006,INSUFFICIENT_EVIDENCE,Continuous path run is shorter than the configured minimum sample count.,QA_REQUIRED,Projected path contains a large step relative to the median supported step.
110,110,3666.6666666666665,VALID_TARGET,,4.0,307.40834045410156,177.43413543701172,307.40834045410156,177.54978942871094,SUPPORTED,305.1,182.0,265.5,101.8,79.2,160.4,LOW_BACKGROUND_FEATURE_COUNT,translation_median_sparse_flow,0.0,0.0,0.0,,,,LOW_BACKGROUND_FEATURE_COUNT,partial_affine_ransac_sparse_flow,0.0,0.0,0.0,,,,,,,,,,,,,LOW_BACKGROUND_FEATURE_COUNT,Camera compensation was not supported.,,,,,,,,,,LOW_BACKGROUND_FEATURE_COUNT,Camera compensation was not supported.,,,,,,,,,,LOW_BACKGROUND_FEATURE_COUNT,Camera compensation was not supported.,QA_REQUIRED,Projected path contains a large step relative to the median supported step.
111,111,3700.0,VALID_TARGET,,4.0,309.744348526001,177.54978942871094,308.86934089660645,177.54978942871094,SUPPORTED,307.7,183.5,264.5,101.6,86.4,163.8,LOW_BACKGROUND_FEATURE_COUNT,translation_median_sparse_flow,0.0,0.0,0.0,,,,LOW_BACKGROUND_FEATURE_COUNT,partial_affine_ransac_sparse_flow,0.0,0.0,0.0,,,,,,,,0.0,0.0,,,path_segment_007,INSUFFICIENT_EVIDENCE,Continuous path run is shorter than the configured minimum sample count.,,,,,0.0,0.0,,,path_segment_011,INSUFFICIENT_EVIDENCE,Continuous path run is shorter than the configured minimum sample count.,,,,,0.0,0.0,,,path_segment_007,INSUFFICIENT_EVIDENCE,Continuous path run is shorter than the configured minimum sample count.,QA_REQUIRED,Projected path contains a large step relative to the median supported step.
112,112,3733.3333333333335,VALID_TARGET,,4.0,308.8951778411865,177.86460494995117,309.36160469055176,177.58319091796875,SUPPORTED,310.3,185.0,263.5,101.4,93.6,167.2,SUPPORTED,translation_median_sparse_flow,0.0,0.0,26.0,0.0003829173801932484,,,SUPPORTED,partial_affine_ransac_sparse_flow,0.00014381205117237718,4.706649547688483e-05,26.0,0.0004252867079556421,0.9999992754631025,1.0,0.4922637939453125,0.0334014892578125,0.4922637939453125,0.0334014892578125,0.4922637939453125,0.0334014892578125,,,path_segment_007,INSUFFICIENT_EVIDENCE,Continuous path run is shorter than the configured minimum sample count.,0.4922637939453125,0.0334014892578125,0.4923003510498347,0.03355859515764337,0.4923003510498347,0.03355859515764337,,,path_segment_011,INSUFFICIENT_EVIDENCE,Continuous path run is shorter than the configured minimum sample count.,0.4922637939453125,0.0334014892578125,0.4922637939453125,0.0334014892578125,0.4922637939453125,0.0334014892578125,,,path_segment_007,INSUFFICIENT_EVIDENCE,Continuous path run is shorter than the configured minimum sample count.,QA_REQUIRED,Projected path contains a large step relative to the median supported step.
113,113,3766.6666666666665,VALID_TARGET,,4.0,309.3357677459717,177.10972595214844,309.744348526001,177.86460494995117,SUPPORTED,312.9,186.5,262.5,101.2,100.8,170.6,SUPPORTED,translation_median_sparse_flow,0.0,0.0,25.0,0.0008561594877392054,,,SUPPORTED,partial_affine_ransac_sparse_flow,0.002478719383559661,0.002510119932079079,25.0,0.0019432475186373678,0.9999946954628144,1.0,0.38274383544921875,0.2814140319824219,0.38274383544921875,0.2814140319824219,0.8750076293945312,0.3148155212402344,,,path_segment_007,INSUFFICIENT_EVIDENCE,Continuous path run is shorter than the configured minimum sample count.,0.38274383544921875,0.2814140319824219,0.3814954807148183,0.28056129948760145,0.873795831764653,0.3141198946452448,,,path_segment_011,INSUFFICIENT_EVIDENCE,Continuous path run is shorter than the configured minimum sample count.,0.38274383544921875,0.2814140319824219,0.38274383544921875,0.2814140319824219,0.8750076293945312,0.3148155212402344,,,path_segment_007,INSUFFICIENT_EVIDENCE,Continuous path run is shorter than the configured minimum sample count.,QA_REQUIRED,Projected path contains a large step relative to the median supported step.
114,114,3800.0,VALID_TARGET,,4.0,315.06859397888184,183.76072692871097,315.06859397888184,182.67176055908203,SUPPORTED,315.5,188.0,261.5,101.0,108.0,174.0,SUPPORTED,translation_median_sparse_flow,0.0008544921875,-1.651702880859375,25.0,4.105506896972656,,,LOW_BACKGROUND_FEATURE_COUNT,partial_affine_ransac_sparse_flow,0.0,0.0,11.0,,,,5.324245452880859,4.807155609130859,5.323390960693359,6.458858489990234,6.198398590087891,6.773674011230469,,,path_segment_007,INSUFFICIENT_EVIDENCE,Continuous path run is shorter than the configured minimum sample count.,,,,,,,,,,LOW_BACKGROUND_FEATURE_COUNT,Camera compensation was not supported.,5.324245452880859,4.807155609130859,5.323390960693359,6.458858489990234,6.198398590087891,6.773674011230469,,,path_segment_007,INSUFFICIENT_EVIDENCE,Continuous path run is shorter than the configured minimum sample count.,QA_REQUIRED,Projected path contains a large step relative to the median supported step.
115,115,3833.3333333333335,VALID_TARGET,,4.0,315.914363861084,182.67176055908203,315.4914789199829,183.21624374389648,SUPPORTED,318.11111111111114,188.83333333333334,264.94444444444446,103.11111111111111,106.33333333333333,171.44444444444446,LOW_BACKGROUND_FEATURE_COUNT,translation_median_sparse_flow,0.0,0.0,0.0,,,,LOW_BACKGROUND_FEATURE_COUNT,partial_affine_ransac_sparse_flow,0.0,0.0,0.0,,,,,,,,,,,,,LOW_BACKGROUND_FEATURE_COUNT,Camera compensation was not supported.,,,,,0.0,0.0,,,path_segment_012,INSUFFICIENT_EVIDENCE,Continuous path run is shorter than the configured minimum sample count.,,,,,,,,,,LOW_BACKGROUND_FEATURE_COUNT,Camera compensation was not supported.,QA_REQUIRED,Projected path contains a large step relative to the median supported step.
116,116,3866.6666666666665,VALID_TARGET,,4.0,318.58715438842773,184.93071746826172,315.914363861084,183.76072692871094,SUPPORTED,320.72222222222223,189.66666666666669,268.3888888888889,105.22222222222223,104.66666666666667,168.88888888888889,LOW_BACKGROUND_FEATURE_COUNT,translation_median_sparse_flow,0.0,0.0,0.0,,,,LOW_BACKGROUND_FEATURE_COUNT,partial_affine_ransac_sparse_flow,0.0,0.0,0.0,,,,,,,,0.0,0.0,,,path_segment_008,INSUFFICIENT_EVIDENCE,Continuous path run is shorter than the configured minimum sample count.,,,,,,,,,,LOW_BACKGROUND_FEATURE_COUNT,Camera compensation was not supported.,,,,,0.0,0.0,,,path_segment_008,INSUFFICIENT_EVIDENCE,Continuous path run is shorter than the configured minimum sample count.,QA_REQUIRED,Projected path contains a large step relative to the median supported step.
117,117,3900.0,TARGET_IDENTITY_UNCERTAIN,TARGET_OVERLAP_AMBIGUOUS: another detected person overlaps or is too close to the selected pose for automated identity acceptance.,,322.80821800231934,186.2582015991211,,,,323.3333333333333,190.5,271.8333333333333,107.33333333333333,103.0,166.33333333333334,,,,,,,,,,,,,,,,,,,,,,,,,,,,,,,,,,,,,,,,,,,,,,,,,,,
118,118,3933.333333333333,INVALID_TRACK_SEGMENT,Valid-looking pose segment is too short to establish target identity continuity.,,323.14931869506836,185.79087448120117,,,,325.94444444444446,191.33333333333331,275.27777777777777,109.44444444444444,101.33333333333333,163.77777777777777,,,,,,,,,,,,,,,,,,,,,,,,,,,,,,,,,,,,,,,,,,,,,,,,,,,
119,119,3966.666666666667,TARGET_IDENTITY_UNCERTAIN,TARGET_OVERLAP_AMBIGUOUS: another detected person overlaps or is too close to the selected pose for automated identity acceptance.,,324.19961738586426,186.20367050170896,,,,328.55555555555554,192.16666666666669,278.72222222222223,111.55555555555556,99.66666666666667,161.22222222222223,,,,,,,,,,,,,,,,,,,,,,,,,,,,,,,,,,,,,,,,,,,,,,,,,,,
120,120,4000.0,VALID_TARGET,,5.0,323.8729314804077,186.29846572875977,323.7347688674927,185.97164154052734,SUPPORTED,331.1666666666667,193.0,282.1666666666667,113.66666666666667,98.0,158.66666666666666,SUPPORTED,translation_median_sparse_flow,0.000152587890625,-0.1695556640625,26.0,6.325534820556641,,,LOW_BACKGROUND_FEATURE_COUNT,partial_affine_ransac_sparse_flow,0.0,0.0,11.0,,,,,,,,0.0,0.0,,,path_segment_009,INSUFFICIENT_EVIDENCE,Continuous path run is shorter than the configured minimum sample count.,,,,,0.0,0.0,,,path_segment_013,INSUFFICIENT_EVIDENCE,Continuous path run is shorter than the configured minimum sample count.,,,,,0.0,0.0,,,path_segment_009,INSUFFICIENT_EVIDENCE,Continuous path run is shorter than the configured minimum sample count.,QA_REQUIRED,Projected path contains a large step relative to the median supported step.
121,121,4033.333333333333,VALID_TARGET,,5.0,323.73232078552246,185.97164154052737,323.81405210494995,186.13505363464355,SUPPORTED,333.77777777777777,193.83333333333331,285.6111111111111,115.77777777777777,96.33333333333333,156.11111111111111,LOW_BACKGROUND_FEATURE_COUNT,translation_median_sparse_flow,0.0,0.0,0.0,,,,LOW_BACKGROUND_FEATURE_COUNT,partial_affine_ransac_sparse_flow,0.0,0.0,0.0,,,,,,,,,,,,,LOW_BACKGROUND_FEATURE_COUNT,Camera compensation was not supported.,,,,,,,,,,LOW_BACKGROUND_FEATURE_COUNT,Camera compensation was not supported.,,,,,,,,,,LOW_BACKGROUND_FEATURE_COUNT,Camera compensation was not supported.,QA_REQUIRED,Projected path contains a large step relative to the median supported step.
122,122,4066.6666666666665,VALID_TARGET,,5.0,323.69636154174805,185.3575668334961,323.8933353424072,186.29846572875977,SUPPORTED,336.38888888888886,194.66666666666666,289.05555555555554,117.88888888888889,94.66666666666667,153.55555555555554,LOW_BACKGROUND_FEATURE_COUNT,translation_median_sparse_flow,0.0,0.0,0.0,,,,LOW_BACKGROUND_FEATURE_COUNT,partial_affine_ransac_sparse_flow,0.0,0.0,0.0,,,,,,,,0.0,0.0,,,path_segment_010,INSUFFICIENT_EVIDENCE,Continuous path run is shorter than the configured minimum sample count.,,,,,0.0,0.0,,,path_segment_014,INSUFFICIENT_EVIDENCE,Continuous path run is shorter than the configured minimum sample count.,,,,,0.0,0.0,,,path_segment_010,INSUFFICIENT_EVIDENCE,Continuous path run is shorter than the configured minimum sample count.,QA_REQUIRED,Projected path contains a large step relative to the median supported step.
123,123,4100.0,VALID_TARGET,,5.0,328.7080554962158,189.345890045166,328.6963863372803,185.97164154052734,SUPPORTED,339.0,195.5,292.5,120.0,93.0,151.0,LOW_BACKGROUND_FEATURE_COUNT,translation_median_sparse_flow,0.0,0.0,0.0,,,,LOW_BACKGROUND_FEATURE_COUNT,partial_affine_ransac_sparse_flow,0.0,0.0,0.0,,,,,,,,,,,,,LOW_BACKGROUND_FEATURE_COUNT,Camera compensation was not supported.,,,,,,,,,,LOW_BACKGROUND_FEATURE_COUNT,Camera compensation was not supported.,,,,,,,,,,LOW_BACKGROUND_FEATURE_COUNT,Camera compensation was not supported.,QA_REQUIRED,Projected path contains a large step relative to the median supported step.
124,124,4133.333333333334,VALID_TARGET,,5.0,329.1671133041382,189.6683883666992,328.8746633529663,189.34589004516602,SUPPORTED,340.6,195.75,294.3,120.8,92.6,149.9,LOW_BACKGROUND_FEATURE_COUNT,translation_median_sparse_flow,0.0,0.0,0.0,,,,LOW_BACKGROUND_FEATURE_COUNT,partial_affine_ransac_sparse_flow,0.0,0.0,0.0,,,,,,,,0.0,0.0,,,path_segment_011,INSUFFICIENT_EVIDENCE,Continuous path run is shorter than the configured minimum sample count.,,,,,0.0,0.0,,,path_segment_015,INSUFFICIENT_EVIDENCE,Continuous path run is shorter than the configured minimum sample count.,,,,,0.0,0.0,,,path_segment_011,INSUFFICIENT_EVIDENCE,Continuous path run is shorter than the configured minimum sample count.,QA_REQUIRED,Projected path contains a large step relative to the median supported step.
125,125,4166.666666666667,VALID_TARGET,,5.0,331.0947027206421,184.67804718017575,331.3988218307495,189.66838836669922,SUPPORTED,342.20000000000005,196.0,296.1,121.6,92.2,148.8,LOW_BACKGROUND_FEATURE_COUNT,translation_median_sparse_flow,0.0,0.0,0.0,,,,LOW_BACKGROUND_FEATURE_COUNT,partial_affine_ransac_sparse_flow,0.0,0.0,0.0,,,,,,,,,,,,,LOW_BACKGROUND_FEATURE_COUNT,Camera compensation was not supported.,,,,,,,,,,LOW_BACKGROUND_FEATURE_COUNT,Camera compensation was not supported.,,,,,,,,,,LOW_BACKGROUND_FEATURE_COUNT,Camera compensation was not supported.,QA_REQUIRED,Projected path contains a large step relative to the median supported step.
126,126,4200.0,VALID_TARGET,,5.0,334.93454456329346,194.4004173278809,334.6509666442871,191.14146423339844,SUPPORTED,343.79999999999995,196.25,297.9,122.4,91.8,147.7,LOW_BACKGROUND_FEATURE_COUNT,translation_median_sparse_flow,0.0,0.0,0.0,,,,LOW_BACKGROUND_FEATURE_COUNT,partial_affine_ransac_sparse_flow,0.0,0.0,0.0,,,,,,,,0.0,0.0,,,path_segment_012,SUPPORTED,,,,,,0.0,0.0,,,path_segment_016,SUPPORTED,,,,,,0.0,0.0,,,path_segment_012,QA_REQUIRED,Projected path contains a large step relative to the median supported step.,QA_REQUIRED,Projected path contains a large step relative to the median supported step.
127,127,4233.333333333333,VALID_TARGET,,5.0,334.93810272216797,191.9004592895508,334.7323989868164,191.76591873168945,SUPPORTED,345.4,196.5,299.7,123.2,91.4,146.6,SUPPORTED,translation_median_sparse_flow,-7.62939453125e-06,0.0,26.0,5.566357503994368e-05,,,SUPPORTED,partial_affine_ransac_sparse_flow,3.0283887810829376e-06,-4.1155378900475124e-06,26.0,0.00018674767992488567,0.9999995686668965,1.0,0.08143234252929688,0.6244544982910156,0.08143997192382812,0.6244544982910156,0.08143997192382812,0.6244544982910156,-82.56954968231183,0.49900337344920725,path_segment_012,SUPPORTED,,0.08143234252929688,0.6244544982910156,0.0815910085469227,0.6245106859085752,0.0815910085469227,0.6245106859085752,-82.55658599750943,0.49906301235786193,path_segment_016,SUPPORTED,,0.08143234252929688,0.6244544982910156,0.08143997192382812,0.6244544982910156,0.08143997192382812,0.6244544982910156,,,path_segment_012,QA_REQUIRED,Projected path contains a large step relative to the median supported step.,QA_REQUIRED,Projected path contains a large step relative to the median supported step.
128,128,4266.666666666667,VALID_TARGET,,5.0,335.27539253234863,191.09128952026367,334.99300384521484,191.9685935974121,SUPPORTED,347.0,196.75,301.5,124.0,91.0,145.5,SUPPORTED,translation_median_sparse_flow,4.0531158447265625e-06,-5.7220458984375e-05,26.0,0.00027541746385395527,,,SUPPORTED,partial_affine_ransac_sparse_flow,0.0004230162918305776,-0.00120274949956899,26.0,0.0012211431659235191,0.9999984428881986,1.0,0.2606048583984375,0.20267486572265625,0.2606008052825928,0.20273208618164062,0.3420407772064209,0.8271865844726562,-37.880814981204196,0.26162523424735923,path_segment_012,SUPPORTED,,0.2606048583984375,0.20267486572265625,0.2612321245855469,0.20325271944719248,0.3428231331324696,0.8277634053557676,-37.88484610593718,0.2622733909784893,path_segment_016,SUPPORTED,,0.2606048583984375,0.20267486572265625,0.2606008052825928,0.20273208618164062,0.3420407772064209,0.8271865844726562,,,path_segment_012,QA_REQUIRED,Projected path contains a large step relative to the median supported step.,QA_REQUIRED,Projected path contains a large step relative to the median supported step.
129,129,4300.0,VALID_TARGET,,5.0,334.6675052642822,191.8340530395508,335.1987075805664,191.76591873168945,SUPPORTED,348.6,197.0,303.3,124.8,90.6,144.4,SUPPORTED,translation_median_sparse_flow,4.315376281738281e-05,1.52587890625e-05,26.0,0.0003682922397274524,,,SUPPORTED,partial_affine_ransac_sparse_flow,-0.0008589616443409044,-3.914934908936483e-05,26.0,0.0009663700681698194,1.0000014217868602,1.0,0.2057037353515625,-0.20267486572265625,0.20566058158874512,-0.20269012451171875,0.547701358795166,0.6244964599609375,44.58322184991179,0.22880743431823583,path_segment_012,SUPPORTED,,0.2057037353515625,-0.20267486572265625,0.2060893033370803,-0.2029137066766964,0.5489124364695499,0.6248496986790713,44.55515087762117,0.2291737780882752,path_segment_016,SUPPORTED,,0.2057037353515625,-0.20267486572265625,0.20566058158874512,-0.20269012451171875,0.547701358795166,0.6244964599609375,,,path_segment_012,QA_REQUIRED,Projected path contains a large step relative to the median supported step.,QA_REQUIRED,Projected path contains a large step relative to the median supported step.
130,130,4333.333333333333,VALID_TARGET,,5.0,335.39502334594727,193.10960006713867,336.23200607299805,191.09128952026367,SUPPORTED,350.20000000000005,197.25,305.1,125.6,90.2,143.3,SUPPORTED,translation_median_sparse_flow,0.0,0.0,26.0,7.10529784555547e-05,,,SUPPORTED,partial_affine_ransac_sparse_flow,-2.1092475234341182e-05,3.123360326950712e-05,26.0,8.492554373744227e-05,0.9999999850822945,1.0,1.0332984924316406,-0.6746292114257812,1.0332984924316406,-0.6746292114257812,1.5809998512268066,-0.05013275146484375,33.14007747653803,0.9778361518055765,path_segment_012,SUPPORTED,,1.0332984924316406,-0.6746292114257812,1.0333158002468394,-0.6746422284153937,1.5822282367163893,-0.04979252973632242,33.14014422422504,0.9778532743731218,path_segment_016,SUPPORTED,,1.0332984924316406,-0.6746292114257812,1.0332984924316406,-0.6746292114257812,1.5809998512268066,-0.05013275146484375,,,path_segment_012,QA_REQUIRED,Projected path contains a large step relative to the median supported step.,QA_REQUIRED,Projected path contains a large step relative to the median supported step.
131,131,4366.666666666666,VALID_TARGET,,5.0,338.319128036499,190.1216831207275,338.1902914047241,190.40966033935547,SUPPORTED,351.79999999999995,197.5,306.9,126.4,89.8,142.2,SUPPORTED,translation_median_sparse_flow,3.6674461364746094,-1.9999198913574219,26.0,4.121343612670898,,,LOW_BACKGROUND_FEATURE_COUNT,partial_affine_ransac_sparse_flow,0.0,0.0,17.0,,,,1.9582853317260742,-0.6816291809082031,-1.7091608047485352,1.3182907104492188,-0.12816095352172852,1.268157958984375,-142.35668301467874,1.7103788808417033,path_segment_012,SUPPORTED,,,,,,,,,,,LOW_BACKGROUND_FEATURE_COUNT,Camera compensation was not supported.,1.9582853317260742,-0.6816291809082031,-1.7091608047485352,1.3182907104492188,-0.12816095352172852,1.268157958984375,,,path_segment_012,QA_REQUIRED,Projected path contains a large step relative to the median supported step.,QA_REQUIRED,Projected path contains a large step relative to the median supported step.
132,132,4400.0,VALID_TARGET,,5.0,338.1902914047241,189.10633850097656,338.2565116882324,190.40966033935547,SUPPORTED,353.4,197.75,308.7,127.2,89.4,141.1,SUPPORTED,translation_median_sparse_flow,0.0,1.52587890625e-05,29.0,0.0004913709126412868,,,SUPPORTED,partial_affine_ransac_sparse_flow,5.577786160799747e-05,-0.0017844445871856972,29.0,0.004093960706760784,1.0000084429738876,1.0,0.06622028350830078,0.0,0.06622028350830078,-1.52587890625e-05,-0.061940670013427734,1.2681427001953125,0.013202362659454108,0.05247245399262437,path_segment_012,SUPPORTED,,,,,,0.0,0.0,,,path_segment_017,INSUFFICIENT_EVIDENCE,Continuous path run is shorter than the configured minimum sample count.,0.06622028350830078,0.0,0.06622028350830078,-1.52587890625e-05,-0.061940670013427734,1.2681427001953125,,,path_segment_012,QA_REQUIRED,Projected path contains a large step relative to the median supported step.,QA_REQUIRED,Projected path contains a large step relative to the median supported step.
133,133,4433.333333333334,VALID_TARGET,,5.0,338.34565258026123,190.40966033935547,338.40826892852783,190.40966033935547,SUPPORTED,355.0,198.0,310.5,128.0,89.0,140.0,SUPPORTED,translation_median_sparse_flow,0.0001068115234375,2.86102294921875e-05,28.0,0.0007256436510942876,,,SUPPORTED,partial_affine_ransac_sparse_flow,-0.00020962145760410964,-0.0024975356429505313,28.0,0.00394670091177649,1.0000139481694252,1.0,0.15175724029541016,0.0,0.15165042877197266,-2.86102294921875e-05,0.08970975875854492,1.2681140899658203,0.010809368589519456,0.1201666567323083,path_segment_012,SUPPORTED,,0.15175724029541016,0.0,0.14867715973230133,-0.0026957378242968844,0.14867715973230133,-0.0026957378242968844,,,path_segment_017,INSUFFICIENT_EVIDENCE,Continuous path run is shorter than the configured minimum sample count.,0.15175724029541016,0.0,0.15165042877197266,-2.86102294921875e-05,0.08970975875854492,1.2681140899658203,,,path_segment_012,QA_REQUIRED,Projected path contains a large step relative to the median supported step.,QA_REQUIRED,Projected path contains a large step relative to the median supported step.
134,134,4466.666666666667,VALID_TARGET,,5.0,341.944993019104,190.88838577270508,341.4193506240845,190.88838577270508,SUPPORTED,356.59999999999997,199.05,312.2,128.8,88.8,140.5,SUPPORTED,translation_median_sparse_flow,2.8061141967773438,-1.6723365783691406,28.0,2.594931125640869,,,LOW_BACKGROUND_FEATURE_COUNT,partial_affine_ransac_sparse_flow,0.0,0.0,21.0,,,,3.0110816955566406,0.4787254333496094,0.20496749877929688,2.15106201171875,0.2946772575378418,3.4191761016845703,-84.55691085376209,1.7122057860990605,path_segment_012,SUPPORTED,,,,,,,,,,,LOW_BACKGROUND_FEATURE_COUNT,Camera compensation was not supported.,3.0110816955566406,0.4787254333496094,0.20496749877929688,2.15106201171875,0.2946772575378418,3.4191761016845703,,,path_segment_012,QA_REQUIRED,Projected path contains a large step relative to the median supported step.,QA_REQUIRED,Projected path contains a large step relative to the median supported step.
135,135,4500.0,VALID_TARGET,,5.0,343.6881504058838,193.6933631896973,342.1040802001953,192.27908325195312,SUPPORTED,358.2,200.1,313.9,129.6,88.6,141.0,SUPPORTED,translation_median_sparse_flow,1.7293214797973633,-0.25475597381591797,35.0,1.7423510551452637,,,SUPPORTED,partial_affine_ransac_sparse_flow,2.509519297302743,-0.5004251682950452,32.0,0.7582530519375268,0.996550267898021,0.9142857142857143,0.6847295761108398,1.3906974792480469,-1.0445919036865234,1.6454534530639648,-0.7499146461486816,5.064629554748535,-122.40882106615051,1.54439083442905,path_segment_012,SUPPORTED,,,,,,0.0,0.0,,,path_segment_018,SUPPORTED,,0.6847295761108398,1.3906974792480469,-1.0445919036865234,1.6454534530639648,-0.7499146461486816,5.064629554748535,,,path_segment_012,QA_REQUIRED,Projected path contains a large step relative to the median supported step.,QA_REQUIRED,Projected path contains a large step relative to the median supported step.
136,136,4533.333333333333,VALID_TARGET,,5.0,343.7039031982422,192.27908325195312,344.86603450775146,193.2546329498291,SUPPORTED,359.8,201.15,315.6,130.4,88.4,141.5,SUPPORTED,translation_median_sparse_flow,1.7013554573059082,-0.23400115966796875,38.0,1.6571741104125977,,,SUPPORTED,partial_affine_ransac_sparse_flow,1.8643565893619911,-0.14284375979269912,31.0,0.5294418337357353,0.9967594310204418,0.8157894736842105,2.7619543075561523,0.9755496978759766,1.0605988502502441,1.2095508575439453,0.3106842041015625,6.2741804122924805,-48.75398407754095,1.2747137299132274,path_segment_012,SUPPORTED,,2.7619543075561523,0.9755496978759766,2.2614850936768107,1.2880059060554174,2.2614850936768107,1.2880059060554174,-29.663237365368317,2.062242115152712,path_segment_018,SUPPORTED,,2.7619543075561523,0.9755496978759766,1.0605988502502441,1.2095508575439453,0.3106842041015625,6.2741804122924805,,,path_segment_012,QA_REQUIRED,Projected path contains a large step relative to the median supported step.,QA_REQUIRED,Projected path contains a large step relative to the median supported step.
137,137,4566.666666666666,VALID_TARGET,,5.0,345.6500473022461,193.2546329498291,346.00303077697754,193.69336318969727,SUPPORTED,361.40000000000003,202.2,317.3,131.2,88.2,142.0,SUPPORTED,translation_median_sparse_flow,0.0,0.0,39.0,0.0,,,SUPPORTED,partial_affine_ransac_sparse_flow,-1.7655811728804058e-07,5.705156345539253e-06,39.0,7.20099993419479e-06,1.0000000147408503,1.0,1.1369962692260742,0.43873023986816406,1.1369962692260742,0.43873023986816406,1.4476804733276367,6.7129106521606445,-21.099995315283724,0.9656935697492671,path_segment_012,SUPPORTED,,1.1369962692260742,0.43873023986816406,1.1369849137469714,0.43873319328261573,3.398470007423782,1.7267390993380332,-21.10031704764643,0.9656860175392964,path_segment_018,SUPPORTED,,1.1369962692260742,0.43873023986816406,1.1369962692260742,0.43873023986816406,1.4476804733276367,6.7129106521606445,,,path_segment_012,QA_REQUIRED,Projected path contains a large step relative to the median supported step.,QA_REQUIRED,Projected path contains a large step relative to the median supported step.
138,138,4600.0,VALID_TARGET,,5.0,346.4213762283325,195.3254547119141,345.9553413391113,193.8441390991211,SUPPORTED,363.0,203.25,319.0,132.0,88.0,142.5,SUPPORTED,translation_median_sparse_flow,0.0,7.62939453125e-06,39.0,0.00011153607192682102,,,SUPPORTED,partial_affine_ransac_sparse_flow,-7.366794960559336e-05,0.000151430747690278,39.0,0.00029102849570424933,1.000000411134579,1.0,-0.04768943786621094,0.15077590942382812,-0.04768943786621094,0.15076828002929688,1.3999910354614258,6.863678932189941,-107.55265731202243,0.1253016689528183,path_segment_012,SUPPORTED,,-0.04768943786621094,0.15077590942382812,-0.04811588151727619,0.15118410323776743,3.350354125906506,1.8779232025758006,-107.65420172383367,0.12571792818304267,path_segment_018,SUPPORTED,,-0.04768943786621094,0.15077590942382812,-0.04768943786621094,0.15076828002929688,1.3999910354614258,6.863678932189941,,,path_segment_012,QA_REQUIRED,Projected path contains a large step relative to the median supported step.,QA_REQUIRED,Projected path contains a large step relative to the median supported step.
139,139,4633.333333333334,VALID_TARGET,,5.0,345.53699588775635,194.1521034240723,345.9553413391113,193.8441390991211,SUPPORTED,364.59999999999997,204.3,320.7,132.8,87.8,143.0,SUPPORTED,translation_median_sparse_flow,0.0,0.0,39.0,0.0,,,SUPPORTED,partial_affine_ransac_sparse_flow,-8.008213630153058e-05,0.00056371338635023,39.0,0.000499517147507697,0.999999126453653,1.0,0.0,0.0,0.0,0.0,1.3999910354614258,6.863678932189941,,0.0,path_segment_012,SUPPORTED,,0.0,0.0,0.0002567684883842958,-0.00017036174264717374,3.3506108943948902,1.8777528408331534,33.56363100770684,0.0002441715640332742,path_segment_018,SUPPORTED,,0.0,0.0,0.0,0.0,1.3999910354614258,6.863678932189941,,,path_segment_012,QA_REQUIRED,Projected path contains a large step relative to the median supported step.,QA_REQUIRED,Projected path contains a large step relative to the median supported step.
140,140,4666.666666666667,VALID_TARGET,,5.0,345.9721269607544,193.8441390991211,346.30696201324463,194.15210342407227,SUPPORTED,366.2,205.35,322.4,133.6,87.6,143.5,SUPPORTED,translation_median_sparse_flow,0.0,0.0,41.0,3.0517578125e-05,,,SUPPORTED,partial_affine_ransac_sparse_flow,-8.746387674043153e-05,0.00021126261166422042,41.0,0.0002944018109188382,1.0000007431041267,1.0,0.3516206741333008,0.3079643249511719,0.3516206741333008,0.3079643249511719,1.7516117095947266,7.171643257141113,-41.21325298228915,0.3703781012792295,path_segment_012,SUPPORTED,,0.3516206741333008,0.3079643249511719,0.35104411485571063,0.30833529127485804,3.701655009250601,2.1860881321080115,-41.29405790129948,0.3702284634152813,path_segment_018,SUPPORTED,,0.3516206741333008,0.3079643249511719,0.3516206741333008,0.3079643249511719,1.7516117095947266,7.171643257141113,,,path_segment_012,QA_REQUIRED,Projected path contains a large step relative to the median supported step.,QA_REQUIRED,Projected path contains a large step relative to the median supported step.
141,141,4700.0,VALID_TARGET,,5.0,345.20449447631836,193.49782943725583,346.33396434783936,194.15210342407227,SUPPORTED,367.8,206.4,324.1,134.4,87.4,144.0,SUPPORTED,translation_median_sparse_flow,-2.4318695068359375e-05,0.0,42.0,0.00013324808969628066,,,SUPPORTED,partial_affine_ransac_sparse_flow,-8.484480570791929e-05,0.0005257451412955696,42.0,0.0005556544130748539,0.999999373219232,1.0,0.027002334594726562,0.0,0.027026653289794922,0.0,1.7786383628845215,7.171643257141113,-0.0,0.021415715979180256,path_segment_012,SUPPORTED,,0.027002334594726562,0.0,0.027341469818850328,-0.00047046440556641755,3.728996479069451,2.185617667702445,0.9857906380335517,0.021668381300110628,path_segment_018,SUPPORTED,,0.027002334594726562,0.0,0.027026653289794922,0.0,1.7786383628845215,7.171643257141113,,,path_segment_012,QA_REQUIRED,Projected path contains a large step relative to the median supported step.,QA_REQUIRED,Projected path contains a large step relative to the median supported step.
142,142,4733.333333333333,VALID_TARGET,,5.0,355.39064025878906,197.7633819580078,355.39064025878906,197.6956729888916,SUPPORTED,369.40000000000003,207.45,325.8,135.2,87.2,144.5,SUPPORTED,translation_median_sparse_flow,9.380653381347656,-0.000331878662109375,41.0,6.864166259765625,,,LOW_BACKGROUND_FEATURE_COUNT,partial_affine_ransac_sparse_flow,0.0,0.0,21.0,,,,9.056675910949707,3.543569564819336,-0.3239774703979492,3.5439014434814453,1.4546608924865723,10.715544700622559,-95.22336436681087,2.819870658178643,path_segment_012,SUPPORTED,,,,,,,,,,,LOW_BACKGROUND_FEATURE_COUNT,Camera compensation was not supported.,9.056675910949707,3.543569564819336,-0.3239774703979492,3.5439014434814453,1.4546608924865723,10.715544700622559,,,path_segment_012,QA_REQUIRED,Projected path contains a large step relative to the median supported step.,QA_REQUIRED,Projected path contains a large step relative to the median supported step.
143,143,4766.666666666667,VALID_TARGET,,5.0,355.66897201538086,197.6956729888916,355.52980613708496,197.7295274734497,SUPPORTED,371.0,208.5,327.5,136.0,87.0,145.0,SUPPORTED,translation_median_sparse_flow,0.0,0.0,46.0,0.0,,,SUPPORTED,partial_affine_ransac_sparse_flow,-1.2635129414677106e-15,-2.148265199580897e-15,46.0,0.0,1.0,1.0,0.13916587829589844,0.03385448455810547,0.13916587829589844,0.03385448455810547,1.5938267707824707,10.749399185180664,-13.672599574019415,0.1134900410485811,path_segment_012,SUPPORTED,,,,,,0.0,0.0,,,path_segment_019,INSUFFICIENT_EVIDENCE,Continuous path run is shorter than the configured minimum sample count.,0.13916587829589844,0.03385448455810547,0.13916587829589844,0.03385448455810547,1.5938267707824707,10.749399185180664,,,path_segment_012,QA_REQUIRED,Projected path contains a large step relative to the median supported step.,QA_REQUIRED,Projected path contains a large step relative to the median supported step.
144,144,4800.0,VALID_TARGET,,5.0,358.19302558898926,200.00059509277344,355.66897201538086,197.7633819580078,SUPPORTED,371.0,208.5,327.5,136.0,87.0,145.0,SUPPORTED,translation_median_sparse_flow,5.397936820983887,0.10398101806640625,46.0,2.4637539386749268,,,SUPPORTED,partial_affine_ransac_sparse_flow,5.251609826527999,0.8113710303373618,34.0,1.1511429376710334,0.9903003168911267,0.7391304347826086,0.13916587829589844,0.03385448455810547,-5.258770942687988,-0.07012653350830078,-3.6649441719055176,10.679272651672363,179.2359970979945,4.167380869934112,path_segment_012,SUPPORTED,,0.13916587829589844,0.03385448455810547,-1.5570451950015354,0.9483576068757316,-1.5570451950015354,0.9483576068757316,,,path_segment_019,INSUFFICIENT_EVIDENCE,Continuous path run is shorter than the configured minimum sample count.,0.13916587829589844,0.03385448455810547,-5.258770942687988,-0.07012653350830078,-3.6649441719055176,10.679272651672363,,,path_segment_012,QA_REQUIRED,Projected path contains a large step relative to the median supported step.,QA_REQUIRED,Projected path contains a large step relative to the median supported step.
145,145,4833.333333333333,TARGET_IDENTITY_UNCERTAIN,TARGET_OVERLAP_AMBIGUOUS: another detected person overlaps or is too close to the selected pose for automated identity acceptance.,,358.7295570373535,197.71477127075195,,,,371.0,208.5,327.5,136.0,87.0,145.0,,,,,,,,,,,,,,,,,,,,,,,,,,,,,,,,,,,,,,,,,,,,,,,,,,,
146,146,4866.666666666666,VALID_TARGET,,6.0,359.5012502670288,199.0460147857666,359.5012502670288,199.11385536193848,SUPPORTED,371.0,208.5,327.5,136.0,87.0,145.0,SUPPORTED,translation_median_sparse_flow,1.1700544357299805,-0.052494049072265625,56.0,1.0049759149551392,,,SUPPORTED,partial_affine_ransac_sparse_flow,1.27223139027282,0.07945025112099677,51.0,0.4662380468460545,0.9984972204255,0.9107142857142857,,,,,0.0,0.0,,,path_segment_013,SUPPORTED,,,,,,0.0,0.0,,,path_segment_020,SUPPORTED,,,,,,0.0,0.0,,,path_segment_013,QA_REQUIRED,Projected path contains a large step relative to the median supported step.,QA_REQUIRED,Projected path contains a large step relative to the median supported step.
147,147,4900.0,VALID_TARGET,,6.0,359.5202808380127,199.11385536193848,359.48576402664185,199.16498470306396,SUPPORTED,371.0,208.5,327.5,136.0,87.0,145.0,SUPPORTED,translation_median_sparse_flow,0.0,0.0,59.0,0.0001576997892698273,,,SUPPORTED,partial_affine_ransac_sparse_flow,-0.001650635584748553,0.00032620587809008766,59.0,0.0016660657316704872,0.9999905696004753,1.0,-0.01548624038696289,0.05112934112548828,-0.01548624038696289,0.05112934112548828,-0.01548624038696289,0.05112934112548828,-106.85070144586435,0.042332102195631355,path_segment_013,SUPPORTED,,-0.01548624038696289,0.05112934112548828,-0.01227518374128067,0.05598464400816283,-0.01227518374128067,0.05598464400816283,-102.36696166027731,0.04541563638052326,path_segment_020,SUPPORTED,,-0.01548624038696289,0.05112934112548828,-0.01548624038696289,0.05112934112548828,-0.01548624038696289,0.05112934112548828,,,path_segment_013,QA_REQUIRED,Projected path contains a large step relative to the median supported step.,QA_REQUIRED,Projected path contains a large step relative to the median supported step.
148,148,4933.333333333334,VALID_TARGET,,6.0,359.4684934616089,199.2180137634277,359.4702777862549,199.21611404418945,SUPPORTED,371.0,208.5,327.5,136.0,87.0,145.0,SUPPORTED,translation_median_sparse_flow,3.123283386230469e-05,0.0,58.0,0.00017827455303631723,,,SUPPORTED,partial_affine_ransac_sparse_flow,-0.0012844775743051076,0.0006442399830125511,58.0,0.0012310216477950193,0.9999954493804873,1.0,-0.01548624038696289,0.05112934112548828,-0.015517473220825195,0.05112934112548828,-0.031003713607788086,0.10225868225097656,-106.88275465847869,0.04233928293393401,path_segment_013,SUPPORTED,,-0.01548624038696289,0.05112934112548828,-0.014220179328390259,0.05437740654573986,-0.02649536306967093,0.11036205055390269,-104.65516930076032,0.04453721988529578,path_segment_020,SUPPORTED,,-0.01548624038696289,0.05112934112548828,-0.015517473220825195,0.05112934112548828,-0.031003713607788086,0.10225868225097656,,,path_segment_013,QA_REQUIRED,Projected path contains a large step relative to the median supported step.,QA_REQUIRED,Projected path contains a large step relative to the median supported step.
149,149,4966.666666666667,VALID_TARGET,,6.0,359.4702777862549,199.21611404418945,359.4702777862549,199.21611404418945,SUPPORTED,371.0,208.5,327.5,136.0,87.0,145.0,SUPPORTED,translation_median_sparse_flow,0.0,0.0,58.0,0.00010904653026955202,,,SUPPORTED,partial_affine_ransac_sparse_flow,-0.0001636126343578644,0.00019368614724122837,58.0,0.0004125149938347912,1.0000020147814477,1.0,0.0,0.0,0.0,0.0,-0.031003713607788086,0.10225868225097656,,0.0,path_segment_013,SUPPORTED,,0.0,0.0,-0.0010651901470737357,0.0003153593366107543,-0.027560553216744665,0.11067740989051345,-163.50812798479666,0.0008802626192889249,path_segment_020,SUPPORTED,,0.0,0.0,0.0,0.0,-0.031003713607788086,0.10225868225097656,,,path_segment_013,QA_REQUIRED,Projected path contains a large step relative to the median supported step.,QA_REQUIRED,Projected path contains a large step relative to the median supported step.
150,150,5000.0,VALID_TARGET,,6.0,359.4702777862549,199.21611404418945,359.4702777862549,199.21611404418945,SUPPORTED,371.0,208.5,327.5,136.0,87.0,145.0,SUPPORTED,translation_median_sparse_flow,0.0,0.0,58.0,8.87681235326454e-05,,,SUPPORTED,partial_affine_ransac_sparse_flow,-4.221042000921841e-05,-4.227213518738732e-05,58.0,0.00011689334892335784,1.0000002889536221,1.0,0.0,0.0,0.0,0.0,-0.031003713607788086,0.10225868225097656,,0.0,path_segment_013,SUPPORTED,,0.0,0.0,-7.322864786374339e-05,5.5829881375757395e-06,-0.02763378186460841,0.11068299287865102,-175.64017585262246,5.8194224069591236e-05,path_segment_020,SUPPORTED,,0.0,0.0,0.0,0.0,-0.031003713607788086,0.10225868225097656,,,path_segment_013,QA_REQUIRED,Projected path contains a large step relative to the median supported step.,QA_REQUIRED,Projected path contains a large step relative to the median supported step.
151,151,5033.333333333333,VALID_TARGET,,6.0,359.4702777862549,199.21611404418945,359.4702777862549,199.21611404418945,SUPPORTED,371.0,208.5,327.5,136.0,87.0,145.0,SUPPORTED,translation_median_sparse_flow,0.0,0.0,58.0,0.0,,,SUPPORTED,partial_affine_ransac_sparse_flow,-1.058263374870475e-05,-1.7415261659923856e-05,58.0,1.693065635539842e-05,1.0000001043526248,1.0,0.0,0.0,0.0,0.0,-0.031003713607788086,0.10225868225097656,,0.0,path_segment_013,SUPPORTED,,0.0,0.0,-4.204207806424165e-05,2.389687594472889e-05,-0.02767582394267265,0.11070688975459575,-150.3859364856163,3.8319340235101266e-05,path_segment_020,SUPPORTED,,0.0,0.0,0.0,0.0,-0.031003713607788086,0.10225868225097656,,,path_segment_013,QA_REQUIRED,Projected path contains a large step relative to the median supported step.,QA_REQUIRED,Projected path contains a large step relative to the median supported step.
152,152,5066.666666666666,VALID_TARGET,,6.0,359.4702777862549,199.21611404418945,359.4702777862549,199.21611404418945,SUPPORTED,371.0,208.5,327.5,136.0,87.0,145.0,SUPPORTED,translation_median_sparse_flow,0.0,5.7220458984375e-06,58.0,0.00013765739277005196,,,SUPPORTED,partial_affine_ransac_sparse_flow,-0.00010329187970860624,9.842883880359734e-05,58.0,0.0001768948202338874,1.0000001212521237,1.0,0.0,0.0,0.0,-5.7220458984375e-06,-0.031003713607788086,0.10225296020507812,90.0,4.534105960764358e-06,path_segment_013,SUPPORTED,,0.0,0.0,-0.00010156830694540986,0.00016842206215983424,-0.02777739224961806,0.11087531181675558,-121.09242271407985,0.0001558459128575664,path_segment_020,SUPPORTED,,0.0,0.0,0.0,-5.7220458984375e-06,-0.031003713607788086,0.10225296020507812,,,path_segment_013,QA_REQUIRED,Projected path contains a large step relative to the median supported step.,QA_REQUIRED,Projected path contains a large step relative to the median supported step.
153,153,5100.0,VALID_TARGET,,6.0,371.0760345458984,204.51339721679688,359.4702777862549,199.21611404418945,SUPPORTED,371.0,208.5,327.5,136.0,87.0,145.0,UNSTABLE_TRANSFORM,translation_median_sparse_flow,12.413101196289062,-2.7929487228393555,57.0,8.418726921081543,,,LOW_BACKGROUND_FEATURE_COUNT,partial_affine_ransac_sparse_flow,0.0,0.0,19.0,,,,,,,,,,,,,UNSTABLE_TRANSFORM,Camera compensation was not supported.,,,,,,,,,,LOW_BACKGROUND_FEATURE_COUNT,Camera compensation was not supported.,,,,,,,,,,UNSTABLE_TRANSFORM,Camera compensation was not supported.,QA_REQUIRED,Projected path contains a large step relative to the median supported step.
