source_frame_index,analysis_frame_index,timestamp_ms,frame_status,frame_rejection_reason,valid_segment_id,raw_pelvis_mid_x,raw_pelvis_mid_y,path_input_center_x,path_input_center_y,center_status,roi_center_x,roi_center_y,roi_x,roi_y,roi_width,roi_height,translation_camera_motion_status,translation_camera_motion_method,translation_background_dx_px,translation_background_dy_px,translation_background_feature_count,translation_camera_motion_residual_px,translation_affine_scale,translation_affine_inlier_fraction,affine_camera_motion_status,affine_camera_motion_method,affine_background_dx_px,affine_background_dy_px,affine_background_feature_count,affine_camera_motion_residual_px,affine_affine_scale,affine_affine_inlier_fraction,translation_raw_dx,translation_raw_dy,translation_compensated_dx,translation_compensated_dy,translation_compensated_x,translation_compensated_y,translation_projected_heading_deg,translation_normalized_projected_speed_per_s,translation_path_segment_id,translation_path_status,translation_path_rejection_reason,affine_raw_dx,affine_raw_dy,affine_compensated_dx,affine_compensated_dy,affine_compensated_x,affine_compensated_y,affine_projected_heading_deg,affine_normalized_projected_speed_per_s,affine_path_segment_id,affine_path_status,affine_path_rejection_reason,chosen_raw_dx,chosen_raw_dy,chosen_compensated_dx,chosen_compensated_dy,chosen_compensated_x,chosen_compensated_y,chosen_projected_heading_deg,chosen_normalized_projected_speed_per_s,chosen_path_segment_id,chosen_path_status,chosen_path_rejection_reason,chosen_path_validation_status,chosen_path_validation_reason
0,0,0.0,VALID_TARGET,,1.0,400.76430892944336,504.4175338745117,408.89380264282227,502.86450958251953,SUPPORTED,392.1428571428571,519.2857142857143,275.0,337.14285714285717,234.28571428571428,364.2857142857143,INSUFFICIENT_EVIDENCE,translation_median_sparse_flow,0.0,0.0,0.0,,,,INSUFFICIENT_EVIDENCE,partial_affine_ransac_sparse_flow,0.0,0.0,0.0,,,,,,,,0.0,0.0,,,path_segment_001,SUPPORTED,,,,,,0.0,0.0,,,path_segment_001,SUPPORTED,,,,,,0.0,0.0,,,path_segment_001,SUPPORTED,,SUPPORTED,
1,1,33.333333333333336,VALID_TARGET,,1.0,408.89380264282227,501.7850570678711,412.4250793457031,502.3247833251953,SUPPORTED,397.0408163265306,517.9591836734694,276.0204081632653,333.8775510204082,242.0408163265306,368.1632653061224,SUPPORTED,translation_median_sparse_flow,2.97344970703125,-1.520782470703125,100.0,3.6283771991729736,,,SUPPORTED,partial_affine_ransac_sparse_flow,11.25577083121694,0.8992708333970046,48.0,1.1608435058958173,0.9901143875948103,0.48,3.5312767028808594,-0.5397262573242188,0.5578269958496094,0.9810562133789062,0.5578269958496094,0.9810562133789062,-60.37750895306419,0.5597516649197143,path_segment_001,SUPPORTED,,3.5312767028808594,-0.5397262573242188,-3.682333911591172,3.5321309594958166,-3.682333911591172,3.5321309594958166,-136.19270829533653,2.53078291886332,path_segment_001,SUPPORTED,,3.5312767028808594,-0.5397262573242188,0.5578269958496094,0.9810562133789062,0.5578269958496094,0.9810562133789062,-60.37750895306419,0.5597516649197143,path_segment_001,SUPPORTED,,SUPPORTED,
2,2,66.66666666666667,VALID_TARGET,,1.0,420.3943099975586,505.1681594848633,415.956356048584,501.7850570678711,SUPPORTED,401.93877551020404,516.6326530612246,277.0408163265306,330.6122448979592,249.7959183673469,372.0408163265306,SUPPORTED,translation_median_sparse_flow,3.40399169921875,-0.09734940528869629,105.0,3.405506134033203,,,SUPPORTED,partial_affine_ransac_sparse_flow,-18.17546008951921,18.932118191025268,55.0,1.3864363302968339,1.0124943901101717,0.5238095238095238,3.5312767028808594,-0.5397262573242188,0.12728500366210938,-0.44237685203552246,0.6851119995117188,0.5386793613433838,73.94789601835986,0.22831574597355564,path_segment_001,SUPPORTED,,3.5312767028808594,-0.5397262573242188,3.3514889274848656,-14.615416560843641,-0.3308449841063066,-11.083285601347825,77.08468557653585,7.437230372752435,path_segment_001,SUPPORTED,,3.5312767028808594,-0.5397262573242188,0.12728500366210938,-0.44237685203552246,0.6851119995117188,0.5386793613433838,73.94789601835986,0.22831574597355564,path_segment_001,SUPPORTED,,SUPPORTED,
3,3,100.0,VALID_TARGET,,1.0,415.956356048584,495.6009979248047,420.3943099975586,495.6009979248047,SUPPORTED,406.83673469387753,515.3061224489796,278.0612244897959,327.34693877551024,257.55102040816325,375.91836734693874,SUPPORTED,translation_median_sparse_flow,3.05535888671875,-1.29559326171875,116.0,3.3186941146850586,,,SUPPORTED,partial_affine_ransac_sparse_flow,11.257817361308568,1.5895934988581675,70.0,1.007830018516871,0.9902648942082191,0.603448275862069,4.437953948974609,-6.184059143066406,1.3825950622558594,-4.888465881347656,2.067707061767578,-4.3497865200042725,74.20761110714707,2.5197326227431174,path_segment_001,SUPPORTED,,4.437953948974609,-6.184059143066406,-3.222123230385762,-2.5139878981631227,-3.5529682144920685,-13.597273499510948,142.03767968944476,2.027023004703272,path_segment_001,SUPPORTED,,4.437953948974609,-6.184059143066406,1.3825950622558594,-4.888465881347656,2.067707061767578,-4.3497865200042725,74.20761110714707,2.5197326227431174,path_segment_001,SUPPORTED,,SUPPORTED,
4,4,133.33333333333334,VALID_TARGET,,1.0,426.0300178527832,491.26861572265625,426.0300178527832,491.26861572265625,SUPPORTED,411.734693877551,513.9795918367347,279.08163265306126,324.0816326530612,265.3061224489795,379.7959183673469,SUPPORTED,translation_median_sparse_flow,2.84967041015625,-0.000152587890625,123.0,2.84967041015625,,,SUPPORTED,partial_affine_ransac_sparse_flow,-13.711239817037642,13.62670334458365,83.0,1.277169625507031,1.011812371968563,0.6747967479674797,5.635707855224609,-4.3323822021484375,2.7860374450683594,-4.3322296142578125,4.8537445068359375,-8.682016134262085,57.2551107357136,2.5547127478594476,path_segment_001,SUPPORTED,,5.635707855224609,-4.3323822021484375,4.7317233739867675,-15.46589843575913,1.178755159494699,-29.063171935270077,72.9887400466461,8.021888225176536,path_segment_001,SUPPORTED,,5.635707855224609,-4.3323822021484375,2.7860374450683594,-4.3322296142578125,4.8537445068359375,-8.682016134262085,57.2551107357136,2.5547127478594476,path_segment_001,SUPPORTED,,SUPPORTED,
5,5,166.66666666666666,VALID_TARGET,,1.0,430.8959732055664,490.5365524291992,429.20326232910156,490.5365524291992,SUPPORTED,416.63265306122446,512.6530612244898,280.10204081632656,320.81632653061223,273.06122448979585,383.67346938775506,SUPPORTED,translation_median_sparse_flow,2.8739013671875,-0.2757568359375,131.0,2.6173455715179443,,,SUPPORTED,partial_affine_ransac_sparse_flow,8.382164446439111,3.6288525457615854,77.0,1.1338978749803195,0.9928214029736642,0.5877862595419847,3.1732444763183594,-0.7320632934570312,0.2993431091308594,-0.45630645751953125,5.153087615966797,-9.138322591781616,56.73459213434785,0.2706761344652831,path_segment_001,SUPPORTED,,3.1732444763183594,-0.7320632934570312,-3.553488043437085,0.3858178251032882,-2.374732883942386,-28.67735411016679,-173.80341841758627,1.7728474687987335,path_segment_001,SUPPORTED,,3.1732444763183594,-0.7320632934570312,0.2993431091308594,-0.45630645751953125,5.153087615966797,-9.138322591781616,56.73459213434785,0.2706761344652831,path_segment_001,SUPPORTED,,SUPPORTED,
6,6,200.0,VALID_TARGET,,1.0,433.31321716308594,484.95176696777344,433.31321716308594,485.6532974243164,SUPPORTED,421.53061224489795,511.3265306122449,281.12244897959187,317.55102040816325,280.8163265306122,387.55102040816325,SUPPORTED,translation_median_sparse_flow,3.33544921875,0.51202392578125,145.0,3.3745172023773193,,,SUPPORTED,partial_affine_ransac_sparse_flow,-13.125084883716184,13.276201747394893,97.0,0.8707505374613043,1.0121958476681765,0.6689655172413793,4.109954833984375,-4.8832550048828125,0.774505615234375,-5.3952789306640625,5.927593231201172,-14.533601522445679,81.83085894435072,2.703428606563479,path_segment_001,SUPPORTED,,4.109954833984375,-4.8832550048828125,3.220431487995029,-16.320423148312386,0.8456986040526431,-44.997777258479175,78.83750092319617,8.250831903917295,path_segment_001,SUPPORTED,,4.109954833984375,-4.8832550048828125,0.774505615234375,-5.3952789306640625,5.927593231201172,-14.533601522445679,81.83085894435072,2.703428606563479,path_segment_001,SUPPORTED,,SUPPORTED,
7,7,233.33333333333337,VALID_TARGET,,1.0,433.3468246459961,483.99998474121094,439.0048828125,484.3874816894531,SUPPORTED,426.42857142857144,510.0,282.14285714285717,314.2857142857143,288.5714285714285,391.4285714285714,SUPPORTED,translation_median_sparse_flow,3.59600830078125,-2.288818359375e-05,129.0,3.59600830078125,,,SUPPORTED,partial_affine_ransac_sparse_flow,-11.681376034524359,13.613441935730778,75.0,1.146120972971526,1.0110020093735248,0.5813953488372093,5.6916656494140625,-1.2658157348632812,2.0956573486328125,-1.2657928466796875,8.023250579833984,-15.799394369125366,31.132292858003137,1.2143124344263674,path_segment_001,SUPPORTED,,5.6916656494140625,-1.2658157348632812,3.691397366328488,-12.121053107132468,4.537095970381131,-57.11883036561164,73.06218585451263,6.284516543567427,path_segment_001,SUPPORTED,,5.6916656494140625,-1.2658157348632812,2.0956573486328125,-1.2657928466796875,8.023250579833984,-15.799394369125366,31.132292858003137,1.2143124344263674,path_segment_001,SUPPORTED,,SUPPORTED,
8,8,266.6666666666667,VALID_TARGET,,1.0,439.83045959472656,484.3874816894531,442.9068374633789,483.29845428466797,SUPPORTED,436.2857142857143,510.3571428571428,292.8571428571429,313.85714285714283,286.8571428571428,392.99999999999994,SUPPORTED,translation_median_sparse_flow,3.5804443359375,0.9011383056640625,124.0,3.6923880577087402,,,SUPPORTED,partial_affine_ransac_sparse_flow,-12.054755524079459,11.752616232223604,66.0,1.173833546876478,1.012423411807714,0.532258064516129,3.9019546508789062,-1.0890274047851562,0.32151031494140625,-1.9901657104492188,8.34476089477539,-17.789560079574585,80.8231791792015,0.9998972578811783,path_segment_001,SUPPORTED,,3.9019546508789062,-1.0890274047851562,3.039124612031742,-11.990109826999003,7.576220582412873,-69.10894019261065,75.77682685675943,6.13501993776046,path_segment_001,SUPPORTED,,3.9019546508789062,-1.0890274047851562,0.32151031494140625,-1.9901657104492188,8.34476089477539,-17.789560079574585,80.8231791792015,0.9998972578811783,path_segment_001,SUPPORTED,,SUPPORTED,
9,9,300.0,VALID_TARGET,,1.0,447.48119354248047,480.0542297363281,447.9745788574219,480.0542297363281,SUPPORTED,446.1428571428571,510.7142857142857,303.5714285714286,313.42857142857144,285.14285714285705,394.57142857142856,SUPPORTED,translation_median_sparse_flow,3.77874755859375,-5.340576171875e-05,137.0,3.77874755859375,,,SUPPORTED,partial_affine_ransac_sparse_flow,-13.517752126680469,8.407854196241715,71.0,1.1738804566019878,1.0143993491975876,0.5182481751824818,5.067741394042969,-3.2442245483398438,1.2889938354492188,-3.244171142578125,9.63375473022461,-21.03373122215271,68.33078437085958,1.7314300547304065,path_segment_001,SUPPORTED,,5.067741394042969,-3.2442245483398438,5.48105524392264,-12.36059393675032,13.057275826335513,-81.46953412936097,66.08607664920083,6.70642295638537,path_segment_001,SUPPORTED,,5.067741394042969,-3.2442245483398438,1.2889938354492188,-3.244171142578125,9.63375473022461,-21.03373122215271,68.33078437085958,1.7314300547304065,path_segment_001,SUPPORTED,,SUPPORTED,
10,10,333.3333333333333,VALID_TARGET,,1.0,460.1431579589844,476.35518646240234,460.1431579589844,476.35518646240234,SUPPORTED,456.0,511.07142857142856,314.2857142857143,313.0,283.4285714285714,396.1428571428571,UNSTABLE_TRANSFORM,translation_median_sparse_flow,9.031463623046875,0.000209808349609375,114.0,9.031463623046875,,,SUPPORTED,partial_affine_ransac_sparse_flow,30.68527748058018,31.26500724730021,35.0,1.3546817726664808,0.9714148275645478,0.30701754385964913,,,,,,,,,,UNSTABLE_TRANSFORM,Camera compensation was not supported.,12.1685791015625,-3.6990432739257812,-17.76639362073513,-9.693264825782876,-4.709117794399617,-91.16279895514384,151.38331541545986,10.038153353412971,path_segment_001,SUPPORTED,,,,,,,,,,,UNSTABLE_TRANSFORM,Camera compensation was not supported.,SUPPORTED,
11,11,366.66666666666663,VALID_TARGET,,1.0,466.3329849243164,472.1322784423828,466.3329849243164,476.35518646240234,SUPPORTED,465.85714285714283,511.4285714285714,325.0,312.57142857142856,281.71428571428567,397.71428571428567,SUPPORTED,translation_median_sparse_flow,4.7406005859375,3.0517578125e-05,111.0,4.73974609375,,,SUPPORTED,partial_affine_ransac_sparse_flow,-19.49848164835345,4.29604610274875,51.0,1.2401814575014902,1.0214556739758907,0.4594594594594595,,,,,0.0,0.0,,,path_segment_002,SUPPORTED,,6.189826965332031,0.0,10.467659244393303,-9.293183571411646,5.758541449993686,-100.45598252655549,41.59865566725865,6.942691106233698,path_segment_001,SUPPORTED,,,,,,0.0,0.0,,,path_segment_002,SUPPORTED,,SUPPORTED,
12,12,400.0,VALID_TARGET,,1.0,475.8383560180664,474.4381866455078,475.8383560180664,476.35518646240234,SUPPORTED,475.71428571428567,511.7857142857142,335.7142857142857,312.1428571428571,279.99999999999994,399.2857142857142,SUPPORTED,translation_median_sparse_flow,5.278472900390625,-0.936065673828125,120.0,5.343781471252441,,,SUPPORTED,partial_affine_ransac_sparse_flow,-20.85888019313215,-0.3574682323315769,52.0,1.2676314692768385,1.023865721821012,0.43333333333333335,9.50537109375,0.0,4.226898193359375,0.936065673828125,4.226898193359375,0.936065673828125,-12.486884264012328,2.1472860954382544,path_segment_002,SUPPORTED,,9.50537109375,0.0,14.779849902092337,-6.609587200821636,20.538391352086023,-107.06556972737712,24.094317220750614,8.03027708735769,path_segment_001,SUPPORTED,,9.50537109375,0.0,4.226898193359375,0.936065673828125,4.226898193359375,0.936065673828125,-12.486884264012328,2.1472860954382544,path_segment_002,SUPPORTED,,SUPPORTED,
13,13,433.33333333333337,VALID_TARGET,,1.0,480.5643997192383,480.9739990234375,480.5643997192383,479.6327133178711,SUPPORTED,485.57142857142856,512.1428571428571,346.42857142857144,311.7142857142857,278.2857142857142,400.85714285714283,SUPPORTED,translation_median_sparse_flow,4.099609375,5.340576171875e-05,104.0,4.0994873046875,,,SUPPORTED,partial_affine_ransac_sparse_flow,4.617477507463725,3.4658306088234334,62.0,1.4568206195873747,0.9967399207987506,0.5961538461538461,4.726043701171875,3.27752685546875,0.626434326171875,3.2774734497070312,4.85333251953125,4.213539123535156,-79.17937490077453,1.6550159815277765,path_segment_002,SUPPORTED,,4.726043701171875,3.27752685546875,-0.023918149527332844,3.0525658711442816,20.51447320255869,-104.01300385623284,-90.44892756967448,1.5140842458404458,path_segment_001,SUPPORTED,,4.726043701171875,3.27752685546875,0.626434326171875,3.2774734497070312,4.85333251953125,4.213539123535156,-79.17937490077453,1.6550159815277765,path_segment_002,SUPPORTED,,SUPPORTED,
14,14,466.6666666666667,VALID_TARGET,,1.0,490.60039138793945,479.6327133178711,490.60039138793945,479.6327133178711,SUPPORTED,495.42857142857133,512.5,357.1428571428571,311.2857142857143,276.5714285714285,402.4285714285714,SUPPORTED,translation_median_sparse_flow,4.7640380859375,-0.28350830078125,117.0,4.3616228103637695,,,SUPPORTED,partial_affine_ransac_sparse_flow,18.8107299154849,8.271312590176722,56.0,0.802992222030898,0.9830318820183725,0.47863247863247865,10.035991668701172,0.0,5.271953582763672,0.28350830078125,10.125286102294922,4.497047424316406,-3.078213276442692,2.618606926176518,path_segment_002,SUPPORTED,,10.035991668701172,0.0,-3.570637392370486,2.8416675459214957,16.943835810188205,-101.17133631031135,-141.48570977671577,2.263389130124966,path_segment_001,SUPPORTED,,10.035991668701172,0.0,5.271953582763672,0.28350830078125,10.125286102294922,4.497047424316406,-3.078213276442692,2.618606926176518,path_segment_002,SUPPORTED,,SUPPORTED,
15,15,500.0,VALID_TARGET,,1.0,493.81409454345703,480.76881408691406,493.81409454345703,479.6327133178711,SUPPORTED,505.28571428571433,512.8571428571428,367.8571428571429,310.85714285714283,274.85714285714283,403.99999999999994,SUPPORTED,translation_median_sparse_flow,3.991546630859375,1.1444091796875e-05,112.0,2.939579486846924,,,SUPPORTED,partial_affine_ransac_sparse_flow,5.312347748269038,4.464490358976423,78.0,1.7365962057629734,0.9965480004606851,0.6964285714285714,3.213703155517578,0.0,-0.7778434753417969,-1.1444091796875e-05,9.347442626953125,4.497035980224609,179.9991570307124,0.38580147024955674,path_segment_002,SUPPORTED,,3.213703155517578,0.0,-2.3468368109780045,-0.8145480030414092,14.5969989992102,-101.98588431335276,160.85896310240523,1.2321229994740077,path_segment_001,SUPPORTED,,3.213703155517578,0.0,-0.7778434753417969,-1.1444091796875e-05,9.347442626953125,4.497035980224609,179.9991570307124,0.38580147024955674,path_segment_002,SUPPORTED,,SUPPORTED,
16,16,533.3333333333334,VALID_TARGET,,1.0,502.49622344970703,470.39259338378906,502.49622344970703,471.3936767578125,SUPPORTED,515.1428571428571,513.2142857142858,378.57142857142856,310.42857142857144,273.1428571428571,405.57142857142856,SUPPORTED,translation_median_sparse_flow,3.716949462890625,-0.000148773193359375,110.0,3.165736675262451,,,SUPPORTED,partial_affine_ransac_sparse_flow,10.856421242186608,8.898714726260405,65.0,1.0014874085623595,0.9901149586285077,0.5909090909090909,8.68212890625,-8.239036560058594,4.965179443359375,-8.238887786865234,14.3126220703125,-3.741851806640625,58.92466148245904,4.771097527395081,path_segment_002,SUPPORTED,,8.68212890625,-8.239036560058594,-0.7255556501988849,-8.836683928222044,13.871443349011315,-110.8225682415748,94.6938686529841,4.397643230981538,path_segment_001,SUPPORTED,,8.68212890625,-8.239036560058594,4.965179443359375,-8.238887786865234,14.3126220703125,-3.741851806640625,58.92466148245904,4.771097527395081,path_segment_002,SUPPORTED,,SUPPORTED,
17,17,566.6666666666666,VALID_TARGET,,1.0,513.9504928588867,470.25672912597656,510.58902740478516,469.2556457519531,SUPPORTED,525.0,513.5714285714286,389.2857142857143,310.0,271.4285714285714,407.1428571428571,SUPPORTED,translation_median_sparse_flow,3.27459716796875,0.5477371215820312,128.0,2.680297613143921,,,SUPPORTED,partial_affine_ransac_sparse_flow,3.8409641418612512,5.054490822336693,96.0,1.2316413615148107,0.9972794767268675,0.75,8.092803955078125,-2.138031005859375,4.818206787109375,-2.6857681274414062,19.130828857421875,-6.427619934082031,29.136199694846432,2.7359723384010923,path_segment_002,SUPPORTED,,8.092803955078125,-2.138031005859375,3.77758129095713,-3.9395476127801317,17.649024639968445,-114.76211585435493,46.20234151238604,2.7071233975763347,path_segment_001,SUPPORTED,,8.092803955078125,-2.138031005859375,4.818206787109375,-2.6857681274414062,19.130828857421875,-6.427619934082031,29.136199694846432,2.7359723384010923,path_segment_002,SUPPORTED,,SUPPORTED,
18,18,600.0,VALID_TARGET,,1.0,518.6506309509277,463.4057540893554,513.9504928588867,466.4135208129883,SUPPORTED,528.0,508.0,391.85714285714283,303.14285714285717,272.2857142857143,409.71428571428567,SUPPORTED,translation_median_sparse_flow,3.2923583984375,0.000152587890625,121.0,3.2923583984375,,,SUPPORTED,partial_affine_ransac_sparse_flow,-6.175896907201078,15.004167058703368,66.0,1.9120572445457724,1.0052873890941874,0.5454545454545454,3.3614654541015625,-2.8421249389648438,0.0691070556640625,-2.8422775268554688,19.199935913085938,-9.2698974609375,88.60718645166997,1.4101537908620514,path_segment_002,SUPPORTED,,3.3614654541015625,-2.8421249389648438,-0.31106266055815013,-12.428711271046211,17.337961979410295,-127.19082712540114,91.43368506511761,6.166429067722734,path_segment_001,SUPPORTED,,3.3614654541015625,-2.8421249389648438,0.0691070556640625,-2.8422775268554688,19.199935913085938,-9.2698974609375,88.60718645166997,1.4101537908620514,path_segment_002,SUPPORTED,,SUPPORTED,
19,19,633.3333333333333,VALID_TARGET,,1.0,510.5890274047851,466.4135208129883,517.5053672790527,463.40575408935547,SUPPORTED,531.0,502.4285714285714,394.42857142857144,296.2857142857143,273.1428571428571,412.2857142857142,SUPPORTED,translation_median_sparse_flow,3.67694091796875,1.21038818359375,121.0,3.87101149559021,,,SUPPORTED,partial_affine_ransac_sparse_flow,-5.558954947844952,16.181135003764624,70.0,1.444416443753187,1.0047396575198195,0.5785123966942148,3.5548744201660156,-3.0077667236328125,-0.12206649780273438,-4.2181549072265625,19.077869415283203,-13.488052368164062,91.65758346520026,2.093032438059463,path_segment_002,SUPPORTED,,3.5548744201660156,-3.0077667236328125,-0.3250482385635678,-13.565060676311134,17.012913740846727,-140.75588780171228,91.37266830995416,6.7300463133271045,path_segment_001,SUPPORTED,,3.5548744201660156,-3.0077667236328125,-0.12206649780273438,-4.2181549072265625,19.077869415283203,-13.488052368164062,91.65758346520026,2.093032438059463,path_segment_002,SUPPORTED,,SUPPORTED,
20,20,666.6666666666666,VALID_TARGET,,1.0,520.8686790466309,459.4078369140625,522.0139427185059,459.5131607055664,SUPPORTED,534.0,496.8571428571429,397.0,289.42857142857144,274.0,414.85714285714283,SUPPORTED,translation_median_sparse_flow,3.703857421875,0.282684326171875,119.0,3.7146315574645996,,,SUPPORTED,partial_affine_ransac_sparse_flow,6.114515640025464,15.083833491163425,55.0,0.7678082867195397,0.993978290656564,0.46218487394957986,4.508575439453125,-3.8925933837890625,0.804718017578125,-4.1752777099609375,19.882587432861328,-17.663330078125,79.09091970213673,2.109002351680105,path_segment_002,SUPPORTED,,4.508575439453125,-3.8925933837890625,-4.410460473097146,-9.487167999245344,12.602453267749581,-150.24305580095762,114.93310108680815,5.189152661176219,path_segment_001,SUPPORTED,,4.508575439453125,-3.8925933837890625,0.804718017578125,-4.1752777099609375,19.882587432861328,-17.663330078125,79.09091970213673,2.109002351680105,path_segment_002,SUPPORTED,,SUPPORTED,
21,21,700.0,VALID_TARGET,,1.0,530.149097442627,458.5977020263672,530.149097442627,458.5977020263672,SUPPORTED,537.0,491.2857142857142,399.5714285714286,282.57142857142856,274.85714285714283,417.4285714285714,SUPPORTED,translation_median_sparse_flow,3.389556884765625,1.6776123046875,110.0,3.7819857597351074,,,SUPPORTED,partial_affine_ransac_sparse_flow,-5.413125862465862,17.409974519539485,64.0,1.290662262613728,1.0040963403418066,0.5818181818181818,8.135154724121094,-0.9154586791992188,4.745597839355469,-2.5930709838867188,24.628185272216797,-20.25640106201172,28.652901984655887,2.682226007004278,path_segment_002,SUPPORTED,,8.135154724121094,-0.9154586791992188,4.183811760453523,-11.866792456172277,16.786265028203104,-162.1098482571299,70.57915015528324,6.240889224370268,path_segment_001,SUPPORTED,,8.135154724121094,-0.9154586791992188,4.745597839355469,-2.5930709838867188,24.628185272216797,-20.25640106201172,28.652901984655887,2.682226007004278,path_segment_002,SUPPORTED,,SUPPORTED,
22,22,733.3333333333333,VALID_TARGET,,1.0,531.2900924682617,456.7373809814453,531.2900924682617,456.8753356933594,SUPPORTED,540.0,485.71428571428567,402.14285714285717,275.7142857142857,275.7142857142857,419.99999999999994,SUPPORTED,translation_median_sparse_flow,3.402069091796875,0.389984130859375,116.0,3.424976348876953,,,SUPPORTED,partial_affine_ransac_sparse_flow,-3.0118498844660473,16.525326115488728,59.0,1.0216539475570376,1.0020962268239282,0.5086206896551724,1.1409950256347656,-1.7223663330078125,-2.2610740661621094,-2.1123504638671875,22.367111206054688,-22.368751525878906,136.94766189023596,1.5347204240037988,path_segment_002,SUPPORTED,,1.1409950256347656,-1.7223663330078125,-3.8312971282691706,-11.14167268730256,12.954967899933933,-173.25152094443246,108.97660313131,5.843741161176073,path_segment_001,SUPPORTED,,1.1409950256347656,-1.7223663330078125,-2.2610740661621094,-2.1123504638671875,22.367111206054688,-22.368751525878906,136.94766189023596,1.5347204240037988,path_segment_002,SUPPORTED,,SUPPORTED,
23,23,766.6666666666667,VALID_TARGET,,1.0,537.3145523071289,458.4834289550781,537.3145523071289,456.8753356933594,SUPPORTED,548.2857142857143,485.1428571428571,409.8571428571429,275.2857142857143,276.8571428571429,419.71428571428567,SUPPORTED,translation_median_sparse_flow,3.693939208984375,1.3028564453125,116.0,3.9172778129577637,,,SUPPORTED,partial_affine_ransac_sparse_flow,-7.2493761720207255,17.010328500504546,56.0,1.405401485225637,1.0056535850546788,0.4827586206896552,6.0244598388671875,0.0,2.3305206298828125,-1.3028564453125,24.6976318359375,-23.671607971191406,29.206977589031776,1.32427659166338,path_segment_002,SUPPORTED,,6.0244598388671875,0.0,3.1531753337711734,-11.18509366615649,16.108143233705107,-184.43661461058895,74.25639339918206,5.763908610232578,path_segment_001,SUPPORTED,,6.0244598388671875,0.0,2.3305206298828125,-1.3028564453125,24.6976318359375,-23.671607971191406,29.206977589031776,1.32427659166338,path_segment_002,SUPPORTED,,SUPPORTED,
24,24,800.0,VALID_TARGET,,1.0,543.9298515319824,458.1756134033203,543.9298515319824,456.82044219970703,SUPPORTED,556.5714285714287,484.57142857142856,417.5714285714286,274.8571428571429,278.0,419.4285714285714,SUPPORTED,translation_median_sparse_flow,3.21527099609375,-0.002025604248046875,108.0,3.215332508087158,,,SUPPORTED,partial_affine_ransac_sparse_flow,21.68422403589428,5.8798577251362865,45.0,0.8823892394003198,0.980720564255073,0.4166666666666667,6.615299224853516,-0.05489349365234375,3.4000282287597656,-0.052867889404296875,28.097660064697266,-23.724475860595703,0.8908346170252756,1.6865789797323278,path_segment_002,SUPPORTED,,6.615299224853516,-0.05489349365234375,-6.195290122665938,4.626465917610119,9.912853111039169,-179.81014869297883,-143.24867383286943,3.835047183906904,path_segment_001,SUPPORTED,,6.615299224853516,-0.05489349365234375,3.4000282287597656,-0.052867889404296875,28.097660064697266,-23.724475860595703,0.8908346170252756,1.6865789797323278,path_segment_002,SUPPORTED,,SUPPORTED,
25,25,833.3333333333334,VALID_TARGET,,1.0,558.6877784729004,458.8045501708984,558.6877784729004,460.62157440185547,SUPPORTED,564.8571428571429,484.0,425.2857142857143,274.42857142857144,279.14285714285717,419.1428571428571,SUPPORTED,translation_median_sparse_flow,1.985107421875,7.62939453125e-05,101.0,1.985595703125,,,SUPPORTED,partial_affine_ransac_sparse_flow,5.707397393779571,6.9200574763801805,48.0,0.5719538613996881,0.9947625867783507,0.4752475247524752,14.757926940917969,3.8011322021484375,12.772819519042969,3.801055908203125,40.870479583740234,-19.923419952392578,-16.572448152443,6.609742171095384,path_segment_002,SUPPORTED,,14.757926940917969,3.8011322021484375,9.238629653504063,2.460638514395214,19.151482764543232,-177.3495101785836,-14.91406851197583,4.741998801856926,path_segment_001,SUPPORTED,,14.757926940917969,3.8011322021484375,12.772819519042969,3.801055908203125,40.870479583740234,-19.923419952392578,-16.572448152443,6.609742171095384,path_segment_002,SUPPORTED,,SUPPORTED,
26,26,866.6666666666667,VALID_TARGET,,1.0,567.6894111633301,457.8341064453125,567.6894111633301,461.3340530395508,SUPPORTED,573.1428571428571,483.42857142857144,433.0,274.0,280.2857142857143,418.85714285714283,SUPPORTED,translation_median_sparse_flow,1.2017822265625,-1.5270843505859375,96.0,1.9433622360229492,,,SUPPORTED,partial_affine_ransac_sparse_flow,8.09994056923752,-3.0293274882532515,63.0,0.7310400099205918,0.993482928188221,0.65625,9.001632690429688,0.7124786376953125,7.7998504638671875,2.23956298828125,48.67033004760742,-17.683856964111328,-16.02030563032887,4.024949802735534,path_segment_002,SUPPORTED,,9.001632690429688,0.7124786376953125,5.947611069260915,5.045003766596665,25.099093833804147,-172.30450641198695,-40.30595461973844,3.868270139818456,path_segment_001,SUPPORTED,,9.001632690429688,0.7124786376953125,7.7998504638671875,2.23956298828125,48.67033004760742,-17.683856964111328,-16.02030563032887,4.024949802735534,path_segment_002,SUPPORTED,,SUPPORTED,
27,27,900.0,VALID_TARGET,,1.0,581.3959770202637,463.1143264770508,581.3959770202637,462.3756637573242,SUPPORTED,581.4285714285714,482.85714285714283,440.7142857142857,273.57142857142856,281.42857142857144,418.57142857142856,SUPPORTED,translation_median_sparse_flow,1.8289794921875,-1.02081298828125,103.0,3.3103585243225098,,,SUPPORTED,partial_affine_ransac_sparse_flow,12.643501441945398,2.9325709512127305,56.0,0.6026003452350317,0.9887992518563967,0.5436893203883495,13.706565856933594,1.0416107177734375,11.877586364746094,2.0624237060546875,60.547916412353516,-15.62143325805664,-9.850619457248268,5.979299014046773,path_segment_002,SUPPORTED,,13.706565856933594,1.0416107177734375,6.630265834531087,4.25183605201704,31.729359668335235,-168.0526703599699,-32.67111328441691,3.9066313554872516,path_segment_001,SUPPORTED,,13.706565856933594,1.0416107177734375,11.877586364746094,2.0624237060546875,60.547916412353516,-15.62143325805664,-9.850619457248268,5.979299014046773,path_segment_002,SUPPORTED,,SUPPORTED,
28,28,933.3333333333334,VALID_TARGET,,1.0,590.484992980957,462.5115585327149,589.6214981079102,463.2502212524414,SUPPORTED,589.7142857142858,482.2857142857143,448.42857142857144,273.14285714285717,282.5714285714286,418.2857142857142,SUPPORTED,translation_median_sparse_flow,0.49615478515625,0.08457183837890625,121.0,1.3832606077194214,,,SUPPORTED,partial_affine_ransac_sparse_flow,5.247344858989452,2.403199028733477,86.0,0.7431664795437569,0.9951715125844338,0.7107438016528925,8.225521087646484,0.8745574951171875,7.729366302490234,0.7899856567382812,68.27728271484375,-14.83144760131836,-5.835694324089049,3.8536486166181465,path_segment_002,SUPPORTED,,8.225521087646484,0.8745574951171875,5.264591473266023,1.3596150714487862,36.99395114160126,-166.69305528852112,-14.480607722940466,2.696849817018279,path_segment_001,SUPPORTED,,8.225521087646484,0.8745574951171875,7.729366302490234,0.7899856567382812,68.27728271484375,-14.83144760131836,-5.835694324089049,3.8536486166181465,path_segment_002,SUPPORTED,,SUPPORTED,
29,29,966.6666666666666,VALID_TARGET,,1.0,591.371940612793,469.3292922973633,592.2354354858398,465.5055389404297,SUPPORTED,598.0,481.71428571428567,456.1428571428571,272.7142857142857,283.7142857142857,417.99999999999994,SUPPORTED,translation_median_sparse_flow,0.63189697265625,-0.000213623046875,115.0,1.5478142499923706,,,SUPPORTED,partial_affine_ransac_sparse_flow,5.248628223368017,1.7430665182484746,74.0,0.7877821442850228,0.995172971404047,0.6434782608695652,2.6139373779296875,2.2553176879882812,1.9820404052734375,2.2555313110351562,70.25932312011719,-12.575916290283203,-48.692721457318086,1.4892799565928223,path_segment_002,SUPPORTED,,2.6139373779296875,2.2553176879882812,-0.12952570904326421,3.1826685246566058,36.864425432557994,-163.51038676386452,-92.33049193853502,1.5798739187193258,path_segment_001,SUPPORTED,,2.6139373779296875,2.2553176879882812,1.9820404052734375,2.2555313110351562,70.25932312011719,-12.575916290283203,-48.692721457318086,1.4892799565928223,path_segment_002,SUPPORTED,,SUPPORTED,
30,30,1000.0,VALID_TARGET,,1.0,602.4762001037598,471.5971450805664,602.4762001037598,465.46199798583984,SUPPORTED,606.2857142857143,481.1428571428571,463.8571428571429,272.2857142857143,284.8571428571429,417.71428571428567,SUPPORTED,translation_median_sparse_flow,0.561126708984375,1.11090087890625,134.0,1.9943568706512451,,,SUPPORTED,partial_affine_ransac_sparse_flow,-2.9596350180860047,5.171259321601024,75.0,0.7686425179628764,1.0018908817801233,0.5597014925373134,10.240764617919922,-0.04354095458984375,9.679637908935547,-1.1544418334960938,79.93896102905273,-13.730358123779297,6.801254161586393,4.8350141297065266,path_segment_002,SUPPORTED,,10.240764617919922,-0.04354095458984375,9.967108187736017,-3.3935926275517545,46.83153362029401,-166.90397939141627,18.802638689783382,5.22226068420311,path_segment_001,SUPPORTED,,10.240764617919922,-0.04354095458984375,9.679637908935547,-1.1544418334960938,79.93896102905273,-13.730358123779297,6.801254161586393,4.8350141297065266,path_segment_002,SUPPORTED,,SUPPORTED,
31,31,1033.3333333333337,VALID_TARGET,,1.0,609.5000152587891,465.46199798583984,609.5000152587891,465.46199798583984,SUPPORTED,614.5714285714286,480.57142857142856,471.57142857142856,271.8571428571429,286.0,417.4285714285714,SUPPORTED,translation_median_sparse_flow,0.2640380859375,0.5813369750976562,122.0,2.5054779052734375,,,SUPPORTED,partial_affine_ransac_sparse_flow,3.965416488283168,3.610215016304713,70.0,0.7945913183900429,0.9960600469132705,0.5737704918032787,7.023815155029297,0.0,6.759777069091797,-0.5813369750976562,86.69873809814453,-14.311695098876953,4.915310470255871,3.365147684682186,path_segment_002,SUPPORTED,,7.023815155029297,0.0,4.384632158662839,-0.41730468715809366,51.21616577895685,-167.32128407857437,5.43671472661927,2.184554733495073,path_segment_001,SUPPORTED,,7.023815155029297,0.0,6.759777069091797,-0.5813369750976562,86.69873809814453,-14.311695098876953,4.915310470255871,3.365147684682186,path_segment_002,SUPPORTED,,SUPPORTED,
32,32,1066.6666666666667,VALID_TARGET,,1.0,614.3545036315918,464.0580825805664,614.3545036315918,464.0580825805664,SUPPORTED,622.8571428571429,480.0,479.2857142857143,271.42857142857144,287.14285714285717,417.1428571428571,SUPPORTED,translation_median_sparse_flow,0.0311279296875,2.49017333984375,107.0,2.4776358604431152,,,SUPPORTED,partial_affine_ransac_sparse_flow,-8.01788878297491,6.103645344900599,62.0,0.9613889898003889,1.0063913779297686,0.5794392523364486,4.854488372802734,-1.4039154052734375,4.823360443115234,-3.8940887451171875,91.52209854125977,-18.20578384399414,38.91530311456333,3.0746784137191923,path_segment_002,SUPPORTED,,4.854488372802734,-1.4039154052734375,6.2958042715754345,-6.950842372751993,57.511970050532284,-174.27212645132636,47.83093327278585,4.651499168112757,path_segment_001,SUPPORTED,,4.854488372802734,-1.4039154052734375,4.823360443115234,-3.8940887451171875,91.52209854125977,-18.20578384399414,38.91530311456333,3.0746784137191923,path_segment_002,SUPPORTED,,SUPPORTED,
33,33,1100.0,VALID_TARGET,,1.0,623.9896507263184,452.23008728027344,623.9896507263184,455.48580169677734,SUPPORTED,629.2261904761905,478.33333333333337,488.45238095238096,270.95238095238096,281.5476190476191,414.76190476190476,SUPPORTED,translation_median_sparse_flow,0.37420654296875,1.555511474609375,113.0,1.7361242771148682,,,SUPPORTED,partial_affine_ransac_sparse_flow,-3.592652727939224,3.6433776798842312,69.0,0.891450963603924,1.002706760674168,0.6106194690265486,9.635147094726562,-8.572280883789062,9.260940551757812,-10.127792358398438,100.78303909301758,-28.333576202392578,47.55993502896873,6.806748707695534,path_segment_002,SUPPORTED,,9.635147094726562,-8.572280883789062,10.053752801645373,-11.464414764849437,67.56572285217766,-185.7365412161758,48.750760247211566,7.5629840572964095,path_segment_001,SUPPORTED,,9.635147094726562,-8.572280883789062,9.260940551757812,-10.127792358398438,100.78303909301758,-28.333576202392578,47.55993502896873,6.806748707695534,path_segment_002,SUPPORTED,,SUPPORTED,
34,34,1133.3333333333333,VALID_TARGET,,1.0,634.4472427368164,454.85094451904297,634.4472427368164,455.48580169677734,SUPPORTED,635.5952380952381,476.66666666666663,497.6190476190476,270.4761904761905,275.95238095238096,412.38095238095235,SUPPORTED,translation_median_sparse_flow,-0.00042724609375,3.0206069946289062,102.0,3.0193324089050293,,,SUPPORTED,partial_affine_ransac_sparse_flow,-9.645713738063852,4.12479768831232,59.0,0.7531817453320188,1.0080443071618828,0.5784313725490197,10.457592010498047,0.0,10.458019256591797,-3.0206069946289062,111.24105834960938,-31.354183197021484,16.110391445094546,5.399086344720593,path_segment_002,SUPPORTED,,10.457592010498047,0.0,13.322818152464038,-5.366735349564237,80.8885410046417,-191.10327656574003,21.94070156390873,7.123945295342867,path_segment_001,SUPPORTED,,10.457592010498047,0.0,10.458019256591797,-3.0206069946289062,111.24105834960938,-31.354183197021484,16.110391445094546,5.399086344720593,path_segment_002,SUPPORTED,,SUPPORTED,
35,35,1166.6666666666667,VALID_TARGET,,1.0,637.7018165588379,455.31634521484375,637.7018165588379,455.48580169677734,SUPPORTED,641.9642857142858,475.0,506.7857142857143,270.0,270.3571428571429,410.0,SUPPORTED,translation_median_sparse_flow,0.02227783203125,1.8652420043945312,106.0,3.234379291534424,,,SUPPORTED,partial_affine_ransac_sparse_flow,-6.3162174500193204,2.5990866583180146,50.0,0.6930936959641077,1.0050282955851388,0.4716981132075472,3.2545738220214844,0.0,3.2322959899902344,-1.8652420043945312,114.47335433959961,-33.219425201416016,29.987701633399542,1.8509656091354048,path_segment_002,SUPPORTED,,3.2545738220214844,0.0,5.298065209396555,-3.3777586513602955,86.18660621403825,-194.48103521710033,32.51937203825562,3.116401131921944,path_segment_001,SUPPORTED,,3.2545738220214844,0.0,3.2322959899902344,-1.8652420043945312,114.47335433959961,-33.219425201416016,29.987701633399542,1.8509656091354048,path_segment_002,SUPPORTED,,SUPPORTED,
36,36,1200.0,VALID_TARGET,,1.0,643.7447204589844,460.2416763305664,643.7447204589844,455.74536895751953,SUPPORTED,648.3333333333334,473.3333333333333,515.952380952381,269.5238095238095,264.76190476190476,407.6190476190476,SUPPORTED,translation_median_sparse_flow,-0.0001220703125,2.9012451171875,103.0,3.610652208328247,,,SUPPORTED,partial_affine_ransac_sparse_flow,-6.765145039050481,1.1373887984238058,48.0,0.6717712916191823,1.005789272945187,0.46601941747572817,6.042903900146484,0.2595672607421875,6.043025970458984,-2.6416778564453125,120.5163803100586,-35.86110305786133,23.6122974194312,3.2711423542522047,path_segment_002,SUPPORTED,,6.042903900146484,0.2595672607421875,8.64828702879447,-2.85891761449318,94.83489324283272,-197.3399528315935,18.292655045233257,4.517752865822845,path_segment_001,SUPPORTED,,6.042903900146484,0.2595672607421875,6.043025970458984,-2.6416778564453125,120.5163803100586,-35.86110305786133,23.6122974194312,3.2711423542522047,path_segment_002,SUPPORTED,,SUPPORTED,
37,37,1233.3333333333337,VALID_TARGET,,1.0,651.6654014587402,458.05350494384766,651.6654014587402,455.57591247558594,SUPPORTED,654.702380952381,471.66666666666663,525.1190476190476,269.04761904761904,259.1666666666667,405.23809523809524,SUPPORTED,translation_median_sparse_flow,0.0052490234375,2.0261921882629395,98.0,3.2594175338745117,,,SUPPORTED,partial_affine_ransac_sparse_flow,-2.135398023114177,-0.9958397257414062,51.0,1.453287456845845,1.0017733604826893,0.5204081632653061,7.920680999755859,-0.16945648193359375,7.915431976318359,-2.195648670196533,128.43181228637695,-38.05675172805786,15.50339503859552,4.0742052801937305,path_segment_002,SUPPORTED,,7.920680999755859,-0.16945648193359375,9.4798590229625,-0.7793635236113232,104.31475226579522,-198.11931635520483,4.699863355176365,4.717764782481262,path_segment_001,SUPPORTED,,7.920680999755859,-0.16945648193359375,7.915431976318359,-2.195648670196533,128.43181228637695,-38.05675172805786,15.50339503859552,4.0742052801937305,path_segment_002,SUPPORTED,,SUPPORTED,
38,38,1266.6666666666663,VALID_TARGET,,1.0,660.0188484191895,454.6597213745117,660.0188484191895,454.6597213745117,SUPPORTED,661.0714285714287,470.0,534.2857142857143,268.57142857142856,253.57142857142858,402.8571428571429,SUPPORTED,translation_median_sparse_flow,0.0045166015625,3.2356109619140625,116.0,3.23752498626709,,,SUPPORTED,partial_affine_ransac_sparse_flow,-10.506113400194895,4.439287488270574,57.0,1.6512911087045112,1.008726424439058,0.49137931034482757,8.353446960449219,-0.9161911010742188,8.348930358886719,-4.151802062988281,136.78074264526367,-42.20855379104614,26.440492915244953,4.624733636437297,path_segment_002,SUPPORTED,,8.353446960449219,-0.9161911010742188,11.316803407232783,-6.664613358279951,115.631555673028,-204.78392971348478,30.494386819365744,6.514033515694526,path_segment_001,SUPPORTED,,8.353446960449219,-0.9161911010742188,8.348930358886719,-4.151802062988281,136.78074264526367,-42.20855379104614,26.440492915244953,4.624733636437297,path_segment_002,SUPPORTED,,SUPPORTED,
39,39,1300.0,VALID_TARGET,,1.0,668.2567749023438,452.468017578125,667.9276351928711,453.9752731323242,SUPPORTED,667.4404761904761,468.33333333333337,543.452380952381,268.09523809523813,247.97619047619048,400.4761904761905,SUPPORTED,translation_median_sparse_flow,6.103515625e-05,2.2316951751708984,124.0,2.8131487369537354,,,SUPPORTED,partial_affine_ransac_sparse_flow,-7.8421063010782355,-0.8534952480191982,60.0,1.234515096918091,1.0066264046997861,0.4838709677419355,7.908786773681641,-0.6844482421875,7.908725738525391,-2.9161434173583984,144.68946838378906,-45.12469720840454,20.24018208493683,4.180799256955527,path_segment_002,SUPPORTED,,7.908786773681641,-0.6844482421875,11.576660204213795,-3.1329244286637277,127.2082158772418,-207.9168541421485,15.142903964247944,5.948436946804005,path_segment_001,SUPPORTED,,7.908786773681641,-0.6844482421875,7.908725738525391,-2.9161434173583984,144.68946838378906,-45.12469720840454,20.24018208493683,4.180799256955527,path_segment_002,SUPPORTED,,SUPPORTED,
40,40,1333.3333333333333,VALID_TARGET,,1.0,667.9276351928711,453.1896514892578,668.2567749023438,453.9752731323242,SUPPORTED,673.8095238095239,466.66666666666674,552.6190476190477,267.61904761904765,242.3809523809524,398.09523809523813,SUPPORTED,translation_median_sparse_flow,0.0,-2.288818359375e-05,110.0,0.003131625708192587,,,SUPPORTED,partial_affine_ransac_sparse_flow,-0.0003855136527632254,0.007282270910488964,110.0,0.014722138858325115,0.9999882117779709,1.0,0.32913970947265625,0.0,0.32913970947265625,2.288818359375e-05,145.01860809326172,-45.12467432022095,-0.003984315112356691,0.1632495330368982,path_segment_002,SUPPORTED,,0.32913970947265625,0.0,0.331686237447002,0.006474370265721063,127.5399021146888,-207.9103797718828,-1.1182465453982648,0.16454391915935382,path_segment_001,SUPPORTED,,0.32913970947265625,0.0,0.32913970947265625,2.288818359375e-05,145.01860809326172,-45.12467432022095,-0.003984315112356691,0.1632495330368982,path_segment_002,SUPPORTED,,SUPPORTED,
41,41,1366.6666666666667,VALID_TARGET,,1.0,675.6308212280273,454.7141799926758,675.6308212280273,454.7141799926758,SUPPORTED,680.1785714285714,465.0,561.7857142857143,267.14285714285717,236.78571428571428,395.7142857142857,SUPPORTED,translation_median_sparse_flow,-6.103515625e-05,3.978817939758301,106.0,3.978635311126709,,,SUPPORTED,partial_affine_ransac_sparse_flow,7.809043217936192,4.6939556457531655,47.0,1.656121604828686,0.9923247814318183,0.44339622641509435,7.374046325683594,0.7389068603515625,7.374107360839844,-3.2399110794067383,152.39271545410156,-48.364585399627686,23.718917193966973,3.9949249110170233,path_segment_002,SUPPORTED,,7.374046325683594,0.7389068603515625,5.96974456386738,-2.3428739421402724,133.50964667855618,-210.25325371402306,21.427921503881834,3.1807878035708965,path_segment_001,SUPPORTED,,7.374046325683594,0.7389068603515625,7.374107360839844,-3.2399110794067383,152.39271545410156,-48.364585399627686,23.718917193966973,3.9949249110170233,path_segment_002,SUPPORTED,,SUPPORTED,
42,42,1400.0,VALID_TARGET,,1.0,680.4384231567383,456.3682632446289,680.4384231567383,456.3682632446289,SUPPORTED,686.547619047619,463.33333333333337,570.952380952381,266.6666666666667,231.1904761904762,393.33333333333337,SUPPORTED,translation_median_sparse_flow,-0.04168701171875,2.4919891357421875,99.0,2.9288370609283447,,,SUPPORTED,partial_affine_ransac_sparse_flow,-16.94814716077393,-0.37877607296041604,55.0,0.9289394701454954,1.0150357711440032,0.5555555555555556,4.8076019287109375,1.654083251953125,4.8492889404296875,-0.8379058837890625,157.24200439453125,-49.20249128341675,9.80330694467881,2.440832731289436,path_segment_002,SUPPORTED,,4.8076019287109375,1.654083251953125,11.40489782454415,-4.51838182305471,144.91454450310033,-214.77163553707777,21.612434360864786,6.084457105246244,path_segment_001,SUPPORTED,,4.8076019287109375,1.654083251953125,4.8492889404296875,-0.8379058837890625,157.24200439453125,-49.20249128341675,9.80330694467881,2.440832731289436,path_segment_002,SUPPORTED,,SUPPORTED,
43,43,1433.3333333333333,VALID_TARGET,HUMAN_ACCEPTED_TARGET: operator reviewed the raw skeleton and confirmed that it belongs to the documented athlete.,1.0,682.4356307983398,459.8228073120117,682.4356307983398,456.64097595214844,SUPPORTED,692.9166666666667,461.6666666666667,580.1190476190477,266.1904761904762,225.5952380952381,390.95238095238096,SUPPORTED,translation_median_sparse_flow,-1.6337890625,3.620941162109375,105.0,3.972163438796997,,,SUPPORTED,partial_affine_ransac_sparse_flow,-23.57510780303086,-1.0579877328949634,52.0,1.112912032758589,1.0207367854821123,0.49523809523809526,1.9972076416015625,0.27271270751953125,3.6309967041015625,-3.3482284545898438,160.8730010986328,-52.55071973800659,42.67988986927044,2.4497402432575073,path_segment_002,SUPPORTED,,1.9972076416015625,0.27271270751953125,11.356703609051124,-7.975563577203616,156.27124811215145,-222.7471991142814,35.07952527771755,6.883069267386425,path_segment_001,SUPPORTED,,1.9972076416015625,0.27271270751953125,3.6309967041015625,-3.3482284545898438,160.8730010986328,-52.55071973800659,42.67988986927044,2.4497402432575073,path_segment_002,SUPPORTED,,SUPPORTED,
44,44,1466.6666666666663,VALID_TARGET,HUMAN_ACCEPTED_TARGET: operator reviewed the raw skeleton and confirmed that it belongs to the documented athlete.,1.0,687.5138397216797,459.14640045166016,687.5138397216797,456.64097595214844,SUPPORTED,699.2857142857143,460.0,589.2857142857143,265.7142857142857,220.0,388.5714285714286,SUPPORTED,translation_median_sparse_flow,-0.0118408203125,2.2565231323242188,101.0,5.032607078552246,,,SUPPORTED,partial_affine_ransac_sparse_flow,-17.671689265305297,1.3744241381965918,45.0,1.1448340382053726,1.0152318319903362,0.44554455445544555,5.078208923339844,0.0,5.090049743652344,-2.2565231323242188,165.96305084228516,-54.80724287033081,23.9086890136338,2.761569870136325,path_segment_002,SUPPORTED,,5.078208923339844,0.0,11.436535207144516,-6.954105209048976,167.70778331929597,-229.70130432333036,31.30213171007818,6.638727139288701,path_segment_001,SUPPORTED,,5.078208923339844,0.0,5.090049743652344,-2.2565231323242188,165.96305084228516,-54.80724287033081,23.9086890136338,2.761569870136325,path_segment_002,SUPPORTED,,SUPPORTED,
45,45,1500.0,VALID_TARGET,,1.0,693.6692199707031,454.90040588378906,693.6692199707031,454.90040588378906,SUPPORTED,700.2255639097745,459.5488721804511,588.2330827067669,263.6842105263158,223.98496240601503,391.7293233082707,SUPPORTED,translation_median_sparse_flow,-0.3828125,3.3239965438842773,104.0,4.5825629234313965,,,SUPPORTED,partial_affine_ransac_sparse_flow,-23.829514599119747,-2.662645172442556,54.0,1.1883502077797803,1.021002000636995,0.5192307692307693,6.1553802490234375,-1.740570068359375,6.5381927490234375,-5.064566612243652,172.5012435913086,-59.87180948257446,37.76181507987789,4.101972360551819,path_segment_002,SUPPORTED,,6.1553802490234375,-1.740570068359375,16.11142137890829,-9.518880748088634,183.81920469820426,-239.220185071419,30.575260775856925,9.281574790637572,path_segment_001,SUPPORTED,,6.1553802490234375,-1.740570068359375,6.5381927490234375,-5.064566612243652,172.5012435913086,-59.87180948257446,37.76181507987789,4.101972360551819,path_segment_002,SUPPORTED,,SUPPORTED,
46,46,1533.3333333333337,VALID_TARGET,,1.0,696.131233215332,450.48450469970703,696.131233215332,452.0482711791992,SUPPORTED,701.1654135338347,459.0977443609023,587.1804511278197,261.6541353383459,227.96992481203006,394.88721804511283,SUPPORTED,translation_median_sparse_flow,-0.00018310546875,1.6385116577148438,102.0,6.32035493850708,,,SUPPORTED,partial_affine_ransac_sparse_flow,-22.82505570503058,-9.448388277858106,38.0,0.9455537092694795,1.020678135761593,0.37254901960784315,2.4620132446289062,-2.8521347045898438,2.4621963500976562,-4.4906463623046875,174.96343994140625,-64.36245584487915,61.26428711349808,2.540135392668253,path_segment_002,SUPPORTED,,2.4620132446289062,-2.8521347045898438,14.104603334074227,-7.595457433508727,197.9238080322785,-246.81564250492772,28.302868868940507,7.945588358097723,path_segment_001,SUPPORTED,,2.4620132446289062,-2.8521347045898438,2.4621963500976562,-4.4906463623046875,174.96343994140625,-64.36245584487915,61.26428711349808,2.540135392668253,path_segment_002,SUPPORTED,,SUPPORTED,
47,47,1566.6666666666667,VALID_TARGET,,1.0,696.4839324951172,451.9489288330078,696.4839324951172,452.0482711791992,SUPPORTED,702.1052631578948,458.6466165413534,586.1278195488723,259.62406015037595,231.95488721804512,398.0451127819549,SUPPORTED,translation_median_sparse_flow,0.0,2.288818359375e-05,112.0,0.0004463596851564944,,,SUPPORTED,partial_affine_ransac_sparse_flow,0.007044890197977791,0.0028647017928076167,112.0,0.003204237353668555,0.9999947654105902,1.0,0.35269927978515625,0.0,0.35269927978515625,-2.288818359375e-05,175.3161392211914,-64.36247873306274,0.0037181712409517565,0.1749348105145088,path_segment_002,SUPPORTED,,0.35269927978515625,0.0,0.3492911340788396,-0.0004873013666610859,198.27309916635733,-246.81612980629438,0.07993416042491693,0.17324457743998056,path_segment_001,SUPPORTED,,0.35269927978515625,0.0,0.35269927978515625,-2.288818359375e-05,175.3161392211914,-64.36247873306274,0.0037181712409517565,0.1749348105145088,path_segment_002,SUPPORTED,,SUPPORTED,
48,48,1600.0,VALID_TARGET,,1.0,698.6110687255859,451.9422225952149,698.6110687255859,452.0482711791992,SUPPORTED,703.0451127819549,458.1954887218045,585.0751879699249,257.593984962406,235.93984962406014,401.203007518797,SUPPORTED,translation_median_sparse_flow,0.0,2.5879077911376953,113.0,7.503434658050537,,,SUPPORTED,partial_affine_ransac_sparse_flow,17.171678062404187,4.385980441837892,38.0,1.1522788757821962,0.985030950515117,0.336283185840708,2.12713623046875,0.0,2.12713623046875,-2.5879077911376953,177.44327545166016,-66.95038652420044,50.58143333352709,1.6615228527744235,path_segment_002,SUPPORTED,,2.12713623046875,0.0,-5.779799457290778,4.174604282116604,192.49329970906655,-242.64152552417778,-144.1603621733527,3.536276833091076,path_segment_001,SUPPORTED,,2.12713623046875,0.0,2.12713623046875,-2.5879077911376953,177.44327545166016,-66.95038652420044,50.58143333352709,1.6615228527744235,path_segment_002,SUPPORTED,,SUPPORTED,
49,49,1633.3333333333333,VALID_TARGET,,1.0,704.1561965942383,453.6713562011719,704.1561965942383,453.6713562011719,SUPPORTED,703.984962406015,457.74436090225566,584.0225563909775,255.5639097744361,239.92481203007517,404.36090225563913,SUPPORTED,translation_median_sparse_flow,0.00030517578125,0.429473876953125,110.0,6.050333023071289,,,SUPPORTED,partial_affine_ransac_sparse_flow,-0.9155025951553148,-0.1281403059035928,39.0,0.601402502196804,1.000527157491975,0.35454545454545455,5.545127868652344,1.6230850219726562,5.544822692871094,1.1936111450195312,182.98809814453125,-65.75677537918091,-12.148440191682965,2.813167671238618,path_segment_002,SUPPORTED,,5.545127868652344,1.6230850219726562,6.029348891131349,1.6103073813129072,198.5226486001979,-241.03121814286487,-14.953426251457993,3.095307955153775,path_segment_001,SUPPORTED,,5.545127868652344,1.6230850219726562,5.544822692871094,1.1936111450195312,182.98809814453125,-65.75677537918091,-12.148440191682965,2.813167671238618,path_segment_002,SUPPORTED,,SUPPORTED,
50,50,1666.6666666666667,VALID_TARGET,,1.0,708.7803001403809,458.8182373046875,708.7803001403809,455.27296447753906,SUPPORTED,704.9248120300753,457.2932330827068,582.9699248120302,253.53383458646618,243.9097744360902,407.5187969924812,SUPPORTED,translation_median_sparse_flow,0.00518798828125,0.5865631103515625,120.0,6.720706939697266,,,SUPPORTED,partial_affine_ransac_sparse_flow,0.390967119104577,1.216405487096775,46.0,1.2177035097009776,0.9989731753775147,0.38333333333333336,4.624103546142578,1.6016082763671875,4.618915557861328,1.015045166015625,187.60701370239258,-64.74173021316528,-12.394210386330286,2.3455958281206213,path_segment_002,SUPPORTED,,4.624103546142578,1.6016082763671875,4.490945325479288,1.5739651211401906,203.01359392567718,-239.45725302172468,-19.314300081043747,2.3602988560400693,path_segment_001,SUPPORTED,,4.624103546142578,1.6016082763671875,4.618915557861328,1.015045166015625,187.60701370239258,-64.74173021316528,-12.394210386330286,2.3455958281206213,path_segment_002,SUPPORTED,,SUPPORTED,
51,51,1700.0,VALID_TARGET,,1.0,709.9186096191406,455.3631210327149,709.9186096191406,455.27296447753906,SUPPORTED,705.8646616541354,456.8421052631579,581.9172932330828,251.50375939849624,247.89473684210523,410.67669172932335,UNSTABLE_TRANSFORM,translation_median_sparse_flow,2.1920166015625,-0.06484794616699219,135.0,9.357346534729004,,,SUPPORTED,partial_affine_ransac_sparse_flow,13.765207362826905,0.27823192964564764,58.0,0.32658283704160224,0.9983657322573104,0.42962962962962964,,,,,,,,,,UNSTABLE_TRANSFORM,Camera compensation was not supported.,1.1383094787597656,0.0,-11.686129648385759,0.8047005361190145,191.32746427729143,-238.65255248560567,-176.06086188203,5.809912111082938,path_segment_001,SUPPORTED,,,,,,,,,,,UNSTABLE_TRANSFORM,Camera compensation was not supported.,SUPPORTED,
52,52,1733.3333333333337,VALID_TARGET,,1.0,714.9291915893555,455.72386169433594,714.9291915893555,455.27296447753906,SUPPORTED,706.8045112781955,456.390977443609,580.8646616541354,249.47368421052633,251.8796992481203,413.83458646616543,SUPPORTED,translation_median_sparse_flow,-0.0001220703125,-3.0517578125e-05,132.0,0.011392028070986271,,,SUPPORTED,partial_affine_ransac_sparse_flow,-0.12223890334746679,0.02757829212504979,132.0,0.054495194490722966,1.0000938240783042,1.0,,,,,0.0,0.0,,,path_segment_003,INSUFFICIENT_EVIDENCE,Continuous path run is shorter than the configured minimum sample count.,5.010581970214844,0.0,5.041694485677681,-0.03205860928932225,196.3691587629691,-238.684611094895,0.36432161033316046,2.50067337347953,path_segment_001,SUPPORTED,,,,,,0.0,0.0,,,path_segment_003,INSUFFICIENT_EVIDENCE,Continuous path run is shorter than the configured minimum sample count.,SUPPORTED,
53,53,1766.6666666666663,VALID_TARGET,,1.0,720.7705383300781,452.8048324584961,720.7705383300781,452.8048324584961,SUPPORTED,707.7443609022556,455.9398496240601,579.812030075188,247.4436090225564,255.86466165413532,416.9924812030075,UNSTABLE_TRANSFORM,translation_median_sparse_flow,1.7284317016601562,-0.00067138671875,128.0,8.101631164550781,,,SUPPORTED,partial_affine_ransac_sparse_flow,13.768840221531592,0.24680999089934677,56.0,1.3788232923754855,0.9874419614114267,0.4375,,,,,,,,,,UNSTABLE_TRANSFORM,Camera compensation was not supported.,5.841346740722656,-2.4681320190429688,1.7674700881806302,1.8786695976726833,198.13662885114974,-236.8059414972223,-46.74685801458262,1.279357293249327,path_segment_001,SUPPORTED,,,,,,,,,,,UNSTABLE_TRANSFORM,Camera compensation was not supported.,SUPPORTED,
54,54,1800.0,VALID_TARGET,,1.0,726.1092376708984,449.3485412597656,726.1092376708984,450.03929901123047,SUPPORTED,708.6842105263158,455.48872180451133,578.7593984962407,245.41353383458647,259.84962406015035,420.15037593984965,SUPPORTED,translation_median_sparse_flow,8.41082763671875,-1.5546245574951172,149.0,4.872137546539307,,,SUPPORTED,partial_affine_ransac_sparse_flow,20.895270277542192,-2.264787110997964,77.0,1.1600827586635745,0.9816823429311731,0.5167785234899329,,,,,0.0,0.0,,,path_segment_004,SUPPORTED,,5.3386993408203125,-2.765533447265625,-0.661593642204366,5.111342301032437,197.47503520894537,-231.69459919618987,-97.3751534547008,2.55631594172237,path_segment_001,SUPPORTED,,,,,,0.0,0.0,,,path_segment_004,SUPPORTED,,SUPPORTED,
55,55,1833.3333333333333,VALID_TARGET,,1.0,726.3899269104004,450.03929901123047,726.3899269104004,449.4039764404297,SUPPORTED,709.624060150376,455.0375939849624,577.7067669172933,243.38345864661653,263.8345864661654,423.30827067669173,SUPPORTED,translation_median_sparse_flow,0.0,-1.52587890625e-05,151.0,0.006239352282136679,,,SUPPORTED,partial_affine_ransac_sparse_flow,0.02156789956863833,0.009745367922665013,151.0,0.018218277624721193,0.9999774800767834,1.0,0.2806892395019531,-0.6353225708007812,0.2806892395019531,-0.6353073120117188,0.2806892395019531,-0.6353073120117188,66.16336840931268,0.3444896183754412,path_segment_004,SUPPORTED,,0.2806892395019531,-0.6353225708007812,0.27187977080222936,-0.6291351678801789,197.7469149797476,-232.32373436407005,66.62848934028175,0.33993482702729744,path_segment_001,SUPPORTED,,0.2806892395019531,-0.6353225708007812,0.2806892395019531,-0.6353073120117188,0.2806892395019531,-0.6353073120117188,66.16336840931268,0.3444896183754412,path_segment_004,SUPPORTED,,SUPPORTED,
56,56,1866.6666666666667,VALID_TARGET,,1.0,732.4086074829102,448.7679138183594,732.3503723144531,448.7124786376953,SUPPORTED,710.5639097744361,454.5864661654135,576.6541353383459,241.35338345864662,267.8195488721804,426.4661654135338,SUPPORTED,translation_median_sparse_flow,10.3968505859375,-1.003265380859375,149.0,3.2210867404937744,,,SUPPORTED,partial_affine_ransac_sparse_flow,12.848532921564273,-0.8308573766640807,75.0,0.44010097223788214,0.9995316303325951,0.5033557046979866,5.960445404052734,-0.691497802734375,-4.436405181884766,0.311767578125,-4.1557159423828125,-0.32353973388671875,-175.9801580804266,2.205832962875227,path_segment_004,SUPPORTED,,5.960445404052734,-0.691497802734375,-6.630116807027662,0.4828152447696539,191.11679817271994,-231.8409191193004,-175.83498565826085,3.2971699174866087,path_segment_001,SUPPORTED,,5.960445404052734,-0.691497802734375,-4.436405181884766,0.311767578125,-4.1557159423828125,-0.32353973388671875,-175.9801580804266,2.205832962875227,path_segment_004,SUPPORTED,,SUPPORTED,
57,57,1900.0,VALID_TARGET,,1.0,733.1266479492188,441.61644744873047,733.1848831176758,442.7146224975586,SUPPORTED,711.5037593984962,454.1353383458647,575.6015037593985,239.3233082706767,271.80451127819543,429.62406015037595,SUPPORTED,translation_median_sparse_flow,12.341705322265625,-2.731058120727539,176.0,0.5824810266494751,,,SUPPORTED,partial_affine_ransac_sparse_flow,13.20246287114358,-2.5895072660739777,106.0,0.19748497641817636,0.998310923139507,0.6022727272727273,0.8345108032226562,-5.997856140136719,-11.507194519042969,-3.2667980194091797,-15.662910461425781,-3.5903377532958984,164.15119110516648,5.932974824591588,path_segment_004,SUPPORTED,,0.8345108032226562,-5.997856140136719,-11.16530678025265,-2.5943697596220545,179.9514913924673,-234.43528887892245,166.91888198214298,5.685397101539767,path_segment_001,SUPPORTED,,0.8345108032226562,-5.997856140136719,-11.507194519042969,-3.2667980194091797,-15.662910461425781,-3.5903377532958984,164.15119110516648,5.932974824591588,path_segment_004,SUPPORTED,,SUPPORTED,
58,58,1933.3333333333333,VALID_TARGET,,1.0,734.0705642700195,442.2325439453125,733.5584335327148,441.9818115234375,SUPPORTED,712.4436090225564,453.6842105263158,574.5488721804512,237.29323308270676,275.78947368421046,432.78195488721803,SUPPORTED,translation_median_sparse_flow,0.0,-1.9073486328125e-05,173.0,0.0025064186193048954,,,SUPPORTED,partial_affine_ransac_sparse_flow,-0.013222517096568784,0.030476199483486267,173.0,0.04164785223228059,0.9999751324229832,1.0,0.3735504150390625,-0.7328109741210938,0.3735504150390625,-0.7327919006347656,-15.289360046386719,-4.323129653930664,62.989182158649484,0.40795591215583504,path_segment_004,SUPPORTED,,0.3735504150390625,-0.7328109741210938,0.37979752449075477,-0.7105280833085317,180.33128891695804,-235.14581696223098,61.87422532495494,0.3996006974585005,path_segment_001,SUPPORTED,,0.3735504150390625,-0.7328109741210938,0.3735504150390625,-0.7327919006347656,-15.289360046386719,-4.323129653930664,62.989182158649484,0.40795591215583504,path_segment_004,SUPPORTED,,SUPPORTED,
59,59,1966.6666666666663,VALID_TARGET,,1.0,734.3347244262695,441.65065002441406,733.8712921142578,440.80320739746094,SUPPORTED,713.3834586466166,453.23308270676694,573.4962406015038,235.26315789473685,279.77443609022555,435.9398496240601,SUPPORTED,translation_median_sparse_flow,12.372177124023438,-0.8340492248535156,168.0,1.8025200366973877,,,SUPPORTED,partial_affine_ransac_sparse_flow,16.725712251001077,-0.5188921345607245,102.0,1.128490002434401,0.9908118880169908,0.6071428571428571,0.31285858154296875,-1.1786041259765625,-12.059318542480469,-0.3445549011230469,-27.348678588867188,-4.667684555053711,178.36340898822655,5.98372499959318,path_segment_004,SUPPORTED,,0.31285858154296875,-1.1786041259765625,-9.490020781303429,3.097989582928335,170.84126813565462,-232.04782737930265,-161.92087958359892,4.95139783713299,path_segment_001,SUPPORTED,,0.31285858154296875,-1.1786041259765625,-12.059318542480469,-0.3445549011230469,-27.348678588867188,-4.667684555053711,178.36340898822655,5.98372499959318,path_segment_004,SUPPORTED,,SUPPORTED,
60,60,2000.0,VALID_TARGET,,1.0,732.8719253540039,433.9462966918946,733.1847839355469,434.1332092285156,SUPPORTED,714.3233082706768,452.78195488721803,572.4436090225564,233.2330827067669,283.7593984962406,439.09774436090225,UNSTABLE_TRANSFORM,translation_median_sparse_flow,11.0440673828125,-0.0045604705810546875,152.0,8.511270523071289,,,SUPPORTED,partial_affine_ransac_sparse_flow,23.593886812123724,1.4540500670248515,84.0,1.0785468143356256,0.9803424475097284,0.5526315789473685,,,,,,,,,,UNSTABLE_TRANSFORM,Camera compensation was not supported.,-0.6865081787109375,-6.6699981689453125,-9.71501256485908,0.30928656556727674,161.12625557079554,-231.73854081373537,-178.17655082330785,4.820976394116971,path_segment_001,SUPPORTED,,,,,,,,,,,UNSTABLE_TRANSFORM,Camera compensation was not supported.,SUPPORTED,
61,61,2033.3333333333333,VALID_TARGET,HUMAN_ACCEPTED_TARGET: operator reviewed the raw skeleton and confirmed that it belongs to the documented athlete.,1.0,733.3010635375977,433.04151916503906,733.1847839355469,432.85460662841797,SUPPORTED,715.2631578947369,452.33082706766913,571.390977443609,231.203007518797,287.7443609022556,442.25563909774434,SUPPORTED,translation_median_sparse_flow,-0.0166015625,2.288818359375e-05,107.0,0.0666167363524437,,,SUPPORTED,partial_affine_ransac_sparse_flow,-0.2891831675450503,0.04951026890679244,107.0,0.09613956996217259,1.000184939526997,1.0,,,,,0.0,0.0,,,path_segment_005,INSUFFICIENT_EVIDENCE,Continuous path run is shorter than the configured minimum sample count.,0.0,-1.2786026000976562,0.09895022888929361,-1.3161126100280853,161.22520579968483,-233.05465342376345,85.70037987965954,0.654619146730761,path_segment_001,SUPPORTED,,,,,,0.0,0.0,,,path_segment_005,INSUFFICIENT_EVIDENCE,Continuous path run is shorter than the configured minimum sample count.,SUPPORTED,
62,62,2066.666666666667,VALID_TARGET,,1.0,732.2169189453125,427.6817321777344,733.3010635375977,427.6817321777344,SUPPORTED,716.203007518797,451.8796992481203,570.3383458646617,229.17293233082705,291.72932330827064,445.4135338345865,SUPPORTED,translation_median_sparse_flow,0.0,1.52587890625e-05,104.0,7.9224138259887695,,,SUPPORTED,partial_affine_ransac_sparse_flow,26.827746821000833,7.223476124219057,51.0,0.9239602522200587,0.9772426357301642,0.49038461538461536,0.11627960205078125,-5.172874450683594,0.11627960205078125,-5.172889709472656,0.11627960205078125,-5.172889709472656,,,path_segment_005,INSUFFICIENT_EVIDENCE,Continuous path run is shorter than the configured minimum sample count.,0.11627960205078125,-5.172874450683594,-11.369377149690763,-0.2621563084520062,149.85582864999407,-233.31680973221546,178.6791018810841,5.640579956780418,path_segment_001,SUPPORTED,,0.11627960205078125,-5.172874450683594,0.11627960205078125,-5.172889709472656,0.11627960205078125,-5.172889709472656,,,path_segment_005,INSUFFICIENT_EVIDENCE,Continuous path run is shorter than the configured minimum sample count.,SUPPORTED,
63,63,2100.0,VALID_TARGET,,1.0,733.8230361938477,427.2273483276367,733.3139190673828,427.2273483276367,SUPPORTED,717.1428571428571,451.42857142857144,569.2857142857143,227.14285714285714,295.71428571428567,448.57142857142856,SUPPORTED,translation_median_sparse_flow,-0.0001220703125,7.62939453125e-06,99.0,0.00039111345540732145,,,SUPPORTED,partial_affine_ransac_sparse_flow,-0.006850214013529982,-0.0059739652063483225,99.0,0.00758189820643903,1.0000013409192345,1.0,0.01285552978515625,-0.45438385009765625,0.01297760009765625,-0.4543914794921875,0.1292572021484375,-5.627281188964844,,,path_segment_005,INSUFFICIENT_EVIDENCE,Continuous path run is shorter than the configured minimum sample count.,0.01285552978515625,-0.45438385009765625,0.019248771403226783,-0.44988580479781604,149.8750774213973,-233.76669553701328,87.55004247081735,0.22334236413834416,path_segment_001,SUPPORTED,,0.01285552978515625,-0.45438385009765625,0.01297760009765625,-0.4543914794921875,0.1292572021484375,-5.627281188964844,,,path_segment_005,INSUFFICIENT_EVIDENCE,Continuous path run is shorter than the configured minimum sample count.,SUPPORTED,
64,64,2133.3333333333335,VALID_TARGET,,1.0,734.2375564575195,419.70359802246094,733.9118270874023,419.70359802246094,SUPPORTED,718.1773399014779,449.4334975369458,572.7832512315272,228.4729064039409,290.78817733990144,441.92118226600985,UNSTABLE_TRANSFORM,translation_median_sparse_flow,0.0,-0.00017547607421875,97.0,9.372734069824219,,,SUPPORTED,partial_affine_ransac_sparse_flow,28.83789288946481,9.131957879698772,50.0,0.7971071790095331,0.9741020886471778,0.5154639175257731,,,,,,,,,,UNSTABLE_TRANSFORM,Camera compensation was not supported.,0.5979080200195312,-7.523750305175781,-11.685355021314308,-1.380557534465197,138.18972240008299,-235.14725307147847,173.26206661730967,5.836111405722142,path_segment_001,SUPPORTED,,,,,,,,,,,UNSTABLE_TRANSFORM,Camera compensation was not supported.,SUPPORTED,
65,65,2166.6666666666665,VALID_TARGET,,1.0,733.4939117431641,414.82081604003906,733.7733764648438,414.82081604003906,SUPPORTED,719.2118226600985,447.4384236453202,576.2807881773399,229.80295566502463,285.8620689655172,435.27093596059115,UNSTABLE_TRANSFORM,translation_median_sparse_flow,-0.0001220703125,1.52587890625e-05,97.0,10.091835975646973,,,SUPPORTED,partial_affine_ransac_sparse_flow,43.20906434568775,1.8443673326930332,51.0,1.4023934176868347,0.9517193330418213,0.5257731958762887,,,,,0.0,0.0,,,path_segment_006,INSUFFICIENT_EVIDENCE,Continuous path run is shorter than the configured minimum sample count.,-0.13845062255859375,-4.882781982421875,-2.343959305860153,3.9506740352637735,135.84576309422283,-231.1965790362147,-120.6809177877362,2.27841678596163,path_segment_001,SUPPORTED,,,,,,0.0,0.0,,,path_segment_006,INSUFFICIENT_EVIDENCE,Continuous path run is shorter than the configured minimum sample count.,SUPPORTED,
66,66,2200.0,VALID_TARGET,,1.0,733.7772064208984,414.26895904541016,734.013671875,414.26895904541016,SUPPORTED,720.2463054187192,445.4433497536946,579.7783251231527,231.13300492610838,280.935960591133,428.6206896551724,SUPPORTED,translation_median_sparse_flow,6.103515625e-05,0.0,103.0,0.0005295151495374739,,,SUPPORTED,partial_affine_ransac_sparse_flow,0.002356380117856517,0.02376212241047373,103.0,0.0730997596262112,1.0000584958278622,1.0,0.24029541015625,-0.5518569946289062,0.240234375,-0.5518569946289062,0.240234375,-0.5518569946289062,,,path_segment_006,INSUFFICIENT_EVIDENCE,Continuous path run is shorter than the configured minimum sample count.,0.24029541015625,-0.5518569946289062,0.17653060169118362,-0.5671834061316758,136.02229369591402,-231.76376244234638,72.71172840976281,0.29462725725962025,path_segment_001,SUPPORTED,,0.24029541015625,-0.5518569946289062,0.240234375,-0.5518569946289062,0.240234375,-0.5518569946289062,,,path_segment_006,INSUFFICIENT_EVIDENCE,Continuous path run is shorter than the configured minimum sample count.,SUPPORTED,
67,67,2233.3333333333335,VALID_TARGET,,1.0,737.172966003418,411.0736770629883,736.1560249328613,411.5592498779297,SUPPORTED,721.2807881773399,443.44827586206895,583.2758620689656,232.4630541871921,276.00985221674875,421.9704433497537,UNSTABLE_TRANSFORM,translation_median_sparse_flow,0.0,-0.00107574462890625,103.0,11.871719360351562,,,SUPPORTED,partial_affine_ransac_sparse_flow,28.552710236029444,13.849397792374196,46.0,0.6687131921064545,0.974111197128699,0.44660194174757284,,,,,,,,,,UNSTABLE_TRANSFORM,Camera compensation was not supported.,2.142353057861328,-2.7097091674804688,-11.564551505514373,1.6214715817819183,124.45774219039964,-230.14229086056446,-172.01856087293186,5.791991757369825,path_segment_001,SUPPORTED,,,,,,,,,,,UNSTABLE_TRANSFORM,Camera compensation was not supported.,SUPPORTED,
68,68,2266.6666666666665,VALID_TARGET,,1.0,736.6398544311523,411.5592498779297,736.612419128418,411.0736770629883,SUPPORTED,722.3152709359606,441.4532019704434,586.7733990147783,233.79310344827587,271.08374384236447,415.320197044335,SUPPORTED,translation_median_sparse_flow,0.0,-2.288818359375e-05,113.0,0.0005459150415845215,,,SUPPORTED,partial_affine_ransac_sparse_flow,0.0392957132316308,0.02641909508448992,113.0,0.01599284984263768,0.9999490013011288,1.0,,,,,0.0,0.0,,,path_segment_007,INSUFFICIENT_EVIDENCE,Continuous path run is shorter than the configured minimum sample count.,0.4563941955566406,-0.48557281494140625,0.4464164265253885,-0.47629042239719865,124.90415861692503,-230.61858128296166,46.854387648696374,0.32377843082958097,path_segment_001,SUPPORTED,,,,,,0.0,0.0,,,path_segment_007,INSUFFICIENT_EVIDENCE,Continuous path run is shorter than the configured minimum sample count.,SUPPORTED,
69,69,2300.0,VALID_TARGET,,1.0,735.6454200744629,407.8552017211914,736.9497756958008,408.0969543457031,SUPPORTED,723.3497536945813,439.4581280788177,590.2709359605911,235.1231527093596,266.15763546798024,408.6699507389162,UNSTABLE_TRANSFORM,translation_median_sparse_flow,0.0322265625,0.00655364990234375,115.0,9.80131721496582,,,SUPPORTED,partial_affine_ransac_sparse_flow,32.79932297515064,9.902958367288416,48.0,0.2583251525679129,0.9680573621785074,0.41739130434782606,,,,,,,,,,UNSTABLE_TRANSFORM,Camera compensation was not supported.,0.3373565673828125,-2.9767227172851562,-9.03848664616271,0.4408558957804871,115.86567197076232,-230.17772538718117,-177.20758785624724,4.488315469111251,path_segment_001,SUPPORTED,,,,,,,,,,,UNSTABLE_TRANSFORM,Camera compensation was not supported.,SUPPORTED,
70,70,2333.3333333333335,VALID_TARGET,,1.0,737.0537414550781,408.07689666748047,735.8653564453125,407.83514404296875,SUPPORTED,724.384236453202,437.46305418719214,593.768472906404,236.45320197044336,261.231527093596,402.0197044334975,SUPPORTED,translation_median_sparse_flow,6.103515625e-05,-0.0001220703125,121.0,0.003253379836678505,,,SUPPORTED,partial_affine_ransac_sparse_flow,0.1342487203801605,0.04200428996657496,121.0,0.07158776335822455,0.9999014515440252,1.0,,,,,0.0,0.0,,,path_segment_008,INSUFFICIENT_EVIDENCE,Continuous path run is shorter than the configured minimum sample count.,-1.0844192504882812,-0.261810302734375,-1.1466779193325465,-0.2624501889378621,114.71899405142977,-230.44017557611903,167.10826654540435,0.5834458262512309,path_segment_001,SUPPORTED,,,,,,0.0,0.0,,,path_segment_008,INSUFFICIENT_EVIDENCE,Continuous path run is shorter than the configured minimum sample count.,SUPPORTED,
71,71,2366.6666666666665,VALID_TARGET,,1.0,736.7007827758789,401.54219818115234,736.2027130126953,404.58458709716797,SUPPORTED,725.4187192118226,435.46798029556646,597.2660098522167,237.7832512315271,256.3054187192118,395.3694581280788,UNSTABLE_TRANSFORM,translation_median_sparse_flow,0.240234375,-0.0001068115234375,123.0,11.029720306396484,,,SUPPORTED,partial_affine_ransac_sparse_flow,27.16519000016194,15.602096562344665,49.0,0.7961884758066071,0.9752161280442763,0.3983739837398374,,,,,,,,,,UNSTABLE_TRANSFORM,Camera compensation was not supported.,0.3373565673828125,-3.2505569458007812,-13.300361756984898,-0.12505260900098847,101.41863229444488,-230.56522818512002,179.46130972047183,6.597118937851012,path_segment_001,SUPPORTED,,,,,,,,,,,UNSTABLE_TRANSFORM,Camera compensation was not supported.,SUPPORTED,
72,72,2400.0,VALID_TARGET,,1.0,733.3222961425781,404.584587097168,736.5038642883301,403.61824798583984,SUPPORTED,726.4532019704434,433.4729064039409,600.7635467980296,239.11330049261085,251.37931034482756,388.7192118226601,SUPPORTED,translation_median_sparse_flow,-0.0008544921875,0.00042724609375,121.0,0.060782138258218765,,,SUPPORTED,partial_affine_ransac_sparse_flow,0.02293508914858051,0.009438930649857883,121.0,0.06251048997296768,0.9999588064006633,1.0,,,,,0.0,0.0,,,path_segment_009,SUPPORTED,,0.3011512756347656,-0.966339111328125,0.30765815426900645,-0.9575015846353949,101.72629044871388,-231.52272976975541,72.1870886930768,0.49882318129646597,path_segment_001,SUPPORTED,,,,,,0.0,0.0,,,path_segment_009,SUPPORTED,,SUPPORTED,
73,73,2433.333333333333,VALID_TARGET,,1.0,736.5622291564941,403.61824798583984,736.7863845825195,402.61932373046875,SUPPORTED,727.4876847290641,431.4778325123153,604.2610837438424,240.44334975369458,246.45320197044333,382.0689655172414,SUPPORTED,translation_median_sparse_flow,0.22113037109375,-0.000156402587890625,110.0,7.059925079345703,,,SUPPORTED,partial_affine_ransac_sparse_flow,45.65641783781023,6.220484202026397,50.0,1.3445359478877035,0.9488737509009432,0.45454545454545453,0.2825202941894531,-0.9989242553710938,0.061389923095703125,-0.9987678527832031,0.061389923095703125,-0.9987678527832031,86.48270224935078,0.49631232796113844,path_segment_009,SUPPORTED,,0.2825202941894531,-0.9989242553710938,-4.011043146119391,6.725958954736882,97.71524730259449,-224.79677081501853,-120.8098472395021,3.8841634159178167,path_segment_001,SUPPORTED,,0.2825202941894531,-0.9989242553710938,0.061389923095703125,-0.9987678527832031,0.061389923095703125,-0.9987678527832031,86.48270224935078,0.49631232796113844,path_segment_009,SUPPORTED,,SUPPORTED,
74,74,2466.666666666667,VALID_TARGET,,1.0,737.6883392333984,402.6193237304687,737.7467041015625,402.61932373046875,SUPPORTED,728.5221674876848,429.48275862068965,607.7586206896552,241.77339901477833,241.5270935960591,375.4187192118227,SUPPORTED,translation_median_sparse_flow,-0.0001220703125,3.0517578125e-05,111.0,0.0018351192120462656,,,SUPPORTED,partial_affine_ransac_sparse_flow,-0.01987077743293937,-0.011457902657188905,111.0,0.011323382579794802,1.0000216998640872,1.0,0.9603195190429688,0.0,0.9604415893554688,-3.0517578125e-05,1.0218315124511719,-0.9987983703613281,0.0018205463469238283,0.47636804724277154,path_segment_009,SUPPORTED,,0.9603195190429688,0.0,0.9646110902000373,0.001972732664683008,98.67985839279453,-224.79479808235385,-0.11717582283934978,0.4784370722679611,path_segment_001,SUPPORTED,,0.9603195190429688,0.0,0.9604415893554688,-3.0517578125e-05,1.0218315124511719,-0.9987983703613281,0.0018205463469238283,0.47636804724277154,path_segment_009,SUPPORTED,,SUPPORTED,
75,75,2500.0,VALID_TARGET,,1.0,739.9906234741211,396.6878356933594,739.5558166503906,398.39605712890625,SUPPORTED,729.5566502463054,427.48768472906403,611.256157635468,243.10344827586206,236.60098522167488,368.76847290640393,SUPPORTED,translation_median_sparse_flow,0.26416015625,0.00012969970703125,113.0,7.209651947021484,,,SUPPORTED,partial_affine_ransac_sparse_flow,31.29274787843819,2.105702820373681,45.0,0.6746498244175789,0.9712739346738976,0.39823008849557523,1.809112548828125,-4.2232666015625,1.544952392578125,-4.223396301269531,2.566783905029297,-5.222194671630859,69.90707321183409,2.230512707713743,path_segment_009,SUPPORTED,,1.809112548828125,-4.2232666015625,-3.80428662668794,-2.8748792270583294,94.87557176610659,-227.66967730941218,142.9218519952058,2.3650660939801282,path_segment_001,SUPPORTED,,1.809112548828125,-4.2232666015625,1.544952392578125,-4.223396301269531,2.566783905029297,-5.222194671630859,69.90707321183409,2.230512707713743,path_segment_009,SUPPORTED,,SUPPORTED,
76,76,2533.333333333333,VALID_TARGET,,1.0,739.6753158569336,398.39605712890625,740.1101226806641,396.6878356933594,SUPPORTED,730.5911330049262,425.4926108374384,614.7536945812808,244.43349753694582,231.67487684729065,362.1182266009852,SUPPORTED,translation_median_sparse_flow,0.0,0.0,116.0,0.0003656096232589334,,,SUPPORTED,partial_affine_ransac_sparse_flow,0.028048105230419004,-0.007765072568104109,116.0,0.025539367227341125,0.9999553290531782,1.0,0.5543060302734375,-1.708221435546875,0.5543060302734375,-1.708221435546875,3.1210899353027344,-6.930416107177734,72.0221120942239,0.8907484677009408,path_segment_009,SUPPORTED,,0.5543060302734375,-1.708221435546875,0.5682083105180027,-1.699206037519616,95.44378007662459,-229.3688833469318,71.51025252284002,0.8886589706079342,path_segment_001,SUPPORTED,,0.5543060302734375,-1.708221435546875,0.5543060302734375,-1.708221435546875,3.1210899353027344,-6.930416107177734,72.0221120942239,0.8907484677009408,path_segment_009,SUPPORTED,,SUPPORTED,
77,77,2566.666666666667,VALID_TARGET,,1.0,743.2783012390137,393.87816619873047,741.2527122497559,394.3782272338867,SUPPORTED,731.6256157635469,423.4975369458128,618.2512315270936,245.76354679802955,226.7487684729064,355.46798029556646,UNSTABLE_TRANSFORM,translation_median_sparse_flow,7.60418701171875,-0.0025787353515625,117.0,9.947697639465332,,,SUPPORTED,partial_affine_ransac_sparse_flow,43.682971939145176,7.4032073386478325,48.0,1.3767948817875655,0.9511419311768191,0.41025641025641024,,,,,,,,,,UNSTABLE_TRANSFORM,Camera compensation was not supported.,1.1425895690917969,-2.3096084594726562,-3.3367198117044836,4.044791268912036,92.10706026492011,-225.32409207801976,-129.52066747587642,2.600703905197984,path_segment_001,SUPPORTED,,,,,,,,,,,UNSTABLE_TRANSFORM,Camera compensation was not supported.,SUPPORTED,
78,78,2600.0,VALID_TARGET,,1.0,741.2527122497559,393.8484725952149,743.2783012390137,393.3484115600586,SUPPORTED,732.6600985221675,421.50246305418716,621.7487684729064,247.0935960591133,221.82266009852214,348.81773399014776,SUPPORTED,translation_median_sparse_flow,0.0,0.0,137.0,0.00026074229390360415,,,SUPPORTED,partial_affine_ransac_sparse_flow,0.005942744185906435,0.001720647351478911,137.0,0.0018901224474608914,0.9999923775288032,1.0,,,,,0.0,0.0,,,path_segment_010,INSUFFICIENT_EVIDENCE,Continuous path run is shorter than the configured minimum sample count.,2.0255889892578125,-1.029815673828125,2.025310003336017,-1.0285557102916414,94.13237026825612,-226.3526477883114,26.923783239754094,1.126648423055145,path_segment_001,SUPPORTED,,,,,,0.0,0.0,,,path_segment_010,INSUFFICIENT_EVIDENCE,Continuous path run is shorter than the configured minimum sample count.,SUPPORTED,
79,79,2633.3333333333335,VALID_TARGET,,1.0,744.369384765625,389.4770431518554,743.8438415527344,389.47704315185547,SUPPORTED,733.6945812807882,419.5073891625616,625.2463054187192,248.42364532019704,216.8965517241379,342.16748768472905,UNSTABLE_TRANSFORM,translation_median_sparse_flow,7.17913818359375,-7.62939453125e-06,138.0,9.990357398986816,,,SUPPORTED,partial_affine_ransac_sparse_flow,28.89687428403072,2.2745191689992534,56.0,0.4227259629032667,0.9729766805071872,0.4057971014492754,,,,,,,,,,UNSTABLE_TRANSFORM,Camera compensation was not supported.,0.5655403137207031,-3.871368408203125,-3.9209825425218696,-3.578617807215153,90.21138772573426,-229.93126559552655,137.61379856782034,2.6329757317662406,path_segment_001,SUPPORTED,,,,,,,,,,,UNSTABLE_TRANSFORM,Camera compensation was not supported.,SUPPORTED,
80,80,2666.6666666666665,VALID_TARGET,,1.0,744.8563766479492,388.38614654541016,743.6857376098633,388.5851593017578,SUPPORTED,734.7290640394089,417.51231527093597,628.743842364532,249.7536945812808,211.97044334975368,335.51724137931035,SUPPORTED,translation_median_sparse_flow,0.0,0.0,155.0,0.00043185337563045323,,,SUPPORTED,partial_affine_ransac_sparse_flow,0.005083666206414068,-0.013617580245093897,155.0,0.006161517124330238,0.9999940680892522,1.0,,,,,0.0,0.0,,,path_segment_011,INSUFFICIENT_EVIDENCE,Continuous path run is shorter than the configured minimum sample count.,-0.15810394287109375,-0.8918838500976562,-0.15340380649593044,-0.8862143140157741,90.05798391923832,-230.81747990954233,99.82059121416047,0.44608885693918066,path_segment_001,SUPPORTED,,,,,,0.0,0.0,,,path_segment_011,INSUFFICIENT_EVIDENCE,Continuous path run is shorter than the configured minimum sample count.,SUPPORTED,
81,81,2700.0,VALID_TARGET,,1.0,743.2658996582031,388.0336685180664,743.764347076416,387.83465576171875,SUPPORTED,735.7635467980294,415.51724137931035,632.2413793103448,251.08374384236453,207.04433497536945,328.86699507389164,SUPPORTED,translation_median_sparse_flow,0.0,0.0,154.0,0.00045092764776200056,,,SUPPORTED,partial_affine_ransac_sparse_flow,-0.026293585008622146,-0.00993533142296512,154.0,0.009767545212242136,1.0000275177967775,1.0,0.07860946655273438,-0.7505035400390625,0.07860946655273438,-0.7505035400390625,0.07860946655273438,-0.7505035400390625,,,path_segment_011,INSUFFICIENT_EVIDENCE,Continuous path run is shorter than the configured minimum sample count.,0.07860946655273438,-0.7505035400390625,0.08597170793314035,-0.7541955798095614,90.14395562717147,-231.5716754893519,83.49685201137031,0.3764948901446109,path_segment_001,SUPPORTED,,0.07860946655273438,-0.7505035400390625,0.07860946655273438,-0.7505035400390625,0.07860946655273438,-0.7505035400390625,,,path_segment_011,INSUFFICIENT_EVIDENCE,Continuous path run is shorter than the configured minimum sample count.,SUPPORTED,
82,82,2733.3333333333335,VALID_TARGET,,1.0,743.5172309875488,385.6271438598633,743.8623466491699,385.7658004760742,SUPPORTED,736.7980295566502,413.5221674876848,635.7389162561576,252.41379310344828,202.11822660098522,322.21674876847294,UNSTABLE_TRANSFORM,translation_median_sparse_flow,6.037109375,0.00412750244140625,153.0,9.946325302124023,,,SUPPORTED,partial_affine_ransac_sparse_flow,33.84246373841354,10.58957120305159,68.0,1.1880660670444425,0.962314169610368,0.4444444444444444,,,,,,,,,,UNSTABLE_TRANSFORM,Camera compensation was not supported.,0.09799957275390625,-2.0688552856445312,-4.750904420274537,0.11419416797912163,85.39305120689693,-231.45748132137277,-178.62308653278114,2.357074870204318,path_segment_001,SUPPORTED,,,,,,,,,,,UNSTABLE_TRANSFORM,Camera compensation was not supported.,SUPPORTED,
83,83,2766.6666666666665,VALID_TARGET,,1.0,743.9382171630859,385.7658004760742,743.6101455688477,385.6271438598633,SUPPORTED,737.832512315271,411.5270935960591,639.2364532019704,253.74384236453201,197.192118226601,315.5665024630542,SUPPORTED,translation_median_sparse_flow,-6.103515625e-05,0.0,171.0,0.00041961669921875,,,SUPPORTED,partial_affine_ransac_sparse_flow,0.008016484778156464,0.002961328915221473,171.0,0.003510467320477263,0.9999920016273635,1.0,,,,,0.0,0.0,,,path_segment_012,INSUFFICIENT_EVIDENCE,Continuous path run is shorter than the configured minimum sample count.,-0.2522010803222656,-0.1386566162109375,-0.2545768578568186,-0.13793664575331377,85.13847434904011,-231.59541796712608,151.54996400685883,0.14361065638286863,path_segment_001,SUPPORTED,,,,,,0.0,0.0,,,path_segment_012,INSUFFICIENT_EVIDENCE,Continuous path run is shorter than the configured minimum sample count.,SUPPORTED,
84,84,2800.0,VALID_TARGET,HUMAN_ACCEPTED_TARGET: operator reviewed the raw skeleton and confirmed that it belongs to the documented athlete.,1.0,743.6185607910156,382.94023513793945,743.778736114502,383.30260848999023,SUPPORTED,738.8669950738916,409.53201970443354,642.7339901477833,255.07389162561577,192.26600985221677,308.9162561576355,UNSTABLE_TRANSFORM,translation_median_sparse_flow,5.83343505859375,0.00054931640625,171.0,9.955520629882812,,,SUPPORTED,partial_affine_ransac_sparse_flow,24.637489199223232,2.484122699412057,80.0,0.6533956772098213,0.975826694828618,0.4678362573099415,,,,,,,,,,UNSTABLE_TRANSFORM,Camera compensation was not supported.,0.16859054565429688,-2.324535369873047,-2.6067209075996516,-2.88861303061492,82.53175344144046,-234.484030997741,132.06349332904517,1.9298404037083383,path_segment_001,SUPPORTED,,,,,,,,,,,UNSTABLE_TRANSFORM,Camera compensation was not supported.,SUPPORTED,
85,85,2833.3333333333335,VALID_TARGET,HUMAN_ACCEPTED_TARGET: operator reviewed the raw skeleton and confirmed that it belongs to the documented athlete.,1.0,743.6101455688477,383.168399810791,744.2497444152832,382.80602645874023,SUPPORTED,739.9014778325122,407.53694581280786,646.231527093596,256.4039408866995,187.33990147783254,302.26600985221677,SUPPORTED,translation_median_sparse_flow,0.00018310546875,-3.0517578125e-05,198.0,0.0023375500459223986,,,SUPPORTED,partial_affine_ransac_sparse_flow,0.22679146703126282,-0.0642729767901316,198.0,0.12482828977638605,0.9998899381743145,1.0,,,,,0.0,0.0,,,path_segment_013,INSUFFICIENT_EVIDENCE,Continuous path run is shorter than the configured minimum sample count.,0.47100830078125,-0.49658203125,0.38080661410242556,-0.49630054759740005,82.91256005554288,-234.9803315453384,52.501321772688385,0.31027163724516854,path_segment_001,SUPPORTED,,,,,,0.0,0.0,,,path_segment_013,INSUFFICIENT_EVIDENCE,Continuous path run is shorter than the configured minimum sample count.,SUPPORTED,
86,86,2866.6666666666665,VALID_TARGET,,1.0,746.3752288818359,381.34081649780273,745.1989135742188,382.0471878051758,SUPPORTED,740.935960591133,405.5418719211823,649.7290640394089,257.7339901477833,182.41379310344828,295.615763546798,UNSTABLE_TRANSFORM,translation_median_sparse_flow,5.7431640625,1.77655029296875,200.0,9.256792068481445,,,SUPPORTED,partial_affine_ransac_sparse_flow,22.932326485748657,3.40870704712313,94.0,0.8644200128127639,0.9776134652553315,0.47,,,,,,,,,,UNSTABLE_TRANSFORM,Camera compensation was not supported.,0.9491691589355469,-0.7588386535644531,-1.3587833026136877,-3.20478638156942,81.5537767529292,-238.18511792690782,112.97624555433043,1.726506763106572,path_segment_001,SUPPORTED,,,,,,,,,,,UNSTABLE_TRANSFORM,Camera compensation was not supported.,SUPPORTED,
87,87,2900.0,VALID_TARGET,,1.0,746.4822540283203,382.0471878051758,745.2534065246582,381.53782653808594,SUPPORTED,741.9704433497537,403.54679802955667,653.2266009852217,259.064039408867,177.48768472906406,288.9655172413793,SUPPORTED,translation_median_sparse_flow,0.0,0.0,212.0,0.00019301011343486607,,,SUPPORTED,partial_affine_ransac_sparse_flow,0.002655678096085706,0.0052878088948629665,212.0,0.0029874369573281694,0.9999933773527213,1.0,,,,,0.0,0.0,,,path_segment_014,INSUFFICIENT_EVIDENCE,Continuous path run is shorter than the configured minimum sample count.,0.054492950439453125,-0.5093612670898438,0.05514622972543748,-0.5089468621602009,81.60892298265463,-238.69406478906802,83.81592155536138,0.2539093390118727,path_segment_001,SUPPORTED,,,,,,0.0,0.0,,,path_segment_014,INSUFFICIENT_EVIDENCE,Continuous path run is shorter than the configured minimum sample count.,SUPPORTED,
88,88,2933.333333333333,VALID_TARGET,,1.0,745.2812843322754,380.8827476501465,745.6161231994629,381.53782653808594,SUPPORTED,743.0049261083743,401.55172413793105,656.7241379310344,260.39408866995075,172.56157635467983,282.3152709359606,UNSTABLE_TRANSFORM,translation_median_sparse_flow,4.484222412109375,1.4302978515625,213.0,8.237297058105469,,,SUPPORTED,partial_affine_ransac_sparse_flow,25.649211793704218,8.052032493738212,112.0,1.4413173464499855,0.9703284905482245,0.5258215962441315,,,,,,,,,,UNSTABLE_TRANSFORM,Camera compensation was not supported.,0.3627166748046875,0.0,-2.1226811093412152,1.222968955486749,79.48624187331342,-237.47109583358127,-150.05188354000938,1.2150634886482663,path_segment_001,SUPPORTED,,,,,,,,,,,UNSTABLE_TRANSFORM,Camera compensation was not supported.,SUPPORTED,
89,89,2966.666666666667,VALID_TARGET,,1.0,745.211799621582,381.53782653808594,745.3507957458496,381.84061431884766,SUPPORTED,744.039408866995,399.5566502463054,660.2216748768473,261.7241379310345,167.6354679802956,275.6650246305419,SUPPORTED,translation_median_sparse_flow,-6.103515625e-05,0.0,264.0,0.0003725145070347935,,,SUPPORTED,partial_affine_ransac_sparse_flow,-0.051814222894042805,0.0011536033875245728,264.0,0.02594989369128934,1.0000410165230997,1.0,,,,,0.0,0.0,,,path_segment_015,SUPPORTED,,-0.26532745361328125,0.30278778076171875,-0.25312361342525946,0.30362781983427567,79.23311825988816,-237.167468013747,-129.81675381473553,0.19606385786163605,path_segment_001,SUPPORTED,,,,,,0.0,0.0,,,path_segment_015,SUPPORTED,,SUPPORTED,
90,90,3000.0,VALID_TARGET,,1.0,745.7256889343262,381.9075813293457,745.3908500671387,381.9075813293457,SUPPORTED,745.0738916256158,397.5615763546798,663.7192118226601,263.0541871921182,162.70935960591137,269.0147783251232,SUPPORTED,translation_median_sparse_flow,0.0,0.0,265.0,0.00013647876039613038,,,SUPPORTED,partial_affine_ransac_sparse_flow,-0.007648512710263316,-0.004444034586643492,265.0,0.004827045790159191,1.0000089031849844,1.0,0.0400543212890625,0.06696701049804688,0.0400543212890625,0.06696701049804688,0.0400543212890625,0.06696701049804688,-59.1155039800971,0.03870277680986718,path_segment_015,SUPPORTED,,0.0400543212890625,0.06696701049804688,0.04237946821069727,0.06544921127806447,79.27549772809886,-237.10201880246893,-57.07626216639723,0.03867317533036487,path_segment_001,SUPPORTED,,0.0400543212890625,0.06696701049804688,0.0400543212890625,0.06696701049804688,0.0400543212890625,0.06696701049804688,-59.1155039800971,0.03870277680986718,path_segment_015,SUPPORTED,,SUPPORTED,
91,91,3033.333333333333,VALID_TARGET,,1.0,745.3911743164062,382.49317932128906,745.7517776489258,381.9075813293457,SUPPORTED,746.1083743842364,395.56650246305423,667.2167487684728,264.384236453202,157.78325123152712,262.3645320197044,SUPPORTED,translation_median_sparse_flow,3.262847900390625,2.63623046875,265.0,6.372530460357666,,,SUPPORTED,partial_affine_ransac_sparse_flow,12.757073686634705,-0.6514602356619553,125.0,1.4900450411031632,0.9895637425895569,0.4716981132075472,0.3609275817871094,0.0,-2.9019203186035156,-2.63623046875,-2.861865997314453,-2.569263458251953,137.74662879031314,1.944556849698662,path_segment_015,SUPPORTED,,0.3609275817871094,0.0,-1.1897220849974701,-1.9787265220062977,78.08577564310139,-239.08074532447523,121.01666050541108,1.145164164533274,path_segment_001,SUPPORTED,,0.3609275817871094,0.0,-2.9019203186035156,-2.63623046875,-2.861865997314453,-2.569263458251953,137.74662879031314,1.944556849698662,path_segment_015,SUPPORTED,,SUPPORTED,
92,92,3066.666666666667,VALID_TARGET,,1.0,746.4234981536865,384.57177352905273,746.4234981536865,381.9075813293457,SUPPORTED,747.1428571428571,393.57142857142856,670.7142857142857,265.7142857142857,152.8571428571429,255.71428571428572,SUPPORTED,translation_median_sparse_flow,0.0,0.0,350.0,0.0001834538416005671,,,SUPPORTED,partial_affine_ransac_sparse_flow,0.025127609526686263,0.01708471029060794,350.0,0.023066374199235413,0.9999686767861798,1.0,0.6717205047607422,0.0,0.6717205047607422,0.0,-2.190145492553711,-2.569263458251953,-0.0,0.3331656901686306,path_segment_015,SUPPORTED,,0.6717205047607422,0.0,0.6629254402740798,0.008599416396009474,78.74870108337547,-239.07214590807922,-0.7431946375658659,0.32883110157672896,path_segment_001,SUPPORTED,,0.6717205047607422,0.0,0.6717205047607422,0.0,-2.190145492553711,-2.569263458251953,-0.0,0.3331656901686306,path_segment_015,SUPPORTED,,SUPPORTED,
93,93,3100.0,VALID_TARGET,,1.0,746.9920921325684,380.6084785461426,746.9920921325684,380.8304023742676,SUPPORTED,747.3214285714286,393.1547619047619,671.0714285714286,265.3571428571429,152.50000000000003,255.5952380952381,SUPPORTED,translation_median_sparse_flow,4.713592529296875,0.5599365234375,350.0,4.245306968688965,,,SUPPORTED,partial_affine_ransac_sparse_flow,10.684939581105938,0.582355517968956,212.0,1.3001127202088267,0.9918683699241871,0.6057142857142858,0.5685939788818359,-1.077178955078125,-4.144998550415039,-1.637115478515625,-6.33514404296875,-4.206378936767578,158.44788069488544,2.210415773321704,path_segment_015,SUPPORTED,,0.5685939788818359,-1.077178955078125,-2.98560699472705,-0.6207553739600371,75.76309408864842,-239.69290128203926,168.2546314177552,1.5124956728371637,path_segment_001,SUPPORTED,,0.5685939788818359,-1.077178955078125,-4.144998550415039,-1.637115478515625,-6.33514404296875,-4.206378936767578,158.44788069488544,2.210415773321704,path_segment_015,SUPPORTED,,SUPPORTED,
94,94,3133.3333333333335,VALID_TARGET,,1.0,747.608772277832,379.9962921142578,747.608772277832,380.8304023742676,SUPPORTED,747.4999999999999,392.73809523809524,671.4285714285713,265.0,152.14285714285717,255.47619047619048,SUPPORTED,translation_median_sparse_flow,0.0,0.0,350.0,0.000199313391931355,,,SUPPORTED,partial_affine_ransac_sparse_flow,-0.0016142516309859978,-0.0014882356582191416,350.0,0.0016275207948396673,1.000002296704938,1.0,0.6166801452636719,0.0,0.6166801452636719,0.0,-5.718463897705078,-4.206378936767578,-0.0,0.30586630116829067,path_segment_015,SUPPORTED,,0.6166801452636719,0.0,0.6164453201187143,0.0008753529722866915,76.37953940876713,-239.69202592906697,-0.08136000963783484,0.3057501388385505,path_segment_001,SUPPORTED,,0.6166801452636719,0.0,0.6166801452636719,0.0,-5.718463897705078,-4.206378936767578,-0.0,0.30586630116829067,path_segment_015,SUPPORTED,,SUPPORTED,
95,95,3166.6666666666665,VALID_TARGET,,1.0,749.481861114502,380.8304023742676,748.8833618164062,380.6084785461426,SUPPORTED,747.6785714285713,392.32142857142856,671.7857142857142,264.64285714285717,151.7857142857143,255.35714285714283,SUPPORTED,translation_median_sparse_flow,5.6540374755859375,1.2875986099243164,348.0,0.918221116065979,,,SUPPORTED,partial_affine_ransac_sparse_flow,7.006244203012176,0.4582934761867404,250.0,1.1237557642313014,0.996481963730906,0.7183908045977011,1.2745895385742188,-0.221923828125,-4.379447937011719,-1.5095224380493164,-10.097911834716797,-5.7159013748168945,160.98178425830832,2.2975688497184503,path_segment_015,SUPPORTED,,1.2745895385742188,-0.221923828125,-1.9043739826083765,-1.6814912351542262,74.47516542615875,-241.3735171642212,138.55669626665647,1.260050439710622,path_segment_001,SUPPORTED,,1.2745895385742188,-0.221923828125,-4.379447937011719,-1.5095224380493164,-10.097911834716797,-5.7159013748168945,160.98178425830832,2.2975688497184503,path_segment_015,SUPPORTED,,SUPPORTED,
96,96,3200.0,VALID_TARGET,,1.0,748.8833618164062,381.0638046264648,749.3208961486816,379.9962921142578,SUPPORTED,747.8571428571429,391.90476190476187,672.1428571428571,264.2857142857143,151.42857142857144,255.2380952380952,SUPPORTED,translation_median_sparse_flow,0.0,0.0,350.0,7.82012939453125e-05,,,SUPPORTED,partial_affine_ransac_sparse_flow,0.008320258435297928,0.011191032550367092,350.0,0.01218154497039374,0.9999872470363681,1.0,0.4375343322753906,-0.6121864318847656,0.4375343322753906,-0.6121864318847656,-9.660377502441406,-6.32808780670166,54.446317159392734,0.3732156657216248,path_segment_015,SUPPORTED,,0.4375343322753906,-0.6121864318847656,0.4313718116148948,-0.6039773010242016,74.90653723777365,-241.9774944652454,54.46486921984969,0.3681258481387342,path_segment_001,SUPPORTED,,0.4375343322753906,-0.6121864318847656,0.4375343322753906,-0.6121864318847656,-9.660377502441406,-6.32808780670166,54.446317159392734,0.3732156657216248,path_segment_015,SUPPORTED,,SUPPORTED,
97,97,3233.3333333333335,VALID_TARGET,HUMAN_ACCEPTED_TARGET: operator reviewed the raw skeleton and confirmed that it belongs to the documented athlete.,1.0,749.8126449584961,378.2670021057129,749.7130699157715,378.2670021057129,SUPPORTED,748.0357142857143,391.48809523809524,672.5,263.92857142857144,151.07142857142858,255.1190476190476,SUPPORTED,translation_median_sparse_flow,5.021759033203125,-0.2707977294921875,349.0,0.5175274014472961,,,SUPPORTED,partial_affine_ransac_sparse_flow,5.908988064575955,-1.0087233286662347,241.0,1.0472912987146799,0.9968580404661417,0.6905444126074498,0.39217376708984375,-1.7292900085449219,-4.629585266113281,-1.4584922790527344,-14.289962768554688,-7.7865800857543945,162.51362581510122,2.407474521478912,path_segment_015,SUPPORTED,,0.39217376708984375,-1.7292900085449219,-1.7840294189679753,-2.2326462998269108,73.12250781880567,-244.2101407650723,128.62712625750444,1.4174751423077812,path_segment_001,SUPPORTED,,0.39217376708984375,-1.7292900085449219,-4.629585266113281,-1.4584922790527344,-14.289962768554688,-7.7865800857543945,162.51362581510122,2.407474521478912,path_segment_015,SUPPORTED,,SUPPORTED,
98,98,3266.6666666666665,VALID_TARGET,HUMAN_ACCEPTED_TARGET: operator reviewed the raw skeleton and confirmed that it belongs to the documented athlete.,1.0,749.6779174804688,377.8816566467285,749.6398582458496,378.2670021057129,SUPPORTED,748.2142857142858,391.07142857142856,672.8571428571429,263.57142857142856,150.71428571428572,254.99999999999997,SUPPORTED,translation_median_sparse_flow,0.0,0.0,350.0,0.0007349413353949785,,,SUPPORTED,partial_affine_ransac_sparse_flow,-0.006084788651836855,-0.015728166961287128,350.0,0.01366547016300846,1.0000139660125817,1.0,-0.073211669921875,0.0,-0.073211669921875,0.0,-14.363174438476562,-7.7865800857543945,-180.0,0.036312151207306215,path_segment_015,SUPPORTED,,-0.073211669921875,0.0,-0.07195694598908631,-0.0007336736874776761,73.05055087281659,-244.2108744387598,179.41583194418135,0.0356916775665351,path_segment_001,SUPPORTED,,-0.073211669921875,0.0,-0.073211669921875,0.0,-14.363174438476562,-7.7865800857543945,-180.0,0.036312151207306215,path_segment_015,SUPPORTED,,SUPPORTED,
99,99,3300.0,VALID_TARGET,HUMAN_ACCEPTED_TARGET: operator reviewed the raw skeleton and confirmed that it belongs to the documented athlete.,1.0,749.774097442627,378.0781555175781,749.6398582458496,378.0781555175781,SUPPORTED,748.3928571428571,390.6547619047619,673.2142857142857,263.2142857142857,150.35714285714286,254.88095238095235,SUPPORTED,translation_median_sparse_flow,0.0,0.0,350.0,5.030632019042969e-05,,,SUPPORTED,partial_affine_ransac_sparse_flow,0.004493907759129109,0.0009782962044399108,350.0,0.0035481738906230093,0.9999935775547791,1.0,0.0,-0.18884658813476562,0.0,-0.18884658813476562,-14.363174438476562,-7.97542667388916,90.0,0.09366574851592692,path_segment_015,SUPPORTED,,0.0,-0.18884658813476562,-5.3437277415469e-05,-0.1866542007383032,73.05049743553917,-244.3975286394981,90.01640322247674,0.09257835322815004,path_segment_001,SUPPORTED,,0.0,-0.18884658813476562,0.0,-0.18884658813476562,-14.363174438476562,-7.97542667388916,90.0,0.09366574851592692,path_segment_015,SUPPORTED,,SUPPORTED,
100,100,3333.3333333333335,VALID_TARGET,,1.0,749.0109844207764,378.96545791625977,749.0176620483398,377.8816566467285,SUPPORTED,748.5714285714286,390.23809523809524,673.5714285714286,262.8571428571429,150.0,254.76190476190473,SUPPORTED,translation_median_sparse_flow,4.8216552734375,0.98101806640625,347.0,0.44940412044525146,,,SUPPORTED,partial_affine_ransac_sparse_flow,5.575102538451526,-0.055337644248382244,272.0,1.185709237833683,0.9976172390685262,0.7838616714697406,-0.6221961975097656,-0.19649887084960938,-5.443851470947266,-1.1775169372558594,-19.807025909423828,-9.15294361114502,167.79482600372913,2.7625300874849263,path_segment_015,SUPPORTED,,-0.6221961975097656,-0.19649887084960938,-3.083042023740859,-1.8620399727533368,69.96745541179831,-246.25956861225143,148.86962255957994,1.7864087735266423,path_segment_001,SUPPORTED,,-0.6221961975097656,-0.19649887084960938,-5.443851470947266,-1.1775169372558594,-19.807025909423828,-9.15294361114502,167.79482600372913,2.7625300874849263,path_segment_015,SUPPORTED,,SUPPORTED,
101,101,3366.6666666666665,VALID_TARGET,,1.0,748.8561382293701,377.3157577514648,749.0075588226318,377.31575775146484,SUPPORTED,748.75,389.82142857142856,673.9285714285714,262.5,149.64285714285714,254.6428571428571,SUPPORTED,translation_median_sparse_flow,0.0,0.0,350.0,6.823938019806519e-05,,,SUPPORTED,partial_affine_ransac_sparse_flow,0.0076778176159966885,0.008410410426556917,350.0,0.011532752445457956,0.9999748226412435,1.0,-0.010103225708007812,-0.5658988952636719,-0.010103225708007812,-0.5658988952636719,-19.817129135131836,-9.718842506408691,91.02281645196999,0.2807241106931307,path_segment_015,SUPPORTED,,-0.010103225708007812,-0.5658988952636719,-0.004599572926963447,-0.5535427396101795,69.96285583887135,-246.8131113518616,90.4760789590055,0.27456034788184697,path_segment_001,SUPPORTED,,-0.010103225708007812,-0.5658988952636719,-0.010103225708007812,-0.5658988952636719,-19.817129135131836,-9.718842506408691,91.02281645196999,0.2807241106931307,path_segment_015,SUPPORTED,,SUPPORTED,
102,102,3400.0,VALID_TARGET,,1.0,749.3225154876709,375.1495971679687,749.0075588226318,377.31575775146484,SUPPORTED,748.9285714285713,389.4047619047619,674.2857142857142,262.14285714285717,149.28571428571428,254.52380952380946,SUPPORTED,translation_median_sparse_flow,4.502105712890625,-0.3964424133300781,350.0,0.2987462282180786,,,SUPPORTED,partial_affine_ransac_sparse_flow,5.116734020302982,-1.2109750605636784,253.0,0.9484891874079662,0.9981798581804399,0.7228571428571429,0.0,0.0,-4.502105712890625,0.3964424133300781,-24.31923484802246,-9.322400093078613,-174.9676794762118,2.241633615051105,path_segment_015,SUPPORTED,,0.0,0.0,-2.5222543063481453,-0.5363871199701293,67.4406015325232,-247.34949847183174,167.99423151303301,1.2789849661166277,path_segment_001,SUPPORTED,,0.0,0.0,-4.502105712890625,0.3964424133300781,-24.31923484802246,-9.322400093078613,-174.9676794762118,2.241633615051105,path_segment_015,SUPPORTED,,SUPPORTED,
103,103,3433.333333333333,VALID_TARGET,,1.0,748.1319942474365,376.8021354675293,749.3225154876709,376.92595291137695,SUPPORTED,749.1071428571428,388.9880952380952,674.6428571428571,261.7857142857143,148.92857142857142,254.40476190476184,SUPPORTED,translation_median_sparse_flow,9.1552734375e-05,-9.059906005859375e-05,350.0,0.0009156395099125803,,,SUPPORTED,partial_affine_ransac_sparse_flow,0.0735627638915759,-0.048813875022273336,350.0,0.06318058572685298,0.9999640138262829,1.0,0.3149566650390625,-0.3898048400878906,0.3148651123046875,-0.38971424102783203,-24.004369735717773,-9.712114334106445,51.06392312591186,0.24849830476677096,path_segment_015,SUPPORTED,,0.3149566650390625,-0.3898048400878906,0.29018428034123644,-0.3707571429469567,67.73078581286444,-247.7202556147787,51.95041627589954,0.23351938961000912,path_segment_001,SUPPORTED,,0.3149566650390625,-0.3898048400878906,0.3148651123046875,-0.38971424102783203,-24.004369735717773,-9.712114334106445,51.06392312591186,0.24849830476677096,path_segment_015,SUPPORTED,,SUPPORTED,
104,104,3466.666666666667,VALID_TARGET,,1.0,750.6469898223877,378.3362236022949,750.3915367126465,376.61955642700195,SUPPORTED,749.2857142857142,388.57142857142856,675.0,261.42857142857144,148.57142857142856,254.28571428571422,SUPPORTED,translation_median_sparse_flow,4.320648193359375,0.7469940185546875,350.0,0.3082578778266907,,,SUPPORTED,partial_affine_ransac_sparse_flow,4.222326709919166,0.32152226510830406,227.0,0.38462775391531534,1.0003967840918804,0.6485714285714286,1.069021224975586,-0.306396484375,-3.251626968383789,-1.0533905029296875,-27.255996704101562,-10.765504837036133,162.0498545832767,1.6952878673608132,path_segment_015,SUPPORTED,,1.069021224975586,-0.306396484375,-3.0858033985080056,-1.5018634392583294,64.64498241435643,-249.22211905403702,154.04776919248354,1.7021715119829892,path_segment_001,SUPPORTED,,1.069021224975586,-0.306396484375,-3.251626968383789,-1.0533905029296875,-27.255996704101562,-10.765504837036133,162.0498545832767,1.6952878673608132,path_segment_015,SUPPORTED,,SUPPORTED,
105,105,3500.0,VALID_TARGET,,1.0,750.3963050842285,376.68724060058594,750.3915367126465,376.61955642700195,SUPPORTED,748.5714285714287,387.95238095238096,674.8095238095239,261.7142857142857,147.52380952380952,252.47619047619042,SUPPORTED,translation_median_sparse_flow,0.0,0.0,350.0,0.0001220703125,,,SUPPORTED,partial_affine_ransac_sparse_flow,0.0008216009836720167,0.00095486095578937,350.0,0.000902803128765791,0.999998172479564,1.0,0.0,0.0,0.0,0.0,-27.255996704101562,-10.765504837036133,,0.0,path_segment_015,SUPPORTED,,0.0,0.0,0.00034596435887124244,0.00013945946955118416,64.6453283787153,-249.22197959456747,-21.954539805274518,0.00018501123561187952,path_segment_001,SUPPORTED,,0.0,0.0,0.0,0.0,-27.255996704101562,-10.765504837036133,,0.0,path_segment_015,SUPPORTED,,SUPPORTED,
106,106,3533.333333333333,VALID_TARGET,,1.0,750.4313468933105,376.4170646667481,750.3915367126465,376.41706466674805,SUPPORTED,747.8571428571428,387.3333333333333,674.6190476190476,262.0,146.47619047619045,250.6666666666666,SUPPORTED,translation_median_sparse_flow,0.0,0.0,350.0,8.96453857421875e-05,,,SUPPORTED,partial_affine_ransac_sparse_flow,0.0003023596097802058,0.0004919602659743454,350.0,0.0009170502823215893,1.0000003008130478,1.0,0.0,-0.20249176025390625,0.0,-0.20249176025390625,-27.255996704101562,-10.967996597290039,90.0,0.10043359787339665,path_segment_015,SUPPORTED,,0.0,-0.20249176025390625,-0.0009639180835847583,-0.20222864479205782,64.64436446063172,-249.42420823935953,90.2730969185784,0.10030423501418116,path_segment_001,SUPPORTED,,0.0,-0.20249176025390625,0.0,-0.20249176025390625,-27.255996704101562,-10.967996597290039,90.0,0.10043359787339665,path_segment_015,SUPPORTED,,SUPPORTED,
107,107,3566.666666666667,VALID_TARGET,,1.0,747.8107471466064,375.6497688293457,750.3915367126465,375.6497688293457,SUPPORTED,747.1428571428571,386.71428571428567,674.4285714285714,262.2857142857143,145.42857142857142,248.8571428571428,SUPPORTED,translation_median_sparse_flow,4.1444091796875,-0.6501083374023438,349.0,0.36058276891708374,,,SUPPORTED,partial_affine_ransac_sparse_flow,4.275905049360855,-1.2927349375635016,244.0,0.6704969719679067,0.9996679040936712,0.6991404011461319,0.0,-0.7672958374023438,-4.1444091796875,-0.1171875,-31.400405883789062,-11.085184097290039,178.38033353444214,2.0564011569737004,path_segment_015,SUPPORTED,,0.0,-0.7672958374023438,-3.356258651123426,-0.683132293435051,61.288105809508295,-250.10734053279458,168.49518464729286,1.6987982640485535,path_segment_001,SUPPORTED,,0.0,-0.7672958374023438,-4.1444091796875,-0.1171875,-31.400405883789062,-11.085184097290039,178.38033353444214,2.0564011569737004,path_segment_015,SUPPORTED,,SUPPORTED,
108,108,3600.0,VALID_TARGET,,1.0,748.3062210083008,375.4444274902344,749.8777847290039,375.4444274902344,SUPPORTED,746.4285714285713,386.0952380952381,674.2380952380952,262.5714285714286,144.38095238095238,247.04761904761898,SUPPORTED,translation_median_sparse_flow,0.0,0.0,350.0,0.00019865726062562317,,,SUPPORTED,partial_affine_ransac_sparse_flow,0.0010431751332062543,0.00512327551092856,350.0,0.00497907098072487,0.9999889566184142,1.0,-0.5137519836425781,-0.20534133911132812,-0.5137519836425781,-0.20534133911132812,-31.91415786743164,-11.290525436401367,158.21392234253906,0.27441490982534655,path_segment_015,SUPPORTED,,-0.5137519836425781,-0.20534133911132812,-0.5086279863464824,-0.20208188933696647,60.77947782316181,-250.30942242213155,158.3316871937099,0.27145555216305,path_segment_001,SUPPORTED,,-0.5137519836425781,-0.20534133911132812,-0.5137519836425781,-0.20534133911132812,-31.91415786743164,-11.290525436401367,158.21392234253906,0.27441490982534655,path_segment_015,SUPPORTED,,SUPPORTED,
109,109,3633.3333333333335,VALID_TARGET,,1.0,752.7218971252441,373.25724029541016,748.7315063476562,374.1316947937012,SUPPORTED,745.7142857142857,385.4761904761905,674.047619047619,262.8571428571429,143.33333333333334,245.23809523809518,SUPPORTED,translation_median_sparse_flow,4.157196044921875,0.4995088577270508,349.0,0.2889108657836914,,,SUPPORTED,partial_affine_ransac_sparse_flow,3.9322716385255885,0.12962446328048155,241.0,0.3804577500698726,1.0005847826871896,0.6905444126074498,-1.1462783813476562,-1.3127326965332031,-5.303474426269531,-1.812241554260254,-37.21763229370117,-13.102766990661621,161.13427327851673,2.779796248070619,path_segment_015,SUPPORTED,,-1.1462783813476562,-1.3127326965332031,-5.217282861969579,-2.2600728199555533,55.56219496119223,-252.5694952420871,156.5782396031724,2.820076436571166,path_segment_001,SUPPORTED,,-1.1462783813476562,-1.3127326965332031,-5.303474426269531,-1.812241554260254,-37.21763229370117,-13.102766990661621,161.13427327851673,2.779796248070619,path_segment_015,SUPPORTED,,SUPPORTED,
110,110,3666.6666666666665,VALID_TARGET,,1.0,750.577953338623,374.1316947937012,749.9942569732666,373.25724029541016,SUPPORTED,745.0,384.8571428571429,673.8571428571429,263.14285714285717,142.28571428571428,243.4285714285714,SUPPORTED,translation_median_sparse_flow,0.0,0.0,350.0,8.392333984375e-05,,,SUPPORTED,partial_affine_ransac_sparse_flow,-0.00012638304616946152,0.0016024444596784311,350.0,0.001705011702209101,1.0000017534405983,1.0,1.2627506256103516,-0.8744544982910156,1.2627506256103516,-0.8744544982910156,-35.95488166809082,-13.977221488952637,34.702591807120406,0.7618245224021968,path_segment_015,SUPPORTED,,1.2627506256103516,-0.8744544982910156,1.2606704033288452,-0.8749243386291141,56.82286536452108,-253.44441958071621,34.76123323161828,0.761109357928267,path_segment_001,SUPPORTED,,1.2627506256103516,-0.8744544982910156,1.2627506256103516,-0.8744544982910156,-35.95488166809082,-13.977221488952637,34.702591807120406,0.7618245224021968,path_segment_015,SUPPORTED,,SUPPORTED,
111,111,3700.0,VALID_TARGET,,1.0,748.7315063476562,371.3707618713379,750.3676090240479,371.37133407592773,SUPPORTED,744.2857142857142,384.23809523809524,673.6666666666666,263.42857142857144,141.23809523809524,241.61904761904756,SUPPORTED,translation_median_sparse_flow,4.273834228515625,-0.857208251953125,350.0,0.2711079716682434,,,SUPPORTED,partial_affine_ransac_sparse_flow,4.7537305067111095,-1.4654254826746336,310.0,1.1571122627305914,0.9976778207638115,0.8857142857142857,0.37335205078125,-1.8859062194824219,-3.900482177734375,-1.0286979675292969,-39.855363845825195,-15.005919456481934,165.22545836090973,2.0007456244000275,path_segment_015,SUPPORTED,,0.37335205078125,-1.8859062194824219,-1.7930507108694655,-1.2481926311209008,55.02981465365161,-254.69261221183712,145.1571466695165,1.0835977546532065,path_segment_001,SUPPORTED,,0.37335205078125,-1.8859062194824219,-3.900482177734375,-1.0286979675292969,-39.855363845825195,-15.005919456481934,165.22545836090973,2.0007456244000275,path_segment_015,SUPPORTED,,SUPPORTED,
112,112,3733.3333333333335,VALID_TARGET,,1.0,750.3207530975342,370.8595275878906,750.3676090240479,370.8589553833008,SUPPORTED,743.5714285714286,383.6190476190476,673.4761904761905,263.7142857142857,140.1904761904762,239.80952380952377,SUPPORTED,translation_median_sparse_flow,0.0,0.0,350.0,0.0001726334885461256,,,SUPPORTED,partial_affine_ransac_sparse_flow,-0.02829065919901483,0.027442832277152825,350.0,0.043021230150897524,0.9999613039109486,1.0,0.0,-0.5123786926269531,0.0,-0.5123786926269531,-39.855363845825195,-15.518298149108887,90.0,0.25413397320298464,path_segment_015,SUPPORTED,,0.0,-0.5123786926269531,0.046177131726835796,-0.5029214908880135,55.07599178537845,-255.19553370272513,84.7539383893457,0.25049256882351195,path_segment_001,SUPPORTED,,0.0,-0.5123786926269531,0.0,-0.5123786926269531,-39.855363845825195,-15.518298149108887,90.0,0.25413397320298464,path_segment_015,SUPPORTED,,SUPPORTED,
113,113,3766.6666666666665,VALID_TARGET,,1.0,750.8131275177002,368.83570861816406,750.5224895477295,369.1472511291504,SUPPORTED,742.8571428571428,383.0,673.2857142857142,264.0,139.14285714285717,237.99999999999994,SUPPORTED,translation_median_sparse_flow,4.25531005859375,0.43200111389160156,350.0,0.3626614212989807,,,SUPPORTED,partial_affine_ransac_sparse_flow,4.379925997324072,0.3193883156947967,247.0,0.3926200512870958,0.9995878058044787,0.7057142857142857,0.15488052368164062,-1.7117042541503906,-4.100429534912109,-2.143705368041992,-43.955793380737305,-17.66200351715088,152.39942265482853,2.294931918692868,path_segment_015,SUPPORTED,,0.15488052368164062,-1.7117042541503906,-3.7104662615788584,-2.2932894161261856,51.36552552379959,-257.4888231188513,148.28146239734662,2.1634846284367386,path_segment_001,SUPPORTED,,0.15488052368164062,-1.7117042541503906,-4.100429534912109,-2.143705368041992,-43.955793380737305,-17.66200351715088,152.39942265482853,2.294931918692868,path_segment_015,SUPPORTED,,SUPPORTED,
114,114,3800.0,VALID_TARGET,,1.0,750.9338760375977,369.1472511291504,750.5224895477295,368.83570861816406,SUPPORTED,742.1428571428571,382.38095238095235,673.0952380952381,264.2857142857143,138.0952380952381,236.19047619047615,SUPPORTED,translation_median_sparse_flow,0.0,0.0,350.0,0.00019997144408989698,,,SUPPORTED,partial_affine_ransac_sparse_flow,0.000185551865287106,-0.00568681129515774,350.0,0.004014796286586918,1.0000015864564116,1.0,0.0,-0.3115425109863281,0.0,-0.3115425109863281,-43.955793380737305,-17.973546028137207,90.0,0.15452152339253075,path_segment_015,SUPPORTED,,0.0,-0.3115425109863281,0.00029605119630105037,-0.30984125883975366,51.36582157499589,-257.79866437769107,89.94525429257128,0.15367779193062814,path_segment_001,SUPPORTED,,0.0,-0.3115425109863281,0.0,-0.3115425109863281,-43.955793380737305,-17.973546028137207,90.0,0.15452152339253075,path_segment_015,SUPPORTED,,SUPPORTED,
115,115,3833.3333333333335,VALID_TARGET,,1.0,751.080997467041,368.377685546875,750.5224895477295,368.377685546875,SUPPORTED,741.4285714285714,381.7619047619047,672.9047619047619,264.57142857142856,137.04761904761907,234.38095238095235,SUPPORTED,translation_median_sparse_flow,0.0,0.0,350.0,0.00019028937094844878,,,SUPPORTED,partial_affine_ransac_sparse_flow,-0.0003343071512880817,-0.006896132487420326,350.0,0.004670289092765478,1.0000019497935748,1.0,0.0,-0.4580230712890625,0.0,-0.4580230712890625,-43.955793380737305,-18.43156909942627,90.0,0.22717420650056183,path_segment_015,SUPPORTED,,0.0,-0.4580230712890625,0.0009844928681559395,-0.45614680131831165,51.36680606786405,-258.2548111790094,89.87633981306398,0.22624412498823604,path_segment_001,SUPPORTED,,0.0,-0.4580230712890625,0.0,-0.4580230712890625,-43.955793380737305,-18.43156909942627,90.0,0.22717420650056183,path_segment_015,SUPPORTED,,SUPPORTED,
116,116,3866.6666666666665,VALID_TARGET,,1.0,749.4341564178467,367.5527114868164,750.3327217102051,367.5527114868164,SUPPORTED,740.7142857142857,381.14285714285717,672.7142857142857,264.8571428571429,136.00000000000003,232.57142857142853,SUPPORTED,translation_median_sparse_flow,4.454620361328125,-1.0666160583496094,350.0,0.30458712577819824,,,SUPPORTED,partial_affine_ransac_sparse_flow,4.380475571423815,-1.2437507023776344,239.0,0.240468169531653,1.000269314410187,0.6828571428571428,-0.18976783752441406,-0.8249740600585938,-4.644388198852539,0.24164199829101562,-48.600181579589844,-18.189927101135254,-177.02165420669215,2.3066792072569453,path_segment_015,SUPPORTED,,-0.18976783752441406,-0.8249740600585938,-4.602164677050496,-0.02700195201509814,46.76464139081355,-258.2818131310245,179.6638364236427,2.2826603490034008,path_segment_001,SUPPORTED,,-0.18976783752441406,-0.8249740600585938,-4.644388198852539,0.24164199829101562,-48.600181579589844,-18.189927101135254,-177.02165420669215,2.3066792072569453,path_segment_015,SUPPORTED,,SUPPORTED,
117,117,3900.0,VALID_TARGET,,1.0,749.5622234344482,365.4130401611328,750.0228595733643,365.4130401611328,SUPPORTED,740.0,380.5238095238095,672.5238095238095,265.14285714285717,134.95238095238096,230.76190476190473,SUPPORTED,translation_median_sparse_flow,0.0,0.0,350.0,6.501770985778421e-05,,,SUPPORTED,partial_affine_ransac_sparse_flow,0.0067541036971697395,-0.007448005521177455,350.0,0.014889268072303848,1.0000193905386148,1.0,-0.3098621368408203,-2.1396713256835938,-0.3098621368408203,-2.1396713256835938,-48.910043716430664,-20.329598426818848,98.24015326950747,1.0723231425937445,path_segment_015,SUPPORTED,,-0.3098621368408203,-2.1396713256835938,-0.3285435135614989,-2.1447031120164297,46.43609787725205,-260.4265162430409,98.70934021973484,1.0761571581316671,path_segment_001,SUPPORTED,,-0.3098621368408203,-2.1396713256835938,-0.3098621368408203,-2.1396713256835938,-48.910043716430664,-20.329598426818848,98.24015326950747,1.0723231425937445,path_segment_015,SUPPORTED,,SUPPORTED,
118,118,3933.333333333333,VALID_TARGET,,1.0,750.5277252197266,363.9169692993164,750.125898361206,364.49071884155273,SUPPORTED,739.2857142857142,379.9047619047619,672.3333333333333,265.42857142857144,133.90476190476193,228.9523809523809,SUPPORTED,translation_median_sparse_flow,4.7645263671875,0.17650604248046875,350.0,0.2699699401855469,,,SUPPORTED,partial_affine_ransac_sparse_flow,4.770295220595945,0.03152331202248856,236.0,0.26721567965584503,1.000052000864892,0.6742857142857143,0.10303878784179688,-0.9223213195800781,-4.661487579345703,-1.0988273620605469,-53.57153129577637,-21.428425788879395,166.73611061893953,2.3754118155827735,path_segment_015,SUPPORTED,,0.10303878784179688,-0.9223213195800781,-4.568529988112346,-1.255403279005975,41.86756788913971,-261.6819195220469,164.6347381681533,2.3499341388394632,path_segment_001,SUPPORTED,,0.10303878784179688,-0.9223213195800781,-4.661487579345703,-1.0988273620605469,-53.57153129577637,-21.428425788879395,166.73611061893953,2.3754118155827735,path_segment_015,SUPPORTED,,SUPPORTED,
119,119,3966.666666666667,VALID_TARGET,,1.0,750.0218086242676,364.49071884155273,750.4956970214844,363.9169692993164,SUPPORTED,738.5714285714286,379.2857142857143,672.1428571428571,265.7142857142857,132.8571428571429,227.1428571428571,SUPPORTED,translation_median_sparse_flow,0.0,0.0,350.0,6.103515625e-05,,,SUPPORTED,partial_affine_ransac_sparse_flow,0.0008051859196062225,0.004891184032892893,350.0,0.004631088945897417,0.9999997475321863,1.0,0.3697986602783203,-0.5737495422363281,0.3697986602783203,-0.5737495422363281,-53.20173263549805,-22.002175331115723,57.197014652078764,0.3385606424034796,path_segment_015,SUPPORTED,,0.3697986602783203,-0.5737495422363281,0.3654912948478568,-0.5709513308016767,42.233059183987564,-262.25287085284856,57.37488806980723,0.33623829439974673,path_segment_001,SUPPORTED,,0.3697986602783203,-0.5737495422363281,0.3697986602783203,-0.5737495422363281,-53.20173263549805,-22.002175331115723,57.197014652078764,0.3385606424034796,path_segment_015,SUPPORTED,,SUPPORTED,
120,120,4000.0,VALID_TARGET,,1.0,751.3822898864746,362.6836280822754,750.9561195373535,362.6836280822754,SUPPORTED,739.4642857142857,378.3928571428571,672.1428571428571,263.92857142857144,134.64285714285717,228.9285714285714,SUPPORTED,translation_median_sparse_flow,4.9429168701171875,-1.287412405014038,350.0,0.2727510631084442,,,SUPPORTED,partial_affine_ransac_sparse_flow,4.846018474868781,-2.123900114116255,262.0,0.8085216756306417,1.0000643139269614,0.7485714285714286,0.4604225158691406,-1.2333412170410156,-4.482494354248047,0.05407118797302246,-57.684226989746094,-21.9481041431427,-179.30888912137038,2.2234276962351793,path_segment_015,SUPPORTED,,0.4604225158691406,-1.2333412170410156,-3.5607219025308723,-0.9280260040230246,38.67233728145669,-263.1808968568716,165.3920527728157,1.8250743439392816,path_segment_001,SUPPORTED,,0.4604225158691406,-1.2333412170410156,-4.482494354248047,0.05407118797302246,-57.684226989746094,-21.9481041431427,-179.30888912137038,2.2234276962351793,path_segment_015,SUPPORTED,,SUPPORTED,
121,121,4033.333333333333,VALID_TARGET,,1.0,750.9240913391113,361.2142333984375,751.171817779541,361.2142333984375,SUPPORTED,740.3571428571429,377.5,672.1428571428571,262.14285714285717,136.42857142857144,230.7142857142857,SUPPORTED,translation_median_sparse_flow,0.0,0.0,350.0,0.0,,,SUPPORTED,partial_affine_ransac_sparse_flow,0.004055618243284523,-0.019830000339086856,350.0,0.01774955746880001,1.0000324224988555,1.0,0.2156982421875,-1.4693946838378906,0.2156982421875,-1.4693946838378906,-57.468528747558594,-23.41749882698059,81.64896960998041,0.7366134027694904,path_segment_015,SUPPORTED,,0.2156982421875,-1.4693946838378906,0.19516237788570834,-1.4776136920100384,38.8674996593424,-264.6585105488816,82.47595651540163,0.7392443907300175,path_segment_001,SUPPORTED,,0.2156982421875,-1.4693946838378906,0.2156982421875,-1.4693946838378906,-57.468528747558594,-23.41749882698059,81.64896960998041,0.7366134027694904,path_segment_015,SUPPORTED,,SUPPORTED,
122,122,4066.6666666666665,VALID_TARGET,,1.0,753.124568939209,359.8603286743164,751.4026908874512,359.8603286743164,SUPPORTED,741.25,376.6071428571429,672.1428571428571,260.3571428571429,138.21428571428575,232.49999999999997,SUPPORTED,translation_median_sparse_flow,5.182281494140625,-0.004128456115722656,350.0,0.43459558486938477,,,SUPPORTED,partial_affine_ransac_sparse_flow,5.3862449437333,-0.22467267325398782,234.0,0.2635088970743731,0.999705335480549,0.6685714285714286,0.23087310791015625,-1.3539047241210938,-4.951408386230469,-1.349776268005371,-62.41993713378906,-24.767275094985962,164.7514282134603,2.545457633693221,path_segment_015,SUPPORTED,,0.23087310791015625,-1.3539047241210938,-4.739602034912991,-1.426840195875286,34.12789762442941,-266.0853507447569,163.24576694143798,2.4550031397466814,path_segment_001,SUPPORTED,,0.23087310791015625,-1.3539047241210938,-4.951408386230469,-1.349776268005371,-62.41993713378906,-24.767275094985962,164.7514282134603,2.545457633693221,path_segment_015,SUPPORTED,,SUPPORTED,
123,123,4100.0,VALID_TARGET,,1.0,755.2366409301758,358.5479545593262,751.2266960144043,359.84450912475586,SUPPORTED,742.1428571428571,375.71428571428567,672.1428571428571,258.57142857142856,140.00000000000003,234.28571428571425,SUPPORTED,translation_median_sparse_flow,0.0,0.0,350.0,0.00023930038150865585,,,SUPPORTED,partial_affine_ransac_sparse_flow,0.012306764848361986,-0.0023086762664642677,350.0,0.011271018253738385,0.999998008938405,1.0,-0.175994873046875,-0.015819549560546875,-0.175994873046875,-0.015819549560546875,-62.59593200683594,-24.78309464454651,174.86369071741012,0.08764337397026267,path_segment_015,SUPPORTED,,-0.175994873046875,-0.015819549560546875,-0.18504380896570183,-0.016472929116901014,33.94285381546371,-266.1018236738738,174.91283785946945,0.09214256693894815,path_segment_001,SUPPORTED,,-0.175994873046875,-0.015819549560546875,-0.175994873046875,-0.015819549560546875,-62.59593200683594,-24.78309464454651,174.86369071741012,0.08764337397026267,path_segment_015,SUPPORTED,,SUPPORTED,
124,124,4133.333333333334,VALID_TARGET,,1.0,750.7642440795898,359.5590057373047,750.7642440795898,359.5590057373047,SUPPORTED,743.0357142857142,374.82142857142856,672.1428571428571,256.7857142857143,141.7857142857143,236.07142857142856,SUPPORTED,translation_median_sparse_flow,0.0,0.0,350.0,0.0002494531509000808,,,SUPPORTED,partial_affine_ransac_sparse_flow,0.013759696427459419,-0.0019842720582303017,350.0,0.011912284624498226,0.9999961436103557,1.0,-0.4624519348144531,-0.2855033874511719,-0.4624519348144531,-0.2855033874511719,-63.05838394165039,-25.06859803199768,148.31011303448693,0.2695614475546341,path_segment_015,SUPPORTED,,-0.4624519348144531,-0.2855033874511719,-0.47122931250896727,-0.28648473471855596,33.47162450295474,-266.38830840859237,148.7024127055882,0.2735279444805804,path_segment_001,SUPPORTED,,-0.4624519348144531,-0.2855033874511719,-0.4624519348144531,-0.2855033874511719,-63.05838394165039,-25.06859803199768,148.31011303448693,0.2695614475546341,path_segment_015,SUPPORTED,,SUPPORTED,
125,125,4166.666666666667,VALID_TARGET,,1.0,749.0915584564209,361.0135841369629,750.7642440795898,358.64049530029297,SUPPORTED,743.9285714285714,373.92857142857144,672.1428571428571,255.0,143.5714285714286,237.85714285714283,SUPPORTED,translation_median_sparse_flow,5.692535400390625,-1.4708576202392578,350.0,0.3245506286621094,,,SUPPORTED,partial_affine_ransac_sparse_flow,7.0609622538126535,-1.780817060297674,244.0,0.9630523389835264,0.9965758258818032,0.6971428571428572,0.0,-0.9185104370117188,-5.692535400390625,0.5523471832275391,-68.75091934204102,-24.51625084877014,-174.45793484443504,2.836692413716921,path_segment_015,SUPPORTED,,0.0,-0.9185104370117188,-4.05071973470524,1.1772683985870458,29.4209047682495,-265.2110400100053,-163.79444974377358,2.092242465254738,path_segment_001,SUPPORTED,,0.0,-0.9185104370117188,-5.692535400390625,0.5523471832275391,-68.75091934204102,-24.51625084877014,-174.45793484443504,2.836692413716921,path_segment_015,SUPPORTED,,SUPPORTED,
126,126,4200.0,VALID_TARGET,,1.0,749.0142688751221,357.9849433898926,750.667049407959,357.9849433898926,SUPPORTED,744.8214285714286,373.0357142857143,672.1428571428571,253.21428571428572,145.3571428571429,239.6428571428571,SUPPORTED,translation_median_sparse_flow,-0.0001220703125,0.0,350.0,0.001818063436076045,,,SUPPORTED,partial_affine_ransac_sparse_flow,-0.05614860259514375,0.00474196369568053,350.0,0.04675465354129351,1.0000166035683395,1.0,-0.09719467163085938,-0.6555519104003906,-0.09707260131835938,-0.6555519104003906,-68.84799194335938,-25.171802759170532,98.42301776425073,0.3286916630440991,path_segment_015,SUPPORTED,,-0.09719467163085938,-0.6555519104003906,-0.06320165681188428,-0.6459627420240963,29.357703111437615,-265.8570027520294,95.58809173847187,0.32192000769867685,path_segment_001,SUPPORTED,,-0.09719467163085938,-0.6555519104003906,-0.09707260131835938,-0.6555519104003906,-68.84799194335938,-25.171802759170532,98.42301776425073,0.3286916630440991,path_segment_015,SUPPORTED,,SUPPORTED,
127,127,4233.333333333333,VALID_TARGET,,1.0,751.5476703643799,354.21822357177734,750.8703365325928,354.2272415161133,SUPPORTED,745.7142857142857,372.1428571428571,672.1428571428571,251.42857142857144,147.14285714285717,241.4285714285714,SUPPORTED,translation_median_sparse_flow,6.087436676025391,-0.27864837646484375,350.0,0.41728031635284424,,,SUPPORTED,partial_affine_ransac_sparse_flow,6.409793786337686,-0.5051906022661231,232.0,0.2664220179230319,0.9995179370657628,0.6628571428571428,0.20328712463378906,-3.757701873779297,-5.884149551391602,-3.479053497314453,-74.73214149475098,-28.650856256484985,149.4059365007015,3.390437557632989,path_segment_015,SUPPORTED,,0.20328712463378906,-3.757701873779297,-5.660050127592854,-3.4667497532675497,23.697652983844762,-269.32375250529697,148.51275846550698,3.292053681945702,path_segment_001,SUPPORTED,,0.20328712463378906,-3.757701873779297,-5.884149551391602,-3.479053497314453,-74.73214149475098,-28.650856256484985,149.4059365007015,3.390437557632989,path_segment_015,SUPPORTED,,SUPPORTED,
128,128,4266.666666666667,VALID_TARGET,,1.0,750.8783874511719,353.6146774291992,751.555721282959,353.6056594848633,SUPPORTED,746.6071428571429,371.25,672.1428571428571,249.64285714285714,148.92857142857144,243.2142857142857,SUPPORTED,translation_median_sparse_flow,0.0,0.0,350.0,0.0,,,SUPPORTED,partial_affine_ransac_sparse_flow,-0.00022496368557310846,0.0024980071716860447,350.0,0.005483703763968719,0.9999980748945854,1.0,0.6853847503662109,-0.62158203125,0.6853847503662109,-0.62158203125,-74.04675674438477,-29.272438287734985,42.20518779151227,0.45892117108499925,path_segment_015,SUPPORTED,,0.6853847503662109,-0.62158203125,0.6835069843007204,-0.6158766749911138,24.381159968145482,-269.9396291802881,42.02055825862676,0.45633262924137197,path_segment_001,SUPPORTED,,0.6853847503662109,-0.62158203125,0.6853847503662109,-0.62158203125,-74.04675674438477,-29.272438287734985,42.20518779151227,0.45892117108499925,path_segment_015,SUPPORTED,,SUPPORTED,
129,129,4300.0,VALID_TARGET,,1.0,754.9883308410645,351.41795349121094,754.8255462646484,353.6036262512207,SUPPORTED,747.5,370.35714285714283,672.1428571428571,247.85714285714286,150.71428571428572,244.99999999999997,SUPPORTED,translation_median_sparse_flow,6.595977783203125,-1.6719179153442383,350.0,0.4043877124786377,,,SUPPORTED,partial_affine_ransac_sparse_flow,8.000176099876894,-1.7722660287466518,247.0,0.9097599318386812,0.9961028167498625,0.7057142857142857,3.269824981689453,-0.002033233642578125,-3.326152801513672,1.6698846817016602,-77.37290954589844,-27.602553606033325,-153.34120296938187,1.845971050582379,path_segment_015,SUPPORTED,,3.269824981689453,-0.002033233642578125,-1.3981142024052815,2.292421772214368,22.9830457657402,-267.6472074080737,-121.37839868904217,1.3317935749449692,path_segment_001,SUPPORTED,,3.269824981689453,-0.002033233642578125,-3.326152801513672,1.6698846817016602,-77.37290954589844,-27.602553606033325,-153.34120296938187,1.845971050582379,path_segment_015,SUPPORTED,,SUPPORTED,
130,130,4333.333333333333,VALID_TARGET,,1.0,754.8799667358398,351.0345344543457,754.9883308410645,351.41850662231445,SUPPORTED,748.3928571428571,369.46428571428567,672.1428571428571,246.07142857142856,152.50000000000003,246.78571428571428,SUPPORTED,translation_median_sparse_flow,0.0,0.0,350.0,6.140544428490102e-05,,,SUPPORTED,partial_affine_ransac_sparse_flow,0.0002567493883697147,0.001214188252127235,350.0,0.0009323276175270531,0.9999978564696322,1.0,0.16278457641601562,-2.18511962890625,0.16278457641601562,-2.18511962890625,-77.21012496948242,-29.787673234939575,85.73951363296847,1.0867976032516469,path_segment_015,SUPPORTED,,0.16278457641601562,-2.18511962890625,0.16367562138736957,-2.184572141624983,23.14672138712757,-269.8317795496987,85.7152097258354,1.086559736736686,path_segment_001,SUPPORTED,,0.16278457641601562,-2.18511962890625,0.16278457641601562,-2.18511962890625,-77.21012496948242,-29.787673234939575,85.73951363296847,1.0867976032516469,path_segment_015,SUPPORTED,,SUPPORTED,
131,131,4366.666666666666,VALID_TARGET,,1.0,755.4362182617188,353.60927963256836,755.3494911193848,351.28027725219727,SUPPORTED,749.2857142857142,368.57142857142856,672.1428571428571,244.28571428571428,154.2857142857143,248.57142857142856,SUPPORTED,translation_median_sparse_flow,0.0,0.0,350.0,8.63167442730628e-05,,,SUPPORTED,partial_affine_ransac_sparse_flow,-0.0007007669781508247,0.0008191960884120364,350.0,0.0008566727599579379,0.9999995290672127,1.0,0.3611602783203125,-0.1382293701171875,0.3611602783203125,-0.1382293701171875,-76.84896469116211,-29.925902605056763,20.943693230794462,0.19180340586811645,path_segment_015,SUPPORTED,,0.3611602783203125,-0.1382293701171875,0.36139530822231336,-0.1371186139351721,23.508116695349884,-269.96889816363387,20.777470680343022,0.1917161557656201,path_segment_001,SUPPORTED,,0.3611602783203125,-0.1382293701171875,0.3611602783203125,-0.1382293701171875,-76.84896469116211,-29.925902605056763,20.943693230794462,0.19180340586811645,path_segment_015,SUPPORTED,,SUPPORTED,
132,132,4400.0,VALID_TARGET,,1.0,755.6744804382324,350.8456726074219,755.7894897460938,350.9564018249512,SUPPORTED,750.1785714285714,367.67857142857144,672.1428571428571,242.5,156.07142857142858,250.35714285714283,SUPPORTED,translation_median_sparse_flow,6.86688232421875,-0.52459716796875,349.0,0.6592024564743042,,,SUPPORTED,partial_affine_ransac_sparse_flow,7.422439140409151,-0.772812802000538,212.0,0.3678130605801475,0.9990401672816335,0.6074498567335244,0.4399986267089844,-0.32387542724609375,-6.426883697509766,0.20072174072265625,-83.27584838867188,-29.725180864334106,-178.21114367639734,3.189215093329672,path_segment_015,SUPPORTED,,0.4399986267089844,-0.32387542724609375,-6.066648900795826,0.3761640591933997,17.441467794554057,-269.59273410444047,-176.4519034917197,3.014767196780823,path_segment_001,SUPPORTED,,0.4399986267089844,-0.32387542724609375,-6.426883697509766,0.20072174072265625,-83.27584838867188,-29.725180864334106,-178.21114367639734,3.189215093329672,path_segment_015,SUPPORTED,,SUPPORTED,
133,133,4433.333333333334,VALID_TARGET,,1.0,756.0331001281738,350.9564018249512,756.1144371032715,350.80891036987305,SUPPORTED,751.0714285714286,366.7857142857143,672.1428571428571,240.71428571428572,157.8571428571429,252.1428571428571,SUPPORTED,translation_median_sparse_flow,0.0,0.0,350.0,0.000244140625,,,SUPPORTED,partial_affine_ransac_sparse_flow,0.038875119128872745,0.0008408149512698843,350.0,0.022900687525055412,0.9999622555367582,1.0,0.3249473571777344,-0.147491455078125,0.3249473571777344,-0.147491455078125,-82.95090103149414,-29.87267231941223,24.412983626010867,0.17699532105793686,path_segment_015,SUPPORTED,,0.3249473571777344,-0.147491455078125,0.32148572222092753,-0.149915650441244,17.762953516774985,-269.7426497548817,25.00064355514674,0.17593810836891205,path_segment_001,SUPPORTED,,0.3249473571777344,-0.147491455078125,0.3249473571777344,-0.147491455078125,-82.95090103149414,-29.87267231941223,24.412983626010867,0.17699532105793686,path_segment_015,SUPPORTED,,SUPPORTED,
134,134,4466.666666666667,VALID_TARGET,,1.0,757.5367431640625,345.43055725097656,757.5367431640625,345.43055725097656,SUPPORTED,751.9642857142857,365.8928571428571,672.1428571428571,238.92857142857142,159.64285714285717,253.92857142857142,SUPPORTED,translation_median_sparse_flow,6.978363037109375,-2.0092544555664062,347.0,0.31337428092956543,,,SUPPORTED,partial_affine_ransac_sparse_flow,7.959998655211747,-1.842881913145332,245.0,0.7081794468485574,0.9956268990444306,0.7060518731988472,1.4223060607910156,-5.378353118896484,-5.556056976318359,-3.369098663330078,-88.5069580078125,-33.24177098274231,148.76808830960246,3.2228035954848324,path_segment_015,SUPPORTED,,1.4223060607910156,-5.378353118896484,-2.634386231151666,-3.284665416024154,15.128567285623319,-273.02731517090587,128.73051073325627,2.0884015270544656,path_segment_001,SUPPORTED,,1.4223060607910156,-5.378353118896484,-5.556056976318359,-3.369098663330078,-88.5069580078125,-33.24177098274231,148.76808830960246,3.2228035954848324,path_segment_015,SUPPORTED,,SUPPORTED,
135,135,4500.0,VALID_TARGET,,1.0,757.9631996154785,343.43540954589844,757.9631996154785,343.5494689941406,SUPPORTED,752.8571428571429,365.0,672.1428571428571,237.14285714285714,161.42857142857144,255.7142857142857,SUPPORTED,translation_median_sparse_flow,1.9073486328125e-06,-7.534027099609375e-05,350.0,0.005290950648486614,,,SUPPORTED,partial_affine_ransac_sparse_flow,0.0015701375528435794,-0.0013994476223086636,350.0,0.005446632364519801,0.9999993297928679,1.0,0.4264564514160156,-1.8810882568359375,0.4264545440673828,-1.8810129165649414,-88.08050346374512,-35.12278389930725,77.22610319436943,0.9566374984165523,path_segment_015,SUPPORTED,,0.4264564514160156,-1.8810882568359375,0.4267858320040432,-1.8825095561125522,15.555353117627362,-274.9098247270184,77.22633545124019,0.9573977730883215,path_segment_001,SUPPORTED,,0.4264564514160156,-1.8810882568359375,0.4264545440673828,-1.8810129165649414,-88.08050346374512,-35.12278389930725,77.22610319436943,0.9566374984165523,path_segment_015,SUPPORTED,,SUPPORTED,
136,136,4533.333333333333,VALID_TARGET,,1.0,760.1037750244141,343.5025863647461,759.8376731872559,343.3885269165039,SUPPORTED,752.0918367346939,364.8979591836735,670.4081632653061,235.40816326530611,163.3673469387755,258.9795918367347,SUPPORTED,translation_median_sparse_flow,6.7886962890625,-1.0577926635742188,349.0,0.8298243880271912,,,SUPPORTED,partial_affine_ransac_sparse_flow,7.87887611543655,-0.7876223360522431,227.0,0.722140715256206,0.9955097042228234,0.6504297994269341,1.8744735717773438,-0.16094207763671875,-4.914222717285156,0.8968505859375,-92.99472618103027,-34.22593331336975,-169.65728711932698,2.477656554817251,path_segment_015,SUPPORTED,,1.8744735717773438,-0.16094207763671875,-1.9711873136596978,0.7833382679459078,13.584165803967664,-274.1264864590725,-158.32741755958526,1.052056904840648,path_segment_001,SUPPORTED,,1.8744735717773438,-0.16094207763671875,-4.914222717285156,0.8968505859375,-92.99472618103027,-34.22593331336975,-169.65728711932698,2.477656554817251,path_segment_015,SUPPORTED,,SUPPORTED,
137,137,4566.666666666666,VALID_TARGET,,1.0,759.8376731872559,342.6767997741699,760.1037750244141,342.6767997741699,SUPPORTED,751.3265306122448,364.7959183673469,668.6734693877551,233.6734693877551,165.3061224489796,262.2448979591837,SUPPORTED,translation_median_sparse_flow,0.0,0.0,350.0,0.0001220703125,,,SUPPORTED,partial_affine_ransac_sparse_flow,-0.007796193557286404,-0.004965764193763441,350.0,0.008326434760099605,1.0000098682174745,1.0,0.2661018371582031,-0.7117271423339844,0.2661018371582031,-0.7117271423339844,-92.72862434387207,-34.937660455703735,69.50014389542656,0.3768748528734827,path_segment_015,SUPPORTED,,0.2661018371582031,-0.7117271423339844,0.26901593075729124,-0.7159388593387348,13.853181734724956,-274.84242531841124,69.40615658751511,0.3793382104086134,path_segment_001,SUPPORTED,,0.2661018371582031,-0.7117271423339844,0.2661018371582031,-0.7117271423339844,-92.72862434387207,-34.937660455703735,69.50014389542656,0.3768748528734827,path_segment_015,SUPPORTED,,SUPPORTED,
138,138,4600.0,VALID_TARGET,,1.0,762.1450386047363,340.81238174438477,761.1822891235352,341.5411720275879,SUPPORTED,750.5612244897959,364.69387755102036,666.9387755102041,231.93877551020407,167.24489795918367,265.51020408163265,SUPPORTED,translation_median_sparse_flow,6.54443359375,-2.5740394592285156,348.0,1.0358405113220215,,,SUPPORTED,partial_affine_ransac_sparse_flow,7.143148119881304,-3.232365581524358,242.0,0.7868431149119237,0.998938760631087,0.6954022988505747,1.0785140991210938,-1.1356277465820312,-5.465919494628906,1.4384117126464844,-98.19454383850098,-33.49924874305725,-165.2563210353663,2.8033361604139073,path_segment_015,SUPPORTED,,1.0785140991210938,-1.1356277465820312,-4.558130433786232,0.9122502546068745,9.295051300938724,-273.93017506380437,-168.68252368543114,2.305613591556129,path_segment_001,SUPPORTED,,1.0785140991210938,-1.1356277465820312,-5.465919494628906,1.4384117126464844,-98.19454383850098,-33.49924874305725,-165.2563210353663,2.8033361604139073,path_segment_015,SUPPORTED,,SUPPORTED,
139,139,4633.333333333334,VALID_TARGET,,1.0,761.8780975341797,341.5411720275879,761.8780975341797,341.10773849487305,SUPPORTED,749.7959183673469,364.59183673469386,665.204081632653,230.20408163265307,169.18367346938777,268.7755102040816,SUPPORTED,translation_median_sparse_flow,3.814697265625e-05,0.0,350.0,0.0011580060236155987,,,SUPPORTED,partial_affine_ransac_sparse_flow,0.010770274480226055,-0.0015792612199200982,350.0,0.008247334165369175,0.9999972375988052,1.0,0.6958084106445312,-0.43343353271484375,0.695770263671875,-0.43343353271484375,-97.4987735748291,-33.932682275772095,31.921046880577848,0.40657780092989376,path_segment_015,SUPPORTED,,0.6958084106445312,-0.43343353271484375,0.6887549345934758,-0.43450808680137243,9.9838062355322,-274.36468315060574,32.24619698113772,0.4039127701523216,path_segment_001,SUPPORTED,,0.6958084106445312,-0.43343353271484375,0.695770263671875,-0.43343353271484375,-97.4987735748291,-33.932682275772095,31.921046880577848,0.40657780092989376,path_segment_015,SUPPORTED,,SUPPORTED,
140,140,4666.666666666667,VALID_TARGET,,1.0,760.9798240661621,340.2130699157715,762.1450386047363,340.55085372924805,SUPPORTED,749.030612244898,364.48979591836735,663.469387755102,228.46938775510205,171.12244897959184,272.0408163265306,SUPPORTED,translation_median_sparse_flow,6.103515625e-05,0.0,350.0,0.0013888266403228045,,,SUPPORTED,partial_affine_ransac_sparse_flow,0.011000636903275749,-0.0014331457083905637,350.0,0.00838896108842157,0.999996964292688,1.0,0.2669410705566406,-0.556884765625,0.2668800354003906,-0.556884765625,-97.23189353942871,-34.489567041397095,64.39451421252085,0.30628874088133506,path_segment_015,SUPPORTED,,0.2669410705566406,-0.556884765625,0.259991704367053,-0.5582989487263603,10.243797939899252,-274.9229820993321,65.02928897897847,0.305463490053369,path_segment_001,SUPPORTED,,0.2669410705566406,-0.556884765625,0.2668800354003906,-0.556884765625,-97.23189353942871,-34.489567041397095,64.39451421252085,0.30628874088133506,path_segment_015,SUPPORTED,,SUPPORTED,
141,141,4700.0,VALID_TARGET,,1.0,763.056526184082,340.7298011779785,762.9871673583984,340.2669258117676,SUPPORTED,748.2653061224489,364.38775510204084,661.734693877551,226.73469387755102,173.06122448979593,275.3061224489796,SUPPORTED,translation_median_sparse_flow,6.537956237792969,-1.4915771484375,349.0,1.1737149953842163,,,SUPPORTED,partial_affine_ransac_sparse_flow,7.889648048310082,-2.066930219056814,261.0,1.0823533758590427,0.996974298344115,0.7478510028653295,0.8421287536621094,-0.28392791748046875,-5.695827484130859,1.2076492309570312,-102.92772102355957,-33.28191781044006,-168.02922555280003,2.8878662172431566,path_segment_015,SUPPORTED,,0.8421287536621094,-0.28392791748046875,-3.8596058377830786,0.8466000924732953,6.384192102116174,-274.0763820068588,-167.62817226001914,1.9598320860802971,path_segment_001,SUPPORTED,,0.8421287536621094,-0.28392791748046875,-5.695827484130859,1.2076492309570312,-102.92772102355957,-33.28191781044006,-168.02922555280003,2.8878662172431566,path_segment_015,SUPPORTED,,SUPPORTED,
142,142,4733.333333333333,VALID_TARGET,,1.0,763.4104652404785,339.8362922668457,763.4798240661621,339.6660270690918,SUPPORTED,747.5,364.2857142857143,660.0,225.0,175.0,278.57142857142856,SUPPORTED,translation_median_sparse_flow,0.0,0.0,350.0,0.000306605885270983,,,SUPPORTED,partial_affine_ransac_sparse_flow,-0.0010362507629809257,-0.007925806402425151,350.0,0.007728711482423371,0.9999991776835201,1.0,0.4926567077636719,-0.6008987426757812,0.4926567077636719,-0.6008987426757812,-102.4350643157959,-33.882816553115845,50.65282368371387,0.3854025627651276,path_segment_015,SUPPORTED,,0.4926567077636719,-0.6008987426757812,0.4953000191085266,-0.5948897947666865,6.8794921212247,-274.6712718016255,50.21953186621056,0.38393999719212685,path_segment_001,SUPPORTED,,0.4926567077636719,-0.6008987426757812,0.4926567077636719,-0.6008987426757812,-102.4350643157959,-33.882816553115845,50.65282368371387,0.3854025627651276,path_segment_015,SUPPORTED,,SUPPORTED,
143,143,4766.666666666667,VALID_TARGET,,1.0,763.8633918762207,335.98218154907227,763.7074012756348,337.60143280029297,SUPPORTED,746.7346938775511,364.1836734693877,658.265306122449,223.26530612244898,176.93877551020407,281.83673469387753,SUPPORTED,translation_median_sparse_flow,6.966705322265625,-2.943178176879883,348.0,0.7960166931152344,,,SUPPORTED,partial_affine_ransac_sparse_flow,7.831333529521363,-3.6936489796634797,293.0,1.0520897098290627,0.99746708387044,0.8419540229885057,0.22757720947265625,-2.064594268798828,-6.739128112792969,0.8785839080810547,-109.17419242858887,-33.00423264503479,-172.5722101693996,3.37081643869201,path_segment_015,SUPPORTED,,0.22757720947265625,-2.064594268798828,-4.675232624519936,0.262370948962257,2.204259496704765,-274.40890085266324,-176.787968059687,2.3225105449926997,path_segment_001,SUPPORTED,,0.22757720947265625,-2.064594268798828,-6.739128112792969,0.8785839080810547,-109.17419242858887,-33.00423264503479,-172.5722101693996,3.37081643869201,path_segment_015,SUPPORTED,,SUPPORTED,
144,144,4800.0,VALID_TARGET,,1.0,763.8093185424805,337.60143280029297,763.9653091430664,335.98218154907227,SUPPORTED,745.969387755102,364.0816326530612,656.530612244898,221.53061224489795,178.87755102040816,285.1020408163265,SUPPORTED,translation_median_sparse_flow,0.002166748046875,-6.103515625e-05,350.0,0.08305250108242035,,,SUPPORTED,partial_affine_ransac_sparse_flow,0.20141969669861934,-0.0119855098659994,350.0,0.1050094121574103,0.9998832911248914,1.0,0.2579078674316406,-1.6192512512207031,0.2557411193847656,-1.6191902160644531,-108.9184513092041,-34.62342286109924,81.02462847189655,0.813055295740184,path_segment_015,SUPPORTED,,0.2579078674316406,-1.6192512512207031,0.17831398759301464,-1.6418148024611128,2.3825734842977795,-276.05071565512435,83.80152368987248,0.8191100219196537,path_segment_001,SUPPORTED,,0.2579078674316406,-1.6192512512207031,0.2557411193847656,-1.6191902160644531,-108.9184513092041,-34.62342286109924,81.02462847189655,0.813055295740184,path_segment_015,SUPPORTED,,SUPPORTED,
145,145,4833.333333333333,VALID_TARGET,,1.0,766.3320655822754,332.47082901000977,765.6363868713379,332.47082901000977,SUPPORTED,745.2040816326531,363.9795918367347,654.795918367347,219.79591836734693,180.81632653061223,288.36734693877554,SUPPORTED,translation_median_sparse_flow,7.834564208984375,-1.9950294494628906,350.0,1.2472825050354004,,,SUPPORTED,partial_affine_ransac_sparse_flow,8.83497835016858,-2.5419103397377816,262.0,0.8963410340660226,0.9967875911109105,0.7485714285714286,1.6710777282714844,-3.5113525390625,-6.163486480712891,-1.5163230895996094,-115.08193778991699,-36.13974595069885,166.1787364536354,3.1481719746977737,path_segment_015,SUPPORTED,,1.6710777282714844,-3.5113525390625,-3.5167049059494957,-2.5898598208144676,-1.1341314216517162,-278.6405754759388,143.63039637982706,2.1662034349901496,path_segment_001,SUPPORTED,,1.6710777282714844,-3.5113525390625,-6.163486480712891,-1.5163230895996094,-115.08193778991699,-36.13974595069885,166.1787364536354,3.1481719746977737,path_segment_015,SUPPORTED,,SUPPORTED,
146,146,4866.666666666666,VALID_TARGET,,1.0,765.6363868713379,331.6805229187012,766.3320655822754,331.6805229187012,SUPPORTED,744.4387755102041,363.8775510204082,653.0612244897959,218.06122448979593,182.75510204081633,291.6326530612245,SUPPORTED,translation_median_sparse_flow,-0.221343994140625,0.0,350.0,0.16828829050064087,,,SUPPORTED,partial_affine_ransac_sparse_flow,-0.2968539161735553,0.019795900210274976,350.0,0.11231729442146454,1.0001463758448923,1.0,0.6956787109375,-0.7903060913085938,0.917022705078125,-0.7903060913085938,-114.16491508483887,-36.930052042007446,40.75533434842299,0.6004359739424006,path_segment_015,SUPPORTED,,0.6956787109375,-0.7903060913085938,0.8379727737153644,-0.7609036062079326,-0.2961586479363518,-279.40147908214675,42.24036020404461,0.5614039934590909,path_segment_001,SUPPORTED,,0.6956787109375,-0.7903060913085938,0.917022705078125,-0.7903060913085938,-114.16491508483887,-36.930052042007446,40.75533434842299,0.6004359739424006,path_segment_015,SUPPORTED,,SUPPORTED,
147,147,4900.0,VALID_TARGET,,1.0,768.7622871398926,326.91068267822266,768.5383529663086,327.0143127441406,SUPPORTED,743.6734693877552,363.7755102040817,651.3265306122449,216.3265306122449,184.6938775510204,294.8979591836735,SUPPORTED,translation_median_sparse_flow,8.093482971191406,-3.712810516357422,346.0,1.151956558227539,,,SUPPORTED,partial_affine_ransac_sparse_flow,9.417120807730065,-4.1657881402833725,242.0,0.8500272769551255,0.996567905420201,0.6994219653179191,2.206287384033203,-4.666210174560547,-5.887195587158203,-0.953399658203125,-120.05211067199707,-37.88345170021057,170.80111869894117,2.9580236986402015,path_segment_015,SUPPORTED,,2.206287384033203,-4.666210174560547,-3.5281096461238803,-1.7834992322143535,-3.824268294060232,-281.1849783143611,153.18288754083255,1.96078195749693,path_segment_001,SUPPORTED,,2.206287384033203,-4.666210174560547,-5.887195587158203,-0.953399658203125,-120.05211067199707,-37.88345170021057,170.80111869894117,2.9580236986402015,path_segment_015,SUPPORTED,,SUPPORTED,
148,148,4933.333333333334,VALID_TARGET,,1.0,768.5383529663086,327.0143127441406,768.6351356506348,326.91068267822266,SUPPORTED,742.9081632653061,363.6734693877551,649.5918367346939,214.59183673469389,186.6326530612245,298.16326530612247,SUPPORTED,translation_median_sparse_flow,6.103515625e-05,0.0,350.0,0.0003286843711975962,,,SUPPORTED,partial_affine_ransac_sparse_flow,0.05623035938300585,-0.0009387204215667773,350.0,0.032094365154686055,0.9999590695495377,1.0,0.09678268432617188,-0.10363006591796875,0.09672164916992188,-0.10363006591796875,-119.95538902282715,-37.98708176612854,46.97485886493398,0.07030848826405277,path_segment_015,SUPPORTED,,0.09678268432617188,-0.10363006591796875,0.08057114885139072,-0.1094283807260581,-3.7436971452088414,-281.29440669508716,53.63611268599074,0.06740023017338061,path_segment_001,SUPPORTED,,0.09678268432617188,-0.10363006591796875,0.09672164916992188,-0.10363006591796875,-119.95538902282715,-37.98708176612854,46.97485886493398,0.07030848826405277,path_segment_015,SUPPORTED,,SUPPORTED,
149,149,4966.666666666667,VALID_TARGET,,1.0,769.1595802307129,326.6390075683594,768.9179420471191,326.6390075683594,SUPPORTED,742.1428571428571,363.57142857142856,647.8571428571429,212.85714285714286,188.57142857142856,301.42857142857144,SUPPORTED,translation_median_sparse_flow,6.103515625e-05,0.0,350.0,0.00033218885073438287,,,SUPPORTED,partial_affine_ransac_sparse_flow,0.057296880988258095,-0.0012648797886617934,350.0,0.03224458512666801,0.9999579801811086,1.0,0.282806396484375,-0.27167510986328125,0.282745361328125,-0.27167510986328125,-119.67264366149902,-38.25875687599182,43.8561129206859,0.19448337493305903,path_segment_015,SUPPORTED,,0.282806396484375,-0.27167510986328125,0.2665690553458262,-0.27727315532195007,-3.4771280898630152,-281.5716798504091,46.12757075855141,0.19077158390802834,path_segment_001,SUPPORTED,,0.282806396484375,-0.27167510986328125,0.282745361328125,-0.27167510986328125,-119.67264366149902,-38.25875687599182,43.8561129206859,0.19448337493305903,path_segment_015,SUPPORTED,,SUPPORTED,
150,150,5000.0,VALID_TARGET,,1.0,769.1105880737305,323.29570388793945,768.720287322998,323.70669174194336,SUPPORTED,741.0869565217391,359.9378881987578,648.3540372670808,211.73913043478262,185.46583850931674,296.3975155279503,SUPPORTED,translation_median_sparse_flow,7.433734893798828,-2.905942916870117,348.0,1.729851484298706,,,SUPPORTED,partial_affine_ransac_sparse_flow,8.731324781831463,-3.428005053538908,230.0,0.7871889097806763,0.9976372699380737,0.6609195402298851,-0.19765472412109375,-2.9323158264160156,-7.631389617919922,-0.026372909545898438,-127.30403327941895,-38.28512978553772,179.80199538082775,3.7851045984387564,path_segment_015,SUPPORTED,,-0.19765472412109375,-2.9323158264160156,-6.551698872401971,-0.04892634848175703,-10.028826962264986,-281.62060619889087,179.5721382772277,3.249658339274793,path_segment_001,SUPPORTED,,-0.19765472412109375,-2.9323158264160156,-7.631389617919922,-0.026372909545898438,-127.30403327941895,-38.28512978553772,179.80199538082775,3.7851045984387564,path_segment_015,SUPPORTED,,SUPPORTED,
151,151,5033.333333333333,VALID_TARGET,,1.0,768.4784355163574,323.70669174194336,768.8932571411133,323.29570388793945,SUPPORTED,740.0310559006211,356.304347826087,648.8509316770187,210.62111801242236,182.36024844720495,291.3664596273292,SUPPORTED,translation_median_sparse_flow,0.0,0.0,350.0,0.00032185050076805055,,,SUPPORTED,partial_affine_ransac_sparse_flow,-0.006619470512323035,0.0003762405453620058,350.0,0.006736307406417684,1.0000003599166765,1.0,0.17296981811523438,-0.41098785400390625,0.17296981811523438,-0.41098785400390625,-127.13106346130371,-38.696117639541626,67.17554732400461,0.22116283905371847,path_segment_015,SUPPORTED,,0.17296981811523438,-0.41098785400390625,0.17625982681511232,-0.4042309220710081,-9.852567135449874,-282.0248371209619,66.44099459559362,0.2187248646279251,path_segment_001,SUPPORTED,,0.17296981811523438,-0.41098785400390625,0.17296981811523438,-0.41098785400390625,-127.13106346130371,-38.696117639541626,67.17554732400461,0.22116283905371847,path_segment_015,SUPPORTED,,SUPPORTED,
152,152,5066.666666666666,VALID_TARGET,,1.0,768.7175750732422,317.645076751709,769.0677757263184,321.8468017578125,SUPPORTED,738.975155279503,352.67080745341616,649.3478260869565,209.50310559006212,179.25465838509314,286.3354037267081,SUPPORTED,translation_median_sparse_flow,6.7161865234375,-5.258171081542969,349.0,1.821997880935669,,,SUPPORTED,partial_affine_ransac_sparse_flow,8.231955975632415,-5.901918661944214,242.0,1.0770268620760084,0.9967199835745728,0.6934097421203438,0.17451858520507812,-1.4489021301269531,-6.541667938232422,3.8092689514160156,-133.67273139953613,-34.88684868812561,-149.78739246682392,3.7546023042585404,path_segment_015,SUPPORTED,,0.17451858520507812,-1.4489021301269531,-4.588490714114755,3.270467237182288,-14.44105784956463,-278.7543698837796,-144.52045856550274,2.794762570563132,path_segment_001,SUPPORTED,,0.17451858520507812,-1.4489021301269531,-6.541667938232422,3.8092689514160156,-133.67273139953613,-34.88684868812561,-149.78739246682392,3.7546023042585404,path_segment_015,SUPPORTED,,SUPPORTED,
153,153,5100.0,VALID_TARGET,,1.0,769.4540977478027,321.8468017578125,768.7175750732422,317.645076751709,SUPPORTED,737.9192546583851,349.0372670807453,649.8447204968944,208.38509316770185,176.14906832298135,281.304347826087,SUPPORTED,translation_median_sparse_flow,0.0,0.0,350.0,0.0,,,SUPPORTED,partial_affine_ransac_sparse_flow,-0.0004616970595947759,-0.00020582294524561554,350.0,0.0009168708330565239,1.0000018238400503,1.0,-0.3502006530761719,-4.201725006103516,-0.3502006530761719,-4.201725006103516,-134.0229320526123,-39.088573694229126,94.76441227629792,2.0912335241730107,path_segment_015,SUPPORTED,,-0.3502006530761719,-4.201725006103516,-0.3512939971307105,-4.201742050204814,-14.79235184669534,-282.9561119339844,94.77919892026203,2.091287059966615,path_segment_001,SUPPORTED,,-0.3502006530761719,-4.201725006103516,-0.3502006530761719,-4.201725006103516,-134.0229320526123,-39.088573694229126,94.76441227629792,2.0912335241730107,path_segment_015,SUPPORTED,,SUPPORTED,
154,154,5133.333333333334,VALID_TARGET,,1.0,770.2123260498047,312.91608810424805,768.8920936584473,313.9393768310547,SUPPORTED,736.8633540372671,345.40372670807454,650.3416149068323,207.26708074534162,173.04347826086953,276.27329192546586,SUPPORTED,translation_median_sparse_flow,5.038200378417969,-4.893039703369141,346.0,1.564009428024292,,,SUPPORTED,partial_affine_ransac_sparse_flow,6.575189598474485,-5.693475416106239,230.0,1.118883750239244,0.9969865229707419,0.6647398843930635,0.17451858520507812,-3.705699920654297,-4.863681793212891,1.1873397827148438,-138.8866138458252,-37.90123391151428,-166.28107645449617,2.483173399940575,path_segment_015,SUPPORTED,,0.17451858520507812,-3.705699920654297,-3.2795909117613746,1.0048618449759488,-18.071942758456714,-281.95125008900845,-162.96501239557833,1.7012815513199298,path_segment_001,SUPPORTED,,0.17451858520507812,-3.705699920654297,-4.863681793212891,1.1873397827148438,-138.8866138458252,-37.90123391151428,-166.28107645449617,2.483173399940575,path_segment_015,SUPPORTED,,SUPPORTED,
155,155,5166.666666666667,VALID_TARGET,,1.0,767.8234786987305,313.84868240356445,768.8902015686035,313.6858940124512,SUPPORTED,735.8074534161491,341.77018633540376,650.8385093167702,206.14906832298138,169.93788819875775,271.2422360248447,SUPPORTED,translation_median_sparse_flow,0.0,0.0,350.0,0.00034497701562941074,,,SUPPORTED,partial_affine_ransac_sparse_flow,-0.0019556576140811587,-0.001782507516608532,350.0,0.003864213944922288,0.9999984162016069,1.0,-0.00189208984375,-0.2534828186035156,-0.00189208984375,-0.2534828186035156,-138.88850593566895,-38.1547167301178,90.42766902219724,0.12572808224191925,path_segment_015,SUPPORTED,,-0.00189208984375,-0.2534828186035156,0.000985270073670108,-0.2504779720331385,-18.070957488383044,-282.2017280610416,89.77462478920324,0.1242351713876622,path_segment_001,SUPPORTED,,-0.00189208984375,-0.2534828186035156,-0.00189208984375,-0.2534828186035156,-138.88850593566895,-38.1547167301178,90.42766902219724,0.12572808224191925,path_segment_015,SUPPORTED,,SUPPORTED,
156,156,5200.0,VALID_TARGET,,1.0,769.4064750671387,313.7765884399414,768.5852279663086,312.91608810424805,SUPPORTED,734.7515527950311,338.1366459627329,651.3354037267081,205.0310559006211,166.83229813664593,266.2111801242236,SUPPORTED,translation_median_sparse_flow,0.0,0.0,350.0,0.00032101606484502554,,,SUPPORTED,partial_affine_ransac_sparse_flow,-0.0015537543116893268,0.0017618936935102313,350.0,0.003588029681641096,0.9999958752928625,1.0,-0.3049736022949219,-0.769805908203125,-0.3049736022949219,-0.769805908203125,-139.19347953796387,-38.92452263832092,111.6119591334756,0.4106863304575245,path_segment_015,SUPPORTED,,-0.3049736022949219,-0.769805908203125,-0.3016989948278024,-0.766718297602722,-18.372656483210847,-282.9684463586443,111.47933647341226,0.40866545379354635,path_segment_001,SUPPORTED,,-0.3049736022949219,-0.769805908203125,-0.3049736022949219,-0.769805908203125,-139.19347953796387,-38.92452263832092,111.6119591334756,0.4106863304575245,path_segment_015,SUPPORTED,,SUPPORTED,
157,157,5233.333333333333,VALID_TARGET,,1.0,766.8582420349121,308.76502227783203,767.5245819091797,309.9003372192383,SUPPORTED,733.6956521739131,334.5031055900621,651.832298136646,203.91304347826087,163.72670807453414,261.1801242236025,SUPPORTED,translation_median_sparse_flow,3.5939369201660156,-7.185321807861328,342.0,1.265016794204712,,,SUPPORTED,partial_affine_ransac_sparse_flow,4.474696354657718,-7.528934941681498,257.0,0.9463376193934677,0.9978104802442869,0.7514619883040936,-1.0606460571289062,-3.0157508850097656,-4.654582977294922,4.1695709228515625,-143.8480625152588,-34.75495171546936,-138.14604782135726,3.0994509404616686,path_segment_015,SUPPORTED,,-1.0606460571289062,-3.0157508850097656,-3.387695529072971,4.05906634779933,-21.760352012283818,-278.909380010845,-129.84836500586366,2.6222977239986127,path_segment_001,SUPPORTED,,-1.0606460571289062,-3.0157508850097656,-4.654582977294922,4.1695709228515625,-143.8480625152588,-34.75495171546936,-138.14604782135726,3.0994509404616686,path_segment_015,SUPPORTED,,SUPPORTED,
158,158,5266.666666666667,VALID_TARGET,,1.0,768.1228828430176,309.9003372192383,766.8582420349121,308.76502227783203,SUPPORTED,732.639751552795,330.86956521739125,652.3291925465838,202.7950310559006,160.62111801242233,256.14906832298135,SUPPORTED,translation_median_sparse_flow,0.0,0.0,350.0,8.89347429620102e-05,,,SUPPORTED,partial_affine_ransac_sparse_flow,-0.0014432020538908547,0.0004478654324052095,350.0,0.004358417690669202,0.9999946040359493,1.0,-0.6663398742675781,-1.13531494140625,-0.6663398742675781,-1.13531494140625,-144.51440238952637,-35.89026665687561,120.40955600395476,0.6529268624658094,path_segment_015,SUPPORTED,,-0.6663398742675781,-1.13531494140625,-0.661590428422528,-1.1320218369121449,-22.421942440706346,-280.04140184775713,120.30340603698767,0.6503269486299652,path_segment_001,SUPPORTED,,-0.6663398742675781,-1.13531494140625,-0.6663398742675781,-1.13531494140625,-144.51440238952637,-35.89026665687561,120.40955600395476,0.6529268624658094,path_segment_015,SUPPORTED,,SUPPORTED,
159,159,5300.0,VALID_TARGET,,1.0,763.0848922729492,303.91202545166016,764.0149383544922,304.0508689880371,SUPPORTED,731.583850931677,327.23602484472053,652.8260869565217,201.67701863354037,157.51552795031054,251.11801242236027,SUPPORTED,translation_median_sparse_flow,1.9398231506347656,-6.718715667724609,349.0,0.8447924852371216,,,SUPPORTED,partial_affine_ransac_sparse_flow,2.698557057490798,-6.9345459097944655,271.0,0.8908637967566222,0.9977756747236449,0.7765042979942693,-2.843303680419922,-4.714153289794922,-4.7831268310546875,2.0045623779296875,-149.29752922058105,-33.88570427894592,-157.26191173462522,2.572291224893825,path_segment_015,SUPPORTED,,-2.843303680419922,-4.714153289794922,-3.485873762202459,2.038730922474201,-25.907816202908805,-278.0026709252829,-149.67855317630918,2.002942814373096,path_segment_001,SUPPORTED,,-2.843303680419922,-4.714153289794922,-4.7831268310546875,2.0045623779296875,-149.29752922058105,-33.88570427894592,-157.26191173462522,2.572291224893825,path_segment_015,SUPPORTED,,SUPPORTED,
160,160,5333.333333333333,VALID_TARGET,,1.0,764.0149383544922,304.0181465148926,763.0848922729492,303.8793029785156,SUPPORTED,730.527950310559,323.6024844720497,653.3229813664597,200.55900621118013,154.40993788819873,246.08695652173913,SUPPORTED,translation_median_sparse_flow,0.0,0.0,350.0,0.0003033167158719152,,,SUPPORTED,partial_affine_ransac_sparse_flow,-0.0020732535669507344,-0.002367127408761279,350.0,0.009593290455703321,0.9999905651183472,1.0,-0.9300460815429688,-0.17156600952148438,-0.9300460815429688,-0.17156600952148438,-150.22757530212402,-34.05727028846741,169.54812213193628,0.46907529898215233,path_segment_015,SUPPORTED,,-0.9300460815429688,-0.17156600952148438,-0.9216052595462543,-0.1642173831816649,-26.82942146245506,-278.1668883084646,169.8967170089127,0.4643055979958239,path_segment_001,SUPPORTED,,-0.9300460815429688,-0.17156600952148438,-0.9300460815429688,-0.17156600952148438,-150.22757530212402,-34.05727028846741,169.54812213193628,0.46907529898215233,path_segment_015,SUPPORTED,,SUPPORTED,
161,161,5366.666666666666,VALID_TARGET,,1.0,757.003002166748,297.87893295288086,759.3302764892578,298.22071075439453,SUPPORTED,729.4720496894411,319.96894409937886,653.8198757763976,199.44099378881987,151.30434782608694,241.055900621118,SUPPORTED,translation_median_sparse_flow,0.1200103759765625,-8.911529541015625,339.0,0.4599975347518921,,,SUPPORTED,partial_affine_ransac_sparse_flow,0.5315972222762788,-9.185601354588453,246.0,0.5341636699880719,0.9990246125649976,0.7256637168141593,-3.7546157836914062,-5.658592224121094,-3.8746261596679688,3.2529373168945312,-154.102201461792,-30.804332971572876,-139.98490483566667,2.509247729494948,path_segment_015,SUPPORTED,,-3.7546157836914062,-5.658592224121094,-3.2941677407870884,3.202030569649253,-30.123589203242148,-274.96485773881534,-135.8125855840329,2.2785555423372994,path_segment_001,SUPPORTED,,-3.7546157836914062,-5.658592224121094,-3.8746261596679688,3.2529373168945312,-154.102201461792,-30.804332971572876,-139.98490483566667,2.509247729494948,path_segment_015,SUPPORTED,,SUPPORTED,
162,162,5400.0,VALID_TARGET,,1.0,759.3302764892578,298.22071075439453,757.003002166748,297.87893295288086,SUPPORTED,728.4161490683231,316.3354037267081,654.3167701863355,198.32298136645963,148.19875776397512,236.0248447204969,SUPPORTED,translation_median_sparse_flow,0.0,0.0,350.0,0.0001201629638671875,,,SUPPORTED,partial_affine_ransac_sparse_flow,0.001034535116942802,0.004070545093176329,350.0,0.0031807093246811247,0.999998103313194,1.0,-2.3272743225097656,-0.3417778015136719,-2.3272743225097656,-0.3417778015136719,-156.42947578430176,-31.146110773086548,171.64540229725637,1.1666825450068903,path_segment_015,SUPPORTED,,-2.3272743225097656,-0.3417778015136719,-2.328769295258894,-0.3404432321439117,-32.45235849850104,-275.30530097095925,171.6828353012188,1.167320236702598,path_segment_001,SUPPORTED,,-2.3272743225097656,-0.3417778015136719,-2.3272743225097656,-0.3417778015136719,-156.42947578430176,-31.146110773086548,171.64540229725637,1.1666825450068903,path_segment_015,SUPPORTED,,SUPPORTED,
163,163,5433.333333333334,VALID_TARGET,,1.0,746.9323310852051,288.23492431640625,752.9328384399414,289.58093643188477,SUPPORTED,727.3602484472051,312.7018633540373,654.8136645962734,197.2049689440994,145.0931677018633,230.99378881987576,SUPPORTED,translation_median_sparse_flow,-1.895660400390625,-8.248161315917969,337.0,0.4217821955680847,,,SUPPORTED,partial_affine_ransac_sparse_flow,-1.285018406454113,-8.361047445558656,275.0,0.8574237494689274,0.9979960326965384,0.8160237388724035,-4.070163726806641,-8.297996520996094,-2.1745033264160156,-0.049835205078125,-158.60397911071777,-31.195945978164673,178.68712678565444,1.0788119899680375,path_segment_015,SUPPORTED,,-4.070163726806641,-8.297996520996094,-1.0452261080027938,0.09412918668732573,-33.497584606503835,-275.2111717842719,-174.85403612814,0.5205181827626583,path_segment_001,SUPPORTED,,-4.070163726806641,-8.297996520996094,-2.1745033264160156,-0.049835205078125,-158.60397911071777,-31.195945978164673,178.68712678565444,1.0788119899680375,path_segment_015,SUPPORTED,,SUPPORTED,
164,164,5466.666666666667,VALID_TARGET,,1.0,747.3694000244141,288.04097747802734,747.3694000244141,288.4543342590332,SUPPORTED,726.304347826087,309.06832298136646,655.3105590062112,196.08695652173913,141.98757763975152,225.96273291925465,SUPPORTED,translation_median_sparse_flow,0.0,0.0,350.0,0.0001939853245858103,,,SUPPORTED,partial_affine_ransac_sparse_flow,0.0007620919521916878,0.002102631592306255,350.0,0.004645458267035902,0.9999915077219331,1.0,-5.563438415527344,-1.1266021728515625,-5.563438415527344,-1.1266021728515625,-164.16741752624512,-32.322548151016235,168.55234543014865,2.8154103843510163,path_segment_015,SUPPORTED,,-5.563438415527344,-1.1266021728515625,-5.559276178717255,-1.1224240156552696,-39.05686078522109,-276.3335957999272,168.58536994054035,2.812976200087712,path_segment_001,SUPPORTED,,-5.563438415527344,-1.1266021728515625,-5.563438415527344,-1.1266021728515625,-164.16741752624512,-32.322548151016235,168.55234543014865,2.8154103843510163,path_segment_015,SUPPORTED,,SUPPORTED,
165,165,5500.0,VALID_TARGET,,1.0,752.9328384399414,289.58093643188477,746.9323310852051,287.8215675354004,SUPPORTED,725.2484472049689,305.4347826086956,655.8074534161491,194.9689440993789,138.88198757763973,220.93167701863354,SUPPORTED,translation_median_sparse_flow,0.0,0.0,350.0,0.00031294047948904335,,,SUPPORTED,partial_affine_ransac_sparse_flow,0.012944105135513376,-0.01573902292277489,350.0,0.019277974959907088,0.9999782921751249,1.0,-0.4370689392089844,-0.6327667236328125,-0.4370689392089844,-0.6327667236328125,-164.6044864654541,-32.95531487464905,124.6338774912332,0.38143519625612077,path_segment_015,SUPPORTED,,-0.4370689392089844,-0.6327667236328125,-0.431616274816065,-0.6163960597191362,-39.488477060037155,-276.94999185964633,125.00069278070086,0.3732249569080987,path_segment_001,SUPPORTED,,-0.4370689392089844,-0.6327667236328125,-0.4370689392089844,-0.6327667236328125,-164.6044864654541,-32.95531487464905,124.6338774912332,0.38143519625612077,path_segment_015,SUPPORTED,,SUPPORTED,
166,166,5533.333333333333,VALID_TARGET,,1.0,738.3872947692871,279.1407699584961,742.8751106262207,279.1407699584961,SUPPORTED,724.1925465838509,301.80124223602485,656.304347826087,193.85093167701862,135.77639751552792,215.90062111801242,SUPPORTED,translation_median_sparse_flow,-4.10760498046875,-9.819351196289062,333.0,0.5165249705314636,,,SUPPORTED,partial_affine_ransac_sparse_flow,-3.3766491681420114,-9.702720516852489,265.0,0.8326657074514099,0.9978957794411876,0.7957957957957958,-4.057220458984375,-8.680797576904297,0.050384521484375,1.1385536193847656,-164.55410194396973,-31.816761255264282,-87.46613761471305,0.5652622526494048,path_segment_015,SUPPORTED,,-4.057220458984375,-8.680797576904297,0.9424276464545756,1.4944982616278253,-38.54604941358258,-275.4554935980185,-57.76455022793548,0.876328415505734,path_segment_001,SUPPORTED,,-4.057220458984375,-8.680797576904297,0.050384521484375,1.1385536193847656,-164.55410194396973,-31.816761255264282,-87.46613761471305,0.5652622526494048,path_segment_015,SUPPORTED,,SUPPORTED,
167,167,5566.666666666666,VALID_TARGET,,1.0,742.2060737609863,277.6806411743164,742.2060737609863,277.6806411743164,SUPPORTED,723.1366459627329,298.167701863354,656.8012422360249,192.73291925465838,132.6708074534161,210.86956521739128,SUPPORTED,translation_median_sparse_flow,0.0,-0.000102996826171875,350.0,0.0034745086450129747,,,SUPPORTED,partial_affine_ransac_sparse_flow,0.0013024993512909596,-0.01664077656597069,350.0,0.02459605877564525,1.0000142862039105,1.0,-0.669036865234375,-1.4601287841796875,-0.669036865234375,-1.4600257873535156,-165.2231388092041,-33.2767870426178,114.61897180878002,0.7965653008161512,path_segment_015,SUPPORTED,,-0.669036865234375,-1.4601287841796875,-0.6819524267529005,-1.4448140391506286,-39.22800184033548,-276.90030763716913,115.26731699542724,0.7924256323888854,path_segment_001,SUPPORTED,,-0.669036865234375,-1.4601287841796875,-0.669036865234375,-1.4600257873535156,-165.2231388092041,-33.2767870426178,114.61897180878002,0.7965653008161512,path_segment_015,SUPPORTED,,SUPPORTED,
168,168,5600.0,VALID_TARGET,,1.0,736.932315826416,272.2952194213867,734.3254241943359,272.5792999267578,SUPPORTED,722.0807453416149,294.53416149068323,657.2981366459628,191.61490683229812,129.56521739130432,205.83850931677017,SUPPORTED,translation_median_sparse_flow,-6.348223686218262,-8.222282409667969,338.0,0.5772241353988647,,,SUPPORTED,partial_affine_ransac_sparse_flow,-5.999604192158188,-8.249994186936274,258.0,0.5466460132722585,0.9991878429541169,0.7633136094674556,-7.880649566650391,-5.101341247558594,-1.532425880432129,3.120941162109375,-166.75556468963623,-30.155845880508423,-116.15168575288517,1.7244861847429713,path_segment_015,SUPPORTED,,-7.880649566650391,-5.101341247558594,-1.2465522854458868,3.289443900603601,-40.47455412578137,-273.61086373656553,-110.75446999789223,1.7447474740671873,path_segment_001,SUPPORTED,,-7.880649566650391,-5.101341247558594,-1.532425880432129,3.120941162109375,-166.75556468963623,-30.155845880508423,-116.15168575288517,1.7244861847429713,path_segment_015,SUPPORTED,,SUPPORTED,
169,169,5633.333333333334,VALID_TARGET,,1.0,734.3254241943359,272.2971725463867,733.4731712341309,272.0130920410156,SUPPORTED,721.024844720497,290.9006211180124,657.7950310559007,190.49689440993788,126.45962732919253,200.80745341614906,SUPPORTED,translation_median_sparse_flow,0.0,0.0,350.0,0.0002814098843373358,,,SUPPORTED,partial_affine_ransac_sparse_flow,-0.005388157466457206,-0.0073740600166805675,350.0,0.006100507302454913,1.000010343546271,1.0,-0.8522529602050781,-0.5662078857421875,-0.8522529602050781,-0.5662078857421875,-167.6078176498413,-30.72205376625061,146.401288563275,0.5074926503610045,path_segment_015,SUPPORTED,,-0.8522529602050781,-0.5662078857421875,-0.852725429086604,-0.5663270240606835,-41.32727955486797,-274.1771907606262,146.41036815333302,0.5077205452070755,path_segment_001,SUPPORTED,,-0.8522529602050781,-0.5662078857421875,-0.8522529602050781,-0.5662078857421875,-167.6078176498413,-30.72205376625061,146.401288563275,0.5074926503610045,path_segment_015,SUPPORTED,,SUPPORTED,
170,170,5666.666666666667,VALID_TARGET,,1.0,711.539342880249,260.6408042907715,715.0203704833984,265.3618812561035,SUPPORTED,719.9689440993789,287.2670807453416,658.2919254658385,189.37888198757764,123.35403726708071,195.77639751552795,SUPPORTED,translation_median_sparse_flow,-8.5516357421875,-9.237857818603516,338.0,0.736372172832489,,,SUPPORTED,partial_affine_ransac_sparse_flow,-8.369007395640704,-9.288117625337225,230.0,0.4413082457765628,0.9998735700562609,0.6804733727810651,-18.452800750732422,-6.651210784912109,-9.901165008544922,2.5866470336914062,-177.50898265838623,-28.135406732559204,-165.3588945611082,5.075681767730729,path_segment_015,SUPPORTED,,-18.452800750732422,-6.651210784912109,-9.901453422756163,2.429797588089741,-51.228732977624134,-271.7473931725365,-166.21218492254775,5.056717060439982,path_segment_001,SUPPORTED,,-18.452800750732422,-6.651210784912109,-9.901165008544922,2.5866470336914062,-177.50898265838623,-28.135406732559204,-165.3588945611082,5.075681767730729,path_segment_015,SUPPORTED,,SUPPORTED,
171,171,5700.0,VALID_TARGET,,1.0,715.0203704833984,265.3618812561035,711.539342880249,260.6408042907715,SUPPORTED,718.9130434782609,283.6335403726708,658.7888198757764,188.26086956521738,120.24844720496891,190.7453416149068,SUPPORTED,translation_median_sparse_flow,0.0,0.0,274.0,0.0003743720008060336,,,SUPPORTED,partial_affine_ransac_sparse_flow,0.03464769124692256,0.008839033216814047,274.0,0.02288076291995483,0.9999638633097566,1.0,-3.481027603149414,-4.721076965332031,-3.481027603149414,-4.721076965332031,-180.99001026153564,-32.856483697891235,126.40274763384343,2.9093067905094636,path_segment_015,SUPPORTED,,-3.481027603149414,-4.721076965332031,-3.488754813044352,-4.723242172104278,-54.717487790668486,-276.47063534464075,126.45089484994286,2.912446667798482,path_segment_001,SUPPORTED,,-3.481027603149414,-4.721076965332031,-3.481027603149414,-4.721076965332031,-180.99001026153564,-32.856483697891235,126.40274763384343,2.9093067905094636,path_segment_015,SUPPORTED,,SUPPORTED,
172,172,5733.333333333333,VALID_TARGET,,1.0,702.799524307251,253.71324157714844,703.0430202484131,253.71324157714844,SUPPORTED,717.8571428571429,280.0,659.2857142857143,187.14285714285714,117.14285714285711,185.7142857142857,SUPPORTED,translation_median_sparse_flow,-10.559234619140625,-7.350616455078125,266.0,0.806351900100708,,,SUPPORTED,partial_affine_ransac_sparse_flow,-10.260781696901997,-7.34960026207962,196.0,0.6118239264870281,0.9993773071760607,0.7368421052631579,-8.496322631835938,-6.927562713623047,2.0629119873046875,0.4230537414550781,-178.92709827423096,-32.43342995643616,-11.589305098117658,1.044474709484331,path_segment_015,SUPPORTED,,-8.496322631835938,-6.927562713623047,2.2086430527174343,0.5812967924343582,-52.50884473795105,-275.88933855220637,-14.745380889388226,1.1327677518027632,path_segment_001,SUPPORTED,,-8.496322631835938,-6.927562713623047,2.0629119873046875,0.4230537414550781,-178.92709827423096,-32.43342995643616,-11.589305098117658,1.044474709484331,path_segment_015,SUPPORTED,,SUPPORTED,
173,173,5766.666666666667,VALID_TARGET,,1.0,697.8045520782471,252.09392929077148,701.2910041809082,253.13478469848633,SUPPORTED,708.0612244897959,279.18367346938777,648.469387755102,183.46938775510205,119.18367346938773,191.42857142857142,SUPPORTED,translation_median_sparse_flow,0.0,0.0,281.0,0.0003460247826296836,,,SUPPORTED,partial_affine_ransac_sparse_flow,-0.009496744147084794,-0.002398030750417577,281.0,0.010102738023868,1.0000004902622748,1.0,-1.7520160675048828,-0.5784568786621094,-1.7520160675048828,-0.5784568786621094,-180.67911434173584,-33.01188683509827,161.72851155176988,0.9151187525454585,path_segment_015,SUPPORTED,,-1.7520160675048828,-0.5784568786621094,-1.7449353917561439,-0.5704433011352705,-54.253780129707195,-276.4597818533416,161.89672187472738,0.910541678533541,path_segment_001,SUPPORTED,,-1.7520160675048828,-0.5784568786621094,-1.7520160675048828,-0.5784568786621094,-180.67911434173584,-33.01188683509827,161.72851155176988,0.9151187525454585,path_segment_015,SUPPORTED,,SUPPORTED,
174,174,5800.0,VALID_TARGET,,1.0,697.5349159240723,252.55632781982425,699.5389881134033,252.55632781982422,SUPPORTED,698.265306122449,278.3673469387755,637.6530612244899,179.79591836734693,121.22448979591834,197.14285714285714,SUPPORTED,translation_median_sparse_flow,3.0517578125e-05,0.0,279.0,0.000617933867033571,,,SUPPORTED,partial_affine_ransac_sparse_flow,0.028985316202415644,0.0006790946787355456,279.0,0.02599253396135829,0.9999689463457686,1.0,-1.7520160675048828,-0.5784568786621094,-1.7520465850830078,-0.5784568786621094,-182.43116092681885,-33.590343713760376,161.72880866725467,0.9151331257762018,path_segment_015,SUPPORTED,,-1.7520160675048828,-0.5784568786621094,-1.7594845093299227,-0.5705527572683877,-56.01326463903712,-277.03033461061,162.0335376785201,0.9174201428697288,path_segment_001,SUPPORTED,,-1.7520160675048828,-0.5784568786621094,-1.7520465850830078,-0.5784568786621094,-182.43116092681885,-33.590343713760376,161.72880866725467,0.9151331257762018,path_segment_015,SUPPORTED,,SUPPORTED,
175,175,5833.333333333333,LOW_POSE_CONFIDENCE,Frame/core landmark confidence below threshold.,,678.0229969024658,240.84552001953125,,,,688.469387755102,277.55102040816325,626.8367346938776,176.12244897959184,123.26530612244896,202.85714285714286,,,,,,,,,,,,,,,,,,,,,,,,,,,,,,,,,,,,,,,,,,,,,,,,,,,
176,176,5866.666666666666,LOW_POSE_CONFIDENCE,Frame/core landmark confidence below threshold.,,672.4520301818848,240.00092315673828,,,,678.6734693877551,276.734693877551,616.0204081632653,172.44897959183672,125.30612244897958,208.57142857142858,,,,,,,,,,,,,,,,,,,,,,,,,,,,,,,,,,,,,,,,,,,,,,,,,,,
177,177,5900.0,LOW_POSE_CONFIDENCE,Frame/core landmark confidence below threshold.,,655.0302314758301,248.9477882385254,,,,668.8775510204081,275.9183673469388,605.204081632653,168.77551020408163,127.34693877551021,214.2857142857143,,,,,,,,,,,,,,,,,,,,,,,,,,,,,,,,,,,,,,,,,,,,,,,,,,,
178,178,5933.333333333334,INVALID_TRACK_SEGMENT,Valid-looking pose segment is too short to establish target identity continuity.,,665.273193359375,256.7418975830078,,,,659.0816326530612,275.1020408163265,594.3877551020408,165.1020408163265,129.3877551020408,220.00000000000003,,,,,,,,,,,,,,,,,,,,,,,,,,,,,,,,,,,,,,,,,,,,,,,,,,,
179,179,5966.666666666667,INVALID_TRACK_SEGMENT,Valid-looking pose segment is too short to establish target identity continuity.,,647.132640838623,263.50484466552734,,,,649.2857142857142,274.2857142857143,583.5714285714286,161.42857142857142,131.42857142857144,225.71428571428575,,,,,,,,,,,,,,,,,,,,,,,,,,,,,,,,,,,,,,,,,,,,,,,,,,,
180,180,6000.0,INVALID_TRACK_SEGMENT,Valid-looking pose segment is too short to establish target identity continuity.,,652.4830627441406,266.97299575805664,,,,642.6785714285714,274.55357142857144,576.4285714285714,161.9642857142857,132.5,225.17857142857147,,,,,,,,,,,,,,,,,,,,,,,,,,,,,,,,,,,,,,,,,,,,,,,,,,,
181,181,6033.333333333333,TARGET_NOT_FOUND,No observed landmarks returned by pose backend.,,,,,,,636.0714285714286,274.82142857142856,569.2857142857142,162.5,133.57142857142858,224.64285714285717,,,,,,,,,,,,,,,,,,,,,,,,,,,,,,,,,,,,,,,,,,,,,,,,,,,
182,182,6066.666666666666,TARGET_NOT_FOUND,No observed landmarks returned by pose backend.,,,,,,,629.4642857142857,275.0892857142857,562.1428571428571,163.03571428571428,134.64285714285717,224.1071428571429,,,,,,,,,,,,,,,,,,,,,,,,,,,,,,,,,,,,,,,,,,,,,,,,,,,
183,183,6100.0,TARGET_NOT_FOUND,No observed landmarks returned by pose backend.,,,,,,,622.8571428571429,275.3571428571429,555.0,163.57142857142856,135.71428571428572,223.5714285714286,,,,,,,,,,,,,,,,,,,,,,,,,,,,,,,,,,,,,,,,,,,,,,,,,,,
184,184,6133.333333333334,TARGET_NOT_FOUND,No observed landmarks returned by pose backend.,,,,,,,616.25,275.625,547.8571428571429,164.10714285714286,136.78571428571428,223.0357142857143,,,,,,,,,,,,,,,,,,,,,,,,,,,,,,,,,,,,,,,,,,,,,,,,,,,
185,185,6166.666666666667,TARGET_NOT_FOUND,No observed landmarks returned by pose backend.,,,,,,,609.6428571428572,275.89285714285717,540.7142857142858,164.64285714285714,137.85714285714286,222.50000000000003,,,,,,,,,,,,,,,,,,,,,,,,,,,,,,,,,,,,,,,,,,,,,,,,,,,
186,186,6200.0,TARGET_NOT_FOUND,No observed landmarks returned by pose backend.,,,,,,,603.0357142857142,276.16071428571433,533.5714285714286,165.17857142857144,138.92857142857144,221.96428571428572,,,,,,,,,,,,,,,,,,,,,,,,,,,,,,,,,,,,,,,,,,,,,,,,,,,
187,187,6233.333333333333,TARGET_NOT_FOUND,No observed landmarks returned by pose backend.,,,,,,,596.4285714285714,276.42857142857144,526.4285714285714,165.71428571428572,140.0,221.42857142857144,,,,,,,,,,,,,,,,,,,,,,,,,,,,,,,,,,,,,,,,,,,,,,,,,,,
