source_frame_index,analysis_frame_index,timestamp_ms,frame_status,frame_rejection_reason,valid_segment_id,raw_pelvis_mid_x,raw_pelvis_mid_y,path_input_center_x,path_input_center_y,center_status,roi_center_x,roi_center_y,roi_x,roi_y,roi_width,roi_height,translation_camera_motion_status,translation_camera_motion_method,translation_background_dx_px,translation_background_dy_px,translation_background_feature_count,translation_camera_motion_residual_px,translation_affine_scale,translation_affine_inlier_fraction,affine_camera_motion_status,affine_camera_motion_method,affine_background_dx_px,affine_background_dy_px,affine_background_feature_count,affine_camera_motion_residual_px,affine_affine_scale,affine_affine_inlier_fraction,translation_raw_dx,translation_raw_dy,translation_compensated_dx,translation_compensated_dy,translation_compensated_x,translation_compensated_y,translation_projected_heading_deg,translation_normalized_projected_speed_per_s,translation_path_segment_id,translation_path_status,translation_path_rejection_reason,affine_raw_dx,affine_raw_dy,affine_compensated_dx,affine_compensated_dy,affine_compensated_x,affine_compensated_y,affine_projected_heading_deg,affine_normalized_projected_speed_per_s,affine_path_segment_id,affine_path_status,affine_path_rejection_reason,chosen_raw_dx,chosen_raw_dy,chosen_compensated_dx,chosen_compensated_dy,chosen_compensated_x,chosen_compensated_y,chosen_projected_heading_deg,chosen_normalized_projected_speed_per_s,chosen_path_segment_id,chosen_path_status,chosen_path_rejection_reason,chosen_path_validation_status,chosen_path_validation_reason
0,0,0.0,TARGET_IDENTITY_UNCERTAIN,TARGET_OVERLAP_AMBIGUOUS: another detected person overlaps or is too close to the selected pose for automated identity acceptance.,,1057.4928855895996,398.61989974975586,,,,1052.142857142857,431.7857142857143,950.3571428571429,278.57142857142856,203.57142857142844,306.42857142857144,,,,,,,,,,,,,,,,,,,,,,,,,,,,,,,,,,,,,,,,,,,,,,,,,,,
1,1,33.333333333333336,TARGET_IDENTITY_UNCERTAIN,TARGET_OVERLAP_AMBIGUOUS: another detected person overlaps or is too close to the selected pose for automated identity acceptance.,,1049.428554534912,401.992000579834,,,,1048.0102040816325,433.6224489795918,942.3979591836735,279.48979591836735,211.22448979591826,308.265306122449,,,,,,,,,,,,,,,,,,,,,,,,,,,,,,,,,,,,,,,,,,,,,,,,,,,
2,2,66.66666666666667,TARGET_IDENTITY_UNCERTAIN,TARGET_OVERLAP_AMBIGUOUS: another detected person overlaps or is too close to the selected pose for automated identity acceptance.,,1044.356372833252,410.27889251708984,,,,1043.8775510204082,435.4591836734694,934.4387755102041,280.4081632653061,218.87755102040805,310.10204081632656,,,,,,,,,,,,,,,,,,,,,,,,,,,,,,,,,,,,,,,,,,,,,,,,,,,
3,3,100.0,TARGET_IDENTITY_UNCERTAIN,TARGET_OVERLAP_AMBIGUOUS: another detected person overlaps or is too close to the selected pose for automated identity acceptance.,,1037.7472190856934,408.87845611572266,,,,1039.7448979591836,437.2959183673469,926.4795918367347,281.3265306122449,226.53061224489787,311.9387755102041,,,,,,,,,,,,,,,,,,,,,,,,,,,,,,,,,,,,,,,,,,,,,,,,,,,
4,4,133.33333333333334,TARGET_IDENTITY_UNCERTAIN,TARGET_OVERLAP_AMBIGUOUS: another detected person overlaps or is too close to the selected pose for automated identity acceptance.,,1041.960292816162,398.0223693847656,,,,1035.612244897959,439.1326530612245,918.5204081632653,282.2448979591837,234.18367346938768,313.7755102040817,,,,,,,,,,,,,,,,,,,,,,,,,,,,,,,,,,,,,,,,,,,,,,,,,,,
5,5,166.66666666666666,INVALID_TRACK_SEGMENT,Valid-looking pose segment is too short to establish target identity continuity.,,1043.4679679870603,400.95820236206055,,,,1031.4795918367347,440.96938775510205,910.5612244897959,283.16326530612247,241.83673469387747,315.6122448979592,,,,,,,,,,,,,,,,,,,,,,,,,,,,,,,,,,,,,,,,,,,,,,,,,,,
6,6,200.0,TARGET_IDENTITY_UNCERTAIN,TARGET_OVERLAP_AMBIGUOUS: another detected person overlaps or is too close to the selected pose for automated identity acceptance.,,1043.7052879333496,398.48199462890625,,,,1027.3469387755101,442.80612244897964,902.6020408163265,284.0816326530612,249.4897959183673,317.4489795918368,,,,,,,,,,,,,,,,,,,,,,,,,,,,,,,,,,,,,,,,,,,,,,,,,,,
7,7,233.33333333333337,VALID_TARGET,,1.0,1049.133804321289,404.6046485900879,1047.2112655639648,396.87014389038086,SUPPORTED,1023.2142857142857,444.64285714285717,894.6428571428571,285.0,257.1428571428571,319.28571428571433,INSUFFICIENT_EVIDENCE,translation_median_sparse_flow,0.0,0.0,0.0,,,,INSUFFICIENT_EVIDENCE,partial_affine_ransac_sparse_flow,0.0,0.0,0.0,,,,,,,,0.0,0.0,,,path_segment_001,SUPPORTED,,,,,,0.0,0.0,,,path_segment_001,SUPPORTED,,,,,,0.0,0.0,,,path_segment_001,SUPPORTED,,SUPPORTED,
8,8,266.6666666666667,VALID_TARGET,,1.0,1051.7358627319336,396.87014389038086,1046.1188468933105,394.5183982849121,SUPPORTED,1021.5,443.57142857142856,897.6428571428571,280.2857142857143,247.7142857142857,326.5714285714286,SUPPORTED,translation_median_sparse_flow,-0.02020263671875,6.103515625e-05,349.0,5.7584075927734375,,,SUPPORTED,partial_affine_ransac_sparse_flow,0.49200588224009717,-0.08494619132044477,132.0,0.23238302427872065,0.9989071267844898,0.37822349570200575,-1.0924186706542969,-2.35174560546875,-1.0722160339355469,-2.351806640625,-1.0722160339355469,-2.351806640625,114.50879473604068,0.8716232010040558,path_segment_001,SUPPORTED,,-1.0924186706542969,-2.35174560546875,-0.2862395643869604,-2.238439745715823,-0.2862395643869604,-2.238439745715823,97.28712655364131,0.7610043765436626,path_segment_001,SUPPORTED,,-1.0924186706542969,-2.35174560546875,-0.2862395643869604,-2.238439745715823,-0.2862395643869604,-2.238439745715823,97.28712655364131,0.7610043765436626,path_segment_001,SUPPORTED,,SUPPORTED,
9,9,300.0,VALID_TARGET,,1.0,1045.4709548950195,391.51979064941406,1045.0264282226562,392.16665267944336,SUPPORTED,1019.7857142857142,442.5,900.6428571428571,275.57142857142856,238.28571428571428,333.8571428571429,SUPPORTED,translation_median_sparse_flow,-0.108184814453125,0.3056488037109375,350.0,3.0297701358795166,,,SUPPORTED,partial_affine_ransac_sparse_flow,-0.011889993377954787,-0.7017282184980108,165.0,0.4246471444408985,1.000506730614667,0.4714285714285714,-1.0924186706542969,-2.35174560546875,-0.9842338562011719,-2.6573944091796875,-2.0564498901367188,-5.0092010498046875,110.32339667021597,0.955630361699044,path_segment_001,SUPPORTED,,-1.0924186706542969,-2.35174560546875,-0.9108690022649171,-3.7004822419922903,-1.1971085666518775,-5.938921987708113,103.82837455566914,1.285143476043646,path_segment_001,SUPPORTED,,-1.0924186706542969,-2.35174560546875,-0.9108690022649171,-3.7004822419922903,-1.1971085666518775,-5.938921987708113,103.82837455566914,1.285143476043646,path_segment_001,SUPPORTED,,SUPPORTED,
10,10,333.3333333333333,VALID_TARGET,,1.0,1043.9478149414062,391.76952743530273,1043.9478149414062,391.24779891967773,SUPPORTED,1018.0714285714286,441.42857142857144,903.6428571428571,270.8571428571429,228.85714285714283,341.1428571428571,SUPPORTED,translation_median_sparse_flow,-0.00543212890625,0.000949859619140625,350.0,6.628273963928223,,,SUPPORTED,partial_affine_ransac_sparse_flow,0.09298258225499863,-1.7895330732867722,142.0,0.9258517685826907,1.00105742267364,0.4057142857142857,-1.07861328125,-0.918853759765625,-1.07318115234375,-0.9198036193847656,-3.1296310424804688,-5.929004669189453,139.40073484699477,0.47664052730391343,path_segment_001,SUPPORTED,,-1.07861328125,-0.918853759765625,-0.5759226536499682,-4.046466446388081,-1.7730312203018457,-9.985388434096194,98.10034968143485,1.3783212123214583,path_segment_001,SUPPORTED,,-1.07861328125,-0.918853759765625,-0.5759226536499682,-4.046466446388081,-1.7730312203018457,-9.985388434096194,98.10034968143485,1.3783212123214583,path_segment_001,SUPPORTED,,SUPPORTED,
11,11,366.66666666666663,VALID_TARGET,,1.0,1038.3897857666016,391.11645889282227,1039.1359901428223,390.99132537841797,SUPPORTED,1016.3571428571428,440.3571428571429,906.6428571428571,266.14285714285717,219.42857142857142,348.4285714285714,SUPPORTED,translation_median_sparse_flow,-0.001495361328125,0.0002899169921875,349.0,5.729569435119629,,,SUPPORTED,partial_affine_ransac_sparse_flow,-2.2199042012739243,0.9559652780920089,155.0,1.0712773218518903,1.0044043336021309,0.44412607449856734,-4.811824798583984,-0.2564735412597656,-4.810329437255859,-0.2567634582519531,-7.939960479736328,-6.185768127441406,176.94459293272163,1.6244723346897527,path_segment_001,SUPPORTED,,-4.811824798583984,-0.2564735412597656,-8.664203373246437,1.0211008430669608,-10.437234593548283,-8.964287591029233,-173.2785348913487,2.9420062914351224,path_segment_001,SUPPORTED,,-4.811824798583984,-0.2564735412597656,-8.664203373246437,1.0211008430669608,-10.437234593548283,-8.964287591029233,-173.2785348913487,2.9420062914351224,path_segment_001,SUPPORTED,,SUPPORTED,
12,12,400.0,VALID_TARGET,,1.0,1037.6205101013184,386.31897354125977,1038.4007377624512,386.31897354125977,SUPPORTED,1014.6428571428571,439.2857142857143,909.6428571428571,261.42857142857144,210.0,355.71428571428567,SUPPORTED,translation_median_sparse_flow,-0.0003509521484375,0.00212860107421875,349.0,5.221017837524414,,,SUPPORTED,partial_affine_ransac_sparse_flow,-1.257104039477951,-0.2821087368897314,153.0,0.7887705641412349,1.0034685409425217,0.4383954154727794,-0.7352523803710938,-4.672351837158203,-0.7349014282226562,-4.674480438232422,-8.674861907958984,-10.860248565673828,98.93465964367704,1.5957136411752617,path_segment_001,SUPPORTED,,-0.7352523803710938,-4.672351837158203,-3.2673029831726126,-5.254735555556465,-13.704537576720895,-14.219023146585698,121.87262870336141,2.08664360781643,path_segment_001,SUPPORTED,,-0.7352523803710938,-4.672351837158203,-3.2673029831726126,-5.254735555556465,-13.704537576720895,-14.219023146585698,121.87262870336141,2.08664360781643,path_segment_001,SUPPORTED,,SUPPORTED,
13,13,433.33333333333337,VALID_TARGET,,1.0,1038.589931488037,376.51023864746094,1037.0634994506836,386.31897354125977,SUPPORTED,1017.6785714285714,439.82142857142856,910.0,261.42857142857144,215.35714285714283,356.7857142857142,SUPPORTED,translation_median_sparse_flow,-0.0001220703125,-0.1033477783203125,350.0,2.860823631286621,,,SUPPORTED,partial_affine_ransac_sparse_flow,0.28419094100465403,0.06336185855977187,182.0,0.4693177444287775,1.0001012769727256,0.52,-1.3372383117675781,0.0,-1.3371162414550781,0.1033477783203125,-10.011978149414062,-10.756900787353516,-175.58030783566034,0.45225380591988207,path_segment_001,SUPPORTED,,-1.3372383117675781,0.0,-1.9074388562996774,0.38395731562059154,-15.611976433020573,-13.835065830965107,-168.61875806419863,0.6561383770129122,path_segment_001,SUPPORTED,,-1.3372383117675781,0.0,-1.9074388562996774,0.38395731562059154,-15.611976433020573,-13.835065830965107,-168.61875806419863,0.6561383770129122,path_segment_001,SUPPORTED,,SUPPORTED,
14,14,466.6666666666667,VALID_TARGET,,1.0,1036.4520149230957,380.9364318847656,1036.4520149230957,386.31897354125977,SUPPORTED,1020.7142857142858,440.3571428571429,910.3571428571429,261.42857142857144,220.71428571428567,357.85714285714283,SUPPORTED,translation_median_sparse_flow,-0.000518798828125,0.0006561279296875,350.0,7.318284034729004,,,SUPPORTED,partial_affine_ransac_sparse_flow,-1.0113240838812114,-1.4211863027828264,115.0,0.7027974346942805,1.0039061381187586,0.32857142857142857,-0.6114845275878906,0.0,-0.6109657287597656,-0.0006561279296875,-10.622943878173828,-10.757556915283203,179.93846897629447,0.20603300278709513,path_segment_001,SUPPORTED,,-0.6114845275878906,0.0,-2.6245379784336365,-2.832467743026143,-18.23651441145421,-16.66753357399125,132.81789904620706,1.3021893578541912,path_segment_001,SUPPORTED,,-0.6114845275878906,0.0,-2.6245379784336365,-2.832467743026143,-18.23651441145421,-16.66753357399125,132.81789904620706,1.3021893578541912,path_segment_001,SUPPORTED,,SUPPORTED,
15,15,500.0,VALID_TARGET,,1.0,1026.1520309448242,393.660400390625,1026.1520309448242,393.660400390625,SUPPORTED,1023.75,440.8928571428571,910.7142857142858,261.42857142857144,226.0714285714285,358.9285714285714,UNSTABLE_TRANSFORM,translation_median_sparse_flow,-0.00396728515625,0.0022430419921875,350.0,9.653558731079102,,,SUPPORTED,partial_affine_ransac_sparse_flow,2.641164601394133,2.3653342382570655,132.0,1.1562480448864432,0.9924083289793882,0.37714285714285717,,,,,,,,,,UNSTABLE_TRANSFORM,Camera compensation was not supported.,-10.299983978271484,7.341426849365234,-6.538033481760976,11.863301160311323,-24.774547893215185,-4.804232413679927,-118.85978240399321,4.567920642201279,path_segment_001,SUPPORTED,,-10.299983978271484,7.341426849365234,-6.538033481760976,11.863301160311323,-24.774547893215185,-4.804232413679927,-118.85978240399321,4.567920642201279,path_segment_001,SUPPORTED,,SUPPORTED,
16,16,533.3333333333334,VALID_TARGET,,1.0,1020.5372619628906,402.45223236083984,1020.5372619628906,401.94189453125,SUPPORTED,1026.7857142857142,441.42857142857144,911.0714285714286,261.42857142857144,231.42857142857133,359.99999999999994,UNSTABLE_TRANSFORM,translation_median_sparse_flow,-0.001190185546875,6.866455078125e-05,350.0,8.74152946472168,,,SUPPORTED,partial_affine_ransac_sparse_flow,2.8503952170250417,2.300308982744598,134.0,1.1869364813904295,0.991876162663523,0.38285714285714284,,,,,0.0,0.0,,,path_segment_002,SUPPORTED,,-5.614768981933594,8.281494140625,-1.501212537104152,12.775462162693316,-26.275760430319338,7.971229749013389,-96.70194934362665,4.3378464135526436,path_segment_001,SUPPORTED,,-5.614768981933594,8.281494140625,-1.501212537104152,12.775462162693316,-26.275760430319338,7.971229749013389,-96.70194934362665,4.3378464135526436,path_segment_001,SUPPORTED,,SUPPORTED,
17,17,566.6666666666666,VALID_TARGET,,1.0,1017.1492881774902,402.8850708007813,1017.1492881774902,403.33367919921875,SUPPORTED,1029.8214285714284,441.9642857142857,911.4285714285714,261.42857142857144,236.78571428571416,361.07142857142856,SUPPORTED,translation_median_sparse_flow,-0.03112030029296875,0.000484466552734375,350.0,2.958223342895508,,,SUPPORTED,partial_affine_ransac_sparse_flow,-0.4125771742276838,-0.0745974729955985,175.0,0.5085607826976806,1.0013045305657056,0.5,-3.3879737854003906,1.39178466796875,-3.356853485107422,1.3913002014160156,-3.356853485107422,1.3913002014160156,-157.4876765424875,1.225393114575619,path_segment_002,SUPPORTED,,-3.3879737854003906,1.39178466796875,-4.476707483918403,1.373908755124603,-30.75246791423774,9.345138504137992,-162.93866546823278,1.5791540652621636,path_segment_001,SUPPORTED,,-3.3879737854003906,1.39178466796875,-4.476707483918403,1.373908755124603,-30.75246791423774,9.345138504137992,-162.93866546823278,1.5791540652621636,path_segment_001,SUPPORTED,,SUPPORTED,
18,18,600.0,VALID_TARGET,,1.0,1011.112060546875,404.5624237060547,1011.2720146179199,404.62415313720703,SUPPORTED,1032.857142857143,442.5,911.7857142857143,261.42857142857144,242.142857142857,362.1428571428571,SUPPORTED,translation_median_sparse_flow,-0.003692626953125,-0.00012969970703125,350.0,6.494182586669922,,,SUPPORTED,partial_affine_ransac_sparse_flow,-1.7194341233265424,1.543382148606448,148.0,1.1524610806661892,1.002973896198771,0.4228571428571429,-5.8772735595703125,1.2904739379882812,-5.8735809326171875,1.2906036376953125,-9.23043441772461,2.681903839111328,-167.60732218006777,2.0279702945566758,path_segment_002,SUPPORTED,,-5.8772735595703125,1.2904739379882812,-9.292149963367251,3.9082750406275295,-40.04461787760499,13.253413544765522,-157.1883948730597,3.3994325919286332,path_segment_001,SUPPORTED,,-5.8772735595703125,1.2904739379882812,-9.292149963367251,3.9082750406275295,-40.04461787760499,13.253413544765522,-157.1883948730597,3.3994325919286332,path_segment_001,SUPPORTED,,SUPPORTED,
19,19,633.3333333333333,VALID_TARGET,,1.0,1008.1604766845704,409.92928314208984,1011.2720146179199,404.62415313720703,SUPPORTED,1032.3979591836735,443.34183673469386,909.9489795918367,261.42857142857144,244.89795918367332,363.8265306122449,SUPPORTED,translation_median_sparse_flow,-0.41912841796875,2.288818359375e-05,350.0,5.837245941162109,,,SUPPORTED,partial_affine_ransac_sparse_flow,-1.0466757504641073,1.5622339446221942,130.0,0.9229267584458214,1.0013443521842516,0.37142857142857144,0.0,0.0,0.41912841796875,-2.288818359375e-05,-8.81130599975586,2.6818809509277344,0.0031288651952887502,0.14134055770245013,path_segment_002,SUPPORTED,,0.0,0.0,-2.132536376824987,2.471726666357142,-42.17715425442998,15.725140211122664,-130.78670268515114,1.1008803278228863,path_segment_001,SUPPORTED,,0.0,0.0,-2.132536376824987,2.471726666357142,-42.17715425442998,15.725140211122664,-130.78670268515114,1.1008803278228863,path_segment_001,SUPPORTED,,SUPPORTED,
20,20,666.6666666666666,VALID_TARGET,,1.0,1008.1479759216307,407.8325500488281,1011.2720146179199,404.5624237060547,SUPPORTED,1031.938775510204,444.1836734693877,908.1122448979593,261.42857142857144,247.65306122448968,365.5102040816326,SUPPORTED,translation_median_sparse_flow,-0.59967041015625,0.0004119873046875,350.0,6.000412464141846,,,SUPPORTED,partial_affine_ransac_sparse_flow,-1.4556733478567303,1.2767252566603526,132.0,0.9490865938280322,1.002411687266713,0.37714285714285717,0.0,-0.06172943115234375,0.59967041015625,-0.06214141845703125,-8.21163558959961,2.619739532470703,5.916213358728912,0.20330669539128537,path_segment_002,SUPPORTED,,0.0,-0.06172943115234375,-2.660003221664965,1.9019148572322706,-44.837157476094944,17.627055068354935,-144.43505307679945,1.1027254274377225,path_segment_001,SUPPORTED,,0.0,-0.06172943115234375,-2.660003221664965,1.9019148572322706,-44.837157476094944,17.627055068354935,-144.43505307679945,1.1027254274377225,path_segment_001,SUPPORTED,,SUPPORTED,
21,21,700.0,VALID_TARGET,,1.0,1012.9431610107422,398.813720703125,1012.9431610107422,398.813720703125,SUPPORTED,1031.4795918367347,445.0255102040816,906.2755102040817,261.42857142857144,250.408163265306,367.19387755102036,SUPPORTED,translation_median_sparse_flow,-0.1634063720703125,-0.3464508056640625,350.0,3.2002224922180176,,,SUPPORTED,partial_affine_ransac_sparse_flow,-0.5137909038138058,0.9750232333843686,169.0,0.6077788836027599,1.0004332587547782,0.4828571428571429,1.6711463928222656,-5.7487030029296875,1.8345527648925781,-5.402252197265625,-6.377082824707031,-2.782512664794922,71.24300802055683,1.9239536516343494,path_segment_002,SUPPORTED,,1.6711463928222656,-5.7487030029296875,0.6427564664488727,-4.128286738759471,-44.19440100964607,13.498768329595464,81.15034599742536,1.4089340216517008,path_segment_001,SUPPORTED,,1.6711463928222656,-5.7487030029296875,0.6427564664488727,-4.128286738759471,-44.19440100964607,13.498768329595464,81.15034599742536,1.4089340216517008,path_segment_001,SUPPORTED,,SUPPORTED,
22,22,733.3333333333333,VALID_TARGET,,1.0,1013.9178733825684,394.8745422363281,1013.9178733825684,395.6760711669922,SUPPORTED,1031.0204081632653,445.86734693877554,904.4387755102041,261.42857142857144,253.16326530612233,368.87755102040813,SUPPORTED,translation_median_sparse_flow,-0.7255859375,3.0517578125e-05,350.0,6.938788890838623,,,SUPPORTED,partial_affine_ransac_sparse_flow,-1.1196211909068283,0.49441890350428497,143.0,0.5138118668492966,1.0022144379505185,0.4085714285714286,0.9747123718261719,-3.1376495361328125,1.7002983093261719,-3.1376800537109375,-4.676784515380859,-5.920192718505859,61.54688445216215,1.2034750121488527,path_segment_002,SUPPORTED,,0.9747123718261719,-3.1376495361328125,-0.8977719916032356,-2.607569918390652,-45.09217300124931,10.891198411204812,108.9983040324918,0.9299961754762499,path_segment_001,SUPPORTED,,0.9747123718261719,-3.1376495361328125,-0.8977719916032356,-2.607569918390652,-45.09217300124931,10.891198411204812,108.9983040324918,0.9299961754762499,path_segment_001,SUPPORTED,,SUPPORTED,
23,23,766.6666666666667,VALID_TARGET,,1.0,1016.1253204345704,395.3737030029297,1015.5354919433594,395.6760711669922,SUPPORTED,1030.561224489796,446.7091836734694,902.6020408163265,261.42857142857144,255.91836734693865,370.5612244897959,SUPPORTED,translation_median_sparse_flow,-0.006072998046875,0.487945556640625,350.0,2.9319911003112793,,,SUPPORTED,partial_affine_ransac_sparse_flow,-0.4023773727402571,-0.6904604994173142,179.0,0.3480720625892471,1.0012700652573931,0.5114285714285715,1.6176185607910156,0.0,1.6236915588378906,-0.487945556640625,-3.0530929565429688,-6.408138275146484,16.72637243603376,0.5717395233617545,path_segment_002,SUPPORTED,,1.6176185607910156,0.0,1.1586994183164734,-0.9031061177105926,-43.933473582932834,9.98809229349422,37.9333367070631,0.4954091538488645,path_segment_001,SUPPORTED,,1.6176185607910156,0.0,1.1586994183164734,-0.9031061177105926,-43.933473582932834,9.98809229349422,37.9333367070631,0.4954091538488645,path_segment_001,SUPPORTED,,SUPPORTED,
24,24,800.0,VALID_TARGET,,1.0,1019.3705444335938,395.2618179321289,1017.1660690307617,395.5695495605469,SUPPORTED,1030.1020408163265,447.55102040816325,900.765306122449,261.42857142857144,258.673469387755,372.2448979591836,SUPPORTED,translation_median_sparse_flow,-0.021575927734375,-0.0001373291015625,350.0,6.16502571105957,,,SUPPORTED,partial_affine_ransac_sparse_flow,-1.0155389620346884,-0.6766768414657223,151.0,0.6445646151760095,1.002806078721994,0.43142857142857144,1.6305770874023438,-0.1065216064453125,1.6521530151367188,-0.10638427734375,-1.40093994140625,-6.514522552490234,3.684263291926998,0.5583010468844587,path_segment_002,SUPPORTED,,1.6305770874023438,-0.1065216064453125,0.1502116617128877,-1.4469244483038324,-43.783261921219946,8.541167845190387,84.07310173588282,0.4905613368519983,path_segment_001,SUPPORTED,,1.6305770874023438,-0.1065216064453125,0.1502116617128877,-1.4469244483038324,-43.783261921219946,8.541167845190387,84.07310173588282,0.4905613368519983,path_segment_001,SUPPORTED,,SUPPORTED,
25,25,833.3333333333334,VALID_TARGET,,1.0,1019.008903503418,398.22652435302734,1017.5905532836914,395.85040283203125,SUPPORTED,1029.642857142857,448.3928571428571,898.9285714285714,261.42857142857144,261.42857142857133,373.9285714285714,SUPPORTED,translation_median_sparse_flow,-0.0161590576171875,-0.00049591064453125,350.0,6.532726287841797,,,SUPPORTED,partial_affine_ransac_sparse_flow,-0.2594471827023766,-1.5253862184547806,139.0,0.7618574654163196,1.0016629477092713,0.39714285714285713,0.4244842529296875,0.280853271484375,0.440643310546875,0.28134918212890625,-0.960296630859375,-6.233173370361328,-32.55808611506885,0.17630250699400773,path_segment_002,SUPPORTED,,0.4244842529296875,0.280853271484375,0.3260188536245323,-2.2638013186392527,-43.457243067595414,6.277366526551134,81.80495651127644,0.7712862125683063,path_segment_001,SUPPORTED,,0.4244842529296875,0.280853271484375,0.3260188536245323,-2.2638013186392527,-43.457243067595414,6.277366526551134,81.80495651127644,0.7712862125683063,path_segment_001,SUPPORTED,,SUPPORTED,
26,26,866.6666666666667,VALID_TARGET,,1.0,1018.3840103149414,394.8769226074219,1016.5411834716797,398.22652435302734,SUPPORTED,1029.1836734693877,449.234693877551,897.0918367346939,261.42857142857144,264.18367346938766,375.61224489795916,SUPPORTED,translation_median_sparse_flow,-0.2313232421875,-0.45998382568359375,350.0,2.8913230895996094,,,SUPPORTED,partial_affine_ransac_sparse_flow,0.12281573606733252,-0.697023170878443,175.0,0.40107624985241186,1.0004768308295273,0.5,-1.0493698120117188,2.3761215209960938,-0.8180465698242188,2.8361053466796875,-1.7783432006835938,-3.3970680236816406,-106.0896834865178,0.9953960563435008,path_segment_002,SUPPORTED,,-1.0493698120117188,2.3761215209960938,-1.2312216800430633,1.7905674785990868,-44.68846474763848,8.06793400515022,-124.5130105262974,0.7327983180823677,path_segment_001,SUPPORTED,,-1.0493698120117188,2.3761215209960938,-1.2312216800430633,1.7905674785990868,-44.68846474763848,8.06793400515022,-124.5130105262974,0.7327983180823677,path_segment_001,SUPPORTED,,SUPPORTED,
27,27,900.0,VALID_TARGET,,1.0,1014.9093399047852,401.7355346679687,1014.9093399047852,400.20230865478516,SUPPORTED,1028.7244897959183,450.0765306122449,895.2551020408164,261.42857142857144,266.938775510204,377.29591836734687,SUPPORTED,translation_median_sparse_flow,-0.27325439453125,0.08953475952148438,350.0,3.756808042526245,,,SUPPORTED,partial_affine_ransac_sparse_flow,0.10289830199433925,-1.5095676026445144,170.0,0.7308285228295275,1.0009428237710933,0.4857142857142857,-1.6318435668945312,1.9757843017578125,-1.3585891723632812,1.8862495422363281,-3.136932373046875,-1.5108184814453125,-125.76367850750388,0.7839085156690692,path_segment_002,SUPPORTED,,-1.6318435668945312,1.9757843017578125,-1.3866270780191599,-0.209295703032069,-46.07509182565764,7.858638302118152,171.41664101459523,0.47290184869413554,path_segment_001,SUPPORTED,,-1.6318435668945312,1.9757843017578125,-1.3866270780191599,-0.209295703032069,-46.07509182565764,7.858638302118152,171.41664101459523,0.47290184869413554,path_segment_001,SUPPORTED,,SUPPORTED,
28,28,933.3333333333334,VALID_TARGET,,1.0,1011.5311431884766,400.34249114990234,1011.5311431884766,400.81861114501953,SUPPORTED,1028.265306122449,450.9183673469388,893.4183673469388,261.42857142857144,269.6938775510203,378.97959183673464,SUPPORTED,translation_median_sparse_flow,-0.9718017578125,-0.000507354736328125,350.0,7.520957946777344,,,SUPPORTED,partial_affine_ransac_sparse_flow,-0.28079591774624124,-0.8366654908148634,142.0,0.4462226646188095,1.0016116795562096,0.4057142857142857,-3.3781967163085938,0.616302490234375,-2.4063949584960938,0.6168098449707031,-5.543327331542969,-0.8940086364746094,-165.62339772370734,0.83773023251802,path_segment_002,SUPPORTED,,-3.3781967163085938,0.616302490234375,-4.067982253121727,-0.8747026753817977,-50.143074078779364,6.983935626736354,167.8649554692728,1.4031793535680368,path_segment_001,SUPPORTED,,-3.3781967163085938,0.616302490234375,-4.067982253121727,-0.8747026753817977,-50.143074078779364,6.983935626736354,167.8649554692728,1.4031793535680368,path_segment_001,SUPPORTED,,SUPPORTED,
29,29,966.6666666666666,VALID_TARGET,,1.0,1010.0617446899414,400.8306350708008,1010.0617446899414,401.8877410888672,SUPPORTED,1027.8061224489795,451.76020408163265,891.5816326530612,261.42857142857144,272.4489795918367,380.6632653061224,SUPPORTED,translation_median_sparse_flow,-0.747802734375,-0.635284423828125,350.0,4.026061058044434,,,SUPPORTED,partial_affine_ransac_sparse_flow,2.5856628322997675,0.8417841274884789,165.0,1.0287943163022195,0.994170293317118,0.4714285714285714,-1.4693984985351562,1.0691299438476562,-0.7215957641601562,1.7044143676757812,-6.264923095703125,0.8104057312011719,-112.9462804549989,0.6241603553661027,path_segment_002,SUPPORTED,,-1.4693984985351562,1.0691299438476562,1.8833909072052393,2.459228209454693,-48.259683171574125,9.443163836191047,-52.553434314873826,1.0445792208096434,path_segment_001,SUPPORTED,,-1.4693984985351562,1.0691299438476562,1.8833909072052393,2.459228209454693,-48.259683171574125,9.443163836191047,-52.553434314873826,1.0445792208096434,path_segment_001,SUPPORTED,,SUPPORTED,
30,30,1000.0,VALID_TARGET,,1.0,1007.0010719299316,405.85350036621094,1007.0010719299316,404.7096939086914,SUPPORTED,1027.3469387755101,452.6020408163265,889.7448979591836,261.42857142857144,275.204081632653,382.3469387755102,SUPPORTED,translation_median_sparse_flow,-0.666107177734375,0.02994537353515625,350.0,4.0943803787231445,,,SUPPORTED,partial_affine_ransac_sparse_flow,-0.4377384023114062,-0.29400196088668545,157.0,0.32746903768241664,1.0014388695660408,0.44857142857142857,-3.0606727600097656,2.8219528198242188,-2.3945655822753906,2.7920074462890625,-8.659488677978516,3.6024131774902344,-130.61804571964493,1.2403851305620912,path_segment_002,SUPPORTED,,-3.0606727600097656,2.8219528198242188,-3.887718893475494,2.0641005258495397,-52.14740206504962,11.507264362040587,-152.03489632173748,1.4843594483934293,path_segment_001,SUPPORTED,,-3.0606727600097656,2.8219528198242188,-3.887718893475494,2.0641005258495397,-52.14740206504962,11.507264362040587,-152.03489632173748,1.4843594483934293,path_segment_001,SUPPORTED,,SUPPORTED,
31,31,1033.3333333333337,VALID_TARGET,,1.0,1003.6538124084472,406.88111877441406,1003.6538124084473,405.85350036621094,SUPPORTED,1026.8877551020407,453.44387755102036,887.9081632653061,261.42857142857144,277.95918367346934,384.0306122448979,UNSTABLE_TRANSFORM,translation_median_sparse_flow,-2.55633544921875,-0.02748870849609375,350.0,8.523153305053711,,,SUPPORTED,partial_affine_ransac_sparse_flow,-1.5731386450589677,0.8528150353661478,121.0,0.7054235466482802,1.0031376264034215,0.3457142857142857,,,,,,,,,,UNSTABLE_TRANSFORM,Camera compensation was not supported.,-3.347259521484375,1.1438064575195312,-6.231568163728298,2.2655301172742384,-58.378970228777916,13.772794479314825,-160.0209106121364,2.2360091114408895,path_segment_001,SUPPORTED,,-3.347259521484375,1.1438064575195312,-6.231568163728298,2.2655301172742384,-58.378970228777916,13.772794479314825,-160.0209106121364,2.2360091114408895,path_segment_001,SUPPORTED,,SUPPORTED,
32,32,1066.6666666666667,VALID_TARGET,,1.0,1002.6221885681152,404.7096939086914,1003.4782485961914,406.2862014770508,SUPPORTED,1026.4285714285713,454.2857142857143,886.0714285714286,261.42857142857144,280.71428571428567,385.71428571428567,SUPPORTED,translation_median_sparse_flow,-3.185272216796875,-0.474456787109375,350.0,4.774238109588623,,,SUPPORTED,partial_affine_ransac_sparse_flow,2.5659057197093453,0.7191689889122168,183.0,0.9279495026516358,0.9935489337260457,0.5228571428571429,,,,,0.0,0.0,,,path_segment_003,INSUFFICIENT_EVIDENCE,Continuous path run is shorter than the configured minimum sample count.,-0.17556381225585938,0.43270111083984375,3.8579805245279886,2.0232019786742512,-54.52098970424993,15.795996457989077,-27.67341344069572,1.4690534238173798,path_segment_001,SUPPORTED,,-0.17556381225585938,0.43270111083984375,3.8579805245279886,2.0232019786742512,-54.52098970424993,15.795996457989077,-27.67341344069572,1.4690534238173798,path_segment_001,SUPPORTED,,SUPPORTED,
33,33,1100.0,VALID_TARGET,,1.0,999.914234161377,407.29952239990234,1003.0116157531738,405.7416000366211,SUPPORTED,1023.7857142857142,454.42857142857144,885.0714285714286,262.0,277.4285714285714,384.85714285714283,SUPPORTED,translation_median_sparse_flow,-2.45941162109375,0.365570068359375,348.0,4.61682653427124,,,SUPPORTED,partial_affine_ransac_sparse_flow,-0.39104787373688693,-0.10527688459242035,151.0,0.23310446954725586,1.0010253597509977,0.4339080459770115,-0.4666328430175781,-0.5446014404296875,1.9927787780761719,-0.9101715087890625,1.9927787780761719,-0.9101715087890625,,,path_segment_003,INSUFFICIENT_EVIDENCE,Continuous path run is shorter than the configured minimum sample count.,-0.4666328430175781,-0.5446014404296875,-1.1173364615978016,-0.8242357201584696,-55.63832616584773,14.971760737830607,143.58458060520903,0.4682214179090524,path_segment_001,SUPPORTED,,-0.4666328430175781,-0.5446014404296875,-1.1173364615978016,-0.8242357201584696,-55.63832616584773,14.971760737830607,143.58458060520903,0.4682214179090524,path_segment_001,SUPPORTED,,SUPPORTED,
34,34,1133.3333333333333,VALID_TARGET,,1.0,1005.5454025268556,405.7416000366211,1002.0664100646973,405.1219787597656,SUPPORTED,1021.1428571428571,454.57142857142856,884.0714285714286,262.5714285714286,274.1428571428571,383.99999999999994,UNSTABLE_TRANSFORM,translation_median_sparse_flow,-7.6407470703125,0.000640869140625,345.0,10.776305198669434,,,SUPPORTED,partial_affine_ransac_sparse_flow,-1.6664206665126116,0.49437398826775464,124.0,0.8485868503398628,1.0035365630801485,0.35942028985507246,,,,,,,,,,UNSTABLE_TRANSFORM,Camera compensation was not supported.,-0.9452056884765625,-0.6196212768554688,-3.7996756758915353,-0.13362511276142186,-59.438001841739265,14.838135625069185,177.9858804454761,1.282137528269894,path_segment_001,SUPPORTED,,-0.9452056884765625,-0.6196212768554688,-3.7996756758915353,-0.13362511276142186,-59.438001841739265,14.838135625069185,177.9858804454761,1.282137528269894,path_segment_001,SUPPORTED,,SUPPORTED,
35,35,1166.6666666666667,VALID_TARGET,,1.0,1003.5933265686036,405.1219787597656,999.914234161377,405.7416000366211,SUPPORTED,1018.5,454.7142857142857,883.0714285714286,263.14285714285717,270.85714285714283,383.1428571428571,SUPPORTED,translation_median_sparse_flow,-1.52484130859375,-0.47060394287109375,350.0,3.898421287536621,,,SUPPORTED,partial_affine_ransac_sparse_flow,3.5808010677460227,0.9482849301429729,166.0,1.0547599010731785,0.9922847420934526,0.4742857142857143,,,,,0.0,0.0,,,path_segment_004,INSUFFICIENT_EVIDENCE,Continuous path run is shorter than the configured minimum sample count.,-2.1521759033203125,0.6196212768554688,2.1089630858103874,2.523152592643271,-57.32903875592888,17.361288217712456,-50.10962311858261,1.1089535678275366,path_segment_001,SUPPORTED,,-2.1521759033203125,0.6196212768554688,2.1089630858103874,2.523152592643271,-57.32903875592888,17.361288217712456,-50.10962311858261,1.1089535678275366,path_segment_001,SUPPORTED,,SUPPORTED,
36,36,1200.0,VALID_TARGET,,1.0,999.100845336914,403.2094192504883,999.1008453369141,405.7416000366211,SUPPORTED,1015.8571428571429,454.8571428571429,882.0714285714286,263.7142857142857,267.57142857142856,382.2857142857143,SUPPORTED,translation_median_sparse_flow,-1.5966796875,0.786712646484375,349.0,3.758833169937134,,,SUPPORTED,partial_affine_ransac_sparse_flow,3.1700772626151905,0.1989558053958751,157.0,0.9626918964959231,0.9922569939524059,0.4498567335243553,-0.8133888244628906,0.0,0.7832908630371094,-0.786712646484375,0.7832908630371094,-0.786712646484375,,,path_segment_004,INSUFFICIENT_EVIDENCE,Continuous path run is shorter than the configured minimum sample count.,-0.8133888244628906,0.0,4.595786680940591,0.8863328694477559,-52.733252074988286,18.247621087160212,-10.91591345495986,1.5783727401024628,path_segment_001,SUPPORTED,,-0.8133888244628906,0.0,4.595786680940591,0.8863328694477559,-52.733252074988286,18.247621087160212,-10.91591345495986,1.5783727401024628,path_segment_001,SUPPORTED,,SUPPORTED,
37,37,1233.3333333333337,VALID_TARGET,,1.0,992.6766357421876,406.96504974365234,992.6766357421875,405.1219787597656,SUPPORTED,1013.2142857142857,455.0,881.0714285714286,264.2857142857143,264.2857142857143,381.4285714285714,SUPPORTED,translation_median_sparse_flow,-1.98663330078125,-0.550689697265625,349.0,4.538240909576416,,,SUPPORTED,partial_affine_ransac_sparse_flow,2.639213194199722,0.9556447219097932,179.0,1.1049055217987656,0.9924277184881085,0.5128939828080229,-6.4242095947265625,-0.6196212768554688,-4.4375762939453125,-0.06893157958984375,-3.654285430908203,-0.8556442260742188,,,path_segment_004,INSUFFICIENT_EVIDENCE,Continuous path run is shorter than the configured minimum sample count.,-6.4242095947265625,-0.6196212768554688,-1.4679884994390022,1.423354263417366,-54.20124057442729,19.670975350577578,-135.88441614828116,0.6895345232403239,path_segment_001,SUPPORTED,,-6.4242095947265625,-0.6196212768554688,-1.4679884994390022,1.423354263417366,-54.20124057442729,19.670975350577578,-135.88441614828116,0.6895345232403239,path_segment_001,SUPPORTED,,SUPPORTED,
38,38,1266.6666666666663,VALID_TARGET,,1.0,988.2101745605468,407.1178359985352,988.2101745605469,403.2094192504883,SUPPORTED,1010.5714285714286,455.14285714285717,880.0714285714286,264.8571428571429,261.0,380.57142857142856,SUPPORTED,translation_median_sparse_flow,-2.410858154296875,0.5460968017578125,350.0,5.2140984535217285,,,SUPPORTED,partial_affine_ransac_sparse_flow,3.1151296636964694,0.23300582221086572,175.0,1.0613718443206173,0.9923133482407501,0.5,-4.466461181640625,-1.9125595092773438,-2.05560302734375,-2.4586563110351562,-5.709888458251953,-3.314300537109375,,,path_segment_004,INSUFFICIENT_EVIDENCE,Continuous path run is shorter than the configured minimum sample count.,-4.466461181640625,-1.9125595092773438,0.8323504690607706,-0.9462327377123643,-53.36889010536652,18.724742612865214,48.66363414908341,0.42497885702908406,path_segment_001,SUPPORTED,,-4.466461181640625,-1.9125595092773438,0.8323504690607706,-0.9462327377123643,-53.36889010536652,18.724742612865214,48.66363414908341,0.42497885702908406,path_segment_001,SUPPORTED,,SUPPORTED,
39,39,1300.0,VALID_TARGET,,1.0,986.9046325683594,396.6845169067383,986.9046325683594,396.6845169067383,SUPPORTED,1007.9285714285713,455.28571428571433,879.0714285714286,265.42857142857144,257.71428571428567,379.7142857142857,UNSTABLE_TRANSFORM,translation_median_sparse_flow,-5.194793701171875,0.08283233642578125,350.0,11.429512023925781,,,SUPPORTED,partial_affine_ransac_sparse_flow,-19.94211120001486,0.19473701157059553,138.0,0.23687927576002815,1.0000183474681967,0.3942857142857143,,,,,,,,,,UNSTABLE_TRANSFORM,Camera compensation was not supported.,-1.3055419921875,-6.52490234375,18.66943426090552,-6.851999247401125,-34.699455844461,11.872743365464089,20.153993843570827,6.706434018724553,path_segment_001,SUPPORTED,,-1.3055419921875,-6.52490234375,18.66943426090552,-6.851999247401125,-34.699455844461,11.872743365464089,20.153993843570827,6.706434018724553,path_segment_001,SUPPORTED,,SUPPORTED,
40,40,1333.3333333333333,VALID_TARGET,,1.0,983.0748252868652,388.2380180358887,983.0748252868652,389.3404731750488,SUPPORTED,1005.2857142857142,455.42857142857144,878.0714285714286,266.0,254.42857142857142,378.85714285714283,SUPPORTED,translation_median_sparse_flow,-1.7841796875,-0.512054443359375,349.0,5.015625476837158,,,SUPPORTED,partial_affine_ransac_sparse_flow,3.021094974533821,1.098702232426252,196.0,1.11515702752627,0.9918526002166276,0.5616045845272206,,,,,0.0,0.0,,,path_segment_005,SUPPORTED,,-3.8298072814941406,-7.344043731689453,1.3437487079012271,-5.593577881583428,-33.35570713655977,6.279165483880661,76.49177322353184,1.9399602932144202,path_segment_001,SUPPORTED,,-3.8298072814941406,-7.344043731689453,1.3437487079012271,-5.593577881583428,-33.35570713655977,6.279165483880661,76.49177322353184,1.9399602932144202,path_segment_001,SUPPORTED,,SUPPORTED,
41,41,1366.6666666666667,VALID_TARGET,,1.0,975.6948165893556,387.5310516357422,975.6948165893555,388.6661071777344,SUPPORTED,1002.6428571428571,455.57142857142856,877.0714285714286,266.57142857142856,251.14285714285714,378.0,SUPPORTED,translation_median_sparse_flow,-3.52874755859375,0.630889892578125,348.0,4.767271041870117,,,SUPPORTED,partial_affine_ransac_sparse_flow,3.1597104817484514,0.5384211842541878,184.0,1.2837550250984857,0.9922863567445765,0.5287356321839081,-7.380008697509766,-0.6743659973144531,-3.8512611389160156,-1.3052558898925781,-3.8512611389160156,-1.3052558898925781,161.2776330524727,1.3713038019026522,path_segment_005,SUPPORTED,,-7.380008697509766,-0.6743659973144531,-2.260075852302748,0.036273406373311445,-35.61578298886252,6.315438890253972,-179.0805022461337,0.7622521095507552,path_segment_001,SUPPORTED,,-7.380008697509766,-0.6743659973144531,-2.260075852302748,0.036273406373311445,-35.61578298886252,6.315438890253972,-179.0805022461337,0.7622521095507552,path_segment_001,SUPPORTED,,SUPPORTED,
42,42,1400.0,VALID_TARGET,,1.0,971.4812774658204,389.3404731750488,973.3780403137207,388.6661071777344,SUPPORTED,1000.0,455.7142857142858,876.0714285714286,267.14285714285717,247.85714285714286,377.14285714285717,SUPPORTED,translation_median_sparse_flow,-3.92132568359375,-0.428466796875,348.0,5.7330708503723145,,,SUPPORTED,partial_affine_ransac_sparse_flow,3.2705876954400424,0.9848700916413952,197.0,1.0973145218040548,0.9918249804285424,0.5660919540229885,-2.3167762756347656,0.0,1.6045494079589844,0.428466796875,-2.2467117309570312,-0.8767890930175781,-14.95098308895164,0.56005364022083,path_segment_005,SUPPORTED,,-2.3167762756347656,0.0,2.589919189680586,1.688384106564456,-33.025863799181934,8.003822996818428,-33.10057484853675,1.0425827310434805,path_segment_001,SUPPORTED,,-2.3167762756347656,0.0,2.589919189680586,1.688384106564456,-33.025863799181934,8.003822996818428,-33.10057484853675,1.0425827310434805,path_segment_001,SUPPORTED,,SUPPORTED,
43,43,1433.3333333333333,VALID_TARGET,,1.0,963.8423004150392,386.5801773071289,966.5057029724121,389.3404731750488,SUPPORTED,997.3571428571429,455.8571428571429,875.0714285714286,267.7142857142857,244.57142857142856,376.2857142857143,SUPPORTED,translation_median_sparse_flow,-4.02911376953125,0.5481033325195312,350.0,4.825815677642822,,,SUPPORTED,partial_affine_ransac_sparse_flow,3.476206471341133,1.1126962052153109,159.0,1.2424380466188576,0.9920734023637571,0.4542857142857143,-6.872337341308594,0.6743659973144531,-2.8432235717773438,0.12626266479492188,-5.089935302734375,-0.7505264282226562,-177.45726368270553,0.9597508738360173,path_segment_005,SUPPORTED,,-6.872337341308594,0.6743659973144531,-2.0163225810050562,1.1017107531222905,-35.04218638018699,9.105533749940719,-151.34798063367228,0.7748342731254962,path_segment_001,SUPPORTED,,-6.872337341308594,0.6743659973144531,-2.0163225810050562,1.1017107531222905,-35.04218638018699,9.105533749940719,-151.34798063367228,0.7748342731254962,path_segment_001,SUPPORTED,,SUPPORTED,
44,44,1466.6666666666663,VALID_TARGET,,1.0,957.9019927978516,399.36656951904297,960.7556037902832,399.36656951904297,SUPPORTED,994.7142857142857,456.0,874.0714285714286,268.2857142857143,241.28571428571428,375.42857142857144,SUPPORTED,translation_median_sparse_flow,-4.5325927734375,-0.5964508056640625,350.0,5.276706218719482,,,SUPPORTED,partial_affine_ransac_sparse_flow,2.39632201682136,1.227347700461559,188.0,1.0287708583047808,0.9917841842413848,0.5371428571428571,-5.750099182128906,10.02609634399414,-1.2175064086914062,10.622547149658203,-6.307441711425781,9.872020721435547,-96.53844135735534,3.6056401071867032,path_segment_005,SUPPORTED,,-5.750099182128906,10.02609634399414,-0.10311539969779915,11.742718628730017,-35.14530177988479,20.848252378670736,-90.50311393318367,3.960090310076883,path_segment_001,SUPPORTED,,-5.750099182128906,10.02609634399414,-0.10311539969779915,11.742718628730017,-35.14530177988479,20.848252378670736,-90.50311393318367,3.960090310076883,path_segment_001,SUPPORTED,,SUPPORTED,
45,45,1500.0,VALID_TARGET,,1.0,951.3760242462158,400.5966033935547,951.2836856842041,400.5966033935547,SUPPORTED,992.0714285714286,456.1428571428571,873.0714285714286,268.85714285714283,238.0,374.5714285714286,SUPPORTED,translation_median_sparse_flow,-4.677001953125,0.361297607421875,350.0,5.016613483428955,,,SUPPORTED,partial_affine_ransac_sparse_flow,3.1045548455686114,0.29047527681908747,186.0,1.235213031902591,0.9916503072545355,0.5314285714285715,-9.471918106079102,1.2300338745117188,-4.794916152954102,0.8687362670898438,-11.102357864379883,10.74075698852539,-169.7306293823413,1.6432900479966397,path_segment_005,SUPPORTED,,-9.471918106079102,1.2300338745117188,-3.6098071551847397,2.009202802912114,-38.75510893506953,22.85745518158285,-150.89987984755425,1.393175940328248,path_segment_001,SUPPORTED,,-9.471918106079102,1.2300338745117188,-3.6098071551847397,2.009202802912114,-38.75510893506953,22.85745518158285,-150.89987984755425,1.393175940328248,path_segment_001,SUPPORTED,,SUPPORTED,
46,46,1533.3333333333337,VALID_TARGET,,1.0,951.283685684204,404.4948196411133,949.7907466888428,404.4948196411133,SUPPORTED,989.4285714285714,456.28571428571433,872.0714285714286,269.42857142857144,234.71428571428572,373.7142857142857,SUPPORTED,translation_median_sparse_flow,-5.080322265625,-0.550750732421875,347.0,5.111601829528809,,,SUPPORTED,partial_affine_ransac_sparse_flow,1.756080784767181,1.3075258567707153,186.0,1.166654534370748,0.9923991053661433,0.5360230547550432,-1.4929389953613281,3.8982162475585938,3.587383270263672,4.448966979980469,-7.514974594116211,15.18972396850586,-51.119353396946806,1.9272818893654915,path_segment_005,SUPPORTED,,-1.4929389953613281,3.8982162475585938,4.093250293993492,5.3705244937839325,-34.66185864107604,28.227979675366782,-52.686453540461265,2.277135785223929,path_segment_001,SUPPORTED,,-1.4929389953613281,3.8982162475585938,4.093250293993492,5.3705244937839325,-34.66185864107604,28.227979675366782,-52.686453540461265,2.277135785223929,path_segment_001,SUPPORTED,,SUPPORTED,
47,47,1566.6666666666667,VALID_TARGET,,1.0,947.3928260803224,412.55165100097656,947.3928260803223,410.56398010253906,SUPPORTED,986.7857142857142,456.42857142857144,871.0714285714286,270.0,231.42857142857144,372.8571428571429,SUPPORTED,translation_median_sparse_flow,-4.943572998046875,0.4175872802734375,348.0,4.995388984680176,,,SUPPORTED,partial_affine_ransac_sparse_flow,3.392325992375393,0.20030131644175184,186.0,1.2088219390964055,0.9914753768262566,0.5344827586206896,-2.397920608520508,6.069160461425781,2.545652389526367,5.651573181152344,-4.969322204589844,20.841297149658203,-65.75164930979386,2.090267689447779,path_segment_005,SUPPORTED,,-2.397920608520508,6.069160461425781,3.2744443169168562,7.051446258564681,-31.38741432415918,35.27942593393146,-65.0914976620399,2.621799350012454,path_segment_001,SUPPORTED,,-2.397920608520508,6.069160461425781,3.2744443169168562,7.051446258564681,-31.38741432415918,35.27942593393146,-65.0914976620399,2.621799350012454,path_segment_001,SUPPORTED,,SUPPORTED,
48,48,1600.0,VALID_TARGET,,1.0,940.570878982544,414.0751419067383,942.4987373352051,410.56398010253906,SUPPORTED,976.2857142857142,452.78571428571433,864.2142857142857,269.14285714285717,224.14285714285714,367.2857142857143,SUPPORTED,translation_median_sparse_flow,-4.9814453125,-0.50933837890625,348.0,5.007497787475586,,,SUPPORTED,partial_affine_ransac_sparse_flow,2.258930285815701,1.0702488368183238,180.0,0.9918740687462377,0.9922615063314952,0.5172413793103449,-4.8940887451171875,0.0,0.0873565673828125,0.50933837890625,-4.881965637207031,21.350635528564453,-80.2678955274722,0.17426953602718964,path_segment_005,SUPPORTED,,-4.8940887451171875,0.0,0.3726070276908331,1.6589907853364139,-31.014807296468348,36.93841671926788,-77.34150806308817,0.5733901511014052,path_segment_001,SUPPORTED,,-4.8940887451171875,0.0,0.3726070276908331,1.6589907853364139,-31.014807296468348,36.93841671926788,-77.34150806308817,0.5733901511014052,path_segment_001,SUPPORTED,,SUPPORTED,
49,49,1633.3333333333333,VALID_TARGET,,1.0,942.4987373352052,410.56398010253906,940.570878982544,410.56398010253906,SUPPORTED,965.7857142857143,449.1428571428571,857.3571428571429,268.2857142857143,216.85714285714283,361.7142857142857,SUPPORTED,translation_median_sparse_flow,-5.05059814453125,0.44781494140625,349.0,5.070079803466797,,,SUPPORTED,partial_affine_ransac_sparse_flow,3.3392743179539752,0.2169051950153152,177.0,1.2166960940155176,0.9918303410582491,0.5071633237822349,-1.9278583526611328,0.0,3.122739791870117,-0.44781494140625,-1.759225845336914,20.902820587158203,8.160834077879814,1.0638387188751826,path_segment_005,SUPPORTED,,-1.9278583526611328,0.0,3.310665797320212,1.127830251825742,-27.704141499148136,38.06624697109362,-18.81221532088845,1.1794443807441422,path_segment_001,SUPPORTED,,-1.9278583526611328,0.0,3.310665797320212,1.127830251825742,-27.704141499148136,38.06624697109362,-18.81221532088845,1.1794443807441422,path_segment_001,SUPPORTED,,SUPPORTED,
50,50,1666.6666666666667,VALID_TARGET,,1.0,934.6399745941162,406.8406295776367,934.6399745941162,406.8838653564453,SUPPORTED,955.2857142857142,445.5,850.5,267.42857142857144,209.5714285714285,356.1428571428571,SUPPORTED,translation_median_sparse_flow,-5.24951171875,-0.5112075805664062,348.0,4.9888129234313965,,,SUPPORTED,partial_affine_ransac_sparse_flow,2.426272717115287,0.8486043190834535,155.0,0.9858420754116647,0.9917503899006469,0.4454022988505747,-5.930904388427734,-3.68011474609375,-0.6813926696777344,-3.1689071655273438,-2.4406185150146484,17.73391342163086,102.13522173133386,1.0930598484349665,path_segment_005,SUPPORTED,,-5.930904388427734,-3.68011474609375,-0.35347528809393225,-1.7010762183132329,-28.05761678724207,36.36517075278039,101.7387295812642,0.5858991138512518,path_segment_001,SUPPORTED,,-5.930904388427734,-3.68011474609375,-0.35347528809393225,-1.7010762183132329,-28.05761678724207,36.36517075278039,101.7387295812642,0.5858991138512518,path_segment_001,SUPPORTED,,SUPPORTED,
51,51,1700.0,VALID_TARGET,,1.0,923.2082614898682,405.820686340332,923.3156452178955,405.77745056152344,SUPPORTED,944.7857142857143,441.85714285714283,843.6428571428572,266.57142857142856,202.2857142857142,350.57142857142856,UNSTABLE_TRANSFORM,translation_median_sparse_flow,-13.544677734375,0.15459823608398438,350.0,8.66146183013916,,,SUPPORTED,partial_affine_ransac_sparse_flow,0.333663792402365,0.37544696606371364,124.0,0.24590577193609592,0.9989371550212174,0.35428571428571426,,,,,,,,,,UNSTABLE_TRANSFORM,Camera compensation was not supported.,-11.324329376220703,-1.106414794921875,-10.91133861381877,-0.4821974270034275,-38.96895540106084,35.88297332577696,177.46961265824254,3.6831668409473406,path_segment_001,SUPPORTED,,-11.324329376220703,-1.106414794921875,-10.91133861381877,-0.4821974270034275,-38.96895540106084,35.88297332577696,177.46961265824254,3.6831668409473406,path_segment_001,SUPPORTED,,SUPPORTED,
52,52,1733.3333333333337,VALID_TARGET,,1.0,916.7908000946044,401.75270080566406,916.6834163665771,401.75270080566406,SUPPORTED,934.2857142857142,438.21428571428567,836.7857142857143,265.7142857142857,194.9999999999999,344.99999999999994,SUPPORTED,translation_median_sparse_flow,-6.40765380859375,0.99237060546875,349.0,5.266921520233154,,,SUPPORTED,partial_affine_ransac_sparse_flow,3.568872726087158,0.14290729230093777,171.0,1.4093322052481905,0.9910934110267619,0.4899713467048711,,,,,0.0,0.0,,,path_segment_006,SUPPORTED,,-6.632228851318359,-4.024749755859375,-0.9143387117983366,-2.9640965878469956,-39.883294112859176,32.91887673792996,107.14349257706813,1.0460435048360341,path_segment_001,SUPPORTED,,-6.632228851318359,-4.024749755859375,-0.9143387117983366,-2.9640965878469956,-39.883294112859176,32.91887673792996,107.14349257706813,1.0460435048360341,path_segment_001,SUPPORTED,,SUPPORTED,
53,53,1766.6666666666663,VALID_TARGET,,1.0,908.0125980377196,389.9660301208496,908.1556415557861,401.75270080566406,SUPPORTED,933.3928571428571,437.5,831.4285714285714,265.3571428571429,203.92857142857136,344.2857142857142,SUPPORTED,translation_median_sparse_flow,-5.596435546875,-0.07470703125,350.0,4.824235916137695,,,SUPPORTED,partial_affine_ransac_sparse_flow,0.22022393217250905,-0.12325081519739041,153.0,0.195080984417057,0.9995383202485977,0.43714285714285717,-8.527774810791016,0.0,-2.9313392639160156,0.07470703125,-2.9313392639160156,0.07470703125,-178.54009691974323,0.988841699201301,path_segment_006,SUPPORTED,,-8.527774810791016,0.0,-8.106307469665694,-0.18940123452370017,-47.98960158252487,32.72947550340626,178.66154628991575,2.7343951452913218,path_segment_001,SUPPORTED,,-8.527774810791016,0.0,-8.106307469665694,-0.18940123452370017,-47.98960158252487,32.72947550340626,178.66154628991575,2.7343951452913218,path_segment_001,SUPPORTED,,SUPPORTED,
54,54,1800.0,VALID_TARGET,,1.0,903.811502456665,398.4316101074219,905.7482738494873,401.75270080566406,SUPPORTED,932.5,436.7857142857143,826.0714285714286,265.0,212.8571428571428,343.57142857142856,SUPPORTED,translation_median_sparse_flow,-7.15545654296875,0.9837417602539062,350.0,5.475842475891113,,,SUPPORTED,partial_affine_ransac_sparse_flow,3.056586501524124,0.40861028616078404,139.0,1.121292042787656,0.9907770392763754,0.39714285714285713,-2.407367706298828,0.0,4.748088836669922,-0.9837417602539062,1.8167495727539062,-0.9090347290039062,11.705320565461133,1.6351792219748353,path_segment_006,SUPPORTED,,-2.407367706298828,0.0,3.929462276999516,1.0045231444826186,-44.060139305525354,33.73399864788888,-14.339914176499203,1.367726362617651,path_segment_001,SUPPORTED,,-2.407367706298828,0.0,3.929462276999516,1.0045231444826186,-44.060139305525354,33.73399864788888,-14.339914176499203,1.367726362617651,path_segment_001,SUPPORTED,,SUPPORTED,
55,55,1833.3333333333333,VALID_TARGET,,1.0,902.730260848999,409.0665817260742,902.730260848999,409.0665817260742,SUPPORTED,931.6071428571429,436.07142857142856,820.7142857142858,264.6428571428571,221.78571428571428,342.8571428571429,SUPPORTED,translation_median_sparse_flow,-9.209762573242188,-0.636322021484375,350.0,4.536347389221191,,,SUPPORTED,partial_affine_ransac_sparse_flow,3.527232159919311,1.037783353309703,180.0,1.1946184515481217,0.990634321931875,0.5142857142857142,-3.0180130004882812,7.313880920410156,6.191749572753906,7.950202941894531,8.008499145507812,7.041168212890625,-52.08795142238326,3.3981749483538715,path_segment_006,SUPPORTED,,-3.0180130004882812,7.313880920410156,2.1067675370728693,9.657844394786764,-41.953371768452485,43.391843042675646,-77.69424097421701,3.3334549784361496,path_segment_001,SUPPORTED,,-3.0180130004882812,7.313880920410156,2.1067675370728693,9.657844394786764,-41.953371768452485,43.391843042675646,-77.69424097421701,3.3334549784361496,path_segment_001,SUPPORTED,,SUPPORTED,
56,56,1866.6666666666667,VALID_TARGET,,1.0,893.8373489379883,436.1477508544922,884.5555572509766,424.49756622314453,SUPPORTED,930.7142857142858,435.3571428571429,815.3571428571429,264.2857142857143,230.71428571428572,342.14285714285717,SUPPORTED,translation_median_sparse_flow,-6.830047607421875,0.7858734130859375,348.0,5.2093987464904785,,,SUPPORTED,partial_affine_ransac_sparse_flow,-10.251520280336232,1.1141221396921162,144.0,0.4015694681279013,0.999987190885043,0.41379310344827586,-18.17470359802246,15.430984497070312,-11.344655990600586,14.645111083984375,-3.3361568450927734,21.686279296875,-127.76271519903351,6.247136452260066,path_segment_006,SUPPORTED,,-18.17470359802246,15.430984497070312,-7.940270551453864,14.385333901333581,-49.89364231990635,57.77717694400923,-118.89737341842367,5.541024817592966,path_segment_001,SUPPORTED,,-18.17470359802246,15.430984497070312,-7.940270551453864,14.385333901333581,-49.89364231990635,57.77717694400923,-118.89737341842367,5.541024817592966,path_segment_001,SUPPORTED,,SUPPORTED,
57,57,1900.0,VALID_TARGET,,1.0,889.9296970367432,439.4380416870117,884.5555572509766,424.49756622314453,SUPPORTED,929.8214285714287,434.64285714285717,810.0,263.92857142857144,239.64285714285722,341.42857142857144,SUPPORTED,translation_median_sparse_flow,-7.758991241455078,-0.5607681274414062,348.0,4.833201885223389,,,SUPPORTED,partial_affine_ransac_sparse_flow,-10.28067905503789,-0.9749919775320715,156.0,0.5118084146412516,0.999856397940955,0.4482758620689655,0.0,0.0,7.758991241455078,0.5607681274414062,4.422834396362305,22.247047424316406,-4.133769236287036,2.623350114303798,path_segment_006,SUPPORTED,,0.0,0.0,10.384567733871222,1.0841627720837437,-39.509074586035126,58.86133971609297,-5.9601641135710715,3.5209684706683637,path_segment_001,SUPPORTED,,0.0,0.0,10.384567733871222,1.0841627720837437,-39.509074586035126,58.86133971609297,-5.9601641135710715,3.5209684706683637,path_segment_001,SUPPORTED,,SUPPORTED,
58,58,1933.3333333333333,VALID_TARGET,,1.0,874.6731090545654,424.4975662231446,883.3873558044434,424.49756622314453,SUPPORTED,928.9285714285714,433.92857142857144,804.6428571428571,263.57142857142856,248.57142857142867,340.7142857142858,SUPPORTED,translation_median_sparse_flow,-6.9488525390625,0.4838714599609375,344.0,4.7806830406188965,,,SUPPORTED,partial_affine_ransac_sparse_flow,3.7082187211808417,0.31640429768379275,162.0,1.519289840558213,0.9904001828204722,0.47093023255813954,-1.1682014465332031,0.0,5.780651092529297,-0.4838714599609375,10.203485488891602,21.76317596435547,4.784809387587726,1.9561970722833277,path_segment_006,SUPPORTED,,-1.1682014465332031,0.0,4.668271734186078,1.5712432811441772,-34.84080285184905,60.43258299723715,-18.602163809469033,1.6610362503515903,path_segment_001,SUPPORTED,,-1.1682014465332031,0.0,4.668271734186078,1.5712432811441772,-34.84080285184905,60.43258299723715,-18.602163809469033,1.6610362503515903,path_segment_001,SUPPORTED,,SUPPORTED,
59,59,1966.6666666666663,VALID_TARGET,,1.0,862.316198348999,411.5973510742187,856.0982780456543,413.04557037353516,SUPPORTED,924.6428571428572,440.0892857142858,792.8571428571429,265.17857142857144,263.57142857142867,349.8214285714286,SUPPORTED,translation_median_sparse_flow,-8.3016357421875,-0.511932373046875,350.0,4.721732139587402,,,SUPPORTED,partial_affine_ransac_sparse_flow,2.542770016114097,0.8072730265419914,161.0,1.1400443528187272,0.9916631324480468,0.46,-27.289077758789062,-11.451995849609375,-18.987442016601562,-10.9400634765625,-8.783956527709961,10.823112487792969,150.0505879125998,7.389828534870381,path_segment_006,SUPPORTED,,-27.289077758789062,-11.451995849609375,-22.23539911957789,-9.202257036856452,-57.07620197142694,51.230325960380696,157.5174806633295,8.115110077542711,path_segment_001,SUPPORTED,,-27.289077758789062,-11.451995849609375,-22.23539911957789,-9.202257036856452,-57.07620197142694,51.230325960380696,157.5174806633295,8.115110077542711,path_segment_001,SUPPORTED,,SUPPORTED,
60,60,2000.0,VALID_TARGET,,1.0,849.539306640625,412.44537353515625,847.5168113708496,413.04557037353516,SUPPORTED,920.3571428571429,446.25,781.0714285714286,266.7857142857143,278.57142857142867,358.92857142857144,SUPPORTED,translation_median_sparse_flow,-6.212890625,0.00217437744140625,349.0,5.950216770172119,,,SUPPORTED,partial_affine_ransac_sparse_flow,3.0078228376821046,0.44400405741785587,144.0,1.2610846290958384,0.9911609920750709,0.41260744985673353,-8.581466674804688,0.0,-2.3685760498046875,-0.00217437744140625,-11.152532577514648,10.820938110351562,179.94740189343963,0.7987432635284489,path_segment_006,SUPPORTED,,-8.581466674804688,0.0,-3.0341047460863138,1.165156441160434,-60.110306717513254,52.39548240154113,-158.99221954505543,1.0960267830496617,path_segment_001,SUPPORTED,,-8.581466674804688,0.0,-3.0341047460863138,1.165156441160434,-60.110306717513254,52.39548240154113,-158.99221954505543,1.0960267830496617,path_segment_001,SUPPORTED,,SUPPORTED,
61,61,2033.3333333333333,VALID_TARGET,HUMAN_ACCEPTED_TARGET: operator reviewed the raw skeleton and confirmed that it belongs to the documented athlete.,1.0,845.2291450500488,413.0455703735352,845.2291450500488,413.04557037353516,SUPPORTED,916.0714285714286,452.4107142857142,769.2857142857142,268.3928571428571,293.57142857142867,368.0357142857143,SUPPORTED,translation_median_sparse_flow,-6.5531005859375,-0.482452392578125,345.0,4.486972808837891,,,SUPPORTED,partial_affine_ransac_sparse_flow,3.0662038253979547,0.7150718627104902,182.0,1.2981434319160248,0.9919778774571715,0.527536231884058,-2.2876663208007812,0.0,4.265434265136719,0.482452392578125,-6.88709831237793,11.303390502929688,-6.453153737368781,1.4475825995415852,path_segment_006,SUPPORTED,,-2.2876663208007812,0.0,1.6988204582665958,2.078060021426836,-58.41148625924666,54.47354242296797,-50.733895843805705,0.9051411762295596,path_segment_001,SUPPORTED,,-2.2876663208007812,0.0,1.6988204582665958,2.078060021426836,-58.41148625924666,54.47354242296797,-50.733895843805705,0.9051411762295596,path_segment_001,SUPPORTED,,SUPPORTED,
62,62,2066.666666666667,VALID_TARGET,,1.0,836.7626647949219,413.41741943359375,836.7626647949219,413.41741943359375,SUPPORTED,911.7857142857143,458.57142857142856,757.5,270.0,308.57142857142867,377.1428571428571,SUPPORTED,translation_median_sparse_flow,-6.8082275390625,0.522613525390625,347.0,5.989939212799072,,,SUPPORTED,partial_affine_ransac_sparse_flow,3.1407262878377042,0.09751045603497166,147.0,1.1875837925784025,0.9920370222936552,0.42363112391930835,-8.466480255126953,0.37184906005859375,-1.6582527160644531,-0.15076446533203125,-8.545351028442383,11.152626037597656,174.80508384616863,0.5615106206809266,path_segment_006,SUPPORTED,,-8.466480255126953,0.37184906005859375,-3.8529768935776474,1.4752018969492156,-62.264463152824305,55.94874431991718,-159.04949219671403,1.3912992152417936,path_segment_001,SUPPORTED,,-8.466480255126953,0.37184906005859375,-3.8529768935776474,1.4752018969492156,-62.264463152824305,55.94874431991718,-159.04949219671403,1.3912992152417936,path_segment_001,SUPPORTED,,SUPPORTED,
63,63,2100.0,VALID_TARGET,,1.0,832.7057304382324,417.59671783447266,833.8774032592773,417.59671783447266,SUPPORTED,885.5357142857143,453.53571755545477,757.5,274.6071461268834,256.0714285714286,357.85714285714283,SUPPORTED,translation_median_sparse_flow,-7.1417236328125,-0.07952880859375,349.0,4.787712574005127,,,SUPPORTED,partial_affine_ransac_sparse_flow,2.130674706818655,0.7016521758257077,178.0,1.2992202605031604,0.9918712538149029,0.5100286532951289,-2.8852615356445312,4.179298400878906,4.256462097167969,4.258827209472656,-4.288888931274414,15.411453247070312,-45.01591383977321,2.030505258240545,path_segment_006,SUPPORTED,,-2.8852615356445312,4.179298400878906,2.198407222726587,6.004336475981688,-60.06605593009772,61.95308079589887,-69.89047349230444,2.156264152590035,path_segment_001,SUPPORTED,,-2.8852615356445312,4.179298400878906,2.198407222726587,6.004336475981688,-60.06605593009772,61.95308079589887,-69.89047349230444,2.156264152590035,path_segment_001,SUPPORTED,,SUPPORTED,
64,64,2133.3333333333335,VALID_TARGET,,1.0,826.4891700744629,420.470458984375,828.9759635925293,420.470458984375,SUPPORTED,859.2857142857142,448.50000653948103,757.5,279.21429225376676,203.57142857142856,338.57142857142856,SUPPORTED,translation_median_sparse_flow,-6.54022216796875,0.549285888671875,348.0,5.1319780349731445,,,SUPPORTED,partial_affine_ransac_sparse_flow,3.9220295264660523,0.27116023392732785,152.0,1.3665747899130802,0.9896188945708433,0.4367816091954023,-4.901439666748047,2.8737411499023438,1.6387825012207031,2.3244552612304688,-2.650106430053711,17.73590850830078,-54.81547937782685,0.9590893430581198,path_segment_006,SUPPORTED,,-4.901439666748047,2.8737411499023438,1.0598863105527698,4.49701816405701,-59.00616961954495,66.45009895995588,-76.73818141528594,1.5580570282133597,path_segment_001,SUPPORTED,,-4.901439666748047,2.8737411499023438,1.0598863105527698,4.49701816405701,-59.00616961954495,66.45009895995588,-76.73818141528594,1.5580570282133597,path_segment_001,SUPPORTED,,SUPPORTED,
65,65,2166.6666666666665,VALID_TARGET,,1.0,823.1591262817383,425.92579650878906,821.4239311218262,425.92579650878906,SUPPORTED,860.3571428571429,456.000006539481,746.7857142857143,298.50000653948103,227.1428571428571,314.99999999999994,SUPPORTED,translation_median_sparse_flow,-8.07025146484375,-0.2416839599609375,346.0,3.338581085205078,,,SUPPORTED,partial_affine_ransac_sparse_flow,-11.06059464975052,-0.708215612117045,163.0,0.40967623896725996,1.0004179090424532,0.47109826589595377,-7.552032470703125,5.4553375244140625,0.518218994140625,5.697021484375,-2.131887435913086,23.43292999267578,-84.80249939397198,1.9291095748068927,path_segment_006,SUPPORTED,,-7.552032470703125,5.4553375244140625,3.170315821163058,5.971687793779893,-55.83585379838189,72.42178675373577,-62.03656590148185,2.279998711497599,path_segment_001,SUPPORTED,,-7.552032470703125,5.4553375244140625,3.170315821163058,5.971687793779893,-55.83585379838189,72.42178675373577,-62.03656590148185,2.279998711497599,path_segment_001,SUPPORTED,,SUPPORTED,
66,66,2200.0,VALID_TARGET,,1.0,816.0517253875732,432.1674880981446,814.2696170806885,432.16748809814453,SUPPORTED,859.2857142857142,453.85714939662387,744.6428571428571,281.35714939662387,229.28571428571433,345.0,SUPPORTED,translation_median_sparse_flow,-8.284957885742188,1.1027450561523438,350.0,5.9590654373168945,,,SUPPORTED,partial_affine_ransac_sparse_flow,-10.964803622317591,1.2089624474282472,143.0,0.2929111294476406,1.0000466564852284,0.4085714285714286,-7.154314041137695,6.241691589355469,1.1306438446044922,5.138946533203125,-1.0012435913085938,28.571876525878906,-77.59177742102186,1.7744290466556987,path_segment_006,SUPPORTED,,-7.154314041137695,6.241691589355469,3.82491109713294,4.911147945900325,-52.01094270124895,77.3329346996361,-52.08774932079725,2.099189905796262,path_segment_001,SUPPORTED,,-7.154314041137695,6.241691589355469,3.82491109713294,4.911147945900325,-52.01094270124895,77.3329346996361,-52.08774932079725,2.099189905796262,path_segment_001,SUPPORTED,,SUPPORTED,
67,67,2233.3333333333335,VALID_TARGET,,1.0,810.1778316497803,439.01780700683594,813.7754077911377,439.01780700683594,SUPPORTED,861.4285714285714,456.000006539481,733.9285714285714,283.50000653948103,255.0,344.99999999999994,SUPPORTED,translation_median_sparse_flow,-8.472076416015625,-0.25560760498046875,348.0,3.042587995529175,,,SUPPORTED,partial_affine_ransac_sparse_flow,3.25300776892631,0.7302539481652803,174.0,1.2126317254399674,0.9914943371930579,0.5,-0.49420928955078125,6.850318908691406,7.977867126464844,7.105926513671875,6.97662353515625,35.67780303955078,-41.69161600199084,3.6027960905353242,path_segment_006,SUPPORTED,,-0.49420928955078125,6.850318908691406,3.5399959602992794,9.115864207240236,-48.47094674094967,86.44879890687633,-68.77713805046457,3.2977522276594473,path_segment_001,SUPPORTED,,-0.49420928955078125,6.850318908691406,3.5399959602992794,9.115864207240236,-48.47094674094967,86.44879890687633,-68.77713805046457,3.2977522276594473,path_segment_001,SUPPORTED,,SUPPORTED,
68,68,2266.6666666666665,VALID_TARGET,,1.0,806.0947856903076,444.29405212402344,807.5398273468018,443.2466278076172,SUPPORTED,845.3571428571429,459.21429225376676,725.3571428571429,281.35714939662387,240.0,355.7142857142858,SUPPORTED,translation_median_sparse_flow,-7.37847900390625,1.34161376953125,347.0,5.034987449645996,,,SUPPORTED,partial_affine_ransac_sparse_flow,1.0570699537947703,-2.3423658164269403,138.0,1.2095431768051044,0.9990542217280941,0.3976945244956772,-6.2355804443359375,4.22882080078125,1.1428985595703125,2.88720703125,8.119522094726562,38.56501007080078,-68.40390419074875,1.0471462560453728,path_segment_006,SUPPORTED,,-6.2355804443359375,4.22882080078125,-3.549659058221664,1.5190895083446776,-52.020605799171335,87.96788841522101,-156.83132035102716,1.302042601766188,path_segment_001,SUPPORTED,,-6.2355804443359375,4.22882080078125,-3.549659058221664,1.5190895083446776,-52.020605799171335,87.96788841522101,-156.83132035102716,1.302042601766188,path_segment_001,SUPPORTED,,SUPPORTED,
69,69,2300.0,VALID_TARGET,,1.0,807.0020065307617,444.6290740966797,800.0193462371826,445.3523712158203,SUPPORTED,827.1428571428571,433.5000065394811,714.6428571428571,274.9285779680525,225.0,317.14285714285717,SUPPORTED,translation_median_sparse_flow,-8.859954833984375,-0.10394287109375,348.0,2.7776899337768555,,,SUPPORTED,partial_affine_ransac_sparse_flow,-11.399842424875281,-0.4356194932910209,175.0,0.3817865628029138,1.0002947654728735,0.5028735632183908,-7.520481109619141,2.105743408203125,1.3394737243652344,2.209686279296875,9.458995819091797,40.774696350097656,-58.7764788299882,0.871379293226466,path_segment_006,SUPPORTED,,-7.520481109619141,2.105743408203125,3.6258858088071975,2.438841186159607,-48.39471999036414,90.40672960138062,-33.92554274175186,1.4735994732623836,path_segment_001,SUPPORTED,,-7.520481109619141,2.105743408203125,3.6258858088071975,2.438841186159607,-48.39471999036414,90.40672960138062,-33.92554274175186,1.4735994732623836,path_segment_001,SUPPORTED,,SUPPORTED,
70,70,2333.3333333333335,VALID_TARGET,,1.0,796.2345581054688,447.567985534668,798.7779121398926,445.63871002197266,SUPPORTED,818.5714285714287,434.5714351109096,701.7857142857143,266.35714939662387,233.57142857142856,336.42857142857144,SUPPORTED,translation_median_sparse_flow,-9.9495849609375,1.1799392700195312,346.0,3.5519356727600098,,,SUPPORTED,partial_affine_ransac_sparse_flow,2.9504677380852975,0.4145531952686569,161.0,1.1712177385239158,0.9907201521881926,0.4653179190751445,-1.241434097290039,0.28633880615234375,8.708150863647461,-0.8936004638671875,18.167146682739258,39.88109588623047,5.858987729987745,2.9520266625430724,path_segment_006,SUPPORTED,,-1.241434097290039,0.28633880615234375,4.393936538295975,1.9240305304514322,-44.00078345206816,92.33076013183205,-23.647798513883494,1.6175753591779476,path_segment_001,SUPPORTED,,-1.241434097290039,0.28633880615234375,4.393936538295975,1.9240305304514322,-44.00078345206816,92.33076013183205,-23.647798513883494,1.6175753591779476,path_segment_001,SUPPORTED,,SUPPORTED,
71,71,2366.6666666666665,VALID_TARGET,,1.0,789.7414398193359,445.63871002197266,787.9752349853516,445.63871002197266,SUPPORTED,813.2142857142858,432.4285779680525,701.7857142857143,257.7857208251953,222.85714285714278,349.28571428571433,SUPPORTED,translation_median_sparse_flow,-11.1138916015625,-0.19757080078125,348.0,1.0134559869766235,,,SUPPORTED,partial_affine_ransac_sparse_flow,-11.488370510619724,-0.42767714538568896,190.0,0.2767240278557941,1.000006321626139,0.5459770114942529,-10.802677154541016,0.0,0.3112144470214844,0.19757080078125,18.478361129760742,40.07866668701172,-32.40893787162147,0.12431149496693013,path_segment_006,SUPPORTED,,-10.802677154541016,0.0,0.6919557625276411,0.40458460973644605,-43.30882768954052,92.7353447415685,-30.314707533555513,0.2703045645742713,path_segment_001,SUPPORTED,,-10.802677154541016,0.0,0.6919557625276411,0.40458460973644605,-43.30882768954052,92.7353447415685,-30.314707533555513,0.2703045645742713,path_segment_001,SUPPORTED,,SUPPORTED,
72,72,2400.0,VALID_TARGET,,1.0,784.4573860168457,445.96775817871094,783.4819564819336,445.1823425292969,SUPPORTED,810.0,437.7857208251953,695.3571428571429,264.21429225376676,229.28571428571422,347.1428571428571,SUPPORTED,translation_median_sparse_flow,-11.021316528320312,1.490936279296875,349.0,1.2165522575378418,,,SUPPORTED,partial_affine_ransac_sparse_flow,-11.22947043268968,1.6770606744964585,186.0,0.29400847770224203,0.999791886588869,0.5329512893982808,-4.493278503417969,-0.45636749267578125,6.528038024902344,-1.9473037719726562,25.006399154663086,38.13136291503906,16.609761723943496,2.29727355762487,path_segment_006,SUPPORTED,,-4.493278503417969,-0.45636749267578125,6.891276400035963,-2.024940871685317,-36.41755128950456,90.71040386988318,16.374960657630908,2.4221597082266384,path_segment_001,SUPPORTED,,-4.493278503417969,-0.45636749267578125,6.891276400035963,-2.024940871685317,-36.41755128950456,90.71040386988318,16.374960657630908,2.4221597082266384,path_segment_001,SUPPORTED,,SUPPORTED,
73,73,2433.333333333333,VALID_TARGET,,1.0,772.3906288146973,441.8442077636719,779.7132759094238,445.1823425292969,SUPPORTED,790.7142857142858,437.7857208251953,682.5,268.50000653948103,216.42857142857144,338.5714285714286,SUPPORTED,translation_median_sparse_flow,-11.2545166015625,-0.0081787109375,347.0,1.057098388671875,,,SUPPORTED,partial_affine_ransac_sparse_flow,-11.601424096191524,-0.27520124476204827,189.0,0.29186425687314976,1.0000061065820742,0.5446685878962536,-3.7686805725097656,0.0,7.485836029052734,0.0081787109375,32.49223518371582,38.13954162597656,-0.06259894423310093,2.5244121461744875,path_segment_006,SUPPORTED,,-3.7686805725097656,0.0,7.861003473799315,0.21433256805437395,-28.556547815705244,90.92473643793755,-1.5617993177993403,2.651911621558844,path_segment_001,SUPPORTED,,-3.7686805725097656,0.0,7.861003473799315,0.21433256805437395,-28.556547815705244,90.92473643793755,-1.5617993177993403,2.651911621558844,path_segment_001,SUPPORTED,,SUPPORTED,
74,74,2466.666666666667,VALID_TARGET,,1.0,758.8876686096191,441.881950378418,758.8876686096191,445.3337631225586,SUPPORTED,781.4285714285713,440.42857578822543,668.2142857142857,270.42857578822543,226.42857142857144,340.0,SUPPORTED,translation_median_sparse_flow,-11.3302001953125,1.785247802734375,349.0,0.7923554182052612,,,SUPPORTED,partial_affine_ransac_sparse_flow,-11.310260066604183,1.8840629952246517,202.0,0.22315763975169003,0.9998164350171054,0.5787965616045845,-20.825607299804688,0.15142059326171875,-9.495407104492188,-1.6338272094726562,22.996828079223633,36.505714416503906,170.23700163942752,3.249143482826497,path_segment_006,SUPPORTED,,-20.825607299804688,0.15142059326171875,-9.352743252855248,-1.6850318322225917,-37.90929106856049,89.23970460571496,169.78690002129588,3.2047574043189675,path_segment_001,SUPPORTED,,-20.825607299804688,0.15142059326171875,-9.352743252855248,-1.6850318322225917,-37.90929106856049,89.23970460571496,169.78690002129588,3.2047574043189675,path_segment_001,SUPPORTED,,SUPPORTED,
75,75,2500.0,VALID_TARGET,,1.0,753.308708190918,448.8725891113281,745.4214019775391,446.58494567871094,SUPPORTED,772.1428571428571,443.0714307512556,653.9285714285714,272.3571450369699,236.42857142857144,341.42857142857144,SUPPORTED,translation_median_sparse_flow,-11.018898010253906,0.0001678466796875,348.0,0.958359956741333,,,SUPPORTED,partial_affine_ransac_sparse_flow,-11.216787625914883,0.020004414017052004,196.0,0.288527426028155,0.9998477987974295,0.5632183908045977,-13.466266632080078,1.2511825561523438,-2.447368621826172,1.2510147094726562,20.54945945739746,37.75672912597656,-152.92536912840606,0.9268872202425099,path_segment_006,SUPPORTED,,-13.466266632080078,1.2511825561523438,-2.127860947779709,1.2885390955203206,-40.0371520163402,90.52824370123528,-148.80274440444032,0.8388788370613909,path_segment_001,SUPPORTED,,-13.466266632080078,1.2511825561523438,-2.127860947779709,1.2885390955203206,-40.0371520163402,90.52824370123528,-148.80274440444032,0.8388788370613909,path_segment_001,SUPPORTED,,SUPPORTED,
76,76,2533.333333333333,VALID_TARGET,,1.0,744.6765480041504,453.6232223510742,744.6765480041504,448.8725891113281,SUPPORTED,762.8571428571429,445.71428571428567,639.6428571428571,274.2857142857143,246.42857142857144,342.85714285714283,SUPPORTED,translation_median_sparse_flow,-11.003005981445312,1.9396514892578125,350.0,1.0563673973083496,,,SUPPORTED,partial_affine_ransac_sparse_flow,-10.958998781496298,1.916116962031723,191.0,0.21902768374156117,0.9997365833248489,0.5457142857142857,-0.7448539733886719,2.2876434326171875,10.25815200805664,0.347991943359375,30.8076114654541,38.10472106933594,-1.9429256379220312,3.4612946545120264,path_segment_006,SUPPORTED,,-0.7448539733886719,2.2876434326171875,10.458676657559067,0.4087617785167481,-29.578475358781134,90.93700547975203,-2.2381809295203436,3.5296193542195864,path_segment_001,SUPPORTED,,-0.7448539733886719,2.2876434326171875,10.458676657559067,0.4087617785167481,-29.578475358781134,90.93700547975203,-2.2381809295203436,3.5296193542195864,path_segment_001,SUPPORTED,,SUPPORTED,
77,77,2566.666666666667,VALID_TARGET,,1.0,732.9420204162598,446.58494567871094,735.4721221923828,449.6799545288086,SUPPORTED,753.8095238095237,447.7380952380952,632.7380952380952,278.3333333333333,242.14285714285717,338.8095238095238,SUPPORTED,translation_median_sparse_flow,-10.98455810546875,0.04103851318359375,348.0,0.7957713603973389,,,SUPPORTED,partial_affine_ransac_sparse_flow,-11.037182234978797,0.3830911816873633,205.0,0.25806749149685987,0.9998217545490576,0.5890804597701149,-9.204425811767578,0.8073654174804688,1.7801322937011719,0.766326904296875,32.58774375915527,38.87104797363281,-23.29133351118932,0.6535666428774667,path_segment_006,SUPPORTED,,-9.204425811767578,0.8073654174804688,1.9110237311651872,0.5946580088175324,-27.667451627615947,91.53166348856956,-17.284704608187567,0.6749243534685213,path_segment_001,SUPPORTED,,-9.204425811767578,0.8073654174804688,1.9110237311651872,0.5946580088175324,-27.667451627615947,91.53166348856956,-17.284704608187567,0.6749243534685213,path_segment_001,SUPPORTED,,SUPPORTED,
78,78,2600.0,VALID_TARGET,,1.0,714.4445991516113,449.6799545288086,713.2589073181152,453.6232223510742,SUPPORTED,744.7619047619047,449.7619047619047,625.8333333333333,282.38095238095235,237.8571428571429,334.76190476190476,SUPPORTED,translation_median_sparse_flow,-10.75238037109375,2.0797653198242188,348.0,0.9325344562530518,,,SUPPORTED,partial_affine_ransac_sparse_flow,1.965268825935087,0.5078117092200956,211.0,1.4751849734430125,0.9924797981704971,0.6063218390804598,-22.213214874267578,3.943267822265625,-11.460834503173828,1.8635025024414062,21.126909255981445,40.73455047607422,-170.76467383003595,3.9156357015403764,path_segment_006,SUPPORTED,,-22.213214874267578,3.943267822265625,-17.381889892650406,4.75360338750437,-45.04934152026635,96.28526687607393,-164.7047339717244,6.0768537717517,path_segment_001,SUPPORTED,,-22.213214874267578,3.943267822265625,-17.381889892650406,4.75360338750437,-45.04934152026635,96.28526687607393,-164.7047339717244,6.0768537717517,path_segment_001,SUPPORTED,,SUPPORTED,
79,79,2633.3333333333335,VALID_TARGET,,1.0,703.9249572753906,457.74900817871094,702.5805473327637,454.40602111816406,SUPPORTED,735.7142857142858,451.7857142857143,618.9285714285714,286.42857142857144,233.57142857142858,330.71428571428567,SUPPORTED,translation_median_sparse_flow,-10.508575439453125,0.1891021728515625,350.0,1.057216763496399,,,SUPPORTED,partial_affine_ransac_sparse_flow,-10.352404906483796,0.3130168018243368,202.0,0.3199440784585743,0.9997299637941337,0.5771428571428572,-10.678359985351562,0.7827987670898438,-0.1697845458984375,0.5936965942382812,20.957124710083008,41.3282470703125,-105.95939830082243,0.20823536234972675,path_segment_006,SUPPORTED,,-10.678359985351562,0.7827987670898438,-0.019903517785792246,0.4139482477276033,-45.069245038052145,96.69921512380154,-92.75278364422694,0.1397549444800564,path_segment_001,SUPPORTED,,-10.678359985351562,0.7827987670898438,-0.019903517785792246,0.4139482477276033,-45.069245038052145,96.69921512380154,-92.75278364422694,0.1397549444800564,path_segment_001,SUPPORTED,,SUPPORTED,
80,80,2666.6666666666665,VALID_TARGET,,1.0,691.3494853973389,454.96641540527344,691.3494853973389,454.96641540527344,SUPPORTED,726.6666666666666,453.8095238095238,612.0238095238095,290.4761904761905,229.2857142857143,326.66666666666663,SUPPORTED,translation_median_sparse_flow,-10.0789794921875,2.1187896728515625,348.0,0.8545966148376465,,,SUPPORTED,partial_affine_ransac_sparse_flow,-10.015975334424041,2.25197932161334,209.0,0.29740753088210864,0.9997374553564523,0.6005747126436781,-11.231061935424805,0.560394287109375,-1.1520824432373047,-1.5583953857421875,19.805042266845703,39.76985168457031,126.47458335087885,0.6535459562860811,path_segment_006,SUPPORTED,,-11.231061935424805,0.560394287109375,-0.9940951300217193,-1.6287632942770642,-46.063340168073864,95.07045182952447,121.39727737986843,0.6434809536826818,path_segment_001,SUPPORTED,,-11.231061935424805,0.560394287109375,-0.9940951300217193,-1.6287632942770642,-46.063340168073864,95.07045182952447,121.39727737986843,0.6434809536826818,path_segment_001,SUPPORTED,,SUPPORTED,
81,81,2700.0,VALID_TARGET,,1.0,680.8547477722168,454.40602111816406,680.8547477722168,457.74900817871094,SUPPORTED,717.6190476190476,455.8333333333333,605.1190476190476,294.5238095238095,225.00000000000003,322.6190476190476,SUPPORTED,translation_median_sparse_flow,-9.624221801757812,0.040065765380859375,348.0,0.9807972311973572,,,SUPPORTED,partial_affine_ransac_sparse_flow,2.065901723852495,0.4856835385226806,220.0,1.5074039845226161,0.9916087848500624,0.632183908045977,-10.49473762512207,2.7825927734375,-0.8705158233642578,2.7425270080566406,18.934526443481445,42.51237869262695,-107.61015475184966,0.970320591189416,path_segment_006,SUPPORTED,,-10.49473762512207,2.7825927734375,-5.766039490746152,4.608799308575215,-51.82937965882002,99.67925113809969,-141.36463170285458,2.489264765122149,path_segment_001,SUPPORTED,,-10.49473762512207,2.7825927734375,-5.766039490746152,4.608799308575215,-51.82937965882002,99.67925113809969,-141.36463170285458,2.489264765122149,path_segment_001,SUPPORTED,,SUPPORTED,
82,82,2733.3333333333335,VALID_TARGET,,1.0,677.1702423095703,462.6729507446289,677.1702423095703,460.4842529296875,SUPPORTED,708.5714285714286,457.85714285714283,598.2142857142857,298.57142857142856,220.71428571428575,318.57142857142856,SUPPORTED,translation_median_sparse_flow,-8.957763671875,2.429046630859375,349.0,1.2897584438323975,,,SUPPORTED,partial_affine_ransac_sparse_flow,1.3767735844035418,0.1941291282080967,234.0,1.535534642968343,0.9937326064511058,0.670487106017192,-3.6845054626464844,2.7352447509765625,5.273258209228516,0.3061981201171875,24.20778465270996,42.81857681274414,-3.323217187523015,1.7812695742927884,path_segment_006,SUPPORTED,,-3.6845054626464844,2.7352447509765625,0.6493193444061944,3.2704008750727667,-51.18006031441382,102.94965201317245,-78.77028931549577,1.1243879440714675,path_segment_001,SUPPORTED,,-3.6845054626464844,2.7352447509765625,0.6493193444061944,3.2704008750727667,-51.18006031441382,102.94965201317245,-78.77028931549577,1.1243879440714675,path_segment_001,SUPPORTED,,SUPPORTED,
83,83,2766.6666666666665,VALID_TARGET,,1.0,665.376070022583,462.49112701416016,665.376070022583,460.4842529296875,SUPPORTED,699.5238095238096,459.8809523809524,591.3095238095239,302.61904761904765,216.42857142857144,314.52380952380946,SUPPORTED,translation_median_sparse_flow,-8.250732421875,0.18719482421875,349.0,0.9182246327400208,,,SUPPORTED,partial_affine_ransac_sparse_flow,2.115973788625449,0.29093393249847105,243.0,1.3558753324041593,0.9933402249830251,0.6962750716332379,-11.794172286987305,0.0,-3.5434398651123047,-0.18719482421875,20.664344787597656,42.63138198852539,176.9759576276542,1.1966025981160882,path_segment_006,SUPPORTED,,-11.794172286987305,0.0,-8.649777751963711,1.6739759380804458,-59.82983806637753,104.6236279512529,-169.04705210857665,2.9710426803185976,path_segment_001,SUPPORTED,,-11.794172286987305,0.0,-8.649777751963711,1.6739759380804458,-59.82983806637753,104.6236279512529,-169.04705210857665,2.9710426803185976,path_segment_001,SUPPORTED,,SUPPORTED,
84,84,2800.0,VALID_TARGET,,1.0,663.8766460418701,460.4842529296875,665.0106830596924,460.4842529296875,SUPPORTED,690.4761904761905,461.9047619047619,584.4047619047619,306.6666666666667,212.14285714285717,310.4761904761904,SUPPORTED,translation_median_sparse_flow,-7.3206787109375,1.904541015625,346.0,1.0745964050292969,,,SUPPORTED,partial_affine_ransac_sparse_flow,2.296051172893391,-0.32112741780231474,228.0,1.1174094523396692,0.9938932496063504,0.6589595375722543,-0.365386962890625,0.0,6.955291748046875,-1.904541015625,27.61963653564453,40.72684097290039,15.3137064771994,2.4318422158602555,path_segment_006,SUPPORTED,,-0.365386962890625,0.0,2.8229541514351695,1.0865461489571544,-57.006883914942364,105.71017410021005,-21.051558080408824,1.0200512586305635,path_segment_001,SUPPORTED,,-0.365386962890625,0.0,2.8229541514351695,1.0865461489571544,-57.006883914942364,105.71017410021005,-21.051558080408824,1.0200512586305635,path_segment_001,SUPPORTED,,SUPPORTED,
85,85,2833.3333333333335,VALID_TARGET,,1.0,660.8244190216064,459.2771606445313,661.8848133087158,459.27716064453125,SUPPORTED,681.4285714285714,463.92857142857144,577.5,310.7142857142857,207.8571428571429,306.4285714285714,SUPPORTED,translation_median_sparse_flow,-6.45904541015625,0.0302276611328125,348.0,1.072561264038086,,,SUPPORTED,partial_affine_ransac_sparse_flow,1.2593820682630117,0.3361862097226419,278.0,1.2491542806358333,0.9949690257024453,0.7988505747126436,-3.1258697509765625,-1.20709228515625,3.3331756591796875,-1.2373199462890625,30.95281219482422,39.48952102661133,20.365607866705172,1.1989767507857911,path_segment_006,SUPPORTED,,-3.1258697509765625,-1.20709228515625,-0.523452355800714,0.028904077818822316,-57.53033627074308,105.73907817802888,-176.83944189427544,0.17679009739814447,path_segment_001,SUPPORTED,,-3.1258697509765625,-1.20709228515625,-0.523452355800714,0.028904077818822316,-57.53033627074308,105.73907817802888,-176.83944189427544,0.17679009739814447,path_segment_001,SUPPORTED,,SUPPORTED,
86,86,2866.6666666666665,VALID_TARGET,,1.0,662.0147590637207,457.0028305053711,653.3107585906982,457.0028305053711,SUPPORTED,681.4285714285714,463.92857142857144,577.5,310.7142857142857,207.8571428571429,306.4285714285714,SUPPORTED,translation_median_sparse_flow,-5.4075927734375,1.9615478515625,349.0,1.1987650394439697,,,SUPPORTED,partial_affine_ransac_sparse_flow,1.20551028654259,-0.00757111015727474,265.0,1.0571265021304606,0.9959405168712036,0.7593123209169055,-8.574054718017578,-2.2743301391601562,-3.166461944580078,-4.235877990722656,27.78635025024414,35.25364303588867,126.77935648901168,1.7834431751990658,path_segment_006,SUPPORTED,,-8.574054718017578,-2.2743301391601562,-6.050434058828841,-1.9006804945310591,-63.58077032957192,103.83839768349782,162.56043483893896,2.1386639718579965,path_segment_001,SUPPORTED,,-8.574054718017578,-2.2743301391601562,-6.050434058828841,-1.9006804945310591,-63.58077032957192,103.83839768349782,162.56043483893896,2.1386639718579965,path_segment_001,SUPPORTED,,SUPPORTED,
87,87,2900.0,VALID_TARGET,,1.0,649.2659034729004,455.6807098388672,645.8723793029785,455.6807098388672,SUPPORTED,681.4285714285714,463.92857142857144,577.5,310.7142857142857,207.8571428571429,306.4285714285714,SUPPORTED,translation_median_sparse_flow,-4.3714599609375,-0.00811767578125,349.0,0.7367855310440063,,,SUPPORTED,partial_affine_ransac_sparse_flow,0.6610509735778952,0.4520487374143045,291.0,0.8906771318359509,0.9965664745175894,0.833810888252149,-7.438379287719727,-1.3221206665039062,-3.0669193267822266,-1.3140029907226562,24.719430923461914,33.939640045166016,156.80758100941276,1.1251695114868663,path_segment_006,SUPPORTED,,-7.438379287719727,-1.3221206665039062,-5.664507673778758,-0.47905216857856203,-69.24527800335068,103.35934551491926,175.16595067477786,1.917032254379777,path_segment_001,SUPPORTED,,-7.438379287719727,-1.3221206665039062,-5.664507673778758,-0.47905216857856203,-69.24527800335068,103.35934551491926,175.16595067477786,1.917032254379777,path_segment_001,SUPPORTED,,SUPPORTED,
88,88,2933.333333333333,VALID_TARGET,,1.0,643.4815254211426,447.23490142822266,639.3200645446777,447.70648193359375,SUPPORTED,681.4285714285714,463.92857142857144,577.5,310.7142857142857,207.8571428571429,306.4285714285714,SUPPORTED,translation_median_sparse_flow,-3.3734130859375,1.23199462890625,349.0,0.9338259100914001,,,SUPPORTED,partial_affine_ransac_sparse_flow,0.6256986926249936,-0.12811277093125822,281.0,0.8228325359892026,0.9973985097185453,0.8051575931232091,-6.552314758300781,-7.9742279052734375,-3.1789016723632812,-9.206222534179688,21.540529251098633,24.733417510986328,109.04975463947123,3.2844385110829513,path_segment_006,SUPPORTED,,-6.552314758300781,-7.9742279052734375,-4.722034597644779,-7.758208259245407,-73.96731260099546,95.60113725567385,121.32679043375803,3.06276387128878,path_segment_001,SUPPORTED,,-6.552314758300781,-7.9742279052734375,-4.722034597644779,-7.758208259245407,-73.96731260099546,95.60113725567385,121.32679043375803,3.06276387128878,path_segment_001,SUPPORTED,,SUPPORTED,
89,89,2966.666666666667,VALID_TARGET,,1.0,633.6973762512207,446.6542053222656,638.0524520874023,447.70648193359375,SUPPORTED,681.4285714285714,463.92857142857144,577.5,310.7142857142857,207.8571428571429,306.4285714285714,SUPPORTED,translation_median_sparse_flow,-2.2760009765625,-0.462310791015625,349.0,0.8527953624725342,,,SUPPORTED,partial_affine_ransac_sparse_flow,-0.3485752996670569,0.4062953644734713,312.0,0.8152520366930343,0.9986634478115921,0.8939828080229226,-1.2676124572753906,0.0,1.0083885192871094,0.462310791015625,22.548917770385742,25.195728302001953,-24.62979636517125,0.3740885227438115,path_segment_006,SUPPORTED,,-1.2676124572753906,0.0,-0.21733136379032203,0.41033362714750865,-74.18464396478578,96.01147088282136,-117.90773080314041,0.15658520481565183,path_segment_001,SUPPORTED,,-1.2676124572753906,0.0,-0.21733136379032203,0.41033362714750865,-74.18464396478578,96.01147088282136,-117.90773080314041,0.15658520481565183,path_segment_001,SUPPORTED,,SUPPORTED,
90,90,3000.0,VALID_TARGET,,1.0,630.8176860809326,441.28343200683594,635.6629085540771,447.23490142822266,SUPPORTED,681.4285714285714,463.92857142857144,577.5,310.7142857142857,207.8571428571429,306.4285714285714,SUPPORTED,translation_median_sparse_flow,-1.3048095703125,0.67828369140625,347.0,0.8255860805511475,,,SUPPORTED,partial_affine_ransac_sparse_flow,-0.23465054150430942,0.17454230244413607,307.0,0.6176321065418208,0.9994187886261637,0.8847262247838616,-2.3895435333251953,-0.47158050537109375,-1.0847339630126953,-1.1498641967773438,21.464183807373047,24.04586410522461,133.33051354737282,0.5330752513838326,path_segment_006,SUPPORTED,,-2.3895435333251953,-0.47158050537109375,-1.4494990949335715,-0.8623193983064539,-75.63414305971935,95.1491514845149,149.2512245148047,0.568765871852573,path_segment_001,SUPPORTED,,-2.3895435333251953,-0.47158050537109375,-1.4494990949335715,-0.8623193983064539,-75.63414305971935,95.1491514845149,149.2512245148047,0.568765871852573,path_segment_001,SUPPORTED,,SUPPORTED,
91,91,3033.333333333333,VALID_TARGET,,1.0,638.0524520874023,450.20045471191406,635.6629085540771,448.27725982666016,SUPPORTED,681.4285714285714,463.92857142857144,577.5,310.7142857142857,207.8571428571429,306.4285714285714,SUPPORTED,translation_median_sparse_flow,-0.35198974609375,-0.8114166259765625,350.0,0.7265647649765015,,,SUPPORTED,partial_affine_ransac_sparse_flow,-0.09822066554347515,-0.1009588514748872,318.0,0.43177941715436874,0.9996492329288885,0.9085714285714286,0.0,1.0423583984375,0.35198974609375,1.8537750244140625,21.816173553466797,25.899639129638672,-79.2488198110912,0.6363085872361417,path_segment_006,SUPPORTED,,0.0,1.0423583984375,0.07192423530625547,1.6546888177089158,-75.5622188244131,96.80384030222382,-87.51109533068585,0.5585292334258868,path_segment_001,SUPPORTED,,0.0,1.0423583984375,0.07192423530625547,1.6546888177089158,-75.5622188244131,96.80384030222382,-87.51109533068585,0.5585292334258868,path_segment_001,SUPPORTED,,SUPPORTED,
92,92,3066.666666666667,VALID_TARGET,,1.0,635.214521408081,447.5543670654297,638.0524520874023,450.20045471191406,SUPPORTED,681.4285714285714,463.92857142857144,577.5,310.7142857142857,207.8571428571429,306.4285714285714,SUPPORTED,translation_median_sparse_flow,0.23162841796875,0.2355499267578125,350.0,0.330223023891449,,,SUPPORTED,partial_affine_ransac_sparse_flow,0.15814146302705237,0.1685152678984948,326.0,0.2805075063249761,1.0001176046877427,0.9314285714285714,2.3895435333251953,1.9231948852539062,2.1579151153564453,1.6876449584960938,23.974088668823242,27.587284088134766,-38.02796675080415,0.9238205281728226,path_segment_006,SUPPORTED,,2.3895435333251953,1.9231948852539062,2.191828779401817,1.652073403222687,-73.37039004501128,98.4559137054465,-37.00686780340045,0.9255863326451078,path_segment_001,SUPPORTED,,2.3895435333251953,1.9231948852539062,2.191828779401817,1.652073403222687,-73.37039004501128,98.4559137054465,-37.00686780340045,0.9255863326451078,path_segment_001,SUPPORTED,,SUPPORTED,
93,93,3100.0,VALID_TARGET,,1.0,644.7513618469238,453.99720001220703,641.5888080596924,450.3874816894531,SUPPORTED,681.4285714285714,463.92857142857144,577.5,310.7142857142857,207.8571428571429,306.4285714285714,SUPPORTED,translation_median_sparse_flow,0.697845458984375,-1.0915985107421875,350.0,0.6423065066337585,,,SUPPORTED,partial_affine_ransac_sparse_flow,0.14744519087460678,-0.17912764986847737,332.0,0.5519749855422416,1.0001699287648387,0.9485714285714286,3.536355972290039,0.1870269775390625,2.838510513305664,1.27862548828125,26.812599182128906,28.865909576416016,-24.249492174915744,1.0498492839895508,path_segment_006,SUPPORTED,,3.536355972290039,0.1870269775390625,2.8913485844250317,0.8416710764476534,-70.47904146058625,99.29758478189416,-16.230268934913585,1.0155067048837088,path_segment_001,SUPPORTED,,3.536355972290039,0.1870269775390625,2.8913485844250317,0.8416710764476534,-70.47904146058625,99.29758478189416,-16.230268934913585,1.0155067048837088,path_segment_001,SUPPORTED,,SUPPORTED,
94,94,3133.3333333333335,VALID_TARGET,,1.0,642.2312755584717,451.2236633300781,642.191219329834,451.2236633300781,SUPPORTED,681.4285714285714,463.92857142857144,577.5,310.7142857142857,207.8571428571429,306.4285714285714,SUPPORTED,translation_median_sparse_flow,0.849945068359375,0.405487060546875,350.0,0.672950029373169,,,SUPPORTED,partial_affine_ransac_sparse_flow,0.34479771260993725,0.04776517674919978,346.0,0.5056135460786952,1.0004030147199112,0.9885714285714285,0.6024112701416016,0.836181640625,-0.24753379821777344,0.430694580078125,26.565065383911133,29.29660415649414,-119.88734469218763,0.16751996694816354,path_segment_006,SUPPORTED,,0.6024112701416016,0.836181640625,0.1429318904167758,0.40200091179895026,-70.33610957016947,99.69958569369311,-70.4270977634899,0.14387861755154985,path_segment_001,SUPPORTED,,0.6024112701416016,0.836181640625,0.1429318904167758,0.40200091179895026,-70.33610957016947,99.69958569369311,-70.4270977634899,0.14387861755154985,path_segment_001,SUPPORTED,,SUPPORTED,
95,95,3166.6666666666665,VALID_TARGET,,1.0,641.5888080596924,450.06585693359375,642.2312755584717,453.99720001220703,SUPPORTED,681.4285714285714,463.92857142857144,577.5,310.7142857142857,207.8571428571429,306.4285714285714,SUPPORTED,translation_median_sparse_flow,1.337799072265625,-4.57763671875e-05,350.0,0.25408831238746643,,,SUPPORTED,partial_affine_ransac_sparse_flow,0.21030358258424184,-0.04818560925955701,306.0,0.41528241185772985,1.000749346496556,0.8742857142857143,0.04005622863769531,2.7735366821289062,-1.2977428436279297,2.7735824584960938,25.267322540283203,32.070186614990234,-115.07461595942841,1.0326407158581818,path_segment_006,SUPPORTED,,0.04005622863769531,2.7735366821289062,-0.7315220507595086,2.597551135962533,-71.06763162092898,102.29713682965564,-105.72827525226373,0.9100323895101464,path_segment_001,SUPPORTED,,0.04005622863769531,2.7735366821289062,-0.7315220507595086,2.597551135962533,-71.06763162092898,102.29713682965564,-105.72827525226373,0.9100323895101464,path_segment_001,SUPPORTED,,SUPPORTED,
96,96,3200.0,VALID_TARGET,,1.0,645.1084861755371,460.84710693359375,642.1140689849854,458.38795471191406,SUPPORTED,681.4285714285714,463.92857142857144,577.5,310.7142857142857,207.8571428571429,306.4285714285714,SUPPORTED,translation_median_sparse_flow,0.19775390625,-0.5788650512695312,350.0,0.5901890993118286,,,SUPPORTED,partial_affine_ransac_sparse_flow,0.05565613464067279,-0.072617364949208,322.0,0.3273549239811151,0.9999621705532278,0.92,-0.11720657348632812,4.390754699707031,-0.3149604797363281,4.9696197509765625,24.952362060546875,37.0398063659668,-93.62639471506044,1.6792420970399753,path_segment_006,SUPPORTED,,-0.11720657348632812,4.390754699707031,-0.36103949085543263,4.78126198729575,-71.42867111178441,107.07839881695139,-94.31828585825765,1.6169510844412385,path_segment_001,SUPPORTED,,-0.11720657348632812,4.390754699707031,-0.36103949085543263,4.78126198729575,-71.42867111178441,107.07839881695139,-94.31828585825765,1.6169510844412385,path_segment_001,SUPPORTED,,SUPPORTED,
97,97,3233.3333333333335,VALID_TARGET,,1.0,641.3121566772461,458.5735397338867,643.0803756713867,459.1736755371094,SUPPORTED,681.4285714285714,463.92857142857144,577.5,310.7142857142857,207.8571428571429,306.4285714285714,SUPPORTED,translation_median_sparse_flow,0.0,1.1459922790527344,350.0,0.6023814082145691,,,SUPPORTED,partial_affine_ransac_sparse_flow,0.0477526344854476,0.13283961322050258,319.0,0.4708884270582986,1.0001624275642638,0.9114285714285715,0.9663066864013672,0.7857208251953125,0.9663066864013672,-0.3602714538574219,25.918668746948242,36.679534912109375,20.447137725456482,0.34777427177175585,path_segment_006,SUPPORTED,,0.9663066864013672,0.7857208251953125,1.2033837890364794,0.03382262537161296,-70.22528732274793,107.112221442323,-1.609946600270457,0.40597128752814954,path_segment_001,SUPPORTED,,0.9663066864013672,0.7857208251953125,1.2033837890364794,0.03382262537161296,-70.22528732274793,107.112221442323,-1.609946600270457,0.40597128752814954,path_segment_001,SUPPORTED,,SUPPORTED,
98,98,3266.6666666666665,VALID_TARGET,,1.0,639.1202564239502,458.9880905151367,643.4444484710693,460.6461868286133,SUPPORTED,681.4285714285714,463.92857142857144,577.5,310.7142857142857,207.8571428571429,306.4285714285714,SUPPORTED,translation_median_sparse_flow,-0.01092529296875,-0.216583251953125,350.0,0.21949617564678192,,,SUPPORTED,partial_affine_ransac_sparse_flow,0.007424536409923563,-0.11394120309268638,311.0,0.20747291129148582,0.9998839452002413,0.8885714285714286,0.3640727996826172,1.4725112915039062,0.3749980926513672,1.6890945434570312,26.29366683959961,38.368629455566406,-77.48270849737698,0.5834736063958261,path_segment_006,SUPPORTED,,0.3640727996826172,1.4725112915039062,0.36635690234186313,1.7306824384226047,-69.85893042040607,108.84290388074561,-78.04786932145596,0.5965621817852883,path_segment_001,SUPPORTED,,0.3640727996826172,1.4725112915039062,0.36635690234186313,1.7306824384226047,-69.85893042040607,108.84290388074561,-78.04786932145596,0.5965621817852883,path_segment_001,SUPPORTED,,SUPPORTED,
99,99,3300.0,VALID_TARGET,,1.0,646.3252468109131,461.0340576171875,643.5629806518555,461.0340576171875,SUPPORTED,681.4285714285714,463.92857142857144,577.5,310.7142857142857,207.8571428571429,306.4285714285714,SUPPORTED,translation_median_sparse_flow,-0.010009765625,1.1917724609375,350.0,0.5684576034545898,,,SUPPORTED,partial_affine_ransac_sparse_flow,-0.01353229581227364,0.08325393054107733,309.0,0.4321786454309412,1.0001728404666068,0.8828571428571429,0.11853218078613281,0.38787078857421875,0.1285419464111328,-0.8039016723632812,26.422208786010742,37.564727783203125,80.91544392367616,0.2745394088434609,path_segment_006,SUPPORTED,,0.11853218078613281,0.38787078857421875,0.42844781007227084,-0.343813170749911,-69.4304826103338,108.4990907099957,38.74572540364915,0.18525133110746703,path_segment_001,SUPPORTED,,0.11853218078613281,0.38787078857421875,0.42844781007227084,-0.343813170749911,-69.4304826103338,108.4990907099957,38.74572540364915,0.18525133110746703,path_segment_001,SUPPORTED,,SUPPORTED,
100,100,3333.3333333333335,VALID_TARGET,,1.0,644.2125339508057,468.01705169677734,647.0933322906494,468.01705169677734,SUPPORTED,681.4285714285714,463.92857142857144,577.5,310.7142857142857,207.8571428571429,306.4285714285714,SUPPORTED,translation_median_sparse_flow,6.103515625e-05,-0.4456939697265625,350.0,0.44544678926467896,,,SUPPORTED,partial_affine_ransac_sparse_flow,-0.09358004996203909,-0.1254718305952869,317.0,0.27657665430804096,0.9999851969472384,0.9057142857142857,3.5303516387939453,6.982994079589844,3.5302906036376953,7.428688049316406,29.952499389648438,44.99341583251953,-64.58181274750187,2.7736286922495186,path_segment_006,SUPPORTED,,3.5303516387939453,6.982994079589844,3.4873236496149502,7.3193501763884115,-65.94315896071885,115.81844088638411,-64.5244122218858,2.734108574434254,path_segment_001,SUPPORTED,,3.5303516387939453,6.982994079589844,3.4873236496149502,7.3193501763884115,-65.94315896071885,115.81844088638411,-64.5244122218858,2.734108574434254,path_segment_001,SUPPORTED,,SUPPORTED,
101,101,3366.6666666666665,VALID_TARGET,,1.0,655.2993392944336,470.1554870605469,653.6688652038574,470.1554870605469,SUPPORTED,681.4285714285714,463.92857142857144,577.5,310.7142857142857,207.8571428571429,306.4285714285714,SUPPORTED,translation_median_sparse_flow,0.534423828125,0.04723358154296875,350.0,0.4231531620025635,,,SUPPORTED,partial_affine_ransac_sparse_flow,-0.0002116846235438767,-0.0658022203567962,305.0,0.25005070767048987,1.0004584557156477,0.8714285714285714,6.575532913208008,2.1384353637695312,6.041109085083008,2.0912017822265625,35.993608474731445,47.084617614746094,-19.093903932886338,2.155817745175554,path_segment_006,SUPPORTED,,6.575532913208008,2.1384353637695312,6.320450341013839,1.9324793623225105,-59.62270861970501,117.75092024870662,-17.001026097927333,2.2288137465505318,path_segment_001,SUPPORTED,,6.575532913208008,2.1384353637695312,6.320450341013839,1.9324793623225105,-59.62270861970501,117.75092024870662,-17.001026097927333,2.2288137465505318,path_segment_001,SUPPORTED,,SUPPORTED,
102,102,3400.0,VALID_TARGET,,1.0,655.2361526489258,480.6129150390625,655.2993392944336,480.6129150390625,SUPPORTED,681.4285714285714,463.92857142857144,577.5,310.7142857142857,207.8571428571429,306.4285714285714,SUPPORTED,translation_median_sparse_flow,0.43255615234375,0.522430419921875,350.0,0.6777377128601074,,,SUPPORTED,partial_affine_ransac_sparse_flow,0.2677126276059318,-0.059600003295178484,333.0,0.37025692147057904,1.0002189302047813,0.9514285714285714,1.6304740905761719,10.457427978515625,1.1979179382324219,9.93499755859375,37.19152641296387,57.019615173339844,-83.12471952514845,3.374595442805329,path_segment_006,SUPPORTED,,1.6304740905761719,10.457427978515625,1.4569883052901105,10.084299943349492,-58.1657203144149,127.83522019205611,-81.77874707468659,3.4359882572040825,path_segment_001,SUPPORTED,,1.6304740905761719,10.457427978515625,1.4569883052901105,10.084299943349492,-58.1657203144149,127.83522019205611,-81.77874707468659,3.4359882572040825,path_segment_001,SUPPORTED,,SUPPORTED,
103,103,3433.333333333333,VALID_TARGET,,1.0,660.7234115600586,482.9433059692383,662.290699005127,482.9433059692383,SUPPORTED,681.4285714285714,463.92857142857144,577.5,310.7142857142857,207.8571428571429,306.4285714285714,SUPPORTED,translation_median_sparse_flow,0.61163330078125,-0.87432861328125,350.0,0.6144070029258728,,,SUPPORTED,partial_affine_ransac_sparse_flow,0.29299764037429754,-0.2827063261622528,335.0,0.5633994788440112,1.0000198955403978,0.9571428571428572,6.991359710693359,2.3303909301757812,6.379726409912109,3.2047195434570312,43.57125282287598,60.224334716796875,-26.67169053085944,2.4075862263725285,path_segment_006,SUPPORTED,,6.991359710693359,2.3303909301757812,6.3795262542789715,3.0207591205518156,-51.78619406013593,130.85597931260793,-25.337947082941554,2.3803242151436947,path_segment_001,SUPPORTED,,6.991359710693359,2.3303909301757812,6.3795262542789715,3.0207591205518156,-51.78619406013593,130.85597931260793,-25.337947082941554,2.3803242151436947,path_segment_001,SUPPORTED,,SUPPORTED,
104,104,3466.666666666667,VALID_TARGET,,1.0,679.1432838439941,492.8154602050781,664.2556304931641,492.8154602050781,SUPPORTED,681.4285714285714,463.92857142857144,577.5,310.7142857142857,207.8571428571429,306.4285714285714,SUPPORTED,translation_median_sparse_flow,0.7177734375,0.42748260498046875,350.0,0.5840078592300415,,,SUPPORTED,partial_affine_ransac_sparse_flow,0.23001958880352594,0.08750374143744011,339.0,0.43178609447049765,1.0004321903903601,0.9685714285714285,1.9649314880371094,9.872154235839844,1.2471580505371094,9.444671630859375,44.818410873413086,69.66900634765625,-82.4776785887874,3.2126269414026285,path_segment_006,SUPPORTED,,1.9649314880371094,9.872154235839844,1.5641840011129489,9.417563678571923,-50.22201005902298,140.27354299117985,-80.56970493004346,3.219344690556646,path_segment_001,SUPPORTED,,1.9649314880371094,9.872154235839844,1.5641840011129489,9.417563678571923,-50.22201005902298,140.27354299117985,-80.56970493004346,3.219344690556646,path_segment_001,SUPPORTED,,SUPPORTED,
105,105,3500.0,VALID_TARGET,,1.0,664.2556304931641,497.8642807006836,669.1546783447266,495.33987045288086,SUPPORTED,681.4285714285714,463.92857142857144,577.5,310.7142857142857,207.8571428571429,306.4285714285714,SUPPORTED,translation_median_sparse_flow,0.97125244140625,-0.9105224609375,350.0,0.6429574489593506,,,SUPPORTED,partial_affine_ransac_sparse_flow,0.168142570467064,0.15720926563924859,331.0,0.521025915353106,1.0002779415449488,0.9457142857142857,4.8990478515625,2.5244102478027344,3.92779541015625,3.4349327087402344,48.746206283569336,73.10393905639648,-41.17032087429844,1.7596014844716736,path_segment_006,SUPPORTED,,4.8990478515625,2.5244102478027344,4.003052087917126,2.9632783813502215,-46.21895797110585,143.23682137253007,-36.510871957253336,1.6795510208927322,path_segment_001,SUPPORTED,,4.8990478515625,2.5244102478027344,4.003052087917126,2.9632783813502215,-46.21895797110585,143.23682137253007,-36.510871957253336,1.6795510208927322,path_segment_001,SUPPORTED,,SUPPORTED,
106,106,3533.333333333333,VALID_TARGET,,1.0,679.8094673156738,498.980094909668,674.0537261962891,497.8642807006836,SUPPORTED,681.4285714285714,463.92857142857144,577.5,310.7142857142857,207.8571428571429,306.4285714285714,SUPPORTED,translation_median_sparse_flow,0.99822998046875,0.6563377380371094,350.0,0.7122789621353149,,,SUPPORTED,partial_affine_ransac_sparse_flow,0.09443319739627634,0.2439520694725808,343.0,0.5446250219489338,1.0007926894533286,0.98,4.8990478515625,2.5244102478027344,3.90081787109375,1.868072509765625,52.647024154663086,74.97201156616211,-25.5894118701244,1.4585154270333986,path_segment_006,SUPPORTED,,4.8990478515625,2.5244102478027344,4.3719964718469555,1.755698238826028,-41.846961499258896,144.9925196113561,-21.879316286180465,1.5887851228584846,path_segment_001,SUPPORTED,,4.8990478515625,2.5244102478027344,4.3719964718469555,1.755698238826028,-41.846961499258896,144.9925196113561,-21.879316286180465,1.5887851228584846,path_segment_001,SUPPORTED,,SUPPORTED,
