frame_index,source_frame_index,analysis_frame_index,timestamp_ms,observed_landmark_count,observed_fraction,median_confidence,core_observed_count,lower_limb_observed_count,core_median_confidence,lower_limb_median_confidence,human_target_unavailable,human_target_unavailable_reason,human_target_unavailable_note,human_target_unavailable_start_frame,human_target_unavailable_end_frame,human_target_accepted,human_target_accepted_note,human_target_accepted_start_frame,human_target_accepted_end_frame,pelvis_x,pelvis_y,shoulder_mid_x,shoulder_mid_y,body_scale_px,backend_pose_count,selected_pose_index,multiple_pose_candidates,competing_pose_count,competing_pose_max_iou,competing_pose_min_center_distance_fraction,pose_bbox_x,pose_bbox_y,pose_bbox_width,pose_bbox_height,pose_centroid_x,pose_centroid_y,roi_center_x,roi_center_y,roi_pose_centroid_distance_px,roi_pose_centroid_distance_fraction,pose_roi_overlap_fraction,pose_scale_px,pose_scale_relative_change,pose_centroid_consistent_with_roi,pelvis_jump_px,shoulder_jump_px,body_scale_reference_px,body_scale_relative_change,identity_jump_flag,competing_pose_proximity_flag,target_overlap_ambiguous_flag,identity_uncertain_flag,frame_status,frame_rejection_reason,valid_target_frame,valid_segment_id,automatic_frame_status,automatic_frame_rejection_reason,manual_review_decision,manual_override_applied
0,0,0,0.0,17,1.0,0.9423620104789734,4,6,0.9947042763233185,0.9944387376308441,False,,,,,False,,,,400.76430892944336,504.4175338745117,388.16211318969727,415.4751739501953,89.83072261965569,1,0,False,0,0.0,,341.02623748779297,382.57614517211914,87.9365463256836,252.04998397827148,384.99451065063477,508.6011371612549,392.1428571428571,519.2857142857143,12.855311972153368,0.02968064198441779,1.0,266.94949073398885,,True,,,60.570968746586324,,False,False,False,False,VALID_TARGET,,True,1,VALID_TARGET,,NOT_REVIEWED,False
1,1,1,33.333333333333336,17,1.0,0.9584829211235046,4,6,0.9924029111862183,0.9946426153182983,False,,,,,False,,,,408.89380264282227,501.7850570678711,389.92694091796875,412.5127830505371,91.2648933156429,1,0,False,0,0.0,,348.8817672729492,378.65308380126953,79.2076644897461,247.20378875732422,388.48559951782227,502.25497817993164,397.0408163265306,517.9591836734694,17.883338749441254,0.040588646815322746,1.0,259.58344956852693,0.12161009338119691,True,8.545092285830972,3.4482425600374498,60.570968746586324,0.023677526142720527,False,False,False,False,VALID_TARGET,,True,1,VALID_TARGET,,NOT_REVIEWED,False
2,2,2,66.66666666666667,17,1.0,0.8895891904830933,4,6,0.9863186180591583,0.9955145716667175,False,,,,,False,,,,420.3943099975586,505.1681594848633,394.8300132751465,414.39162826538086,94.30753886701315,1,0,False,0,0.0,,364.9810485839844,374.96481704711914,77.69334411621094,262.97155380249023,403.82772064208984,506.45059394836426,401.93877551020404,516.6326530612246,10.355792653826981,0.023109370507995053,1.0,274.2084860635352,0.24145290718719933,True,11.98778759322181,5.250731175851767,60.570968746586324,0.050232737140129276,False,False,False,False,VALID_TARGET,,True,1,VALID_TARGET,,NOT_REVIEWED,False
3,3,3,100.0,17,1.0,0.8308712244033813,4,6,0.9806547462940216,0.9968482851982117,False,,,,,False,,,,415.956356048584,495.6009979248047,398.65467071533203,407.0367736816406,90.23840718432653,1,0,False,0,0.0,,366.82763671875,372.81184005737305,91.84242248535156,263.2628974914551,412.7488479614258,504.4432888031006,406.83673469387753,515.3061224489795,12.367466923600787,0.02714049556539085,1.0,278.8232123829976,0.0761870977954682,True,10.546374522530579,8.289866734919892,60.570968746586324,0.0671795707892809,False,False,False,False,VALID_TARGET,,True,1,VALID_TARGET,,NOT_REVIEWED,False
4,4,4,133.33333333333334,17,1.0,0.8855242133140564,4,6,0.9902055561542511,0.9965864419937134,False,,,,,False,,,,426.0300178527832,491.26861572265625,404.15839767456055,398.49496841430664,95.31693136119354,1,0,False,0,0.0,,369.37508392333984,363.47497177124023,107.84000396728516,280.30078506469727,423.2950859069824,503.62536430358887,411.73469387755097,513.9795918367347,15.519429489588125,0.03349872166659576,1.0,300.32981297824847,0.355064497733709,True,10.965773921200219,10.161370363626816,60.570968746586324,0.08384419602259083,False,False,False,False,VALID_TARGET,,True,1,VALID_TARGET,,NOT_REVIEWED,False
5,5,5,166.66666666666666,17,1.0,0.9444004893302917,4,6,0.9940169453620911,0.9988928139209747,False,,,,,False,,,,430.8959732055664,490.5365524291992,412.02954483032227,395.3404769897461,97.04759089597366,1,0,False,0,0.0,,373.47840881347656,360.7152099609375,122.57588195800781,279.2740783691406,434.76634979248047,500.3522491455078,416.63265306122446,512.6530612244898,21.91211844946976,0.046530225645245685,1.0,304.98993046773916,0.07693648600846134,True,4.92071520827071,8.479727218211787,60.570968746586324,0.028572426206699118,False,False,False,False,VALID_TARGET,,True,1,VALID_TARGET,,NOT_REVIEWED,False
6,6,6,200.0,17,1.0,0.9826056957244873,4,6,0.997252881526947,0.999029278755188,False,,,,,False,,,,433.31321716308594,484.95176696777344,419.75825119018555,391.41250228881836,94.51630091791627,1,0,False,0,0.0,,375.64771270751953,360.0100212097168,127.84664154052734,266.12492752075195,439.5710334777832,493.0724849700928,421.53061224489795,511.3265306122449,25.664508188658306,0.05362463915199058,1.0,295.2409876712879,0.16095074914912447,True,6.085466046271022,8.669595564276309,60.570968746586324,0.04179048198234482,False,False,False,False,VALID_TARGET,,True,1,VALID_TARGET,,NOT_REVIEWED,False
7,7,7,233.33333333333334,17,1.0,0.9706305861473083,4,6,0.9966288805007935,0.9987607598304749,False,,,,,False,,,,433.3468246459961,483.99998474121094,424.8391342163086,387.13296127319336,97.23991480868781,1,0,False,0,0.0,,385.0521469116211,355.1658744812012,135.59285736083984,260.8955268859863,452.848575592041,485.61363792419434,426.42857142857144,510.0,35.95429425381678,0.07393406162602052,1.0,294.02703773019493,0.02004177853208539,True,0.9523753827707994,6.64302970259519,60.570968746586324,0.044965665022899996,False,False,False,False,VALID_TARGET,,True,1,VALID_TARGET,,NOT_REVIEWED,False
8,8,8,266.6666666666667,17,1.0,0.9816142320632935,4,6,0.9973660707473755,0.9984427690505981,False,,,,,False,,,,439.83045959472656,484.3874816894531,428.15042877197266,386.5204887390137,98.56151089133043,1,0,False,0,0.0,,385.44056701660156,351.53324127197266,127.95523071289062,252.9189682006836,449.4181823730469,477.99272537231445,436.2857142857143,510.3571428571428,34.92731362697496,0.07178488559165401,1.0,283.44407833378256,0.17471999565813143,True,6.4952040794186106,3.3674610969534524,60.570968746586324,0.02181896888874007,False,False,False,False,VALID_TARGET,,True,1,VALID_TARGET,,NOT_REVIEWED,False
9,9,9,300.0,17,1.0,0.9825751781463623,4,6,0.9983333349227905,0.998920202255249,False,,,,,False,,,,447.48119354248047,480.0542297363281,435.3955612182617,384.8243217468262,95.99373877688694,1,0,False,0,0.0,,389.39725494384766,353.6224555969238,135.06551361083984,240.20405197143555,456.9300117492676,473.7244815826416,446.1428571428571,510.7142857142857,38.530615284472155,0.0791476689924045,1.0,275.57336509622274,0.12994200687938298,True,8.792656164582787,7.441029944144622,60.570968746586324,0.0423927859761728,False,False,False,False,VALID_TARGET,,True,1,VALID_TARGET,,NOT_REVIEWED,False
10,10,10,333.3333333333333,17,1.0,0.9815571308135986,4,6,0.9996510744094849,0.9988863170146942,False,,,,,False,,,,460.1431579589844,476.35518646240234,452.0411796569824,383.89210510253906,92.81736619279178,1,0,False,0,0.0,,402.42803955078125,347.4289016723633,122.87965393066406,258.5320358276367,463.8678665161133,476.69491958618164,456.0,511.07142857142856,35.265389456634935,0.07239950231982983,1.0,286.24853344480596,0.1762423248214079,True,13.19121920169575,16.67170180513569,60.570968746586324,0.05244051151607472,False,False,False,False,VALID_TARGET,,True,1,VALID_TARGET,,NOT_REVIEWED,False
11,11,11,366.66666666666663,17,1.0,0.9719067811965942,4,6,0.9992491006851196,0.9977722465991974,False,,,,,False,,,,466.3329849243164,472.1322784423828,458.51303482055664,379.13781929016113,93.32267169685788,1,0,False,0,0.0,,404.5272903442383,339.9196090698242,108.65117645263672,253.75397491455078,458.85287857055664,466.7965965270996,465.85714285714283,511.4285714285714,45.17823482388343,0.09269605582066717,1.0,276.0365155726258,0.1685959145693161,True,7.493124181961542,8.030450973890591,60.570968746586324,0.008342371180823798,False,False,False,False,VALID_TARGET,,True,1,VALID_TARGET,,NOT_REVIEWED,False
12,12,12,400.0,17,1.0,0.9723270535469055,4,6,0.9988682270050049,0.9970174729824066,False,,,,,False,,,,475.8383560180664,474.4381866455078,464.96994400024414,381.78516387939453,93.28828976611722,1,0,False,0,0.0,,413.9435272216797,347.5229835510254,94.826904296875,261.49828720092773,461.3569793701172,478.27212715148926,475.71428571428567,511.7857142857142,36.4594674681843,0.07476147162676869,1.0,278.16091743368185,0.035072938488800366,True,9.781068053701356,6.9785463764938935,60.570968746586324,0.0005676305241956768,False,False,False,False,VALID_TARGET,,True,1,VALID_TARGET,,NOT_REVIEWED,False
13,13,13,433.33333333333337,17,1.0,0.9469385147094727,4,6,0.9982467293739319,0.9958562254905701,False,,,,,False,,,,480.5643997192383,480.9739990234375,471.14873123168945,380.3008155822754,101.11253471872465,1,0,False,0,0.0,,427.161865234375,339.4174060821533,100.73922729492188,274.6688060760498,477.53147888183594,476.7518091201782,485.57142857142856,512.1428571428571,36.29279640858147,0.07437276619297538,1.0,292.55998521195716,0.23772226325977025,True,8.065502619482885,6.354581144232256,60.570968746586324,0.129174835973684,False,False,False,False,VALID_TARGET,,True,1,VALID_TARGET,,NOT_REVIEWED,False
14,14,14,466.6666666666667,17,1.0,0.9326747059822083,4,6,0.9945024251937866,0.99490025639534,False,,,,,False,,,,490.60039138793945,479.6327133178711,479.66319274902344,380.32261657714844,99.9105481354136,1,0,False,0,0.0,,431.00013732910156,339.09597969055176,117.99223327636719,287.09350395202637,489.99625396728516,482.64273166656494,495.42857142857133,512.5,30.347430621634818,0.06214867958359774,1.0,310.3946634931033,0.2944426785670529,True,10.125224744083269,8.514489427648542,60.570968746586324,0.019844268767432945,False,False,False,False,VALID_TARGET,,True,1,VALID_TARGET,,NOT_REVIEWED,False
15,15,15,500.0,17,1.0,0.9640476107597351,4,6,0.997177392244339,0.9969957768917084,False,,,,,False,,,,493.81409454345703,480.76881408691406,486.7704734802246,379.22168350219727,101.79112106501204,1,0,False,0,0.0,,433.3213348388672,337.3829860687256,137.4249267578125,286.03980445861816,502.03379821777344,480.40288829803467,505.28571428571433,512.8571428571428,32.6167686489683,0.06675102221135674,1.0,317.3395346141332,0.11465676155990664,True,3.4086086500511708,7.19204373093107,60.570968746586324,0.03104743028737534,False,False,False,False,VALID_TARGET,,True,1,VALID_TARGET,,NOT_REVIEWED,False
16,16,16,533.3333333333334,17,1.0,0.9857926964759827,4,6,0.9984008371829987,0.998780369758606,False,,,,,False,,,,502.49622344970703,470.39259338378906,491.47878646850586,372.04389572143555,98.9638835612051,1,0,False,0,0.0,,442.4477767944336,335.2583408355713,136.00536346435547,295.70677757263184,510.4504585266113,483.1117296218872,515.1428571428571,513.2142857142858,30.466087508404286,0.06230619826818365,1.0,325.48418885325503,0.13446465208765326,True,13.529424171955792,8.584220909393592,60.570968746586324,0.04667644520653765,False,False,False,False,VALID_TARGET,,True,1,VALID_TARGET,,NOT_REVIEWED,False
17,17,17,566.6666666666666,17,1.0,0.9543020725250244,4,6,0.9973917007446289,0.9960927665233612,False,,,,,False,,,,513.9504928588867,470.25672912597656,500.9258918762207,372.43012046813965,98.68984543635295,1,0,False,0,0.0,,448.84278869628906,334.2751808166504,131.4049835205078,284.53380966186523,514.545280456543,476.542085647583,525.0,513.5714285714286,38.47692033029791,0.07863267726395332,1.0,313.4114843695417,0.1993150305094587,True,11.455075154472821,9.454997098859506,60.570968746586324,0.004524248670987031,False,False,False,False,VALID_TARGET,,True,1,VALID_TARGET,,NOT_REVIEWED,False
18,18,18,600.0,17,1.0,0.9413930773735046,4,6,0.994800478219986,0.9940353631973267,False,,,,,False,,,,518.6506309509277,463.40575408935547,507.03549575805664,366.7552547454834,97.34593154810574,1,0,False,0,0.0,,449.37419509887695,332.2794361114502,147.15099716186523,276.6977367401123,522.9496936798096,470.62830448150635,528.0,508.0,37.71139376706666,0.07665846867428551,1.0,313.3928101964558,0.00030830236782311684,True,8.30825836361992,8.338546669721504,60.570968746586324,0.02218742602367501,False,False,False,False,VALID_TARGET,,True,1,VALID_TARGET,,NOT_REVIEWED,False
19,19,19,633.3333333333333,17,1.0,0.9466314911842346,4,6,0.997202068567276,0.9952935874462128,False,,,,,False,,,,510.58902740478516,466.4135208129883,513.3889541625977,369.1514205932617,97.3023932336777,1,0,False,0,0.0,,458.55054473876953,332.24758529663086,149.83255767822266,274.20434951782227,533.4668235778809,469.349760055542,531.0,502.42857142857133,33.17066445546191,0.06707148203454445,1.0,312.47051162452107,0.01522674295987236,True,8.604424001580318,6.790290455370231,60.570968746586324,0.0007187983835983708,False,False,False,False,VALID_TARGET,,True,1,VALID_TARGET,,NOT_REVIEWED,False
20,20,20,666.6666666666666,17,1.0,0.93910813331604,4,6,0.9976355135440826,0.9955025613307953,False,,,,,False,,,,520.8686790466309,459.4078369140625,521.6589584350586,363.394588470459,96.01650076005117,1,0,False,0,0.0,,462.11873626708984,330.44965744018555,151.7646713256836,270.7883491516113,538.0010719299316,465.8438320159912,534.0,496.85714285714283,31.270337796678493,0.06289610584828895,1.0,310.4172119887165,0.033899072085095426,True,12.4398892587261,10.076412395126333,60.570968746586324,0.02122951803868917,False,False,False,False,VALID_TARGET,,True,1,VALID_TARGET,,NOT_REVIEWED,False
21,21,21,700.0,17,1.0,0.9514541625976562,4,6,0.9984076619148254,0.9963723123073578,False,,,,,False,,,,530.149097442627,458.5977020263672,531.1368026733398,362.11954498291016,96.4832127788287,1,0,False,0,0.0,,466.0253219604492,328.34145736694336,151.8268814086914,267.61072158813477,541.9387626647949,462.14681816101074,537.0,491.2857142857143,29.554469104103948,0.05913341726884615,1.0,307.6798664638475,0.04519236825023162,True,9.315711681938412,9.563224733334554,60.570968746586324,0.0077052097471006905,False,False,False,False,VALID_TARGET,,True,1,VALID_TARGET,,NOT_REVIEWED,False
22,22,22,733.3333333333333,17,1.0,0.9532731175422668,4,6,0.9982670843601227,0.9969786405563354,False,,,,,False,,,,531.2900924682617,456.7373809814453,538.2183876037598,363.6731605529785,93.32175736366533,1,0,False,0,0.0,,465.55696868896484,332.99413299560547,159.6902084350586,261.00003814697266,545.4020729064941,463.4941520690918,540.0,485.71428571428567,22.86737262777153,0.04551513047584422,1.0,305.9770948661903,0.028112008655187846,True,2.1823528675955446,7.250004583881955,60.570968746586324,0.052194235631100885,False,False,False,False,VALID_TARGET,,True,1,VALID_TARGET,,NOT_REVIEWED,False
23,23,23,766.6666666666667,17,1.0,0.9470689296722412,4,6,0.9967907965183258,0.9965300261974335,False,,,,,False,,,,537.3145523071289,458.4834289550781,544.6704139709473,364.1830711364746,94.58681824405497,1,0,False,0,0.0,,470.1197166442871,330.4717483520508,160.27678298950195,264.2061996459961,550.2581081390381,462.5748481750488,548.2857142857143,485.1428571428571,22.654036423642133,0.04505557174726578,1.0,309.0203279670188,0.05024243732274723,True,6.272383906964792,6.472144393170169,60.570968746586324,0.020885597614961986,False,False,False,False,VALID_TARGET,,True,1,VALID_TARGET,,NOT_REVIEWED,False
24,24,24,800.0,17,1.0,0.9607404470443726,4,6,0.9971581697463989,0.9979758858680725,False,,,,,False,,,,543.9298515319824,458.1756134033203,551.1678314208984,362.99098205566406,95.45942801872205,1,0,False,0,0.0,,472.80965423583984,332.24897384643555,155.93738555908203,265.4886054992676,550.7783470153809,464.99327659606934,556.5714285714287,484.57142857142856,20.417243415438907,0.04057528185942599,1.0,307.89717092715796,0.01854282774574434,True,6.622456813619209,6.605869351986741,60.570968746586324,0.014406402815148336,False,False,False,False,VALID_TARGET,,True,1,VALID_TARGET,,NOT_REVIEWED,False
25,25,25,833.3333333333334,17,1.0,0.9351086616516113,4,6,0.9966868162155151,0.9945666491985321,False,,,,,False,,,,558.6877784729004,458.80455017089844,560.6456871032715,362.4956398010254,96.32880993159378,1,0,False,0,0.0,,496.78015899658203,330.1525535583496,131.96477508544922,287.48398208618164,562.7625465393066,473.89454460144043,564.8571428571429,484.0,10.320250120368689,0.020493415253287798,1.0,316.32537334125004,0.13914590749495126,True,14.771322522072424,9.490790919892904,60.570968746586324,0.014353112239446025,False,False,False,False,VALID_TARGET,,True,1,VALID_TARGET,,NOT_REVIEWED,False
26,26,26,866.6666666666667,17,1.0,0.9399014115333557,4,6,0.9966742992401123,0.9956527054309845,False,,,,,False,,,,567.6894111633301,457.8341064453125,569.1915245056152,366.2175178527832,91.62890182592957,1,0,False,0,0.0,,509.15834045410156,332.9787178039551,122.0782470703125,288.56708908081055,570.1974639892578,477.26226234436035,573.1428571428571,483.42857142857144,6.83364533402882,0.01355921010890894,1.0,313.32740593240914,0.04949512069690758,True,9.05379214019968,9.321143338638985,60.570968746586324,0.07759341154551182,False,False,False,False,VALID_TARGET,,True,1,VALID_TARGET,,NOT_REVIEWED,False
27,27,27,900.0,17,1.0,0.900519073009491,4,6,0.9963052570819855,0.9887447357177734,False,,,,,False,,,,581.3959770202637,463.1143264770508,587.7578887939453,369.0445327758789,94.28467536348177,1,0,False,0,0.0,,530.3176116943359,334.1241340637207,107.17031860351562,256.19733810424805,583.9027709960938,462.2228031158447,581.4285714285714,482.85714285714283,20.782147147473523,0.04120295634287666,1.0,277.7094763260365,0.5880363207560552,True,14.688453668580228,18.780359321972096,60.570968746586324,0.04384565068891799,False,False,False,False,VALID_TARGET,,True,1,VALID_TARGET,,NOT_REVIEWED,False
28,28,28,933.3333333333334,17,1.0,0.9710544347763062,4,6,0.9971688091754913,0.9977149367332458,False,,,,,False,,,,590.484992980957,462.51155853271484,594.7261848449707,368.7920837402344,93.815391401442,1,0,False,0,0.0,,539.837287902832,334.46364974975586,100.65828704833984,269.7383155822754,590.166431427002,469.33280754089355,589.7142857142858,482.2857142857142,12.960795843062582,0.025675790203172986,1.0,287.90771029041434,0.16836834832615402,True,9.10898130025842,6.972867442475435,60.570968746586324,0.007747671396888724,False,False,False,False,VALID_TARGET,,True,1,VALID_TARGET,,NOT_REVIEWED,False
29,29,29,966.6666666666666,17,1.0,0.9462420344352722,4,6,0.9943228363990784,0.9961543679237366,False,,,,,False,,,,591.371940612793,469.3292922973633,604.5369338989258,367.50195693969727,102.67484246039291,1,0,False,0,0.0,,550.1756286621094,332.16955947875977,96.62356567382812,273.6662254333496,598.4874114990234,469.00267219543457,598.0,481.71428571428567,12.720954689881502,0.02518049300594656,1.0,290.22287364448295,0.03822232666864983,True,6.875185072945072,9.895212183735353,60.570968746586324,0.14626563256758565,False,False,False,False,VALID_TARGET,,True,1,VALID_TARGET,,NOT_REVIEWED,False
30,30,30,1000.0,17,1.0,0.8442898988723755,4,6,0.9855286478996277,0.9843425154685974,False,,,,,False,,,,602.4762001037598,471.5971450805664,614.3125762939453,366.25439071655273,106.00563993633789,1,0,False,0,0.0,,555.6903305053711,326.5552101135254,103.45027923583984,288.05651473999023,607.415470123291,470.5834674835205,606.2857142857143,481.1428571428571,10.619654336664793,0.021004167667676592,1.0,306.06946263572826,0.2616202005542201,True,11.333478507898992,9.85492799143831,60.570968746586324,0.054989998424495964,False,False,False,False,VALID_TARGET,,True,1,VALID_TARGET,,NOT_REVIEWED,False
31,31,31,1033.3333333333335,17,1.0,0.928560197353363,4,6,0.9941470324993134,0.9940662682056427,False,,,,,False,,,,609.5000152587891,465.46199798583984,623.9240417480469,361.3604049682617,105.09611890531582,1,0,False,0,0.0,,562.8900756835938,317.0353813171387,102.36067199707031,284.57439041137695,614.0704116821289,459.32257652282715,614.5714285714286,480.57142857142856,21.254757851048684,0.042004907904194144,1.0,302.42402492146454,0.060184570095210374,True,9.32598569621201,10.785701863108553,60.570968746586324,0.015015791390546738,False,False,False,False,VALID_TARGET,,True,1,VALID_TARGET,,NOT_REVIEWED,False
32,32,32,1066.6666666666667,17,1.0,0.9510728716850281,4,6,0.9960541725158691,0.9966447353363037,False,,,,,False,,,,614.3545036315918,464.0580825805664,631.6612510681152,358.9823989868164,106.49142120154784,1,0,False,0,0.0,,561.9947280883789,316.42258071899414,112.71175384521484,295.144344329834,618.3506050109863,463.99475288391113,622.8571428571429,480.0,16.627592086827015,0.03283373086143942,1.0,315.9337326794211,0.22303932127085133,True,5.053418231933809,8.094400565226703,60.570968746586324,0.023035825992310126,False,False,False,False,VALID_TARGET,,True,1,VALID_TARGET,,NOT_REVIEWED,False
33,33,33,1100.0,17,1.0,0.9923614263534546,4,6,0.9991972148418427,0.9995513260364532,False,,,,,False,,,,623.9896507263184,452.23008728027344,637.9485054016113,354.6379089355469,98.58540915325587,1,0,False,0,0.0,,571.9655151367188,312.3951988220215,111.15727233886719,296.41785049438477,627.5441513061523,460.60412406921387,629.2261904761905,478.33333333333337,17.808821322605365,0.035525643813272736,1.0,316.5746061918557,0.010580539253315606,True,15.255737686548306,7.642261501652855,60.570968746586324,0.13052477468816345,False,False,False,False,VALID_TARGET,,True,1,VALID_TARGET,,NOT_REVIEWED,False
34,34,34,1133.3333333333333,17,1.0,0.9862964153289795,4,6,0.9989805519580841,0.9994298815727234,False,,,,,False,,,,634.4472427368164,454.85094451904297,645.8194198608398,356.61454010009766,98.89245454382625,1,0,False,0,0.0,,564.581657409668,316.4089126586914,126.27873992919922,285.3591842651367,627.7210273742676,459.08850479125977,635.5952380952381,476.6666666666667,19.261229695849018,0.03881799825826617,1.0,312.05157298525285,0.07467328491188728,True,10.78100752824351,8.11531670270273,60.570968746586324,0.005069184081485978,False,False,False,False,VALID_TARGET,,True,1,VALID_TARGET,,NOT_REVIEWED,False
35,35,35,1166.6666666666667,17,1.0,0.9855894446372986,4,6,0.9993102252483368,0.999401181936264,False,,,,,False,,,,637.7018165588379,455.31634521484375,652.5638465881348,355.1849174499512,101.2283693577429,1,0,False,0,0.0,,570.3232421875,314.6606636047363,128.41148376464844,273.98444747924805,634.5289840698242,451.65288734436035,641.9642857142857,475.0,24.502477015584773,0.049891625593786154,1.0,302.5838505656695,0.1563079246626207,True,3.2876813365409037,6.894281166420612,60.570968746586324,0.03856492412544264,False,False,False,False,VALID_TARGET,,True,1,VALID_TARGET,,NOT_REVIEWED,False
36,36,36,1200.0,17,1.0,0.9795037508010864,4,6,0.9987366497516632,0.9986445009708405,False,,,,,False,,,,643.7447204589844,460.2416763305664,659.4891662597656,358.99365234375,102.46487171127815,1,0,False,0,0.0,,595.2124862670898,318.19518661499023,104.69832611083984,265.614200592041,647.5616493225098,451.00228691101074,648.3333333333334,473.3333333333333,22.344375814251034,0.04597061762654207,1.0,285.50419094395227,0.28197765324134416,True,7.795869043660968,7.903576028957913,60.570968746586324,0.020414108922517944,False,False,False,False,VALID_TARGET,,True,1,VALID_TARGET,,NOT_REVIEWED,False
37,37,37,1233.3333333333335,17,1.0,0.9647859930992126,4,6,0.999229222536087,0.9981100261211395,False,,,,,False,,,,651.6654014587402,458.05350494384766,666.3667526245117,359.6963119506836,99.44982222002135,1,0,False,0,0.0,,590.6753540039062,320.84881591796875,121.20820617675781,263.2693176269531,651.2794570922852,452.4834747314453,654.702380952381,471.66666666666663,19.48618127226454,0.04050968624654621,1.0,289.83126616766,0.07143810497420144,True,8.21737680269976,6.9133873555412375,60.570968746586324,0.04977713834941309,False,False,False,False,VALID_TARGET,,True,1,VALID_TARGET,,NOT_REVIEWED,False
38,38,38,1266.6666666666665,17,1.0,0.9589528441429138,4,6,0.9988400042057037,0.9978703558444977,False,,,,,False,,,,660.0188484191895,454.6597213745117,671.7266578674316,358.15316009521484,97.21414080282267,1,0,False,0,0.0,,599.6604385375977,322.63280487060547,119.0602035522461,264.09302520751953,659.1905403137207,454.67931747436523,661.0714285714287,470.0,15.4357071003979,0.03242678635523668,1.0,289.69027949374106,0.002327627852689127,True,9.0165316522781,5.577625109499303,60.570968746586324,0.03691011491911587,False,False,False,False,VALID_TARGET,,True,1,VALID_TARGET,,NOT_REVIEWED,False
39,39,39,1300.0,17,1.0,0.9709723591804504,4,6,0.9990755617618561,0.9982592761516571,False,,,,,False,,,,668.2567749023438,452.468017578125,679.9206962585449,357.36577224731445,95.81484294390573,1,0,False,0,0.0,,614.6717071533203,322.34605407714844,112.88796997070312,267.8639373779297,671.1156921386719,456.2780227661133,667.4404761904761,468.33333333333337,12.603083953461573,0.0267561880200079,1.0,290.6798629277814,0.01633758638037511,True,8.524494018588486,8.231782600267062,60.570968746586324,0.02310179097136861,False,False,False,False,VALID_TARGET,,True,1,VALID_TARGET,,NOT_REVIEWED,False
40,40,40,1333.3333333333333,17,1.0,0.9737217426300049,4,6,0.9992064237594604,0.998530387878418,False,,,,,False,,,,667.9276351928711,453.1896514892578,679.7159004211426,359.9249153137207,94.00677747367268,1,0,False,0,0.0,,614.6050186157227,322.46359634399414,113.61975860595703,263.96227645874023,671.4148979187012,454.44473457336426,673.8095238095239,466.66666666666674,12.454310789854876,0.026721538102184986,1.0,287.376987490224,0.05452901787613497,True,0.7931509629626534,2.567324398932186,60.570968746586324,0.02985036408774535,False,False,False,False,VALID_TARGET,,True,1,VALID_TARGET,,NOT_REVIEWED,False
41,41,41,1366.6666666666667,17,1.0,0.9762979745864868,4,6,0.9990861117839813,0.9985556900501251,False,,,,,False,,,,675.6308212280273,454.7141799926758,684.9594688415527,355.3628463745117,99.78833177283339,1,0,False,0,0.0,,625.8923454284668,320.4009704589844,109.6338996887207,272.8868713378906,680.7092952728271,456.8444061279297,680.1785714285716,465.0,8.172844009585175,0.01772283084134399,1.0,294.08644394044916,0.11077016909364348,True,7.852595892439652,6.950358464541095,60.570968746586324,0.09545091351187183,False,False,False,False,VALID_TARGET,,True,1,VALID_TARGET,,NOT_REVIEWED,False
42,42,42,1400.0,17,1.0,0.9055850505828857,4,6,0.9948500394821167,0.9895323216915131,False,,,,,True,,42.0,45.0,680.4384231567383,456.3682632446289,692.7484436035156,357.62036514282227,99.51223031831245,1,0,False,0,0.0,,632.1029357910156,319.6890106201172,116.57354736328125,261.4322052001953,690.3897094726562,450.40511322021484,686.547619047619,463.33333333333337,13.48705060891391,0.029560936858229133,1.0,286.24498224544686,0.1294590768030968,True,5.084193909494105,8.109532590215618,60.570968746586324,0.004558313334496589,False,False,False,False,VALID_TARGET,,True,1,VALID_TARGET,,ACCEPTED,False
43,43,43,1433.3333333333333,17,1.0,0.9421457648277283,4,6,0.9973373115062714,0.9952625036239624,False,,,,,True,,42.0,45.0,682.4356307983398,459.8228073120117,696.904052734375,356.7547721862793,104.07860057667165,2,0,True,1,0.0,0.2806389952651287,632.0907096862793,322.95401763916016,126.8807258605957,268.5861129760742,695.5310726165771,457.24707412719727,692.9166666666667,461.66666666666663,5.13496997906124,0.011376350955900557,1.0,297.04750239399107,0.17834484691402622,True,3.990327439842683,4.244801339862516,60.570968746586324,0.0753887605374737,False,True,True,False,VALID_TARGET,HUMAN_ACCEPTED_TARGET: operator reviewed the raw skeleton and confirmed that it belongs to the documented athlete.,True,1,TARGET_IDENTITY_UNCERTAIN,TARGET_OVERLAP_AMBIGUOUS: another detected person overlaps or is too close to the selected pose for automated identity acceptance.,ACCEPTED,True
44,44,44,1466.6666666666665,17,1.0,0.962660014629364,4,6,0.998642086982727,0.99685138463974,False,,,,,True,,42.0,45.0,687.5138397216797,459.14640045166016,701.2725524902344,354.14230728149414,105.90166079687559,2,0,True,1,0.0,0.29069458173062657,639.9595603942871,320.2857131958008,128.29118728637695,259.93798065185547,704.1051540374756,450.2547035217285,699.2857142857143,460.0,10.871881298573268,0.024347560865864985,1.0,289.87304552288515,0.11844712111378039,True,5.123058862615095,5.090065126860121,60.570968746586324,0.0300979208014844,False,True,True,False,VALID_TARGET,HUMAN_ACCEPTED_TARGET: operator reviewed the raw skeleton and confirmed that it belongs to the documented athlete.,True,1,TARGET_IDENTITY_UNCERTAIN,TARGET_OVERLAP_AMBIGUOUS: another detected person overlaps or is too close to the selected pose for automated identity acceptance.,ACCEPTED,True
45,45,45,1500.0,17,1.0,0.9680684208869934,4,6,0.9979470372200012,0.9974519610404968,False,,,,,True,,42.0,45.0,693.6692199707031,454.90040588378906,708.2093696594238,356.3864097595215,99.58124012755923,1,0,False,0,0.0,,647.4635772705078,323.94204330444336,129.09092712402344,254.6263771057129,712.0090408325195,451.2552318572998,700.2255639097745,459.5488721804511,14.409538445025468,0.03193292144087374,1.0,285.48040105009073,0.07252062437984332,True,7.477778806601508,7.290776938752827,60.570968746586324,0.10434735980134989,False,False,False,False,VALID_TARGET,,True,1,VALID_TARGET,,ACCEPTED,False
46,46,46,1533.3333333333335,17,1.0,0.9691308736801147,4,6,0.9982706606388092,0.9976202249526978,False,,,,,False,,,,696.131233215332,450.48450469970703,713.405647277832,356.53321075439453,95.52617973729092,1,0,False,0,0.0,,650.0964584350586,318.9075927734375,134.79180145263672,261.447021484375,717.492359161377,449.631103515625,701.1654135338347,459.0977443609023,18.872902331602166,0.041390909591730196,1.0,294.14855903420346,0.14310746820606607,True,5.055857245245878,5.198350855768178,60.570968746586324,0.06694725995276153,False,False,False,False,VALID_TARGET,,True,1,VALID_TARGET,,NOT_REVIEWED,False
47,47,47,1566.6666666666667,17,1.0,0.9654862284660339,4,6,0.9984927177429199,0.9976764619350433,False,,,,,False,,,,696.4839324951172,451.9489288330078,714.1147613525391,356.57366943359375,96.99116574052103,1,0,False,0,0.0,,650.7441482543945,319.89673614501953,135.67321014404297,261.0164108276367,718.580753326416,450.4049415588379,702.1052631578948,458.6466165413534,18.421915828991878,0.03998693573782676,1.0,294.1713559681351,0.0003763673324598017,True,1.5062983848343967,0.7102673269059716,60.570968746586324,0.02418627328480153,False,False,False,False,VALID_TARGET,,True,1,VALID_TARGET,,NOT_REVIEWED,False
48,48,48,1600.0,17,1.0,0.9609746336936951,4,6,0.9985197484493256,0.9968741834163666,False,,,,,False,,,,698.6110687255859,451.94222259521484,715.9817428588867,356.2269706726074,97.27872208480912,1,0,False,0,0.0,,644.3896789550781,319.2773666381836,146.14144897460938,264.9632339477539,717.4604034423828,451.75898361206055,703.0451127819549,458.1954887218045,15.786994737833416,0.03391866065660989,1.0,302.5935201759128,0.13904621936977546,True,2.1271468018447006,1.8988996750522706,60.570968746586324,0.00474742851631043,False,False,False,False,VALID_TARGET,,True,1,VALID_TARGET,,NOT_REVIEWED,False
49,49,49,1633.3333333333333,17,1.0,0.9752145409584045,4,6,0.9988343417644501,0.9985256791114807,False,,,,,False,,,,704.1561965942383,453.6713562011719,719.9932098388672,355.5665473937988,99.37486855156978,1,0,False,0,0.0,,642.2742576599121,318.42539978027344,154.7750129699707,268.7595672607422,719.6617641448975,452.80518341064453,703.984962406015,457.7443609022557,16.436471247012413,0.034957635796649726,1.0,310.14030636799856,0.12459411411528916,True,5.808471925296261,4.065467530145323,60.570968746586324,0.03460645438131271,False,False,False,False,VALID_TARGET,,True,1,VALID_TARGET,,NOT_REVIEWED,False
50,50,50,1666.6666666666667,17,1.0,0.933420717716217,4,6,0.9985868632793427,0.9957756698131561,False,,,,,False,,,,708.7803001403809,458.8182373046875,723.8142547607422,359.2289276123047,100.71767668355152,1,0,False,0,0.0,,643.303825378418,322.7403869628906,159.44841766357422,265.7172546386719,723.0280342102051,455.59901428222656,704.9248120300753,457.2932330827068,18.18232742657125,0.03828379796708466,1.0,309.88620057713183,0.004195174621192636,True,6.91901139608648,5.292769894855599,60.570968746586324,0.022169170475045758,False,False,False,False,VALID_TARGET,,True,1,VALID_TARGET,,NOT_REVIEWED,False
51,51,51,1700.0,17,1.0,0.9572002291679382,4,6,0.9990698993206024,0.9979892373085022,False,,,,,False,,,,709.9186096191406,455.36312103271484,725.7981338500977,356.9283103942871,99.7074281847881,1,0,False,0,0.0,,638.8810806274414,322.30489349365234,165.5391616821289,266.0230484008789,721.6506614685059,455.3164176940918,705.8646616541354,456.8421052631579,15.859555879585905,0.03306175998738202,1.0,313.3232776716699,0.05674462808937334,True,3.6377983619607828,3.03786369427939,60.570968746586324,0.01667875749172912,False,False,False,False,VALID_TARGET,,True,1,VALID_TARGET,,NOT_REVIEWED,False
52,52,52,1733.3333333333335,17,1.0,0.9764806032180786,4,6,0.9992336928844452,0.9986329674720764,False,,,,,False,,,,714.9291915893555,455.72386169433594,728.380687713623,358.5878105163574,98.06301640492224,1,0,False,0,0.0,,634.1755714416504,321.7628402709961,170.11057662963867,265.2337112426758,719.2308597564697,454.379695892334,706.8045112781956,456.390977443609,12.58806537884217,0.025983651354122565,1.0,315.09765130960795,0.029294126784756555,True,5.023551085157679,3.0697760688951408,60.570968746586324,0.027148513782991768,False,False,False,False,VALID_TARGET,,True,1,VALID_TARGET,,NOT_REVIEWED,False
53,53,53,1766.6666666666665,17,1.0,0.983869731426239,4,6,0.9992833435535431,0.9990915358066559,False,,,,,False,,,,720.7705383300781,452.8048324584961,729.3232727050781,358.36901092529297,94.82232676928096,1,0,False,0,0.0,,638.0499153137207,321.49205017089844,167.48803329467773,259.6923370361328,721.7939319610596,451.33821868896484,707.7443609022556,455.9398496240601,14.783959354625123,0.030218613839309252,1.0,309.01836711141857,0.10036630293339996,True,6.53008908247345,0.9676464887376699,60.570968746586324,0.05350235769217269,False,False,False,False,VALID_TARGET,,True,1,VALID_TARGET,,NOT_REVIEWED,False
54,54,54,1800.0,17,1.0,0.9760127663612366,4,6,0.9991806447505951,0.998595118522644,False,,,,,False,,,,726.1092376708984,449.3485412597656,731.3947906494141,355.775936126709,93.72176642421778,1,0,False,0,0.0,,640.4678153991699,317.638427734375,166.35615921020508,262.95269775390625,723.6458950042725,449.1147766113281,708.6842105263158,455.4887218045113,16.26281586145618,0.032919859341829394,1.0,311.1567016203062,0.035302960364293944,True,6.3598474433037255,3.318919026544209,60.570968746586324,0.01816976627314075,False,False,False,False,VALID_TARGET,,True,1,VALID_TARGET,,NOT_REVIEWED,False
55,55,55,1833.3333333333333,17,1.0,0.9680745601654053,4,6,0.9991162419319153,0.9981511831283569,False,,,,,False,,,,726.3899269104004,450.03929901123047,731.2066268920898,355.02257919311523,95.1387284112407,1,0,False,0,0.0,,639.773811340332,315.2798156738281,168.88300323486328,264.8787841796875,724.2153129577637,447.7192077636719,709.624060150376,455.03759398496237,16.3237077703895,0.03272614586712596,1.0,314.13729337685504,0.049208256335124705,True,0.7456089594291042,0.7765000122112976,60.570968746586324,0.023393417941706393,False,False,False,False,VALID_TARGET,,True,1,VALID_TARGET,,NOT_REVIEWED,False
56,56,56,1866.6666666666667,17,1.0,0.9918696880340576,4,6,0.9994942247867584,0.9995499551296234,False,,,,,False,,,,732.4086074829102,448.7679138183594,733.0589141845703,353.8251419067383,94.94499901031297,1,0,False,0,0.0,,639.2762260437012,313.07154083251953,166.75603103637695,270.9874496459961,722.6542415618896,448.5652656555176,710.5639097744361,454.5864661654135,13.506701237203764,0.026820944576389005,1.0,318.185121827917,0.06682786382362549,True,6.151498690771083,2.2056346634677344,60.570968746586324,0.0031983870315538724,False,False,False,False,VALID_TARGET,,True,1,VALID_TARGET,,NOT_REVIEWED,False
57,57,57,1900.0,17,1.0,0.9896407723426819,4,6,0.9992339015007019,0.9994595646858215,False,,,,,False,,,,733.1266479492188,441.61644744873047,735.7450256347656,350.3765678405762,91.27744262748962,1,0,False,0,0.0,,632.9739685058594,310.43790435791016,170.98886108398438,266.31490325927734,718.4683990478516,443.5953559875488,711.5037593984962,454.13533834586474,12.633187782938382,0.02484968461851995,1.0,316.4819399472841,0.02811878224630296,True,7.187423275916753,4.371253574511118,60.570968746586324,0.060549739565293755,False,False,False,False,VALID_TARGET,,True,1,VALID_TARGET,,NOT_REVIEWED,False
58,58,58,1933.3333333333333,17,1.0,0.9891844987869263,4,6,0.9993054866790771,0.9994294345378876,False,,,,,False,,,,734.0705642700195,442.2325439453125,736.6816101074219,350.4553337097168,91.81434462541107,1,0,False,0,0.0,,632.8862953186035,307.4298324584961,171.9110221862793,270.52527618408203,718.8418064117432,442.6924705505371,712.4436090225565,453.68421052631584,12.718304821245903,0.024783022892647055,1.0,320.52663634026624,0.06677615492504542,True,1.127188056082363,0.9398907045833914,60.570968746586324,0.008864015369602388,False,False,False,False,VALID_TARGET,,True,1,VALID_TARGET,,NOT_REVIEWED,False
59,59,59,1966.6666666666665,17,1.0,0.9764419794082642,4,6,0.9984130263328552,0.9980538487434387,False,,,,,False,,,,734.3347244262695,441.65065002441406,736.9170532226562,343.2955780029297,98.38896591774926,1,0,False,0,0.0,,632.7048225402832,302.2486572265625,164.73337936401367,259.93682861328125,715.07151222229,432.2170715332031,713.3834586466166,453.23308270676694,21.08369632018311,0.04070262556189962,1.0,307.7405419281288,0.21109278383232166,True,0.6390470431263895,7.163625844597263,60.570968746586324,0.1085441000596301,False,False,False,False,VALID_TARGET,,True,1,VALID_TARGET,,NOT_REVIEWED,False
60,60,60,2000.0,17,1.0,0.9753913879394531,4,6,0.9990202784538269,0.9985048472881317,False,,,,,True,,60.0,62.0,732.8719253540039,433.94629669189453,739.2012710571289,341.3701171875,92.79229293782726,1,0,False,0,0.0,,637.1478042602539,300.84227752685547,163.72034454345703,251.69754791259766,719.0079765319824,426.6910514831543,714.3233082706768,452.78195488721803,26.508137564881267,0.05070357292813236,1.0,300.2598988254054,0.1235021208595904,True,7.841992182993169,2.987482295692831,60.570968746586324,0.09239860440959884,False,False,False,False,VALID_TARGET,,True,1,VALID_TARGET,,ACCEPTED,False
61,61,61,2033.3333333333333,17,1.0,0.9846524596214294,4,6,0.9990213811397552,0.9989207983016968,False,,,,,True,,60.0,62.0,733.3010635375977,433.04151916503906,739.6519012451172,341.27819061279297,91.98283321671884,2,0,True,1,0.0,0.4007405457915513,634.0544624328613,304.2138900756836,165.31765365600586,249.85584259033203,716.7132892608643,429.1418113708496,715.2631578947369,452.33082706766913,23.23431363234922,0.044035757892931966,1.0,299.5961760217441,0.010957770981642212,True,1.001390010795415,0.45991092774984277,60.570968746586324,0.01336382326151966,False,True,True,False,VALID_TARGET,HUMAN_ACCEPTED_TARGET: operator reviewed the raw skeleton and confirmed that it belongs to the documented athlete.,True,1,TARGET_IDENTITY_UNCERTAIN,TARGET_OVERLAP_AMBIGUOUS: another detected person overlaps or is too close to the selected pose for automated identity acceptance.,ACCEPTED,True
62,62,62,2066.666666666667,17,1.0,0.9790149331092834,4,6,0.9987291693687439,0.9984323382377625,False,,,,,True,,60.0,62.0,732.2169189453125,427.6817321777344,738.9295349121094,338.8416290283203,89.09333948571143,1,0,False,0,0.0,,637.8421783447266,304.12939453125,159.7790069580078,242.40814208984375,717.7316818237305,425.3334655761719,716.203007518797,451.8796992481203,26.590211870089558,0.049939692980118536,1.0,290.3291897414674,0.15299385946834398,True,5.468334851329224,2.541386525893111,60.570968746586324,0.047704268080907435,False,False,False,False,VALID_TARGET,,True,1,VALID_TARGET,,ACCEPTED,False
63,63,63,2100.0,17,1.0,0.9769212603569031,4,6,0.9985863566398621,0.9982955455780029,False,,,,,False,,,,733.8230361938477,427.2273483276367,739.8166580200195,338.1145210266113,89.31416176719983,1,0,False,0,0.0,,637.5546569824219,303.8358459472656,160.61961364746094,242.58480834960938,717.8644638061523,425.1282501220703,717.1428571428571,451.42857142857144,26.31021887027376,0.04896984179212477,1.0,290.9399414488776,0.010083241527231194,True,1.6691546660725334,1.147028096751517,60.570968746586324,0.003645678549608053,False,False,False,False,VALID_TARGET,,True,1,VALID_TARGET,,NOT_REVIEWED,False
64,64,64,2133.3333333333335,17,1.0,0.9764311909675598,4,6,0.9986353814601898,0.9981803297996521,False,,,,,False,,,,734.2375564575195,419.70359802246094,740.0113906860352,334.85657501220703,85.04325061638303,1,0,False,0,0.0,,646.5843734741211,296.2648468017578,149.08367156982422,238.5016632080078,721.1262092590332,415.5156784057617,718.1773399014779,449.4334975369458,34.045767506455874,0.06435745290395682,1.0,281.26319432468443,0.15975883041722935,True,7.535160628920081,3.263760567809225,60.570968746586324,0.07051086088263203,False,False,False,False,VALID_TARGET,,True,1,VALID_TARGET,,NOT_REVIEWED,False
65,65,65,2166.6666666666665,17,1.0,0.9666153788566589,4,6,0.9984472692012787,0.9973306655883789,False,,,,,False,,,,733.4939117431641,414.82081604003906,737.7384948730469,332.86006927490234,82.07058240469209,1,0,False,0,0.0,,659.604133605957,294.08184814453125,138.09264373779297,232.2890625,728.6504554748535,410.22637939453125,719.2118226600985,447.4384236453202,38.39041581872284,0.07372175432088426,1.0,270.2365386316623,0.18204522597541525,True,4.939085679460574,3.0252422276224746,60.570968746586324,0.04907744210147669,False,False,False,False,VALID_TARGET,,True,1,VALID_TARGET,,NOT_REVIEWED,False
66,66,66,2200.0,17,1.0,0.9752194881439209,4,6,0.9986947476863861,0.9981443881988525,False,,,,,False,,,,733.7772064208984,414.26895904541016,738.5982055664062,333.2024726867676,81.20971150851953,1,0,False,0,0.0,,658.8877334594727,293.81629180908203,139.01024627685547,233.6893539428711,728.3928565979004,410.6609687805176,720.2463054187192,445.44334975369463,35.72366613714566,0.06970677659681417,1.0,271.9091074535542,0.027613374137856486,True,0.62032412249845,0.9253877958636642,60.570968746586324,0.014212599104601147,False,False,False,False,VALID_TARGET,,True,1,VALID_TARGET,,NOT_REVIEWED,False
67,67,67,2233.3333333333335,17,1.0,0.9789100289344788,4,6,0.9993341565132141,0.9987612962722778,False,,,,,False,,,,737.172966003418,411.0736770629883,738.7624359130859,332.42493438720703,78.66480241553394,1,0,False,0,0.0,,664.8882904052734,292.1425132751465,126.06510925292969,230.08368301391602,727.9208450317383,407.1843547821045,721.2807881773399,443.44827586206895,36.866818782253695,0.07311614790329247,1.0,262.35646163226335,0.15770997259853528,True,4.662725607352752,0.7946932830054858,60.570968746586324,0.042015327567780036,False,False,False,False,VALID_TARGET,,True,1,VALID_TARGET,,NOT_REVIEWED,False
68,68,68,2266.6666666666665,17,1.0,0.9761585593223572,4,6,0.999238133430481,0.998621791601181,False,,,,,False,,,,736.6398544311523,411.5592498779297,739.1435432434082,332.21642684936523,79.38231556090255,1,0,False,0,0.0,,667.5765762329102,293.88590240478516,123.54950714111328,228.42345428466797,729.3513298034668,408.09762954711914,722.3152709359606,441.4532019704434,34.089592782470156,0.06873442939133109,1.0,259.69550473997776,0.04393122559122929,True,0.7211025635051146,0.4344170698329117,60.570968746586324,0.0118458258174887,False,False,False,False,VALID_TARGET,,True,1,VALID_TARGET,,NOT_REVIEWED,False
69,69,69,2300.0,17,1.0,0.958807647228241,4,6,0.9984712898731232,0.997065931558609,False,,,,,False,,,,735.6454200744629,407.8552017211914,740.5452537536621,332.0660514831543,75.94737430542004,1,0,False,0,0.0,,677.9235000610352,291.8260154724121,114.8480453491211,220.82480239868164,735.3475227355957,402.23841667175293,723.3497536945813,439.4581280788177,39.10566939954758,0.08018390805954716,1.0,248.90493541697916,0.17814754405107225,True,3.8352147837116797,1.4097535619104993,60.570968746586324,0.05670936632784334,False,False,False,False,VALID_TARGET,,True,1,VALID_TARGET,,NOT_REVIEWED,False
70,70,70,2333.3333333333335,17,1.0,0.9768199324607849,4,6,0.9992386400699615,0.9986397922039032,False,,,,,False,,,,737.0537414550781,408.07689666748047,739.4836959838867,332.41675567626953,75.69915200200062,1,0,False,0,0.0,,670.8397598266602,295.03740310668945,119.27313995361328,221.00730514526367,730.4763298034668,405.5410556793213,724.384236453202,437.46305418719214,32.49811671658605,0.06778363212602125,1.0,251.1380314527569,0.036867431411250165,True,1.4256639717367168,1.1179885194576502,60.570968746586324,0.004098040836327457,False,False,False,False,VALID_TARGET,,True,1,VALID_TARGET,,NOT_REVIEWED,False
71,71,71,2366.6666666666665,17,1.0,0.9828020930290222,4,6,0.9991054832935333,0.9988628923892975,False,,,,,False,,,,736.7007827758789,401.54219818115234,738.5934410095215,329.68648529052734,71.88063459798687,1,0,False,0,0.0,,685.8050308227539,294.80640029907227,103.6334457397461,211.7741355895996,737.621753692627,400.69346809387207,725.4187192118226,435.46798029556646,36.853503895905106,0.07821553663086966,1.0,235.77144776375067,0.2536955245556027,True,6.544223722982058,2.871746907135592,60.570968746586324,0.06304203949567758,False,False,False,False,VALID_TARGET,,True,1,VALID_TARGET,,NOT_REVIEWED,False
72,72,72,2400.0,17,1.0,0.9787205457687378,4,6,0.9987713098526001,0.9984181821346283,False,,,,,False,,,,733.3222961425781,404.58458709716797,737.0764274597168,329.6585922241211,75.01998540163926,1,0,False,0,0.0,,684.7429046630859,294.4001655578613,105.48347473144531,213.5267448425293,737.4846420288086,401.163537979126,726.4532019704434,433.4729064039409,34.14070822012531,0.0737509016969542,1.0,238.1605219268426,0.039442561552667316,True,4.546460408679128,1.5172699606347457,60.570968746586324,0.0518292982366956,False,False,False,False,VALID_TARGET,,True,1,VALID_TARGET,,NOT_REVIEWED,False
73,73,73,2433.333333333333,17,1.0,0.9579135775566101,4,6,0.9975364506244659,0.9955297708511353,False,,,,,False,,,,736.5622291564941,403.61824798583984,739.7797660827637,329.2041778564453,74.48359804073884,1,0,False,0,0.0,,697.1658782958984,295.00416564941406,94.55667114257812,201.4381561279297,744.4442138671875,395.7232437133789,727.4876847290641,431.4778325123152,39.5716375778543,0.08703563608921945,1.0,222.52706532416644,0.2581014787477247,True,3.3809728204682963,2.741264695064516,60.570968746586324,0.008855518939188999,False,False,False,False,VALID_TARGET,,True,1,VALID_TARGET,,NOT_REVIEWED,False
74,74,74,2466.666666666667,17,1.0,0.9767301678657532,4,6,0.9992576241493225,0.9984903335571289,False,,,,,False,,,,737.6883392333984,402.61932373046875,737.8316879272461,329.5179557800293,73.10150850067025,1,0,False,0,0.0,,693.5265426635742,295.41455459594727,96.6019058227539,204.72277450561523,741.8274955749512,397.7759418487549,728.5221674876848,429.48275862068965,34.385374584535846,0.0770278612460787,1.0,226.36992426085493,0.06344390747267127,True,1.5053151076349747,1.9731865308007366,60.570968746586324,0.02281768921099654,False,False,False,False,VALID_TARGET,,True,1,VALID_TARGET,,NOT_REVIEWED,False
75,75,75,2500.0,17,1.0,0.9799340963363647,4,6,0.9989771842956543,0.998453676700592,False,,,,,False,,,,739.9906234741211,396.6878356933594,739.981502532959,327.09547424316406,69.59236204790147,1,0,False,0,0.0,,700.3549575805664,295.5269317626953,89.92635345458984,194.1539306640625,745.3181343078613,392.60389709472656,729.5566502463055,427.487684729064,38.27927663292804,0.08736687445027493,1.0,213.96845056677262,0.20474286528199598,True,6.3626301998035,3.2388454170258605,60.570968746586324,0.057934461432343265,False,False,False,False,VALID_TARGET,,True,1,VALID_TARGET,,NOT_REVIEWED,False
76,76,76,2533.333333333333,17,1.0,0.9567010998725891,4,6,0.9969452321529388,0.9950632452964783,False,,,,,False,,,,739.6753158569336,398.39605712890625,742.1961135864258,325.5104217529297,72.92921407332469,1,0,False,0,0.0,,698.1019287109375,295.6655578613281,94.46882629394531,189.78871154785156,745.3363418579102,390.5599136352539,730.5911330049262,425.4926108374384,37.91720609350887,0.08820272174703939,1.0,212.00026927423752,0.032493805749904174,True,1.737077823909535,2.7233974214086913,60.570968746586324,0.05508995636810368,False,False,False,False,VALID_TARGET,,True,1,VALID_TARGET,,NOT_REVIEWED,False
77,77,77,2566.666666666667,17,1.0,0.9588513374328613,4,6,0.9983721673488617,0.9957811534404755,False,,,,,False,,,,743.2783012390137,393.87816619873047,743.6169052124023,326.16548919677734,67.71352360807718,1,0,False,0,0.0,,699.0118179321289,295.3676872253418,91.76468658447266,177.17567825317383,744.8941612243652,383.9555263519287,731.6256157635469,423.4975369458128,41.70881082520387,0.09892260197688887,1.0,199.52939299366062,0.20588867139886613,True,5.778654005947,1.5645325820941622,60.570968746586324,0.08610875099370856,False,False,False,False,VALID_TARGET,,True,1,VALID_TARGET,,NOT_REVIEWED,False
78,78,78,2600.0,17,1.0,0.9785283207893372,4,6,0.9990024566650391,0.9983324706554413,False,,,,,False,,,,741.2527122497559,393.84847259521484,742.4491996765137,326.0006332397461,67.8583884819547,1,0,False,0,0.0,,696.2568817138672,294.1744079589844,95.64971923828125,186.27012634277344,744.0817413330078,387.3094711303711,732.6600985221673,421.50246305418716,36.05016811612082,0.08720930293321946,1.0,209.39300073812117,0.1628438169071953,True,2.025806620458189,1.179285251800318,60.570968746586324,0.0023916552248586524,False,False,False,False,VALID_TARGET,,True,1,VALID_TARGET,,NOT_REVIEWED,False
79,79,79,2633.3333333333335,17,1.0,0.9720600247383118,4,6,0.9983088076114655,0.9970824122428894,False,,,,,False,,,,744.369384765625,389.47704315185547,746.0837020874023,325.0799560546875,64.41990150939368,1,0,False,0,0.0,,696.363899230957,295.4234428405762,95.35303497314453,169.10881423950195,744.0404167175293,379.97784996032715,733.6945812807882,419.5073891625616,40.86099338519707,0.10086130644214639,1.0,194.139105622953,0.25183508586409825,True,5.368709616792785,3.749300501939393,60.570968746586324,0.05676790455418975,False,False,False,False,VALID_TARGET,,True,1,VALID_TARGET,,NOT_REVIEWED,False
80,80,80,2666.6666666666665,17,1.0,0.9678564071655273,4,6,0.99823197722435,0.9967697858810425,False,,,,,False,,,,744.8563766479492,388.38614654541016,745.5906410217285,324.4870414733887,63.90332364733342,1,0,False,0,0.0,,696.0009841918945,294.74436950683594,95.52936553955078,170.15896606445312,743.7656669616699,379.8238525390625,734.729064039409,417.51231527093597,38.756682204059096,0.09765664038545806,1.0,195.14080406853105,0.01653759988170094,True,1.1946616673366501,0.7711400101150087,60.570968746586324,0.008528472843508432,False,False,False,False,VALID_TARGET,,True,1,VALID_TARGET,,NOT_REVIEWED,False
81,81,81,2700.0,17,1.0,0.9757014513015747,4,6,0.9989277124404907,0.9980564117431641,False,,,,,False,,,,743.2658996582031,388.0336685180664,744.8382759094238,324.39046478271484,63.66262442575604,1,0,False,0,0.0,,695.6276893615723,294.24811935424805,95.98061752319336,176.3242530822754,743.617998123169,382.41024589538574,735.7635467980294,415.51724137931035,34.02595414667442,0.08755719642922609,1.0,200.75487830973333,0.09268589156449102,True,1.6290665470360435,0.7585382781341712,60.570968746586324,0.0039738380705846834,False,False,False,False,VALID_TARGET,,True,1,VALID_TARGET,,NOT_REVIEWED,False
82,82,82,2733.3333333333335,17,1.0,0.9792846441268921,4,6,0.9991088211536407,0.9982385337352753,False,,,,,False,,,,743.5172309875488,385.6271438598633,746.0660934448242,323.9866943359375,61.69312536529293,1,0,False,0,0.0,,699.3364105224609,296.2300338745117,94.21049499511719,162.5183334350586,746.4416580200195,377.489200592041,736.7980295566502,413.5221674876848,37.30112965101816,0.09806739124255817,1.0,187.85054184040536,0.21304490808652024,True,2.419613268200178,1.2925039550916142,60.570968746586324,0.032515561517647215,False,False,False,False,VALID_TARGET,,True,1,VALID_TARGET,,NOT_REVIEWED,False
83,83,83,2766.6666666666665,17,1.0,0.9785404205322266,4,6,0.9991419017314911,0.9983009099960327,False,,,,,True,,83.0,86.0,743.9382171630859,385.7658004760742,746.1411781311035,323.5000343322754,62.304724303224816,1,0,False,0,0.0,,701.2802963256836,295.8037452697754,92.92882537841797,163.07230758666992,747.7447090148926,377.33989906311035,737.832512315271,411.5270935960591,35.59516699561432,0.09565726804327154,1.0,187.69215244078262,0.0026149391845686986,True,0.4432324640777445,0.4924181853649038,60.570968746586324,0.010097228929764413,False,False,False,False,VALID_TARGET,,True,1,VALID_TARGET,,ACCEPTED,False
84,84,84,2800.0,17,1.0,0.9852912425994873,4,6,0.9990689158439636,0.9986364245414734,False,,,,,True,,83.0,86.0,743.6185607910156,382.94023513793945,747.6986808776855,322.0392189025879,61.03753892827103,2,0,True,1,0.0,0.4067701411796187,701.505916595459,295.2097854614258,94.08142471313477,154.92871856689453,748.5466289520264,372.67414474487305,738.8669950738916,409.53201970443354,38.10771914651059,0.10473127481741541,1.0,181.25733726620078,0.10623596266890643,True,2.8435892242505396,2.1353680069776373,60.570968746586324,0.020920672083937893,False,True,True,False,VALID_TARGET,HUMAN_ACCEPTED_TARGET: operator reviewed the raw skeleton and confirmed that it belongs to the documented athlete.,True,1,TARGET_IDENTITY_UNCERTAIN,TARGET_OVERLAP_AMBIGUOUS: another detected person overlaps or is too close to the selected pose for automated identity acceptance.,ACCEPTED,True
85,85,85,2833.3333333333335,17,1.0,0.9474747776985168,4,6,0.9972600042819977,0.9948961734771729,False,,,,,True,,83.0,86.0,743.6101455688477,383.168399810791,746.982494354248,322.6913833618164,60.570968746586324,2,0,True,1,0.0,0.3990924377495362,708.3980751037598,296.1106643676758,86.6252555847168,154.7867202758789,751.7107028961182,373.50402450561523,739.9014778325122,407.53694581280786,36.02356908059589,0.10129977212524875,1.0,177.3777429072788,0.06405039310421527,True,0.228319806196477,0.9686287308532175,60.570968746586324,0.007702868079206742,False,True,True,False,VALID_TARGET,HUMAN_ACCEPTED_TARGET: operator reviewed the raw skeleton and confirmed that it belongs to the documented athlete.,True,1,TARGET_IDENTITY_UNCERTAIN,TARGET_OVERLAP_AMBIGUOUS: another detected person overlaps or is too close to the selected pose for automated identity acceptance.,ACCEPTED,True
86,86,86,2866.6666666666665,17,1.0,0.9802124500274658,4,6,0.9985120296478271,0.9980248212814331,False,,,,,True,,83.0,86.0,746.3752288818359,381.34081649780273,748.3546333312988,322.15417671203613,59.219729576422786,1,0,False,0,0.0,,708.1091995239258,296.3811340332031,88.08342742919922,150.0705108642578,752.1509132385254,371.41638946533203,740.9359605911329,405.5418719211823,35.92107620503316,0.10340973655136833,1.0,174.01105832312592,0.055582478765334335,True,3.3144752968878004,1.4735522918818014,60.570968746586324,0.02230836319981578,False,False,False,False,VALID_TARGET,,True,1,VALID_TARGET,,ACCEPTED,False
87,87,87,2900.0,17,1.0,0.9618101716041565,4,6,0.9982511699199677,0.9967523515224457,False,,,,,False,,,,746.4822540283203,382.0471878051758,748.7013931274414,322.40650177001953,59.68195714858327,1,0,False,0,0.0,,707.7510032653809,295.43771743774414,88.36134719848633,155.29410934448242,751.931676864624,373.08477210998535,741.9704433497537,403.5467980295567,32.04935562944149,0.09450718226418313,1.0,178.67285209518403,0.07696416069490113,True,0.7144332060171261,0.4288476315746278,60.570968746586324,0.007631173509777105,False,False,False,False,VALID_TARGET,,True,1,VALID_TARGET,,NOT_REVIEWED,False
88,88,88,2933.333333333333,17,1.0,0.9733022451400757,4,6,0.9981761574745178,0.9974349141120911,False,,,,,False,,,,745.2812843322754,380.8827476501465,747.7879066467285,321.51557540893555,59.42006643672591,1,0,False,0,0.0,,706.9395217895508,296.11643981933594,88.48062896728516,149.74179077148438,751.1798362731934,370.9873352050781,743.0049261083743,401.55172413793105,31.638758304357708,0.09562098366250413,1.0,173.9293695897774,0.07831280568174777,True,1.6727967854652535,1.2760122771037794,60.570968746586324,0.004323700235884396,False,False,False,False,VALID_TARGET,,True,1,VALID_TARGET,,NOT_REVIEWED,False
89,89,89,2966.666666666667,17,1.0,0.972221851348877,4,6,0.9984132349491119,0.9974556863307953,False,,,,,False,,,,745.211799621582,381.53782653808594,747.7534217834473,321.33448600769043,60.256966852244126,1,0,False,0,0.0,,705.9787902832031,296.4874839782715,89.22439575195312,148.33285903930664,750.5909881591797,370.6539134979248,744.039408866995,399.55665024630537,29.63598121824164,0.0918562790348683,1.0,173.10005738900253,0.013691578951700416,True,0.658753728220289,0.18434363845503743,60.570968746586324,0.01381685703293926,False,False,False,False,VALID_TARGET,,True,1,VALID_TARGET,,NOT_REVIEWED,False
90,90,90,3000.0,17,1.0,0.9723135828971863,4,6,0.9984826147556305,0.9976517856121063,False,,,,,False,,,,745.7256889343262,381.9075813293457,747.7964210510254,321.67881202697754,60.26435582645031,1,0,False,0,0.0,,706.4219741821289,296.91527938842773,89.36005401611328,148.43246841430664,751.1020011901855,371.13151359558105,745.0738916256157,397.5615763546798,27.108786811149564,0.08622565325372876,1.0,173.25535181727236,0.002563842571505486,True,0.6330883282861863,0.3470004964987255,60.570968746586324,0.00012198870777682569,False,False,False,False,VALID_TARGET,,True,1,VALID_TARGET,,NOT_REVIEWED,False
91,91,91,3033.333333333333,17,1.0,0.9609123468399048,4,6,0.9986688494682312,0.9954388439655304,False,,,,,False,,,,745.3911743164062,382.49317932128906,748.5254974365234,322.0554504394531,60.518947890851564,1,0,False,0,0.0,,706.6755790710449,296.5323066711426,90.08498001098633,150.09440231323242,751.7180690765381,371.5795078277588,746.1083743842364,395.56650246305423,24.634215761305047,0.08046329368138934,1.0,175.05322970270007,0.02968217155234181,True,0.6744071750583664,0.820614933841096,60.570968746586324,0.00420320278294376,False,False,False,False,VALID_TARGET,,True,1,VALID_TARGET,,NOT_REVIEWED,False
92,92,92,3066.666666666667,17,1.0,0.9524329900741577,4,6,0.9982495009899139,0.9938898980617523,False,,,,,False,,,,746.4234981536865,384.57177352905273,748.5803508758545,323.4493942260742,61.16042237691218,1,0,False,0,0.0,,706.7205276489258,297.5903129577637,90.05083465576172,151.17450332641602,751.7459449768066,373.1775646209717,747.1428571428571,393.57142857142856,20.906891314511554,0.0701766766824717,1.0,175.96273264014712,0.015015492673597308,True,2.320828814360455,1.395022645001148,60.570968746586324,0.01059046106302813,False,False,False,False,VALID_TARGET,,True,1,VALID_TARGET,,NOT_REVIEWED,False
93,93,93,3100.0,17,1.0,0.9504607915878296,4,6,0.9983786642551422,0.9945957362651825,False,,,,,False,,,,746.9920921325684,380.6084785461426,751.1717071533203,321.8507843017578,58.90616109235351,1,0,False,0,0.0,,709.1102638244629,294.68475914001465,91.37871932983398,143.27334022521973,754.7996234893799,366.3214292526245,747.3214285714286,393.1547619047619,27.855899562770126,0.09359155485330714,1.0,169.9332821011003,0.09954357118296263,True,4.003873903406736,3.044779310046037,60.570968746586324,0.03721686034096523,False,False,False,False,VALID_TARGET,,True,1,VALID_TARGET,,NOT_REVIEWED,False
94,94,94,3133.3333333333335,17,1.0,0.9542528986930847,4,6,0.998336911201477,0.9959082305431366,False,,,,,False,,,,747.608772277832,379.9962921142578,751.3080883026123,321.9964199066162,58.117726341917,1,0,False,0,0.0,,709.882640838623,295.29271507263184,90.79300308227539,141.2800693511963,755.2791423797607,365.93274974823,747.4999999999999,392.73809523809524,27.911316754958573,0.0938676706849037,1.0,167.93876087603155,0.032928666427861276,True,0.8689456996534503,0.19952330010471517,60.570968746586324,0.013016710261563102,False,False,False,False,VALID_TARGET,,True,1,VALID_TARGET,,NOT_REVIEWED,False
95,95,95,3166.6666666666665,17,1.0,0.9314501881599426,4,6,0.9971396327018738,0.9866313636302948,False,,,,,False,,,,749.481861114502,380.8304023742676,751.9573802947998,320.1133346557617,60.76751194137908,1,0,False,0,0.0,,696.0041809082031,293.30162239074707,110.86183166503906,137.853666305542,751.4350967407227,362.22845554351807,747.6785714285713,392.32142857142856,30.3265314218323,0.10208802445473555,1.0,176.9010430551702,0.14796332904356493,True,2.050415010652975,1.991881058975294,60.570968746586324,0.043746792469972096,False,False,False,False,VALID_TARGET,,True,1,VALID_TARGET,,NOT_REVIEWED,False
96,96,96,3200.0,17,1.0,0.9392271041870117,4,6,0.9973578155040741,0.988569051027298,False,,,,,True,,96.0,100.0,748.8833618164062,381.06380462646484,751.0759658813477,320.0063648223877,61.09679588991637,1,0,False,0,0.0,,699.7766056060791,294.68095779418945,107.34787559509277,137.51908493041992,753.4505434036255,363.4405002593994,747.8571428571429,391.9047619047619,29.008624936198668,0.09774524638820238,1.0,174.45648487482362,0.04035857822538701,True,0.642400203262581,0.8878817001680241,60.570968746586324,0.005436332872847655,False,False,False,False,VALID_TARGET,,True,1,VALID_TARGET,,ACCEPTED,False
97,97,97,3233.3333333333335,17,1.0,0.9501920342445374,4,6,0.9980692863464355,0.9941833317279816,False,,,,,True,,96.0,100.0,749.8126449584961,378.2670021057129,752.0450668334961,319.11239433288574,59.19671720784017,2,0,True,1,0.027990588793190458,0.38944686509972887,704.2970657348633,292.67752838134766,102.66364288330078,145.32442474365234,755.6288871765137,365.3397407531738,748.0357142857142,391.48809523809524,27.22852762854946,0.09183520600782734,1.0,177.92979513601253,0.05734282170259434,True,2.947146331327451,1.3184611831811242,60.570968746586324,0.03136946166447575,False,True,True,False,VALID_TARGET,HUMAN_ACCEPTED_TARGET: operator reviewed the raw skeleton and confirmed that it belongs to the documented athlete.,True,1,TARGET_IDENTITY_UNCERTAIN,TARGET_OVERLAP_AMBIGUOUS: another detected person overlaps or is too close to the selected pose for automated identity acceptance.,ACCEPTED,True
98,98,98,3266.6666666666665,17,1.0,0.9500473141670227,4,6,0.9977337121963501,0.9935449659824371,False,,,,,True,,96.0,100.0,749.6779174804688,377.8816566467285,751.9305973052979,318.93307876586914,58.99160449224055,1,0,False,0,0.0,,704.6438655853271,292.8860855102539,102.16666603088379,141.74393463134766,755.727198600769,363.75805282592773,748.2142857142858,391.07142857142856,28.327801797082646,0.0956344941727835,1.0,174.72655966578722,0.0528840059274409,True,0.4082188335874363,0.2127377386840743,60.570968746586324,0.0033863205400885272,False,False,False,False,VALID_TARGET,HUMAN_ACCEPTED_TARGET: operator reviewed the raw skeleton and confirmed that it belongs to the documented athlete.,True,1,INVALID_TRACK_SEGMENT,Valid-looking pose segment is too short to establish target identity continuity.,ACCEPTED,True
99,99,99,3300.0,17,1.0,0.9514886140823364,4,6,0.997990608215332,0.9940460324287415,False,,,,,True,,96.0,100.0,749.774097442627,378.0781555175781,751.6046409606934,318.7874183654785,59.318988541704755,2,0,True,1,0.029491848480330922,0.3897981674876372,708.900146484375,293.5290927886963,97.58404541015625,142.26132774353027,757.6921691894531,364.6597566604614,748.3928571428571,390.6547619047619,27.6082868391209,0.09329489704593302,1.0,172.51356842278688,0.03653551014280362,True,0.21877475029336646,0.35702169518095067,60.570968746586324,0.005404966376448422,False,True,True,False,VALID_TARGET,HUMAN_ACCEPTED_TARGET: operator reviewed the raw skeleton and confirmed that it belongs to the documented athlete.,True,1,TARGET_IDENTITY_UNCERTAIN,TARGET_OVERLAP_AMBIGUOUS: another detected person overlaps or is too close to the selected pose for automated identity acceptance.,ACCEPTED,True
100,100,100,3333.3333333333335,17,1.0,0.9547914862632751,4,6,0.9974496960639954,0.9922482073307037,False,,,,,True,,96.0,100.0,749.0109844207764,378.96545791625977,753.3164234161377,318.3360252380371,60.78211012975702,1,0,False,0,0.0,,698.1352310180664,293.20160484313965,110.4209976196289,143.43520545959473,753.3457298278809,364.919207572937,748.5714285714286,390.23809523809524,25.76509315116605,0.08714991877539922,1.0,181.01506810359805,0.14035601306591797,True,1.1703192003996712,1.7702979778185293,60.570968746586324,0.024155492611874833,False,False,False,False,VALID_TARGET,,True,1,VALID_TARGET,,ACCEPTED,False
101,101,101,3366.6666666666665,17,1.0,0.965457558631897,4,6,0.9980235695838928,0.9964434206485748,False,,,,,False,,,,748.8561382293701,377.31575775146484,753.2814846038818,318.00117683410645,59.47943510101841,1,0,False,0,0.0,,694.7690715789795,292.86534118652344,113.57531929016113,143.6967315673828,751.5567312240601,364.71370697021484,748.75,389.82142857142856,25.264113365961755,0.0855374434210495,1.0,183.16141464569037,0.035435235501550096,True,1.656951410487771,0.3366662653381882,60.570968746586324,0.021506590627412225,False,False,False,False,VALID_TARGET,,True,1,VALID_TARGET,,NOT_REVIEWED,False
102,102,102,3400.0,17,1.0,0.9821289777755737,4,6,0.9984566867351532,0.9981063008308411,False,,,,,False,,,,749.3225154876709,375.14959716796875,753.041711807251,318.2411403656006,57.02985952017225,1,0,False,0,0.0,,691.9071369171143,293.0409049987793,120.24183464050293,145.14474868774414,752.0280542373657,365.61327934265137,748.9285714285713,389.4047619047619,23.99252875762,0.08131024282441533,1.0,188.48102522360824,0.08782442625565032,True,2.2157976939586095,0.3392248376096934,60.570968746586324,0.04044141329643522,False,False,False,False,VALID_TARGET,,True,1,VALID_TARGET,,NOT_REVIEWED,False
103,103,103,3433.333333333333,17,1.0,0.9607270956039429,4,6,0.9984772801399231,0.9961043000221252,False,,,,,False,,,,748.1319942474365,376.8021354675293,752.9781589508057,317.8174571990967,59.18342320922885,1,0,False,0,0.0,,693.2394027709961,292.79539489746094,116.9348373413086,147.6957550048828,751.7068214416504,366.64327239990234,749.1071428571429,388.9880952380952,22.49554258987703,0.07631024197478688,1.0,188.3820379720441,0.001634235899021054,True,2.036718845340136,0.42842314496433925,60.570968746586324,0.035554387417288384,False,False,False,False,VALID_TARGET,,True,1,VALID_TARGET,,NOT_REVIEWED,False
104,104,104,3466.666666666667,17,1.0,0.9762669801712036,4,6,0.9980120956897736,0.9962847828865051,False,,,,,False,,,,750.6469898223877,378.3362236022949,753.0604572296143,319.2868366241455,59.09868803468472,1,0,False,0,0.0,,695.2983207702637,293.195743560791,116.2430305480957,146.60839462280273,753.4198360443115,366.4999408721924,749.2857142857142,388.57142857142856,22.455323020888418,0.07624702125969503,1.0,187.1001430381093,0.021163520420119167,True,2.945951314474265,1.4716823371406214,60.570968746586324,0.0013989403884002473,False,False,False,False,VALID_TARGET,,True,1,VALID_TARGET,,NOT_REVIEWED,False
105,105,105,3500.0,17,1.0,0.9712255597114563,4,6,0.9980833232402802,0.9968445003032684,False,,,,,False,,,,750.3963050842285,376.68724060058594,753.2066383361816,319.31180000305176,57.44422648750879,1,0,False,0,0.0,,695.8274784088135,292.14550399780273,115.88821983337402,149.12453079223633,753.7715883255005,366.7077693939209,748.5714285714287,387.95238095238096,21.87178963271463,0.07479666130246598,1.0,188.86027951941895,0.02905907760322625,True,1.6679291885062473,0.1482972899404488,60.570968746586324,0.0273144310122854,False,False,False,False,VALID_TARGET,,True,1,VALID_TARGET,,NOT_REVIEWED,False
106,106,106,3533.333333333333,17,1.0,0.9744453430175781,4,6,0.9982303977012634,0.9969148933887482,False,,,,,False,,,,750.4313468933105,376.41706466674805,753.0574035644531,319.2803554534912,57.197025389091,1,0,False,0,0.0,,696.2240180969238,292.57358169555664,116.60082626342773,147.9897575378418,754.5244312286377,366.56846046447754,747.8571428571429,387.3333333333333,21.80900455060736,0.07511907959322377,1.0,188.4057351075685,0.0075043279190756,True,0.27243891720699115,0.15251156280730932,60.570968746586324,0.004081181191801919,False,False,False,False,VALID_TARGET,,True,1,VALID_TARGET,,NOT_REVIEWED,False
107,107,107,3566.666666666667,17,1.0,0.9589107632637024,4,6,0.9974817335605621,0.9947508275508881,False,,,,,False,,,,747.8107471466064,375.6497688293457,751.9531002044678,318.4668369293213,57.33277238664465,1,0,False,0,0.0,,708.0650825500488,292.8081169128418,100.88531112670898,145.29230117797852,758.5077381134033,365.45426750183105,747.1428571428571,386.71428571428567,24.107029967803687,0.08363675429793653,1.0,176.88329141760477,0.1902304673080387,True,2.7306200641100853,1.3716042796822066,60.570968746586324,0.002241123105056769,False,False,False,False,VALID_TARGET,,True,1,VALID_TARGET,,NOT_REVIEWED,False
108,108,108,3600.0,17,1.0,0.9623134732246399,4,6,0.9977355599403381,0.9959774911403656,False,,,,,False,,,,748.3062210083008,375.4444274902344,752.1167621612549,318.17261695861816,57.398436437308135,1,0,False,0,0.0,,706.4347457885742,292.91247177124023,102.9195327758789,144.5672492980957,757.8945121765137,365.1960964202881,746.4285714285713,386.0952380952381,23.837825403860897,0.08330709669514651,1.0,177.46019214579636,0.009524376778670922,True,0.5363388976853454,0.33667584894068864,60.570968746586324,0.0010840845378948395,False,False,False,False,VALID_TARGET,,True,1,VALID_TARGET,,NOT_REVIEWED,False
109,109,109,3633.3333333333335,17,1.0,0.9689549207687378,4,6,0.9952739179134369,0.9920580387115479,False,,,,,False,,,,752.7218971252441,373.25724029541016,751.8476161956787,316.7424602508545,56.52154218197084,1,0,False,0,0.0,,711.5572052001953,291.9319477081299,97.66127014160156,146.48180961608887,760.3878402709961,365.1728525161743,745.7142857142858,385.4761904761905,25.050723255973818,0.08819028064456354,1.0,176.05295860642326,0.02323280555839557,True,4.92767525258585,1.4552620930771731,60.570968746586324,0.014477137702816058,False,False,False,False,VALID_TARGET,,True,1,VALID_TARGET,,NOT_REVIEWED,False
110,110,110,3666.6666666666665,17,1.0,0.9666473269462585,4,6,0.9955435693264008,0.993314117193222,False,,,,,False,,,,750.577953338623,374.1316947937012,750.7123508453369,315.69372367858887,58.43812566074062,1,0,False,0,0.0,,710.6952781677246,291.5796375274658,99.89426040649414,147.82105827331543,760.6424083709717,365.49016666412354,745.0,384.8571428571429,24.895073940545412,0.0882922324933482,1.0,178.4094407008872,0.038904480863148405,True,2.3154191045624084,1.545534151578067,60.570968746586324,0.031641948584119284,False,False,False,False,VALID_TARGET,,True,1,VALID_TARGET,,NOT_REVIEWED,False
111,111,111,3700.0,17,1.0,0.9752963781356812,4,6,0.997581958770752,0.9954310953617096,False,,,,,False,,,,748.7315063476562,371.3707618713379,750.3911933898926,314.1616802215576,57.23315109522971,1,0,False,0,0.0,,708.8382682800293,293.55281829833984,99.99267959594727,142.57939910888672,758.8346080780029,364.8425178527832,744.2857142857142,384.23809523809524,24.245798248127954,0.08663194576746013,1.0,174.14769887376914,0.07035947938934406,True,3.3214630951193462,1.5653431781624578,60.570968746586324,0.019893599036730273,False,False,False,False,VALID_TARGET,,True,1,VALID_TARGET,,NOT_REVIEWED,False
112,112,112,3733.3333333333335,17,1.0,0.9667485952377319,4,6,0.9967323839664459,0.9937279224395752,False,,,,,False,,,,750.3207530975342,370.8595275878906,751.6271686553955,314.53670501708984,56.337971777050406,1,0,False,0,0.0,,708.6020736694336,294.3695011138916,98.45099639892578,141.85130882263184,757.8275718688965,365.2951555252075,743.5714285714287,383.6190476190476,23.216430457428878,0.08357834620684657,1.0,172.6684467603591,0.0244218004767079,True,1.6694507254092292,1.2916185405138105,60.570968746586324,0.014779016031995575,False,False,False,False,VALID_TARGET,,True,1,VALID_TARGET,,NOT_REVIEWED,False
113,113,113,3766.6666666666665,17,1.0,0.9549508094787598,4,6,0.9975307881832123,0.9954194128513336,False,,,,,False,,,,750.8131275177002,368.83570861816406,752.5912971496582,312.9451313018799,55.91885656902828,1,0,False,0,0.0,,714.8944969177246,291.02491569519043,90.46994400024414,145.651216506958,760.1294689178467,363.85052394866943,742.8571428571428,383.0,25.788285724098724,0.09354103042701262,1.0,171.46162147070717,0.0199241536766728,True,2.082852801294154,1.86081988499599,60.570968746586324,0.006919407377742292,False,False,False,False,VALID_TARGET,,True,1,VALID_TARGET,,NOT_REVIEWED,False
114,114,114,3800.0,17,1.0,0.9678215980529785,4,6,0.9977803230285645,0.9964142739772797,False,,,,,False,,,,750.9338760375977,369.1472511291504,752.756383895874,313.2744789123535,55.902488406899636,1,0,False,0,0.0,,713.8296203613281,291.319543838501,91.02053833007812,145.41173362731934,759.3398895263672,364.02541065216064,742.1428571428571,382.38095238095235,25.152809683152853,0.09193322861550313,1.0,171.54973236469854,0.0014546720287734536,True,0.33412414041654326,0.36840668058657466,60.570968746586324,0.00027023114319209854,False,False,False,False,VALID_TARGET,,True,1,VALID_TARGET,,NOT_REVIEWED,False
115,115,115,3833.3333333333335,17,1.0,0.9713738560676575,4,6,0.9978179335594177,0.9967035949230194,False,,,,,False,,,,751.080997467041,368.377685546875,753.2920207977295,312.6616744995117,55.75986469853344,1,0,False,0,0.0,,713.5842247009277,290.1849536895752,90.3382453918457,146.75691032409668,758.7533473968506,363.56340885162354,741.4285714285714,381.7619047619047,25.126343063557474,0.0925437275487456,1.0,172.33278651595083,0.012927878940295448,True,0.7835023295589608,0.8139017993761314,60.570968746586324,0.0023546545699623233,False,False,False,False,VALID_TARGET,,True,1,VALID_TARGET,,NOT_REVIEWED,False
116,116,116,3866.6666666666665,17,1.0,0.9542922973632812,4,6,0.9972898364067078,0.9951821267604828,False,,,,,False,,,,749.4341564178467,367.5527114868164,753.9606494903564,311.2731342315674,56.461313795952556,1,0,False,0,0.0,,707.9900321960449,284.79055404663086,91.85117721557617,148.3956642150879,753.915620803833,358.9883861541748,740.7142857142857,381.14285714285717,25.789451970425475,0.09572321324160156,1.0,174.52195252667872,0.03614216605791476,True,1.8419195533684585,1.5411386713423803,60.570968746586324,0.011580615465369246,False,False,False,False,VALID_TARGET,,True,1,VALID_TARGET,,NOT_REVIEWED,False
117,117,117,3900.0,17,1.0,0.9715419411659241,4,6,0.9975623786449432,0.9963579475879669,False,,,,,False,,,,749.5622234344482,365.4130401611328,752.7763271331787,310.6308002471924,54.876445516949445,1,0,False,0,0.0,,708.7798118591309,286.406925201416,90.4775276184082,147.43918991088867,754.018575668335,360.12652015686035,740.0,380.5238095238095,24.750149035670283,0.09258413711220807,1.0,172.98698715660353,0.02534160179106748,True,2.1435005348013823,1.3472981827324224,60.570968746586324,0.02616547682494233,False,False,False,False,VALID_TARGET,,True,1,VALID_TARGET,,NOT_REVIEWED,False
118,118,118,3933.333333333333,17,1.0,0.9692873358726501,4,6,0.9979733824729919,0.9971924722194672,False,,,,,False,,,,750.5277252197266,363.9169692993164,750.8599338531494,308.1512756347656,55.766683176110085,1,0,False,0,0.0,,709.0901565551758,286.3731937408447,85.30564880371094,145.15546226501465,751.7429809570312,358.95092487335205,739.2857142857142,379.9047619047619,24.377177426010377,0.09190779805239936,1.0,168.36615438737132,0.07628791259001666,True,1.7805678085800911,3.133784534292604,60.570968746586324,0.014697431419417607,False,False,False,False,VALID_TARGET,,True,1,VALID_TARGET,,NOT_REVIEWED,False
119,119,119,3966.666666666667,17,1.0,0.9699136018753052,4,6,0.9981279969215393,0.9973366558551788,False,,,,,False,,,,750.0218086242676,364.49071884155273,750.5904769897461,308.1849708557129,56.30861958843249,1,0,False,0,0.0,,709.034008026123,286.4886054992676,85.60253524780273,146.08442306518555,751.8352756500244,359.53081703186035,738.5714285714286,379.2857142857143,23.794654963556443,0.09042437628741153,1.0,169.31760895766107,0.01570809564348206,True,0.7649445331376685,0.2715554623826239,60.570968746586324,0.00894713133266421,False,False,False,False,VALID_TARGET,,True,1,VALID_TARGET,,NOT_REVIEWED,False
120,120,120,4000.0,17,1.0,0.9509750604629517,4,6,0.9977674186229706,0.9955308139324188,False,,,,,False,,,,751.3822898864746,362.6836280822754,750.744499206543,304.285306930542,58.40180382738533,1,0,False,0,0.0,,709.4703330993652,281.5846481323242,82.32234573364258,146.63545989990234,750.6315059661865,354.9023780822754,739.4642857142857,378.3928571428571,26.00979459069396,0.09793286535401521,1.0,168.16339288663644,0.01905559866234879,True,2.2619651361331816,3.9027043921550506,60.570968746586324,0.03455754930567798,False,False,False,False,VALID_TARGET,,True,1,VALID_TARGET,,NOT_REVIEWED,False
121,121,121,4033.333333333333,17,1.0,0.9514279365539551,4,6,0.9976044595241547,0.9960062801837921,False,,,,,False,,,,750.9240913391113,361.2142333984375,751.0157203674316,304.58393478393555,56.630372743312336,1,0,False,0,0.0,,710.3264198303223,283.32358741760254,82.49166488647461,145.73349571228027,751.5722522735596,356.1903352737427,740.3571428571429,377.5,24.080707837762862,0.08984223246028036,1.0,167.46082093511797,0.011599153291700897,True,1.5391772625974163,0.40340985726211653,60.570968746586324,0.02924554651724682,False,False,False,False,VALID_TARGET,,True,1,VALID_TARGET,,NOT_REVIEWED,False
122,122,122,4066.6666666666665,17,1.0,0.9508142471313477,4,6,0.9977492094039917,0.994909256696701,False,,,,,False,,,,753.124568939209,359.8603286743164,751.8019256591797,302.8162136077881,57.05944662340785,1,0,False,0,0.0,,711.9845352172852,281.73556900024414,77.23924255371094,147.01224899291992,750.6041564941406,355.2416934967041,741.25,376.6071428571429,23.323436069549174,0.08622979419728247,1.0,166.06776310960316,0.022998770769921233,True,2.583633037126007,1.934672302322229,60.570968746586324,0.0070838206648246365,False,False,False,False,VALID_TARGET,,True,1,VALID_TARGET,,NOT_REVIEWED,False
123,123,123,4100.0,17,1.0,0.9483254551887512,4,6,0.9977900683879852,0.9953767657279968,False,,,,,False,,,,755.2366409301758,358.5479545593262,752.5294609069824,302.54002571105957,56.07331734033997,1,0,False,0,0.0,,711.5346488952637,281.69050788879395,79.0477409362793,149.36498832702637,751.0585193634033,356.37300205230713,742.1428571428571,375.71428571428567,21.29728354800191,0.07803255386647831,1.0,168.9924409110119,0.04828514157739245,True,2.486598864457806,0.7781948927451962,60.570968746586324,0.016280559870085594,False,False,False,False,VALID_TARGET,,True,1,VALID_TARGET,,NOT_REVIEWED,False
124,124,124,4133.333333333334,17,1.0,0.9789528846740723,4,6,0.9991247951984406,0.9983523190021515,False,,,,,False,,,,750.7642440795898,359.5590057373047,751.7203311920166,303.29061698913574,56.27651086271798,1,0,False,0,0.0,,711.0542182922363,281.8761291503906,78.51468276977539,151.77430725097656,750.311559677124,357.7632827758789,743.0357142857142,374.82142857142856,18.545033409026995,0.067343977667361,1.0,170.88006247644077,0.031163800158557905,True,4.585254417545744,1.1036657838153228,60.570968746586324,0.0033546355058001243,False,False,False,False,VALID_TARGET,,True,1,VALID_TARGET,,NOT_REVIEWED,False
125,125,125,4166.666666666667,17,1.0,0.9835648536682129,4,6,0.9990665018558502,0.9987085163593292,False,,,,,False,,,,749.0915584564209,361.0135841369629,752.0767421722412,301.6413803100586,59.447202701899,1,0,False,0,0.0,,712.6202278137207,278.2357749938965,73.96468734741211,156.57728958129883,749.6025714874268,356.5244197845459,743.9285714285714,373.92857142857144,18.305703240141508,0.06588845770240646,1.0,173.16819161447154,0.037776003676013914,True,2.2166811937462505,1.6873086292786177,60.570968746586324,0.052346724921082256,False,False,False,False,VALID_TARGET,,True,1,VALID_TARGET,,NOT_REVIEWED,False
126,126,126,4200.0,17,1.0,0.9670527577400208,4,6,0.9984963238239288,0.997360497713089,False,,,,,False,,,,749.0142688751221,357.9849433898926,751.8566608428955,299.8772773742676,58.17714363804641,1,0,False,0,0.0,,717.3300132751465,277.49671363830566,68.96266555786133,155.40610313415527,751.8113460540771,355.1997652053833,744.8214285714286,373.0357142857143,19.156722736689485,0.0683482923778854,1.0,170.02031094016132,0.051970122642088744,True,3.029626784637337,1.7777780962744063,60.570968746586324,0.020968115421204497,False,False,False,False,VALID_TARGET,,True,1,VALID_TARGET,,NOT_REVIEWED,False
127,127,127,4233.333333333333,17,1.0,0.9470980167388916,4,6,0.995402991771698,0.9915832579135895,False,,,,,False,,,,751.5476703643799,354.21822357177734,750.6208610534668,296.7629699707031,57.46272828418911,1,0,False,0,0.0,,719.1747055053711,276.8238220214844,68.67205047607422,152.2750244140625,753.5107307434082,352.9613342285156,745.7142857142857,372.1428571428571,20.705443158878225,0.07323282445358718,1.0,167.04350803575642,0.04914570405599916,True,4.539416404556402,3.3505390198367206,60.570968746586324,0.011794682644853045,False,False,False,False,VALID_TARGET,,True,1,VALID_TARGET,,NOT_REVIEWED,False
128,128,128,4266.666666666667,17,1.0,0.9538715481758118,4,6,0.995290994644165,0.9907761514186859,False,,,,,False,,,,750.8783874511719,353.6146774291992,750.8511505126953,296.0174903869629,57.59719348222771,1,0,False,0,0.0,,720.7642822265625,275.7701988220215,68.967041015625,155.41048049926758,755.247802734375,353.4754390716553,746.6071428571429,371.25,19.763502202531004,0.06929960445926606,1.0,170.02608680865453,0.04924106109936043,True,0.9012255900345552,0.7802390946404026,60.570968746586324,0.002219961159960411,False,False,False,False,VALID_TARGET,,True,1,VALID_TARGET,,NOT_REVIEWED,False
129,129,129,4300.0,17,1.0,0.9477289915084839,4,6,0.9963989555835724,0.9945246279239655,False,,,,,False,,,,754.9883308410645,351.41795349121094,754.7402477264404,295.46275901794434,55.95574442157701,1,0,False,0,0.0,,720.8163185119629,272.80334854125977,74.53519821166992,151.0466423034668,758.0839176177979,348.32666969299316,747.5,370.35714285714283,24.440970929499723,0.0849691417913392,1.0,168.43569670234504,0.026256639760266615,True,4.660174967514894,3.9284607710569333,60.570968746586324,0.027099600594438396,False,False,False,False,VALID_TARGET,,True,1,VALID_TARGET,,NOT_REVIEWED,False
130,130,130,4333.333333333333,17,1.0,0.9469794034957886,4,6,0.9953287243843079,0.9933300912380219,False,,,,,False,,,,754.8799667358398,351.0345344543457,755.1959419250488,294.4415760040283,56.59384053481037,1,0,False,0,0.0,,721.322021484375,274.0225639343262,74.74920654296875,147.68548965454102,758.6966247558594,347.8653087615967,748.3928571428571,369.46428571428567,23.930805093551374,0.08249087196121362,1.0,165.52476471303302,0.04805820427754136,True,0.3984381220864718,1.1182450315364463,60.570968746586324,0.010534685616520234,False,False,False,False,VALID_TARGET,,True,1,VALID_TARGET,,NOT_REVIEWED,False
131,131,131,4366.666666666666,17,1.0,0.9336603879928589,4,6,0.994834303855896,0.9922304153442383,False,,,,,False,,,,755.4362182617188,353.60927963256836,755.5423011779785,294.10132217407227,59.50805201371746,1,0,False,0,0.0,,721.401050567627,271.3235206604004,75.05832290649414,148.75773239135742,758.930212020874,345.7023868560791,749.2857142857142,368.57142857142856,24.819536771299664,0.08483547553522507,1.0,166.62117147515875,0.01810119244935332,True,2.6341466346472493,0.48552796097627066,60.570968746586324,0.04811234720546436,False,False,False,False,VALID_TARGET,,True,1,VALID_TARGET,,NOT_REVIEWED,False
132,132,132,4400.0,17,1.0,0.9563880562782288,4,6,0.9967797696590424,0.9951451122760773,False,,,,,False,,,,755.6744804382324,350.8456726074219,756.5379791259766,291.5546245574951,59.297335596487464,1,0,False,0,0.0,,726.7669410705566,270.0686225891113,68.26369094848633,142.5555534362793,760.8987865447998,341.346399307251,750.1785714285713,367.67857142857144,28.4307281082469,0.09636871118920046,1.0,158.05700654331758,0.1413905887434535,True,2.7738588021375623,2.7344182793437675,60.570968746586324,0.0034788351844194606,False,False,False,False,VALID_TARGET,,True,1,VALID_TARGET,,NOT_REVIEWED,False
133,133,133,4433.333333333334,17,1.0,0.952360212802887,4,6,0.9958792924880981,0.9946238696575165,False,,,,,False,,,,756.0331001281738,350.9564018249512,756.3867683410645,292.29438972473145,58.663078208112594,1,0,False,0,0.0,,726.6419906616211,270.61527824401855,72.1268081665039,144.172700881958,762.705394744873,342.70162868499756,751.0714285714286,366.7857142857143,26.746819402454214,0.08991104159878534,1.0,161.20807714220211,0.052022786890990894,True,0.37532524778959475,0.7550610598686233,60.570968746586324,0.01047130996085671,False,False,False,False,VALID_TARGET,,True,1,VALID_TARGET,,NOT_REVIEWED,False
134,134,134,4466.666666666667,17,1.0,0.9638442397117615,4,6,0.9969462156295776,0.9957295060157776,False,,,,,False,,,,757.5367431640625,345.43055725097656,757.3285446166992,286.66682052612305,58.76410554499253,1,0,False,0,0.0,,727.8890419006348,264.6231327056885,75.07293319702148,146.49904441833496,765.4255084991455,337.87265491485596,751.9642857142857,365.8928571428571,31.08594942673797,0.10363966233676015,1.0,164.61444442785003,0.05623762267860202,True,5.726770524047662,5.705828391958039,60.570968746586324,0.0016679168085062402,False,False,False,False,VALID_TARGET,,True,1,VALID_TARGET,,NOT_REVIEWED,False
135,135,135,4500.0,17,1.0,0.9632052779197693,4,6,0.9979023039340973,0.9964193999767303,False,,,,,False,,,,757.9631996154785,343.43540954589844,758.4205207824707,287.7236137390137,55.713672780366956,1,0,False,0,0.0,,725.0548820495605,265.0500736236572,80.76591873168945,153.63022422790527,765.4378414154053,341.86518573760986,752.8571428571429,365.0,26.334266786245546,0.08708268258744355,1.0,173.56664260418913,0.14779684660142778,True,2.0402155449934325,1.519613056480064,60.570968746586324,0.050361300599100836,False,False,False,False,VALID_TARGET,,True,1,VALID_TARGET,,NOT_REVIEWED,False
136,136,136,4533.333333333333,17,1.0,0.9748824238777161,4,6,0.9982239902019501,0.9973087906837463,False,,,,,False,,,,760.1037750244141,343.5025863647461,759.5493392944336,284.80285263061523,58.70235207754915,1,0,False,0,0.0,,725.467414855957,262.99088287353516,85.17884063720703,156.88866424560547,768.0568351745605,341.4352149963379,752.091836734694,364.8979591836735,28.37924488046313,0.09268161935456935,1.0,178.52027296939985,0.08178225423363245,True,2.1416292410989524,3.131305907330516,60.570968746586324,0.04934177806675135,False,False,False,False,VALID_TARGET,,True,1,VALID_TARGET,,NOT_REVIEWED,False
137,137,137,4566.666666666666,17,1.0,0.9735726714134216,4,6,0.997791200876236,0.9968210756778717,False,,,,,False,,,,759.8376731872559,342.6767997741699,760.1274375915527,284.5358943939209,58.14162744407029,1,0,False,0,0.0,,725.193660736084,262.2700996398926,85.4109992980957,157.05497360229492,767.8991603851318,340.79758644104004,751.3265306122448,364.795918367347,29.16456742066277,0.09407998367617663,1.0,178.77724557201586,0.004242504419751172,True,0.8676022596296007,0.6367608195162445,60.570968746586324,0.009257316583870292,False,False,False,False,VALID_TARGET,,True,1,VALID_TARGET,,NOT_REVIEWED,False
138,138,138,4600.0,17,1.0,0.9675967693328857,4,6,0.9982164204120636,0.9970801770687103,False,,,,,False,,,,762.1450386047363,340.81238174438477,762.1430282592773,281.98253440856934,58.829847370164394,1,0,False,0,0.0,,728.0942573547363,258.9098472595215,84.77599716186523,162.79387283325195,770.482255935669,340.30678367614746,750.5612244897959,364.69387755102036,31.489329010465212,0.10035039869032224,1.0,183.54512994584627,0.0787156697753678,True,2.9664776688141075,3.2530374966503333,60.570968746586324,0.011362207676972201,False,False,False,False,VALID_TARGET,,True,1,VALID_TARGET,,NOT_REVIEWED,False
139,139,139,4633.333333333334,17,1.0,0.9622570872306824,4,6,0.9980885684490204,0.9968691766262054,False,,,,,False,,,,761.8780975341797,341.5411720275879,762.7386283874512,281.40575981140137,60.14156894993768,1,0,False,0,0.0,,728.6965484619141,257.5124282836914,84.92582702636719,164.47139739990234,771.1594619750977,339.7481269836426,749.7959183673469,364.59183673469386,32.766002345033634,0.10317077125761853,1.0,185.10331347328454,0.025724923336744396,True,0.7761396859079018,0.8291009881907953,60.570968746586324,0.021655945198122827,False,False,False,False,VALID_TARGET,,True,1,VALID_TARGET,,NOT_REVIEWED,False
140,140,140,4666.666666666667,17,1.0,0.9671555161476135,4,6,0.9980933964252472,0.996979147195816,False,,,,,False,,,,760.9798240661621,340.2130699157715,762.7428588867188,280.81471824645996,59.42451070736467,1,0,False,0,0.0,,726.5433197021484,256.41126441955566,85.74993896484375,165.57936668395996,769.4182891845703,339.20094776153564,749.030612244898,364.48979591836735,32.48358373233684,0.1010733577163627,1.0,186.4660256023485,0.02249777669505682,True,1.6033559937691708,0.5910567050735822,60.570968746586324,0.01183831557281181,False,False,False,False,VALID_TARGET,,True,1,VALID_TARGET,,NOT_REVIEWED,False
141,141,141,4700.0,17,1.0,0.9690045118331909,4,6,0.9980189800262451,0.9970954656600952,False,,,,,False,,,,763.056526184082,340.7298011779785,764.0161781311035,280.4139461517334,60.32348878676067,1,0,False,0,0.0,,731.6336669921875,256.5517158508301,82.01826477050781,160.4015769958496,772.6427993774414,336.7525043487549,748.2653061224489,364.38775510204084,36.85063448021209,0.11332293771166417,1.0,180.1545493700356,0.10419969108829247,True,2.140024038162927,1.3349008090611478,60.570968746586324,0.01484173190554538,False,False,False,False,VALID_TARGET,,True,1,VALID_TARGET,,NOT_REVIEWED,False
142,142,142,4733.333333333333,17,1.0,0.970167875289917,4,6,0.9980767369270325,0.9970678687095642,False,,,,,False,,,,763.4104652404785,339.8362922668457,764.4470710754395,279.53280448913574,60.312396651214996,1,0,False,0,0.0,,731.7095184326172,255.31544876098633,81.36103820800781,160.52714157104492,772.3900375366211,335.5790195465088,747.5,364.2857142857143,37.994582395709195,0.11549250029740513,1.0,179.9682797585597,0.0030752291952799767,True,0.9610572459102413,0.9808564416079731,60.570968746586324,0.00018312626948531398,False,False,False,False,VALID_TARGET,,True,1,VALID_TARGET,,NOT_REVIEWED,False
143,143,143,4766.666666666667,17,1.0,0.9779506325721741,4,6,0.9978784918785095,0.9977938830852509,False,,,,,False,,,,763.8633918762207,335.98218154907227,766.2512855529785,276.7123622894287,59.31790211464254,1,0,False,0,0.0,,734.5230560302734,254.2509250640869,77.02482604980469,159.21152305603027,773.0354690551758,333.85668659210205,746.7346938775511,364.1836734693877,40.14295589513827,0.12063088381022623,1.0,176.8647305197493,0.05123823017912895,True,3.8806329331979876,3.348146365207141,60.570968746586324,0.01641866651882634,False,False,False,False,VALID_TARGET,,True,1,VALID_TARGET,,NOT_REVIEWED,False
144,144,144,4800.0,17,1.0,0.9650107622146606,4,6,0.997640073299408,0.9960303902626038,False,,,,,False,,,,763.8093185424805,337.60143280029297,765.9909553527832,276.48393630981445,61.15642171052621,1,0,False,0,0.0,,735.8486709594727,252.8395481109619,75.1637954711914,158.73415184020996,773.4305686950684,332.2066240310669,745.969387755102,364.0816326530612,42.07294419540639,0.12500448910950368,1.0,175.6306553824415,0.020374036652292246,True,1.6201538630641212,0.34633833356483196,60.570968746586324,0.030353148280912765,False,False,False,False,VALID_TARGET,,True,1,VALID_TARGET,,NOT_REVIEWED,False
145,145,145,4833.333333333333,17,1.0,0.978958249092102,4,6,0.998255044221878,0.9983294308185577,False,,,,,False,,,,766.3320655822754,332.47082901000977,768.9154853820801,275.07020378112793,57.45873157779041,1,0,False,0,0.0,,737.0759353637695,252.63505935668945,71.27091217041016,155.36941146850586,772.7113914489746,330.3197650909424,745.2040816326531,363.9795918367347,43.46994398303099,0.12771460192120745,1.0,170.9362364791977,0.07750278723267663,True,5.717285009483296,3.248309645788956,60.570968746586324,0.06104723449621559,False,False,False,False,VALID_TARGET,,True,1,VALID_TARGET,,NOT_REVIEWED,False
146,146,146,4866.666666666666,17,1.0,0.9797044992446899,4,6,0.9980494379997253,0.998520702123642,False,,,,,False,,,,765.6363868713379,331.6805229187012,768.8830223083496,275.4547309875488,56.31944886046113,1,0,False,0,0.0,,735.7949752807617,253.0185317993164,72.47982025146484,156.72113800048828,772.0348854064941,331.37910079956055,744.4387755102041,363.8775510204082,42.634429140836744,0.12387814544736296,1.0,172.66974095032617,0.028619394852029124,True,1.0528782393093368,0.3858950940785463,60.570968746586324,0.01880905557406143,False,False,False,False,VALID_TARGET,,True,1,VALID_TARGET,,NOT_REVIEWED,False
147,147,147,4900.0,17,1.0,0.9718135595321655,4,6,0.9970923364162445,0.9956762194633484,False,,,,,False,,,,768.7622871398926,326.91068267822266,772.5272903442383,272.768518447876,54.27291402416646,1,0,False,0,0.0,,738.2259674072266,249.69882583618164,68.95477294921875,151.34138107299805,772.7033538818359,325.36951637268066,743.6734693877552,363.7755102040817,48.14306342472697,0.13835776916727072,1.0,166.30987444394492,0.10499859318726322,True,5.702861422885744,4.527298016001989,60.570968746586324,0.0337873882264762,False,False,False,False,VALID_TARGET,,True,1,VALID_TARGET,,NOT_REVIEWED,False
148,148,148,4933.333333333334,17,1.0,0.9709622263908386,4,6,0.9968407452106476,0.9954525828361511,False,,,,,False,,,,768.5383529663086,327.0143127441406,772.3847541809082,272.3398838043213,54.80956104731206,1,0,False,0,0.0,,738.5835494995117,249.13097381591797,68.27753448486328,151.92523956298828,772.7223167419434,325.0935935974121,742.908163265306,363.6734693877552,48.75746674640495,0.1386111674796175,1.0,166.56260123930304,0.00417240801307735,True,0.2467502880665078,0.45171253636811176,60.570968746586324,0.0088598058484221,False,False,False,False,VALID_TARGET,,True,1,VALID_TARGET,,NOT_REVIEWED,False
149,149,149,4966.666666666667,17,1.0,0.9734607338905334,4,6,0.9970844686031342,0.9959176182746887,False,,,,,False,,,,769.1595802307129,326.6390075683594,773.5589828491211,272.49031829833984,54.32711379283815,1,0,False,0,0.0,,738.4591064453125,249.41823196411133,69.31642150878906,151.9447135925293,773.117317199707,325.390588760376,742.1428571428571,363.57142857142856,49.16496419698329,0.13827721966314366,1.0,167.00886886479972,0.007367681824006469,True,0.7257942470200774,1.1838257904960667,60.570968746586324,0.007964991553830824,False,False,False,False,VALID_TARGET,,True,1,VALID_TARGET,,NOT_REVIEWED,False
150,150,150,5000.0,17,1.0,0.9784936904907227,4,6,0.9969114661216736,0.9967921674251556,False,,,,,False,,,,769.1105880737305,323.29570388793945,776.3474388122559,270.38196754455566,53.40632455457715,1,0,False,0,0.0,,743.1326293945312,249.19604873657227,61.115234375,147.01464462280273,773.6902465820312,322.70337104797363,741.0869565217392,359.9378881987578,49.491249632713604,0.1415486225751996,1.0,159.21173828044263,0.12872718970334324,True,3.3436626221787367,3.495801704805945,60.570968746586324,0.015201824526091888,False,False,False,False,VALID_TARGET,,True,1,VALID_TARGET,,NOT_REVIEWED,False
151,151,151,5033.333333333333,17,1.0,0.9686700701713562,4,6,0.9969718754291534,0.9978649616241455,False,,,,,False,,,,768.4784355163574,323.70669174194336,776.4253540039062,270.2629852294922,54.03131757820423,1,0,False,0,0.0,,743.1799774169922,248.8339958190918,60.695068359375,147.32269668579102,773.5275115966797,322.4953441619873,740.0310559006211,356.304347826087,47.59265986428075,0.13845980432893537,1.0,159.33570937464955,0.002046708130516884,True,0.7540078725928658,0.14222365621717614,60.570968746586324,0.010318359381734468,False,False,False,False,VALID_TARGET,,True,1,VALID_TARGET,,NOT_REVIEWED,False
152,152,152,5066.666666666666,17,1.0,0.9731254577636719,4,6,0.9962198138237,0.9972189366817474,False,,,,,False,,,,768.7175750732422,317.645076751709,776.5862159729004,266.3825054168701,51.862961055720845,1,0,False,0,0.0,,748.5638046264648,245.49739837646484,51.365989685058594,142.40296173095703,774.2467994689941,316.69887924194336,738.975155279503,352.67080745341616,50.379246749841485,0.14913185344784208,1.0,151.3838446006507,0.13128178298200022,True,6.066330358421071,3.8838125790563183,60.570968746586324,0.03579861057787012,False,False,False,False,VALID_TARGET,,True,1,VALID_TARGET,,NOT_REVIEWED,False
153,153,153,5100.0,17,1.0,0.8498669266700745,4,6,0.9774166643619537,0.9798270463943481,False,,,,,False,,,,769.4540977478027,321.8468017578125,777.6840324401855,265.21412658691406,57.227543386496876,1,0,False,0,0.0,,747.167854309082,244.06140518188477,57.429527282714844,141.1589469909668,775.8826179504395,314.64087867736816,737.9192546583852,349.0372670807453,51.22820012103171,0.1543461820744439,1.0,152.39422206735617,0.016680886695615564,True,4.265789338101145,1.603218664478411,60.570968746586324,0.08856689007600477,False,False,False,False,VALID_TARGET,,True,1,VALID_TARGET,,NOT_REVIEWED,False
154,154,154,5133.333333333334,17,1.0,0.9261279106140137,4,6,0.9931183457374573,0.9945143759250641,False,,,,,False,,,,770.2123260498047,312.91608810424805,777.8974685668945,263.1029968261719,50.40243524063029,1,0,False,0,0.0,,749.6174011230469,241.81932067871094,49.545318603515625,134.93470764160156,774.3900604248047,309.2866744995117,736.8633540372671,345.40372670807454,52.08354013056821,0.15976923606241658,1.0,143.74322217707643,0.14282419563856308,True,8.962843104725158,2.121891572836817,60.570968746586324,0.11267952762025517,False,False,False,False,VALID_TARGET,,True,1,VALID_TARGET,,NOT_REVIEWED,False
155,155,155,5166.666666666667,17,1.0,0.9479411244392395,4,6,0.9952196180820465,0.9975647926330566,False,,,,,False,,,,767.8234786987305,313.84868240356445,777.405647277832,264.171932220459,50.59246449258022,1,0,False,0,0.0,,748.6682891845703,242.96852111816406,48.37232971191406,136.7274169921875,772.8544540405273,311.3322296142578,735.8074534161491,341.77018633540376,47.94736139373091,0.14979803287361973,1.0,145.03195799241507,0.02127646035727753,True,2.564434400379891,1.1766524795090678,60.570968746586324,0.0031372992026091704,False,False,False,False,VALID_TARGET,,True,1,VALID_TARGET,,NOT_REVIEWED,False
156,156,156,5200.0,17,1.0,0.9604515433311462,4,6,0.9958032369613647,0.9978112876415253,False,,,,,False,,,,769.4064750671387,313.7765884399414,779.4610404968262,265.02635765075684,49.7762924290131,1,0,False,0,0.0,,748.4806060791016,244.09098052978516,48.770599365234375,136.09101104736328,772.8659057617188,312.1364860534668,734.7515527950311,338.1366459627329,46.13796936771991,0.14685772698944646,1.0,144.5660217697705,0.0076924016948440475,True,1.5846371956963654,2.2259119705475245,60.570968746586324,0.013474641077341545,False,False,False,False,VALID_TARGET,,True,1,VALID_TARGET,,NOT_REVIEWED,False
157,157,157,5233.333333333333,17,1.0,0.9601227641105652,4,6,0.9944119453430176,0.9957213401794434,False,,,,,False,,,,766.8582420349121,308.76502227783203,777.5829162597656,257.77680015563965,52.10390995320088,1,0,False,0,0.0,,747.8636169433594,238.16367721557617,47.61662292480469,136.21565628051758,771.6719284057617,306.27150535583496,733.6956521739131,334.5031055900621,47.320405833243676,0.15351030601470925,1.0,144.2984677489513,0.004417198970988146,True,5.622213708471982,7.488887402334479,60.570968746586324,0.038427939528686623,False,False,False,False,VALID_TARGET,,True,1,VALID_TARGET,,NOT_REVIEWED,False
158,158,158,5266.666666666667,17,1.0,0.9286940097808838,4,6,0.9893195331096649,0.9905581772327423,False,,,,,False,,,,768.1228828430176,309.9003372192383,776.4977264404297,259.96725845336914,50.630527948260685,1,0,False,0,0.0,,746.163932800293,240.09375,51.59099578857422,135.74002075195312,771.9594306945801,307.96376037597656,732.639751552795,330.86956521739125,45.50508832258107,0.15050799510740354,1.0,145.21358090825166,0.015108114963935115,True,1.6994870960692612,2.4445335952042773,60.570968746586324,0.024324887572864447,False,False,False,False,VALID_TARGET,,True,1,VALID_TARGET,,NOT_REVIEWED,False
159,159,159,5300.0,17,1.0,0.908837080001831,4,6,0.9901531040668488,0.9957310557365417,False,,,,,False,,,,763.0848922729492,303.91202545166016,773.4274368286133,255.21994972229004,49.77837348408052,1,0,False,0,0.0,,743.8072509765625,235.5910415649414,49.186492919921875,136.90506744384766,768.4004974365234,304.04357528686523,731.583850931677,327.2360248447205,43.512701322217154,0.14678858310921392,1.0,145.47270732878386,0.0042780630043464775,True,7.825677402615851,5.653637633294833,60.570968746586324,0.014068694653793082,False,False,False,False,VALID_TARGET,,True,1,VALID_TARGET,,NOT_REVIEWED,False
160,160,160,5333.333333333333,17,1.0,0.9421542882919312,4,6,0.9924708604812622,0.9958713948726654,False,,,,,False,,,,764.0149383544922,304.0181465148926,772.5479621887207,255.24581909179688,49.51315398983552,1,0,False,0,0.0,,743.7382125854492,235.3102149963379,49.130592346191406,136.0846824645996,768.3035087585449,303.3525562286377,730.5279503105589,323.6024844720497,42.860849384030416,0.14753206236749145,1.0,144.68191284945934,0.013055668345556808,True,0.9360808692922904,0.8798550258382691,60.570968746586324,0.004378656966088933,False,False,False,False,VALID_TARGET,,True,1,VALID_TARGET,,NOT_REVIEWED,False
161,161,161,5366.666666666666,17,1.0,0.9390160441398621,4,6,0.9918389618396759,0.9927283823490143,False,,,,,False,,,,757.003002166748,297.87893295288086,768.488582611084,248.87938499450684,50.327668913514245,1,0,False,0,0.0,,737.2278518676758,229.10273933410645,49.50012969970703,138.62023735046387,761.9779167175293,298.4128580093384,729.4720496894411,319.96894409937886,39.003797748026926,0.13704456976363436,1.0,147.19318273407487,0.0414599590626006,True,9.319720610671999,7.550499696740031,60.570968746586324,0.013447282428095994,False,False,False,False,VALID_TARGET,,True,1,VALID_TARGET,,NOT_REVIEWED,False
162,162,162,5400.0,17,1.0,0.9311531782150269,4,6,0.9870462119579315,0.9866108298301697,False,,,,,False,,,,759.3302764892578,298.22071075439453,767.4864883422852,248.62422943115234,50.26265762410674,1,0,False,0,0.0,,737.6300277709961,228.61687850952148,49.501258850097656,139.68007278442383,762.3806571960449,298.4569149017334,728.416149068323,316.3354037267081,38.382654611462655,0.1377230653585154,1.0,148.1920961482302,0.016491620240292694,True,2.3522367733331624,1.0340683174095444,60.570968746586324,0.0010733077372346272,False,False,False,False,VALID_TARGET,,True,1,VALID_TARGET,,NOT_REVIEWED,False
163,163,163,5433.333333333334,17,1.0,0.8888606429100037,4,6,0.9806430637836456,0.9907239973545074,False,,,,,False,,,,746.9323310852051,288.23492431640625,762.4636878967285,241.30328369140625,49.434825135333554,1,0,False,0,0.0,,731.3402404785156,223.42148780822754,48.337562561035156,138.3447780609131,755.5090217590332,292.5938768386841,727.3602484472051,312.7018633540373,34.593128807066776,0.12681590672380033,1.0,146.54623014961965,0.027172522293583398,True,15.919327279347673,8.878331534707998,60.570968746586324,0.013667149558671009,False,False,False,False,VALID_TARGET,,True,1,VALID_TARGET,,NOT_REVIEWED,False
164,164,164,5466.666666666667,17,1.0,0.7967095971107483,4,6,0.9768249988555908,0.9931055903434753,False,,,,,False,,,,747.3694000244141,288.04097747802734,762.4416351318359,242.04810523986816,48.39955131867478,1,0,False,0,0.0,,732.8340682983398,225.49559783935547,49.67353057861328,133.79615020751953,757.6708335876465,292.39367294311523,726.304347826087,309.06832298136646,35.523237224783806,0.13311061284944192,1.0,142.7195482423398,0.06317683184645283,True,0.4781679974009558,0.745147947385357,60.570968746586324,0.017091914461366757,False,False,False,False,VALID_TARGET,,True,1,VALID_TARGET,,NOT_REVIEWED,False
165,165,165,5500.0,17,1.0,0.7726829051971436,4,6,0.9555682837963104,0.9623448550701141,False,,,,,False,,,,752.9328384399414,289.58093643188477,762.1330032348633,243.652006149292,46.8413243744985,1,0,False,0,0.0,,732.7246551513672,226.25016975402832,42.87339782714844,130.57255363464355,754.1613540649414,291.5364465713501,725.2484472049689,305.4347826086956,32.07989912235421,0.12293133194582667,1.0,137.43114641127318,0.08730918359902708,True,5.772635497147819,1.633325373304267,60.570968746586324,0.0257256401279549,False,False,False,False,VALID_TARGET,,True,1,VALID_TARGET,,NOT_REVIEWED,False
166,166,166,5533.333333333333,17,1.0,0.7723264098167419,4,6,0.9564976990222931,0.987545371055603,False,,,,,False,,,,738.3872947692871,279.1407699584961,751.4821968078613,235.1861629486084,45.86375406345978,1,0,False,0,0.0,,728.2656631469727,221.39082717895508,46.17286682128906,125.46984481811523,751.3520965576172,284.1257495880127,724.192546583851,301.80124223602485,32.404694029221034,0.12705446208377416,1.0,133.69598194851787,0.06166591916966516,True,17.904466388780765,13.605520153379905,60.570968746586324,0.0161392550138768,False,False,False,False,VALID_TARGET,,True,1,VALID_TARGET,,NOT_REVIEWED,False
167,167,167,5566.666666666666,17,1.0,0.7142407298088074,4,6,0.9325964152812958,0.9580550789833069,False,,,,,False,,,,742.2060737609863,277.6806411743164,753.0285148620605,235.2107982635498,43.82707825364831,1,0,False,0,0.0,,736.3938598632812,220.03983688354492,36.342002868652344,124.4249153137207,754.5648612976074,282.2522945404053,723.1366459627329,298.16770186335407,35.22829699816062,0.1414032737322746,1.0,129.62368889725252,0.06723176359128077,True,4.088404218498136,1.5465142816943918,60.570968746586324,0.03362462004417345,False,False,False,False,VALID_TARGET,,True,1,VALID_TARGET,,NOT_REVIEWED,False
168,168,168,5600.0,17,1.0,0.8737596273422241,4,6,0.943847268819809,0.9883493781089783,False,,,,,False,,,,736.932315826416,272.2952194213867,745.850471496582,228.99160194396973,44.21240535401539,1,0,False,0,0.0,,736.2822799682617,214.00387954711914,25.235641479492188,129.3705711364746,748.9001007080078,278.68916511535645,722.0807453416149,294.53416149068323,31.150308704778272,0.12807389419308265,1.0,131.80888542529712,0.036076631648189604,True,7.537591804374365,9.497510695870183,60.570968746586324,0.0063615806109885735,False,False,False,False,VALID_TARGET,,True,1,VALID_TARGET,,NOT_REVIEWED,False
169,169,169,5633.333333333334,17,1.0,0.8766716718673706,4,6,0.9579016268253326,0.9775959253311157,False,,,,,False,,,,734.3254241943359,272.2971725463867,743.9765853881836,230.31399154663086,43.07821258185967,1,0,False,0,0.0,,730.6640625,216.81200218200684,34.191368103027344,125.7101993560791,747.7597465515137,279.6671018600464,721.024844720497,290.9006211180124,28.9990849999305,0.12219956631032432,1.0,130.277027425797,0.025290300472310866,True,2.606892363736255,2.293504612699724,60.570968746586324,0.01872502282241676,False,False,False,False,VALID_TARGET,,True,1,VALID_TARGET,,NOT_REVIEWED,False
170,170,170,5666.666666666667,17,1.0,0.6669257283210754,4,6,0.7427562177181244,0.8415029942989349,False,,,,,False,,,,711.539342880249,260.6408042907715,726.2998504638672,220.21590328216553,43.03539480104302,1,0,False,0,0.0,,706.4688835144043,207.13772201538086,39.84798812866211,129.66586685180664,726.3928775787354,271.9706554412842,719.9689440993789,287.2670807453416,16.590586138826012,0.07169746889482072,1.0,135.65065124920133,0.08871616113465543,True,25.594460778900878,20.3577588202012,60.570968746586324,0.0007069026912180804,False,False,False,False,VALID_TARGET,,True,1,VALID_TARGET,,NOT_REVIEWED,False
171,171,171,5700.0,17,1.0,0.7380567193031311,4,6,0.8168496787548065,0.9068845212459564,False,,,,,False,,,,715.0203704833984,265.3618812561035,727.4878234863281,222.8201560974121,44.33097973040859,1,0,False,0,0.0,,708.2444534301758,208.40023612976074,42.283172607421875,129.05340766906738,729.3860397338867,272.92693996429443,718.9130434782609,283.6335403726708,14.977147354386197,0.06642193027618251,1.0,135.80371392840306,0.002526997377936948,True,5.865673097477974,2.8624137764856297,60.570968746586324,0.02138953621141467,False,False,False,False,VALID_TARGET,,True,1,VALID_TARGET,,NOT_REVIEWED,False
172,172,172,5733.333333333333,17,1.0,0.5750432014465332,4,6,0.4641942083835602,0.7013556063175201,False,,,,,False,,,,702.799524307251,253.71324157714844,707.2924499511719,217.3476915359497,36.64204703125538,1,0,False,0,0.0,,681.3268604278564,205.68390274047852,51.569440841674805,124.59312057495117,707.1115808486938,267.9804630279541,717.8571428571429,280.0,16.122542352240906,0.07342684189279672,1.0,134.84380936226668,0.015847601350943753,True,16.88312434448034,20.923694238851592,60.570968746586324,0.1269408903021144,False,False,False,False,VALID_TARGET,,True,1,VALID_TARGET,,NOT_REVIEWED,False
173,173,173,5766.666666666667,17,1.0,0.5519888997077942,4,6,0.46143779158592224,0.6993605494499207,False,,,,,False,,,,697.8045520782471,252.09392929077148,708.3375205993652,212.59760189056396,40.87668411174333,1,0,False,0,0.0,,684.0985298156738,202.9901180267334,40.5115852355957,129.0884494781494,704.3543224334717,267.5343427658081,708.0612244897959,279.18367346938777,12.22489381125843,0.05421271138776227,1.0,135.29603219227707,0.007465999626031592,True,5.250897051869481,4.863694511265704,60.570968746586324,0.0699119919677132,False,False,False,False,VALID_TARGET,,True,1,VALID_TARGET,,NOT_REVIEWED,False
174,174,174,5800.0,17,1.0,0.5572921633720398,4,6,0.6299935579299927,0.8218801319599152,False,,,,,False,,,,697.5349159240723,252.55632781982422,709.1031723022461,215.310396194458,39.001076629660034,1,0,False,0,0.0,,693.2563705444336,206.71668434143066,29.73371124267578,120.4980525970459,708.1232261657715,266.9657106399536,698.265306122449,278.36734693877554,15.072355418817336,0.06512655009230724,1.0,124.1123453325384,0.1846377413332846,True,0.5352719451907707,2.818771978249451,60.570968746586324,0.030965452937204384,False,False,False,False,VALID_TARGET,,True,1,VALID_TARGET,,NOT_REVIEWED,False
175,175,175,5833.333333333333,17,1.0,0.3703892230987549,4,6,0.3458527475595474,0.7133185863494873,False,,,,,False,,,,678.0229969024658,240.84552001953125,685.9391860961914,216.30679321289062,25.784009863514267,1,0,False,0,0.0,,673.9300842285156,215.2529067993164,33.643760681152344,105.04334259033203,690.7519645690918,267.7745780944824,688.469387755102,277.55102040816325,10.039371555256464,0.04229387366694356,1.0,110.29962128366768,0.2280419866926626,True,22.756493649970114,23.185406271459495,60.570968746586324,0.21820794746477715,False,False,False,False,LOW_POSE_CONFIDENCE,Frame/core landmark confidence below threshold.,False,,LOW_POSE_CONFIDENCE,Frame/core landmark confidence below threshold.,NOT_REVIEWED,False
176,176,176,5866.666666666666,17,1.0,0.3133277893066406,4,6,0.2556772157549858,0.6874168217182159,False,,,,,False,,,,672.4520301818848,240.00092315673828,688.1664733886719,220.5988883972168,24.967632609220633,1,0,False,0,0.0,,669.0099182128906,217.98412704467773,33.4840087890625,100.07759475708008,685.7519226074219,268.0229244232178,678.6734693877551,276.734693877551,11.22494663722128,0.046132818447293764,1.0,105.53058237756653,0.07873473059434796,True,5.63462634630384,4.835585771606258,60.570968746586324,0.013478028685807405,False,False,False,False,LOW_POSE_CONFIDENCE,Frame/core landmark confidence below threshold.,False,,LOW_POSE_CONFIDENCE,Frame/core landmark confidence below threshold.,NOT_REVIEWED,False
177,177,177,5900.0,17,1.0,0.29202577471733093,4,6,0.516988605260849,0.647108793258667,False,,,,,False,,,,655.0302314758301,248.9477882385254,663.865665435791,226.7926845550537,23.851907942263473,1,0,False,0,0.0,,654.1550445556641,222.52979278564453,45.21037292480469,96.1917953491211,676.7602310180664,270.6256904602051,668.8775510204082,275.9183673469388,9.494686544212305,0.0380899452045313,1.0,106.28659046411785,0.012481360331452944,True,19.58482741680381,25.07772673125762,60.570968746586324,0.0184201225445984,False,False,False,False,LOW_POSE_CONFIDENCE,Frame/core landmark confidence below threshold.,False,,LOW_POSE_CONFIDENCE,Frame/core landmark confidence below threshold.,NOT_REVIEWED,False
178,178,178,5933.333333333334,17,1.0,0.37905579805374146,4,6,0.6906144022941589,0.7922006249427795,False,,,,,False,,,,665.273193359375,256.7418975830078,666.153247833252,220.89602088928223,35.856678203910214,1,0,False,0,0.0,,637.5031089782715,217.3641700744629,70.22759628295898,107.70444869995117,672.616907119751,271.2163944244385,659.0816326530612,275.1020408163265,14.08197084116483,0.0551741425761761,1.0,128.57746128090525,0.3680124534584677,True,12.871146360037335,6.324845896336347,60.570968746586324,0.19819346644217753,False,False,False,False,INVALID_TRACK_SEGMENT,Valid-looking pose segment is too short to establish target identity continuity.,False,,INVALID_TRACK_SEGMENT,Valid-looking pose segment is too short to establish target identity continuity.,NOT_REVIEWED,False
179,179,179,5966.666666666667,17,1.0,0.6355675458908081,4,6,0.8766282498836517,0.9080913662910461,False,,,,,False,,,,647.132640838623,263.50484466552734,646.9021873474121,220.20311737060547,43.30234053183954,1,0,False,0,0.0,,614.3760223388672,209.09376907348633,71.95263671875,109.95600509643555,650.3523406982422,264.0717716217041,649.2857142857142,274.2857142857143,10.269484731357732,0.039318007103374866,1.0,131.40587881654218,0.04669592701200334,True,19.360193671529206,19.263526289744014,60.570968746586324,0.12292460368398767,False,False,False,False,INVALID_TRACK_SEGMENT,Valid-looking pose segment is too short to establish target identity continuity.,False,,INVALID_TRACK_SEGMENT,Valid-looking pose segment is too short to establish target identity continuity.,NOT_REVIEWED,False
180,180,180,6000.0,17,1.0,0.5971509218215942,4,6,0.9152372479438782,0.8951016068458557,False,,,,,False,,,,652.4830627441406,266.97299575805664,649.1198997497559,220.92092895507812,46.17470868508858,1,0,False,0,0.0,,613.6392936706543,208.83349609375,74.92538070678711,118.818359375,651.1019840240479,268.24267578125,642.6785714285714,274.55357142857144,10.525268814857478,0.04028513659546365,1.0,140.46926780838447,0.14963255796289515,True,6.376134139716205,2.330987295184689,60.570968746586324,0.04742153233946623,False,False,False,False,INVALID_TRACK_SEGMENT,Valid-looking pose segment is too short to establish target identity continuity.,False,,INVALID_TRACK_SEGMENT,Valid-looking pose segment is too short to establish target identity continuity.,NOT_REVIEWED,False
181,181,181,6033.333333333333,0,0.0,,0,0,,,False,,,,,False,,,,,,,,,1,0,False,0,,,,,,,,,,,,,,,,True,,,60.570968746586324,,False,False,False,False,TARGET_NOT_FOUND,No observed landmarks returned by pose backend.,False,,TARGET_NOT_FOUND,No observed landmarks returned by pose backend.,NOT_REVIEWED,False
182,182,182,6066.666666666666,0,0.0,,0,0,,,False,,,,,False,,,,,,,,,1,0,False,0,,,,,,,,,,,,,,,,True,,,60.570968746586324,,False,False,False,False,TARGET_NOT_FOUND,No observed landmarks returned by pose backend.,False,,TARGET_NOT_FOUND,No observed landmarks returned by pose backend.,NOT_REVIEWED,False
183,183,183,6100.0,0,0.0,,0,0,,,False,,,,,False,,,,,,,,,1,0,False,0,,,,,,,,,,,,,,,,True,,,60.570968746586324,,False,False,False,False,TARGET_NOT_FOUND,No observed landmarks returned by pose backend.,False,,TARGET_NOT_FOUND,No observed landmarks returned by pose backend.,NOT_REVIEWED,False
184,184,184,6133.333333333334,0,0.0,,0,0,,,False,,,,,False,,,,,,,,,1,0,False,0,,,,,,,,,,,,,,,,True,,,60.570968746586324,,False,False,False,False,TARGET_NOT_FOUND,No observed landmarks returned by pose backend.,False,,TARGET_NOT_FOUND,No observed landmarks returned by pose backend.,NOT_REVIEWED,False
185,185,185,6166.666666666667,0,0.0,,0,0,,,False,,,,,False,,,,,,,,,1,0,False,0,,,,,,,,,,,,,,,,True,,,60.570968746586324,,False,False,False,False,TARGET_NOT_FOUND,No observed landmarks returned by pose backend.,False,,TARGET_NOT_FOUND,No observed landmarks returned by pose backend.,NOT_REVIEWED,False
186,186,186,6200.0,0,0.0,,0,0,,,False,,,,,False,,,,,,,,,1,0,False,0,,,,,,,,,,,,,,,,True,,,60.570968746586324,,False,False,False,False,TARGET_NOT_FOUND,No observed landmarks returned by pose backend.,False,,TARGET_NOT_FOUND,No observed landmarks returned by pose backend.,NOT_REVIEWED,False
187,187,187,6233.333333333333,0,0.0,,0,0,,,False,,,,,False,,,,,,,,,1,0,False,0,,,,,,,,,,,,,,,,True,,,60.570968746586324,,False,False,False,False,TARGET_NOT_FOUND,No observed landmarks returned by pose backend.,False,,TARGET_NOT_FOUND,No observed landmarks returned by pose backend.,NOT_REVIEWED,False
