source_frame_index,analysis_frame_index,timestamp_ms,frame_status,frame_rejection_reason,valid_segment_id,raw_pelvis_mid_x,raw_pelvis_mid_y,path_input_center_x,path_input_center_y,center_status,roi_center_x,roi_center_y,roi_x,roi_y,roi_width,roi_height,translation_camera_motion_status,translation_camera_motion_method,translation_background_dx_px,translation_background_dy_px,translation_background_feature_count,translation_camera_motion_residual_px,translation_affine_scale,translation_affine_inlier_fraction,affine_camera_motion_status,affine_camera_motion_method,affine_background_dx_px,affine_background_dy_px,affine_background_feature_count,affine_camera_motion_residual_px,affine_affine_scale,affine_affine_inlier_fraction,translation_raw_dx,translation_raw_dy,translation_compensated_dx,translation_compensated_dy,translation_compensated_x,translation_compensated_y,translation_projected_heading_deg,translation_normalized_projected_speed_per_s,translation_path_segment_id,translation_path_status,translation_path_rejection_reason,affine_raw_dx,affine_raw_dy,affine_compensated_dx,affine_compensated_dy,affine_compensated_x,affine_compensated_y,affine_projected_heading_deg,affine_normalized_projected_speed_per_s,affine_path_segment_id,affine_path_status,affine_path_rejection_reason,chosen_raw_dx,chosen_raw_dy,chosen_compensated_dx,chosen_compensated_dy,chosen_compensated_x,chosen_compensated_y,chosen_projected_heading_deg,chosen_normalized_projected_speed_per_s,chosen_path_segment_id,chosen_path_status,chosen_path_rejection_reason,chosen_path_validation_status,chosen_path_validation_reason
0,0,0.0,VALID_TARGET,HUMAN_ACCEPTED_TARGET: operator reviewed the raw skeleton and confirmed that it belongs to the documented athlete.,1.0,150.9490089416504,229.3396759033203,151.27592849731445,229.92022323608398,SUPPORTED,130.0,238.0,59.5,120.0,141.0,236.0,INSUFFICIENT_EVIDENCE,translation_median_sparse_flow,0.0,0.0,0.0,,,,INSUFFICIENT_EVIDENCE,partial_affine_ransac_sparse_flow,0.0,0.0,0.0,,,,,,,,0.0,0.0,,,path_segment_001,SUPPORTED,,,,,,0.0,0.0,,,path_segment_001,SUPPORTED,,,,,,0.0,0.0,,,path_segment_001,SUPPORTED,,SUPPORTED,
1,1,33.333333333333336,VALID_TARGET,HUMAN_ACCEPTED_TARGET: operator reviewed the raw skeleton and confirmed that it belongs to the documented athlete.,1.0,151.6008186340332,230.1841697692871,151.2591152191162,229.79003143310547,SUPPORTED,132.375,238.625,59.25,120.25,146.25,236.75,SUPPORTED,translation_median_sparse_flow,1.0774993896484375,-0.2647857666015625,350.0,2.774033546447754,,,SUPPORTED,partial_affine_ransac_sparse_flow,-0.03258141757517695,0.21267032322272936,182.0,1.1236910293422402,1.0000102170380563,0.52,-0.016813278198242188,-0.13019180297851562,-1.0943126678466797,0.13459396362304688,-1.0943126678466797,0.13459396362304688,-172.98817486835495,0.4180051527593593,path_segment_001,SUPPORTED,,-0.016813278198242188,-0.13019180297851562,-0.35437513173093294,-0.10226871251740022,-0.35437513173093294,-0.10226871251740022,163.90244969131848,0.13983446028774113,path_segment_001,SUPPORTED,,-0.016813278198242188,-0.13019180297851562,-1.0943126678466797,0.13459396362304688,-1.0943126678466797,0.13459396362304688,-172.98817486835495,0.4180051527593593,path_segment_001,SUPPORTED,,SUPPORTED,
2,2,66.66666666666667,VALID_TARGET,HUMAN_ACCEPTED_TARGET: operator reviewed the raw skeleton and confirmed that it belongs to the documented athlete.,1.0,151.58913040161133,229.31776809692383,151.52729034423828,229.98528289794922,SUPPORTED,134.75,239.25,59.0,120.5,151.5,237.5,SUPPORTED,translation_median_sparse_flow,0.9376220703125,-0.1138916015625,349.0,3.0261034965515137,,,SUPPORTED,partial_affine_ransac_sparse_flow,-0.21662663521463627,0.7925571398932989,178.0,1.1528990224285225,1.0008936110012714,0.5100286532951289,0.2681751251220703,0.19525146484375,-0.6694469451904297,0.30914306640625,-1.7637596130371094,0.4437370300292969,-155.21303852463498,0.2795574120540389,path_segment_001,SUPPORTED,,0.2681751251220703,0.19525146484375,-0.37630921904278125,-0.32315087558166056,-0.7306843507737142,-0.4254195880990608,139.3460735555842,0.1880522148733463,path_segment_001,SUPPORTED,,0.2681751251220703,0.19525146484375,-0.6694469451904297,0.30914306640625,-1.7637596130371094,0.4437370300292969,-155.21303852463498,0.2795574120540389,path_segment_001,SUPPORTED,,SUPPORTED,
3,3,100.0,VALID_TARGET,HUMAN_ACCEPTED_TARGET: operator reviewed the raw skeleton and confirmed that it belongs to the documented athlete.,1.0,150.98902893066406,229.65983963012695,151.91402053833008,229.98528289794922,SUPPORTED,137.125,239.875,58.75,120.75,156.75,238.25,SUPPORTED,translation_median_sparse_flow,0.5133056640625,-0.03762054443359375,350.0,1.060621738433838,,,SUPPORTED,partial_affine_ransac_sparse_flow,0.9848676840168519,-0.030282572320706344,334.0,1.1683827309461918,1.0002407956218198,0.9542857142857143,0.3867301940917969,0.0,-0.12657546997070312,0.03762054443359375,-1.8903350830078125,0.4813575744628906,-163.44708801513585,0.0500623797757117,path_segment_001,SUPPORTED,,0.3867301940917969,0.0,-0.6783868982499826,0.003742167826288778,-1.4090712490236967,-0.421677420272772,-179.68394400233237,0.2571958536470444,path_segment_001,SUPPORTED,,0.3867301940917969,0.0,-0.12657546997070312,0.03762054443359375,-1.8903350830078125,0.4813575744628906,-163.44708801513585,0.0500623797757117,path_segment_001,SUPPORTED,,SUPPORTED,
4,4,133.33333333333334,VALID_TARGET,HUMAN_ACCEPTED_TARGET: operator reviewed the raw skeleton and confirmed that it belongs to the documented athlete.,1.0,153.52164840698242,230.67880630493164,152.9856185913086,229.98528289794922,SUPPORTED,139.5,240.5,58.5,121.0,162.0,239.0,SUPPORTED,translation_median_sparse_flow,1.18011474609375,-0.0342254638671875,349.0,2.5024473667144775,,,SUPPORTED,partial_affine_ransac_sparse_flow,-0.13104848919023507,0.43533798825417447,194.0,0.9875834905950149,1.00072185327236,0.5558739255014327,1.0715980529785156,0.0,-0.10851669311523438,0.0342254638671875,-1.9988517761230469,0.5155830383300781,-162.4950622514164,0.04313886907058568,path_segment_001,SUPPORTED,,1.0715980529785156,0.0,0.7876527392141384,-0.3993776295674536,-0.6214185098095584,-0.8210550498402256,26.88718936114419,0.3348105827705245,path_segment_001,SUPPORTED,,1.0715980529785156,0.0,-0.10851669311523438,0.0342254638671875,-1.9988517761230469,0.5155830383300781,-162.4950622514164,0.04313886907058568,path_segment_001,SUPPORTED,,SUPPORTED,
5,5,166.66666666666666,VALID_TARGET,HUMAN_ACCEPTED_TARGET: operator reviewed the raw skeleton and confirmed that it belongs to the documented athlete.,1.0,154.28137969970703,229.1833839416504,154.14344024658203,229.6621208190918,SUPPORTED,140.8,238.60000000000002,57.9,118.4,165.8,240.4,SUPPORTED,translation_median_sparse_flow,1.083160400390625,-0.0032958984375,335.0,2.0286147594451904,,,SUPPORTED,partial_affine_ransac_sparse_flow,-0.45954955892294463,0.2754716329965371,201.0,0.9390197278650256,1.001870258621038,0.6,1.1578216552734375,-0.3231620788574219,0.0746612548828125,-0.3198661804199219,-1.9241905212402344,0.19571685791015625,76.86159281362912,0.12452823597174022,path_segment_001,SUPPORTED,,1.1578216552734375,-0.3231620788574219,1.0698954756100818,-0.8547003118982843,0.44847696580052343,-1.67575536173851,38.620076631955726,0.5191614316579671,path_segment_001,SUPPORTED,,1.1578216552734375,-0.3231620788574219,0.0746612548828125,-0.3198661804199219,-1.9241905212402344,0.19571685791015625,76.86159281362912,0.12452823597174022,path_segment_001,SUPPORTED,,SUPPORTED,
6,6,200.0,VALID_TARGET,HUMAN_ACCEPTED_TARGET: operator reviewed the raw skeleton and confirmed that it belongs to the documented athlete.,1.0,154.03279495239258,231.1369400024414,154.7067642211914,229.1833839416504,SUPPORTED,142.1,236.7,57.3,115.8,169.6,241.8,SUPPORTED,translation_median_sparse_flow,0.491058349609375,0.00113677978515625,332.0,0.9601958990097046,,,SUPPORTED,partial_affine_ransac_sparse_flow,0.6478405136402232,-0.21782475117243208,321.0,1.2267912373871974,1.0011135774203965,0.9668674698795181,0.563323974609375,-0.47873687744140625,0.072265625,-0.4798736572265625,-1.8519248962402344,-0.28415679931640625,81.43600721018755,0.18398241920541158,path_segment_001,SUPPORTED,,0.563323974609375,-0.47873687744140625,-0.23462288818325305,-0.5311172103405966,0.21385407761727038,-2.2068725720791065,113.83361258080319,0.22013078782161186,path_segment_001,SUPPORTED,,0.563323974609375,-0.47873687744140625,0.072265625,-0.4798736572265625,-1.8519248962402344,-0.28415679931640625,81.43600721018755,0.18398241920541158,path_segment_001,SUPPORTED,,SUPPORTED,
7,7,233.33333333333337,VALID_TARGET,,1.0,157.18288040161133,223.55990600585935,156.94731521606445,223.55990600585938,SUPPORTED,143.4,234.8,56.7,113.2,173.4,243.2,SUPPORTED,translation_median_sparse_flow,1.4481048583984375,0.009674072265625,334.0,2.2075939178466797,,,SUPPORTED,partial_affine_ransac_sparse_flow,2.9799990151797404,4.646268753611183,195.0,1.4497517896247971,0.9935749891586514,0.5838323353293413,2.240550994873047,-5.623477935791016,0.7924461364746094,-5.633152008056641,-1.059478759765625,-5.917308807373047,81.99243721433398,2.156684708888757,path_segment_001,SUPPORTED,,2.240550994873047,-5.623477935791016,-1.4350781435468605,-7.647515723117095,-1.22122406592959,-9.854388295196202,100.62811543597986,2.949954144525034,path_segment_001,SUPPORTED,,2.240550994873047,-5.623477935791016,0.7924461364746094,-5.633152008056641,-1.059478759765625,-5.917308807373047,81.99243721433398,2.156684708888757,path_segment_001,SUPPORTED,,SUPPORTED,
8,8,266.6666666666667,VALID_TARGET,,1.0,158.25261688232422,221.54749298095703,157.93022918701172,222.73368453979492,SUPPORTED,144.7,232.89999999999998,56.1,110.6,177.2,244.6,SUPPORTED,translation_median_sparse_flow,1.175445556640625,0.038543701171875,315.0,1.8396995067596436,,,SUPPORTED,partial_affine_ransac_sparse_flow,-0.3392652589475508,-0.09420549251707393,192.0,0.8026890051998617,1.0019564704165658,0.6095238095238096,0.9829139709472656,-0.8262214660644531,-0.19253158569335938,-0.8647651672363281,-1.2520103454589844,-6.782073974609375,102.55163312325243,0.3358795236209387,path_segment_001,SUPPORTED,,0.9829139709472656,-0.8262214660644531,0.9833062127587482,-1.1470689811809223,-0.2379178531708419,-11.001457276377124,49.395704266085,0.5727965076986732,path_segment_001,SUPPORTED,,0.9829139709472656,-0.8262214660644531,-0.19253158569335938,-0.8647651672363281,-1.2520103454589844,-6.782073974609375,102.55163312325243,0.3358795236209387,path_segment_001,SUPPORTED,,SUPPORTED,
9,9,300.0,VALID_TARGET,,1.0,157.69466400146484,222.2141342163086,158.1758689880371,222.01343154907227,SUPPORTED,146.0,231.0,55.5,108.0,181.0,246.0,SUPPORTED,translation_median_sparse_flow,0.638824462890625,0.00505828857421875,330.0,0.9708423018455505,,,SUPPORTED,partial_affine_ransac_sparse_flow,0.6132456734846868,-0.3440016956270007,280.0,1.2899101807199282,1.0017721909229025,0.8484848484848485,0.24563980102539062,-0.7202529907226562,-0.3931846618652344,-0.725311279296875,-1.6451950073242188,-7.50738525390625,118.46171925816175,0.31278679463928605,path_segment_001,SUPPORTED,,0.24563980102539062,-0.7202529907226562,-0.6216689360417718,-0.789283054438755,-0.8595867892126137,-11.79074033081588,128.22529451903432,0.380908057817015,path_segment_001,SUPPORTED,,0.24563980102539062,-0.7202529907226562,-0.3931846618652344,-0.725311279296875,-1.6451950073242188,-7.50738525390625,118.46171925816175,0.31278679463928605,path_segment_001,SUPPORTED,,SUPPORTED,
10,10,333.3333333333333,VALID_TARGET,,1.0,158.8164520263672,222.5329818725586,158.8931999206543,221.54749298095703,SUPPORTED,148.55263157894737,230.94736842105263,59.39473684210526,107.6842105263158,178.31578947368422,246.52631578947367,SUPPORTED,translation_median_sparse_flow,1.5066070556640625,0.0317535400390625,338.0,2.648315191268921,,,SUPPORTED,partial_affine_ransac_sparse_flow,0.12640895830197565,-0.8960909665628628,167.0,1.1230102644442592,1.0005958631832244,0.4940828402366864,0.7173309326171875,-0.4659385681152344,-0.789276123046875,-0.4976921081542969,-2.4344711303710938,-8.005077362060547,147.76578915808528,0.35375514219219195,path_segment_001,SUPPORTED,,0.7173309326171875,-0.4659385681152344,0.9520980429930432,-0.025908509199268792,0.09251125378042957,-11.816648840015148,1.5587491182471935,0.3610956966618628,path_segment_001,SUPPORTED,,0.7173309326171875,-0.4659385681152344,-0.789276123046875,-0.4976921081542969,-2.4344711303710938,-8.005077362060547,147.76578915808528,0.35375514219219195,path_segment_001,SUPPORTED,,SUPPORTED,
11,11,366.66666666666663,VALID_TARGET,,1.0,162.11807250976562,220.55502319335935,162.11807250976562,220.55502319335938,SUPPORTED,151.10526315789474,230.89473684210526,63.28947368421053,107.36842105263158,175.6315789473684,247.05263157894737,SUPPORTED,translation_median_sparse_flow,1.6665191650390625,0.018934249877929688,310.0,2.852667808532715,,,SUPPORTED,partial_affine_ransac_sparse_flow,-1.9688309421833152,-4.507434125093244,158.0,1.8358723676641437,1.0105682955526372,0.5096774193548387,3.224872589111328,-0.9924697875976562,1.5583534240722656,-1.011404037475586,-0.8761177062988281,-9.016481399536133,32.98441597230462,0.7043325713966522,path_segment_001,SUPPORTED,,3.224872589111328,-0.9924697875976562,4.788242644620368,0.2655063148112049,4.880753898400798,-11.551142525203943,-3.173780050780109,1.8181205846577886,path_segment_001,SUPPORTED,,3.224872589111328,-0.9924697875976562,1.5583534240722656,-1.011404037475586,-0.8761177062988281,-9.016481399536133,32.98441597230462,0.7043325713966522,path_segment_001,SUPPORTED,,SUPPORTED,
12,12,400.0,VALID_TARGET,,1.0,164.76939392089844,219.84876251220703,164.76939392089844,219.84876251220703,SUPPORTED,153.6578947368421,230.8421052631579,67.1842105263158,107.05263157894737,172.94736842105263,247.57894736842104,SUPPORTED,translation_median_sparse_flow,0.7366790771484375,0.0050563812255859375,326.0,1.2973697185516357,,,SUPPORTED,partial_affine_ransac_sparse_flow,1.076084606429011,-0.7876262487503868,287.0,1.2712465842134708,1.000543872074828,0.8803680981595092,2.6513214111328125,-0.7062606811523438,1.914642333984375,-0.7113170623779297,1.0385246276855469,-9.727798461914062,20.38075296194641,0.7743602668923144,path_segment_001,SUPPORTED,,2.6513214111328125,-0.7062606811523438,1.8300412560559494,-0.29028115832616663,6.710795154456747,-11.84142368353011,9.01316624754347,0.7024843853248548,path_segment_001,SUPPORTED,,2.6513214111328125,-0.7062606811523438,1.914642333984375,-0.7113170623779297,1.0385246276855469,-9.727798461914062,20.38075296194641,0.7743602668923144,path_segment_001,SUPPORTED,,SUPPORTED,
13,13,433.33333333333337,VALID_TARGET,,1.0,166.94696044921875,217.58045196533203,165.5087661743164,217.58045196533203,SUPPORTED,156.21052631578948,230.78947368421052,71.07894736842105,106.73684210526316,170.26315789473685,248.10526315789474,SUPPORTED,translation_median_sparse_flow,1.59820556640625,0.09775543212890625,328.0,3.0126736164093018,,,SUPPORTED,partial_affine_ransac_sparse_flow,-0.10627553302541247,-0.6612507455195417,156.0,1.1622062586598358,1.0031212383624621,0.47560975609756095,0.7393722534179688,-2.268310546875,-0.8588333129882812,-2.3660659790039062,0.17969131469726562,-12.093864440917969,109.94985653958025,0.954295307573388,path_segment_001,SUPPORTED,,0.7393722534179688,-2.268310546875,0.6587306124023655,-2.5382322081457573,7.3695257668591125,-14.379655891675867,75.45136571023401,0.994180331733079,path_segment_001,SUPPORTED,,0.7393722534179688,-2.268310546875,-0.8588333129882812,-2.3660659790039062,0.17969131469726562,-12.093864440917969,109.94985653958025,0.954295307573388,path_segment_001,SUPPORTED,,SUPPORTED,
14,14,466.6666666666667,VALID_TARGET,,1.0,167.47225952148438,213.6618309020996,166.94696044921875,215.82947540283203,SUPPORTED,158.76315789473682,230.73684210526315,74.97368421052632,106.42105263157895,167.57894736842104,248.6315789473684,SUPPORTED,translation_median_sparse_flow,1.31610107421875,0.184906005859375,327.0,2.7304983139038086,,,SUPPORTED,partial_affine_ransac_sparse_flow,9.19043681580525,2.3824409775681548,170.0,1.3775594723050897,0.9848417936452177,0.5198776758409785,1.4381942749023438,-1.7509765625,0.12209320068359375,-1.935882568359375,0.3017845153808594,-14.029747009277344,86.39122113560944,0.735395439090305,path_segment_001,SUPPORTED,,1.4381942749023438,-1.7509765625,-4.599834058101891,-1.32333278639328,2.7696917087572217,-15.702988678069147,163.94992704157963,1.8146356712997969,path_segment_001,SUPPORTED,,1.4381942749023438,-1.7509765625,0.12209320068359375,-1.935882568359375,0.3017845153808594,-14.029747009277344,86.39122113560944,0.735395439090305,path_segment_001,SUPPORTED,,SUPPORTED,
15,15,500.0,VALID_TARGET,,1.0,169.50511932373047,215.82947540283203,169.60939407348633,213.97726821899414,SUPPORTED,161.31578947368422,230.68421052631578,78.86842105263158,106.10526315789474,164.89473684210526,249.1578947368421,SUPPORTED,translation_median_sparse_flow,0.61212158203125,0.04169464111328125,336.0,1.1503751277923584,,,SUPPORTED,partial_affine_ransac_sparse_flow,0.8264400759510856,-0.3588519298925377,325.0,1.179978592157467,1.0005945212902618,0.9672619047619048,2.662433624267578,-1.8522071838378906,2.050312042236328,-1.8939018249511719,2.3520965576171875,-15.923648834228516,42.72909064912903,1.0581971119732543,path_segment_001,SUPPORTED,,2.662433624267578,-1.8522071838378906,1.885552748634467,-1.7366971801490934,4.655244457391689,-17.43968585821824,42.64676657652819,0.9718734613827927,path_segment_001,SUPPORTED,,2.662433624267578,-1.8522071838378906,2.050312042236328,-1.8939018249511719,2.3520965576171875,-15.923648834228516,42.72909064912903,1.0581971119732543,path_segment_001,SUPPORTED,,SUPPORTED,
16,16,533.3333333333334,VALID_TARGET,,1.0,170.1634292602539,213.83633041381836,170.15213012695312,213.52089309692383,SUPPORTED,163.86842105263156,230.6315789473684,82.76315789473684,105.78947368421052,162.21052631578948,249.68421052631578,SUPPORTED,translation_median_sparse_flow,1.33966064453125,0.117584228515625,317.0,3.1015360355377197,,,SUPPORTED,partial_affine_ransac_sparse_flow,-4.726523027362553,-4.456071406498771,180.0,1.698558985642441,1.0150777913852072,0.5678233438485805,0.5427360534667969,-0.4563751220703125,-0.7969245910644531,-0.5739593505859375,1.5551719665527344,-16.497608184814453,144.23789151803427,0.3723360640835623,path_segment_001,SUPPORTED,,0.5427360534667969,-0.4563751220703125,3.6915886729337046,0.00044369136230670847,8.346833130325393,-17.439242166855934,-0.006886369147939632,1.3995654455821922,path_segment_001,SUPPORTED,,0.5427360534667969,-0.4563751220703125,-0.7969245910644531,-0.5739593505859375,1.5551719665527344,-16.497608184814453,144.23789151803427,0.3723360640835623,path_segment_001,SUPPORTED,,SUPPORTED,
17,17,566.6666666666666,VALID_TARGET,,1.0,171.09726333618164,212.1905174255371,171.52734375,213.83633041381836,SUPPORTED,166.42105263157896,230.57894736842104,86.65789473684211,105.47368421052632,159.5263157894737,250.21052631578948,SUPPORTED,translation_median_sparse_flow,1.318817138671875,0.21408843994140625,340.0,2.6975936889648438,,,SUPPORTED,partial_affine_ransac_sparse_flow,-0.3076574013198029,-7.5195464416491715,182.0,1.3064134690478824,1.0089743989915334,0.5352941176470588,1.375213623046875,0.31543731689453125,0.056396484375,0.101348876953125,1.6115684509277344,-16.396259307861328,-60.9058603696972,0.04397196649553111,path_segment_001,SUPPORTED,,1.375213623046875,0.31543731689453125,3.01907155884453,3.6678878358456757,11.365904689169923,-13.771354331010258,-50.54189582037256,1.8010605317529749,path_segment_001,SUPPORTED,,1.375213623046875,0.31543731689453125,0.056396484375,0.101348876953125,1.6115684509277344,-16.396259307861328,-60.9058603696972,0.04397196649553111,path_segment_001,SUPPORTED,,SUPPORTED,
18,18,600.0,VALID_TARGET,HUMAN_ACCEPTED_TARGET: operator reviewed the raw skeleton and confirmed that it belongs to the documented athlete.,1.0,172.08720779418945,210.40547943115232,172.09850692749023,213.83633041381836,SUPPORTED,168.9736842105263,230.5263157894737,90.55263157894737,105.15789473684211,156.8421052631579,250.73684210526315,SUPPORTED,translation_median_sparse_flow,0.59002685546875,0.081024169921875,339.0,0.9902339577674866,,,SUPPORTED,partial_affine_ransac_sparse_flow,1.0281791882934908,-0.1337099720774431,294.0,0.9604947140295945,0.9995971504103249,0.8672566371681416,0.5711631774902344,0.0,-0.018863677978515625,-0.081024169921875,1.5927047729492188,-16.477283477783203,103.1058782403683,0.03153963217710304,path_segment_001,SUPPORTED,,0.5711631774902344,0.0,-0.2487173525589128,0.10827082715530878,11.11718733661101,-13.66308350385495,-156.4757012874858,0.10284148386781841,path_segment_001,SUPPORTED,,0.5711631774902344,0.0,-0.018863677978515625,-0.081024169921875,1.5927047729492188,-16.477283477783203,103.1058782403683,0.03153963217710304,path_segment_001,SUPPORTED,,SUPPORTED,
19,19,633.3333333333333,VALID_TARGET,,1.0,174.85537338256836,214.03673934936523,174.4999122619629,214.03673934936523,SUPPORTED,171.5263157894737,230.4736842105263,94.44736842105263,104.84210526315789,154.1578947368421,251.26315789473685,SUPPORTED,translation_median_sparse_flow,1.36871337890625,0.0164031982421875,323.0,2.4266247749328613,,,SUPPORTED,partial_affine_ransac_sparse_flow,4.576799863862704,1.8263748796558625,183.0,1.5589772892530833,0.9925672584582989,0.56656346749226,2.4014053344726562,0.200408935546875,1.0326919555664062,0.1840057373046875,2.625396728515625,-16.293277740478516,-10.102972849796283,0.39768351504872435,path_segment_001,SUPPORTED,,2.4014053344726562,0.200408935546875,-1.0532112468441994,0.08986002388772363,10.063976089766811,-13.573223479967226,-175.12333226442715,0.40074710280433345,path_segment_001,SUPPORTED,,2.4014053344726562,0.200408935546875,1.0326919555664062,0.1840057373046875,2.625396728515625,-16.293277740478516,-10.102972849796283,0.39768351504872435,path_segment_001,SUPPORTED,,SUPPORTED,
20,20,666.6666666666666,VALID_TARGET,,1.0,175.8474349975586,215.55905151367188,176.20289611816406,214.98978424072266,SUPPORTED,174.07894736842104,230.42105263157896,98.34210526315789,104.52631578947368,151.4736842105263,251.78947368421052,SUPPORTED,translation_median_sparse_flow,1.517578125,-0.04461669921875,349.0,2.1108453273773193,,,SUPPORTED,partial_affine_ransac_sparse_flow,4.281193731252127,2.650590026127773,220.0,1.6527202612930432,0.9929416147172783,0.6303724928366762,1.7029838562011719,0.9530448913574219,0.18540573120117188,0.9976615905761719,2.810802459716797,-15.295616149902344,-79.47223636832274,0.38471231586327925,path_segment_001,SUPPORTED,,1.7029838562011719,0.9530448913574219,-1.9640616326531983,0.31817334507201167,8.099914457113613,-13.255050134895214,-170.798158712528,0.7543278965082031,path_segment_001,SUPPORTED,,1.7029838562011719,0.9530448913574219,0.18540573120117188,0.9976615905761719,2.810802459716797,-15.295616149902344,-79.47223636832274,0.38471231586327925,path_segment_001,SUPPORTED,,SUPPORTED,
21,21,700.0,VALID_TARGET,,1.0,176.74801635742188,215.8024864196777,176.74801635742188,215.80248641967773,SUPPORTED,176.6315789473684,230.3684210526316,102.23684210526315,104.21052631578948,148.78947368421052,252.31578947368422,SUPPORTED,translation_median_sparse_flow,0.7525634765625,-0.03607177734375,337.0,1.1359140872955322,,,SUPPORTED,partial_affine_ransac_sparse_flow,0.47882035599836376,-0.35101952219423543,321.0,1.1616376693701782,1.0017102677424807,0.9525222551928784,0.5451202392578125,0.8127021789550781,-0.2074432373046875,0.8487739562988281,2.6033592224121094,-14.446842193603516,-103.73404898834048,0.3312609035743774,path_segment_001,SUPPORTED,,0.5451202392578125,0.8127021789550781,-0.23734313706836474,0.7979075744927968,7.862571320045248,-12.457142560402417,-106.56547450707963,0.31560424999487946,path_segment_001,SUPPORTED,,0.5451202392578125,0.8127021789550781,-0.2074432373046875,0.8487739562988281,2.6033592224121094,-14.446842193603516,-103.73404898834048,0.3312609035743774,path_segment_001,SUPPORTED,,SUPPORTED,
22,22,733.3333333333333,VALID_TARGET,,1.0,180.8522148132324,215.52168655395508,180.31661987304688,216.0909538269043,SUPPORTED,179.18421052631578,230.31578947368422,106.13157894736842,103.89473684210526,146.10526315789474,252.8421052631579,SUPPORTED,translation_median_sparse_flow,1.8025844097137451,-0.20703887939453125,334.0,2.4683070182800293,,,SUPPORTED,partial_affine_ransac_sparse_flow,3.1903974482503936,-0.6384828660369176,194.0,1.33122972080937,1.0016569791964858,0.5808383233532934,3.568603515625,0.2884674072265625,1.7660191059112549,0.49550628662109375,4.369378328323364,-13.951335906982422,-15.672956545144068,0.6953932746277651,path_segment_001,SUPPORTED,,3.568603515625,0.2884674072265625,0.1500850098019555,0.5163569354314461,8.012656329847204,-11.940785624970971,-73.79289355554509,0.20386444917658905,path_segment_001,SUPPORTED,,3.568603515625,0.2884674072265625,1.7660191059112549,0.49550628662109375,4.369378328323364,-13.951335906982422,-15.672956545144068,0.6953932746277651,path_segment_001,SUPPORTED,,SUPPORTED,
23,23,766.6666666666667,VALID_TARGET,,1.0,181.7626838684082,218.02252197265625,182.29827880859375,216.71134185791016,SUPPORTED,181.73684210526315,230.26315789473685,110.02631578947367,103.57894736842105,143.42105263157896,253.3684210526316,SUPPORTED,translation_median_sparse_flow,1.6656036376953125,-0.07210540771484375,328.0,2.4801974296569824,,,SUPPORTED,partial_affine_ransac_sparse_flow,4.905813219917055,3.457028134825205,198.0,1.4396060847885361,0.9913092500039616,0.6036585365853658,1.981658935546875,0.6203880310058594,0.3160552978515625,0.6924934387207031,4.685433626174927,-13.258842468261719,-65.4679554426192,0.2885914318147004,path_segment_001,SUPPORTED,,1.981658935546875,0.6203880310058594,-2.35072001639719,-0.12557209193963104,5.661936313450013,-12.066357716910602,176.94224789639557,0.8924822049957377,path_segment_001,SUPPORTED,,1.981658935546875,0.6203880310058594,0.3160552978515625,0.6924934387207031,4.685433626174927,-13.258842468261719,-65.4679554426192,0.2885914318147004,path_segment_001,SUPPORTED,,SUPPORTED,
24,24,800.0,VALID_TARGET,,1.0,184.3611717224121,217.35850524902344,184.31766319274902,216.68463897705078,SUPPORTED,184.28947368421052,230.21052631578948,113.92105263157895,103.26315789473685,140.73684210526315,253.89473684210526,SUPPORTED,translation_median_sparse_flow,0.804901123046875,-0.0055828094482421875,338.0,1.1764378547668457,,,SUPPORTED,partial_affine_ransac_sparse_flow,0.03627367188573751,-1.0277538673872577,274.0,1.0709497982271867,1.0028281109049213,0.8106508875739645,2.0193843841552734,-0.026702880859375,1.2144832611083984,-0.021120071411132812,5.899916887283325,-13.279962539672852,0.9962829717818045,0.4605079121071354,path_segment_001,SUPPORTED,,2.0193843841552734,-0.026702880859375,1.6872906095459825,0.20351111843808667,7.349226922995996,-11.862846598472515,-6.8774594325350575,0.6443265748810879,path_segment_001,SUPPORTED,,2.0193843841552734,-0.026702880859375,1.2144832611083984,-0.021120071411132812,5.899916887283325,-13.279962539672852,0.9962829717818045,0.4605079121071354,path_segment_001,SUPPORTED,,SUPPORTED,
25,25,833.3333333333334,VALID_TARGET,,1.0,185.7029933929443,216.6846389770508,185.74650192260742,216.68463897705078,SUPPORTED,186.8421052631579,230.1578947368421,117.8157894736842,102.94736842105263,138.05263157894737,254.42105263157896,SUPPORTED,translation_median_sparse_flow,1.95489501953125,0.016401290893554688,349.0,2.601304054260254,,,SUPPORTED,partial_affine_ransac_sparse_flow,5.079349455841964,5.098795782660857,173.0,1.1125799262069995,0.9899989801421217,0.49570200573065903,1.4288387298583984,0.0,-0.5260562896728516,-0.016401290893554688,5.373860597610474,-13.296363830566406,178.21422069448758,0.19953684361342947,path_segment_001,SUPPORTED,,1.4288387298583984,0.0,-3.6110169106982823,-1.384141684466158,3.7382100122977135,-13.246988282938673,159.02763357660774,1.4661464136574824,path_segment_001,SUPPORTED,,1.4288387298583984,0.0,-0.5260562896728516,-0.016401290893554688,5.373860597610474,-13.296363830566406,178.21422069448758,0.19953684361342947,path_segment_001,SUPPORTED,,SUPPORTED,
26,26,866.6666666666667,VALID_TARGET,,1.0,188.51857948303223,215.0286636352539,188.51857948303223,215.0286636352539,SUPPORTED,189.39473684210526,230.10526315789474,121.71052631578948,102.63157894736842,135.36842105263156,254.94736842105263,SUPPORTED,translation_median_sparse_flow,2.051025390625,0.03759765625,339.0,2.444809675216675,,,SUPPORTED,partial_affine_ransac_sparse_flow,0.6916263296996216,-0.346500450810938,199.0,1.3181160720578216,1.0067780094258352,0.5870206489675516,2.7720775604248047,-1.655975341796875,0.7210521697998047,-1.693572998046875,6.094912767410278,-14.989936828613281,66.93773462889325,0.6978440516240008,path_segment_001,SUPPORTED,,2.7720775604248047,-1.655975341796875,0.46635455950351457,-2.4732599456135063,4.204564571801228,-15.72024822855218,79.32175975392013,0.9541927656074165,path_segment_001,SUPPORTED,,2.7720775604248047,-1.655975341796875,0.7210521697998047,-1.693572998046875,6.094912767410278,-14.989936828613281,66.93773462889325,0.6978440516240008,path_segment_001,SUPPORTED,,SUPPORTED,
27,27,900.0,VALID_TARGET,,1.0,190.98003768920896,213.57124710083008,190.98003768920898,213.57124710083008,SUPPORTED,191.94736842105263,230.05263157894734,125.60526315789474,102.3157894736842,132.68421052631578,255.4736842105263,SUPPORTED,translation_median_sparse_flow,0.86767578125,0.045257568359375,341.0,1.3030619621276855,,,SUPPORTED,partial_affine_ransac_sparse_flow,0.6882462006866678,0.4159147121451631,291.0,1.1403022818985342,1.000737220308844,0.8533724340175953,2.461458206176758,-1.4574165344238281,1.5937824249267578,-1.5026741027832031,7.688695192337036,-16.492610931396484,43.31464880760555,0.8304582503912005,path_segment_001,SUPPORTED,,2.461458206176758,-1.4574165344238281,1.335335257137558,-1.769440034594652,5.539899828938786,-17.48968826314683,52.959406397325864,0.8404254037260896,path_segment_001,SUPPORTED,,2.461458206176758,-1.4574165344238281,1.5937824249267578,-1.5026741027832031,7.688695192337036,-16.492610931396484,43.31464880760555,0.8304582503912005,path_segment_001,SUPPORTED,,SUPPORTED,
28,28,933.3333333333334,VALID_TARGET,,1.0,194.14083099365232,211.6646842956543,194.14083099365234,211.6646842956543,SUPPORTED,194.5,230.0,129.5,102.0,130.0,256.0,SUPPORTED,translation_median_sparse_flow,2.52203369140625,0.0287322998046875,339.0,2.522437334060669,,,SUPPORTED,partial_affine_ransac_sparse_flow,4.292405478648642,3.3642272694426065,184.0,1.6086594872721758,0.9919241632069824,0.5427728613569321,3.1607933044433594,-1.9065628051757812,0.6387596130371094,-1.9352951049804688,8.327454805374146,-18.427906036376953,71.73411380604631,0.7726464060263365,path_segment_001,SUPPORTED,,3.1607933044433594,-1.9065628051757812,-0.7352887044509657,-2.515639882813417,4.8046111244878205,-20.00532814596025,106.29295246772456,0.9936412614532497,path_segment_001,SUPPORTED,,3.1607933044433594,-1.9065628051757812,0.6387596130371094,-1.9352951049804688,8.327454805374146,-18.427906036376953,71.73411380604631,0.7726464060263365,path_segment_001,SUPPORTED,,SUPPORTED,
29,29,966.6666666666666,VALID_TARGET,,1.0,196.8564624786377,209.88993453979492,196.8564624786377,209.88993453979492,SUPPORTED,194.66666666666666,227.27777777777777,128.16666666666666,97.0,133.0,260.55555555555554,SUPPORTED,translation_median_sparse_flow,2.65704345703125,-0.0139312744140625,348.0,2.6563591957092285,,,SUPPORTED,partial_affine_ransac_sparse_flow,2.697918426577646,3.0723676307524577,212.0,1.7512878478013374,0.994778240415479,0.6091954022988506,2.7156314849853516,-1.774749755859375,0.05858802795410156,-1.7608184814453125,8.386042833328247,-20.188724517822266,88.09429035640282,0.6679358642708032,path_segment_001,SUPPORTED,,2.7156314849853516,-1.774749755859375,-0.39312897456892415,-2.42627077396952,4.411482149918896,-22.43159891992977,99.20365546474744,0.9318511637594645,path_segment_001,SUPPORTED,,2.7156314849853516,-1.774749755859375,0.05858802795410156,-1.7608184814453125,8.386042833328247,-20.188724517822266,88.09429035640282,0.6679358642708032,path_segment_001,SUPPORTED,,SUPPORTED,
30,30,1000.0,VALID_TARGET,HUMAN_ACCEPTED_TARGET: operator reviewed the raw skeleton and confirmed that it belongs to the documented athlete.,1.0,197.9853553771973,209.0345344543457,197.98535537719727,209.0345344543457,SUPPORTED,194.83333333333331,224.55555555555554,126.83333333333333,92.0,136.0,265.1111111111111,SUPPORTED,translation_median_sparse_flow,0.8791961669921875,-0.043944358825683594,346.0,1.2944111824035645,,,SUPPORTED,partial_affine_ransac_sparse_flow,-0.7128978049370807,-0.33914862671998286,276.0,1.1176537281960721,1.0032999098408737,0.7976878612716763,1.1288928985595703,-0.8554000854492188,0.2496967315673828,-0.8114557266235352,8.63573956489563,-21.0001802444458,72.89610700702536,0.3218770111200922,path_segment_001,SUPPORTED,,1.1288928985595703,-0.8554000854492188,0.9456823706295268,-0.977404905183306,5.357164520548423,-23.409003825113075,45.94504422045545,0.5156119558555596,path_segment_001,SUPPORTED,,1.1288928985595703,-0.8554000854492188,0.2496967315673828,-0.8114557266235352,8.63573956489563,-21.0001802444458,72.89610700702536,0.3218770111200922,path_segment_001,SUPPORTED,,SUPPORTED,
31,31,1033.3333333333337,VALID_TARGET,,1.0,199.12111282348633,205.63331985473633,199.12111282348633,205.63331985473633,SUPPORTED,195.0,221.83333333333334,125.5,87.0,139.0,269.6666666666667,SUPPORTED,translation_median_sparse_flow,1.7263336181640625,-0.0618438720703125,348.0,2.6243770122528076,,,SUPPORTED,partial_affine_ransac_sparse_flow,3.478377513910404,-0.6948367021632977,166.0,0.49932794157948,1.0024350087929454,0.47701149425287354,1.1357574462890625,-3.401214599609375,-0.590576171875,-3.3393707275390625,8.04516339302063,-24.339550971984863,100.02920131688427,1.2856778660656243,path_segment_001,SUPPORTED,,1.1357574462890625,-3.401214599609375,-2.7141999220269497,-3.3199981095650912,2.6429645985214734,-26.729001934678166,129.26704815092762,1.625781332111001,path_segment_001,SUPPORTED,,1.1357574462890625,-3.401214599609375,-0.590576171875,-3.3393707275390625,8.04516339302063,-24.339550971984863,100.02920131688427,1.2856778660656243,path_segment_001,SUPPORTED,,SUPPORTED,
32,32,1066.6666666666667,VALID_TARGET,,1.0,203.45793533325195,203.33937454223633,203.45793533325195,204.9536361694336,SUPPORTED,195.16666666666669,219.11111111111111,124.16666666666667,82.0,142.0,274.22222222222223,SUPPORTED,translation_median_sparse_flow,1.0463409423828125,-0.20549774169921875,348.0,2.5646374225616455,,,SUPPORTED,partial_affine_ransac_sparse_flow,1.3052944406031433,-0.24449037629419015,200.0,1.4612264048540555,1.0033897223523314,0.5747126436781609,4.336822509765625,-0.6796836853027344,3.2904815673828125,-0.4741859436035156,11.335644960403442,-24.81373691558838,8.200346391525771,1.2603835435240163,path_segment_001,SUPPORTED,,4.336822509765625,-0.6796836853027344,2.151590946485186,-0.9335551265635331,4.794555545006659,-27.6625570612417,23.455569550108173,0.8891919985548464,path_segment_001,SUPPORTED,,4.336822509765625,-0.6796836853027344,3.2904815673828125,-0.4741859436035156,11.335644960403442,-24.81373691558838,8.200346391525771,1.2603835435240163,path_segment_001,SUPPORTED,,SUPPORTED,
33,33,1100.0,VALID_TARGET,,1.0,203.68609619140625,203.8921775817871,203.68609619140625,203.9232940673828,SUPPORTED,195.33333333333331,216.38888888888889,122.83333333333333,77.0,145.0,278.77777777777777,SUPPORTED,translation_median_sparse_flow,0.173828125,-0.1791534423828125,331.0,1.063125729560852,,,SUPPORTED,partial_affine_ransac_sparse_flow,0.04252333138256385,-0.11737919794219379,270.0,1.1963385747814237,1.001821897139611,0.8157099697885196,0.22816085815429688,-1.0303421020507812,0.054332733154296875,-0.8511886596679688,11.38997769355774,-25.664925575256348,86.34767383726067,0.32336178645163494,path_segment_001,SUPPORTED,,0.22816085815429688,-1.0303421020507812,-0.3849072864252605,-1.0877672115296946,4.409648258581399,-28.750324272771394,109.4863656127742,0.4374543429903587,path_segment_001,SUPPORTED,,0.22816085815429688,-1.0303421020507812,0.054332733154296875,-0.8511886596679688,11.38997769355774,-25.664925575256348,86.34767383726067,0.32336178645163494,path_segment_001,SUPPORTED,,SUPPORTED,
34,34,1133.3333333333333,VALID_TARGET,,1.0,206.98218536376953,204.9536361694336,206.91252899169922,203.71488189697266,SUPPORTED,195.5,213.66666666666666,121.5,72.0,148.0,283.3333333333333,SUPPORTED,translation_median_sparse_flow,0.00354766845703125,-0.14996719360351562,309.0,2.229910373687744,,,SUPPORTED,partial_affine_ransac_sparse_flow,0.4964047098095089,1.6447686859045063,195.0,1.3621961712053443,0.997617388178823,0.6310679611650486,3.2264328002929688,-0.20841217041015625,3.2228851318359375,-0.058444976806640625,14.612862825393677,-25.72337055206299,1.0389087313026053,1.222070128949781,path_segment_001,SUPPORTED,,3.2264328002929688,-0.20841217041015625,2.2718945357923985,-0.42057924906015387,6.681542794373797,-29.170903521831548,10.488015503950328,0.8759617072255498,path_segment_001,SUPPORTED,,3.2264328002929688,-0.20841217041015625,3.2228851318359375,-0.058444976806640625,14.612862825393677,-25.72337055206299,1.0389087313026053,1.222070128949781,path_segment_001,SUPPORTED,,SUPPORTED,
35,35,1166.6666666666667,VALID_TARGET,,1.0,208.32427215576172,202.78416442871097,208.39392852783203,204.13502502441406,SUPPORTED,195.66666666666669,210.94444444444446,120.16666666666667,67.0,151.0,287.8888888888889,SUPPORTED,translation_median_sparse_flow,0.024749755859375,-0.035000622272491455,347.0,2.488396167755127,,,SUPPORTED,partial_affine_ransac_sparse_flow,1.3952504994795387,1.9312828184225652,224.0,1.6179778008452286,0.996200275813163,0.6455331412103746,1.4813995361328125,0.42014312744140625,1.4566497802734375,0.4551437497138977,16.069512605667114,-25.26822680234909,-17.35189938956951,0.5785797037714624,path_segment_001,SUPPORTED,,1.4813995361328125,0.42014312744140625,0.03700280102853526,0.11489741330032643,6.7185455954023325,-29.05600610853122,-72.14880558261123,0.045763471585253325,path_segment_001,SUPPORTED,,1.4813995361328125,0.42014312744140625,1.4566497802734375,0.4551437497138977,16.069512605667114,-25.26822680234909,-17.35189938956951,0.5785797037714624,path_segment_001,SUPPORTED,,SUPPORTED,
36,36,1200.0,VALID_TARGET,HUMAN_ACCEPTED_TARGET: operator reviewed the raw skeleton and confirmed that it belongs to the documented athlete.,1.0,209.53670501708984,203.6343231201172,209.37292098999023,204.9536361694336,SUPPORTED,195.83333333333331,208.22222222222223,118.83333333333333,62.0,154.0,292.44444444444446,SUPPORTED,translation_median_sparse_flow,0.0033721923828125,-0.045806884765625,325.0,1.012228012084961,,,SUPPORTED,partial_affine_ransac_sparse_flow,0.22481959291416015,-0.12270909534815987,288.0,1.175048901389287,1.0008965229310025,0.8861538461538462,0.9789924621582031,0.8186111450195312,0.9756202697753906,0.8644180297851562,17.045132875442505,-24.403808772563934,-41.541550750030936,0.4941780179072253,path_segment_001,SUPPORTED,,0.9789924621582031,0.8186111450195312,0.5019979587544015,0.8250381336962391,7.220543554156734,-28.230967974834982,-58.68140031793003,0.36614114400136566,path_segment_001,SUPPORTED,,0.9789924621582031,0.8186111450195312,0.9756202697753906,0.8644180297851562,17.045132875442505,-24.403808772563934,-41.541550750030936,0.4941780179072253,path_segment_001,SUPPORTED,,SUPPORTED,
37,37,1233.3333333333337,VALID_TARGET,HUMAN_ACCEPTED_TARGET: operator reviewed the raw skeleton and confirmed that it belongs to the documented athlete.,1.0,210.7842254638672,207.1117477416992,210.9480094909668,207.11174774169922,SUPPORTED,196.0,205.5,117.5,57.0,157.0,297.0,SUPPORTED,translation_median_sparse_flow,-0.085693359375,0.0626220703125,348.0,2.487398624420166,,,SUPPORTED,partial_affine_ransac_sparse_flow,-1.4556859862368694,0.5119003803921344,187.0,0.8708132031170563,0.9999690985034867,0.5373563218390804,1.5750885009765625,2.158111572265625,1.6607818603515625,2.095489501953125,18.705914735794067,-22.30831927061081,-51.601388025119526,1.0137032369418841,path_segment_001,SUPPORTED,,1.5750885009765625,2.158111572265625,2.5836577956560234,2.116939671926758,9.804201349812757,-26.114028302908224,-39.32973759862961,1.2663337840652396,path_segment_001,SUPPORTED,,1.5750885009765625,2.158111572265625,1.6607818603515625,2.095489501953125,18.705914735794067,-22.30831927061081,-51.601388025119526,1.0137032369418841,path_segment_001,SUPPORTED,,SUPPORTED,
38,38,1266.6666666666663,VALID_TARGET,HUMAN_ACCEPTED_TARGET: operator reviewed the raw skeleton and confirmed that it belongs to the documented athlete.,1.0,213.28570938110352,208.87093353271484,213.28570938110352,207.72895050048828,SUPPORTED,197.625,205.0,117.875,56.0,159.5,298.0,SUPPORTED,translation_median_sparse_flow,-0.48455810546875,0.08443069458007812,348.0,1.9278264045715332,,,SUPPORTED,partial_affine_ransac_sparse_flow,-3.9287754631516694,1.4410021859765882,195.0,0.6297140220899713,1.0037593812597603,0.5603448275862069,2.3376998901367188,0.6172027587890625,2.8222579956054688,0.5327720642089844,21.528172731399536,-21.775547206401825,-10.690216148062449,1.0888804334566968,path_segment_001,SUPPORTED,,2.3376998901367188,0.6172027587890625,4.395155963975242,-0.4984255935877968,14.199357313788,-26.61245389649602,6.469895215071584,1.6769842164912836,path_segment_001,SUPPORTED,,2.3376998901367188,0.6172027587890625,2.8222579956054688,0.5327720642089844,21.528172731399536,-21.775547206401825,-10.690216148062449,1.0888804334566968,path_segment_001,SUPPORTED,,SUPPORTED,
39,39,1300.0,VALID_TARGET,HUMAN_ACCEPTED_TARGET: operator reviewed the raw skeleton and confirmed that it belongs to the documented athlete.,1.0,215.26773834228516,208.73681640625,215.26773834228516,208.68253326416016,SUPPORTED,199.25,204.5,118.25,55.0,162.0,299.0,SUPPORTED,translation_median_sparse_flow,-0.399871826171875,0.053802490234375,349.0,0.8904128670692444,,,SUPPORTED,partial_affine_ransac_sparse_flow,-0.18920234964053223,-0.4491182878607779,332.0,1.1880500614348364,1.0011167372605148,0.9512893982808023,1.9820289611816406,0.953582763671875,2.3819007873535156,0.8997802734375,23.91007351875305,-20.875766932964325,-20.694421090371403,0.9653166271576447,path_segment_001,SUPPORTED,,1.9820289611816406,0.953582763671875,2.0688386319673384,1.0313895555722752,16.268195945755338,-25.581064340923746,-26.497885318692756,0.8764100439351721,path_segment_001,SUPPORTED,,1.9820289611816406,0.953582763671875,2.3819007873535156,0.8997802734375,23.91007351875305,-20.875766932964325,-20.694421090371403,0.9653166271576447,path_segment_001,SUPPORTED,,SUPPORTED,
40,40,1333.3333333333333,VALID_TARGET,HUMAN_ACCEPTED_TARGET: operator reviewed the raw skeleton and confirmed that it belongs to the documented athlete.,1.0,217.45255661010745,207.57875061035156,217.45255661010742,208.7080078125,SUPPORTED,200.875,204.0,118.625,54.0,164.5,300.0,SUPPORTED,translation_median_sparse_flow,-0.935699462890625,0.2401580810546875,343.0,1.991703987121582,,,SUPPORTED,partial_affine_ransac_sparse_flow,1.0813414442989715,1.1291784096937891,216.0,1.186889930858774,0.9946126816336535,0.6297376093294461,2.1848182678222656,0.02547454833984375,3.1205177307128906,-0.21468353271484375,27.030591249465942,-21.09045046567917,3.935599785875178,1.1858558750489634,path_segment_001,SUPPORTED,,2.1848182678222656,0.02547454833984375,2.236374150824105,0.04820376019694095,18.504570096579442,-25.532860580726805,-1.2347864146108574,0.8480573629722618,path_segment_001,SUPPORTED,,2.1848182678222656,0.02547454833984375,3.1205177307128906,-0.21468353271484375,27.030591249465942,-21.09045046567917,3.935599785875178,1.1858558750489634,path_segment_001,SUPPORTED,,SUPPORTED,
41,41,1366.6666666666667,VALID_TARGET,HUMAN_ACCEPTED_TARGET: operator reviewed the raw skeleton and confirmed that it belongs to the documented athlete.,1.0,218.42205429077148,209.14684295654297,218.42205429077148,208.62086486816406,SUPPORTED,202.5,203.5,119.0,53.0,167.0,301.0,SUPPORTED,translation_median_sparse_flow,-0.8212890625,0.39118194580078125,348.0,2.057556390762329,,,SUPPORTED,partial_affine_ransac_sparse_flow,1.4814884435458924,1.543987100534426,205.0,1.0845452897717713,0.9933932009992581,0.5890804597701149,0.9694976806640625,-0.0871429443359375,1.7907867431640625,-0.47832489013671875,28.821377992630005,-21.568775355815887,14.954766254059153,0.7027296381593964,path_segment_001,SUPPORTED,,0.9694976806640625,-0.0871429443359375,1.0081457001758167,-0.3391716019097828,19.51271579675526,-25.872032182636588,18.59454194602893,0.40326177351054,path_segment_001,SUPPORTED,,0.9694976806640625,-0.0871429443359375,1.7907867431640625,-0.47832489013671875,28.821377992630005,-21.568775355815887,14.954766254059153,0.7027296381593964,path_segment_001,SUPPORTED,,SUPPORTED,
42,42,1400.0,VALID_TARGET,HUMAN_ACCEPTED_TARGET: operator reviewed the raw skeleton and confirmed that it belongs to the documented athlete.,1.0,219.6801414489746,209.0523910522461,219.6801414489746,208.7240219116211,SUPPORTED,204.125,203.0,119.375,52.0,169.5,302.0,SUPPORTED,translation_median_sparse_flow,-0.446044921875,0.2513580322265625,349.0,0.9028750061988831,,,SUPPORTED,partial_affine_ransac_sparse_flow,-0.06098116708821405,0.6636985373967896,307.0,0.9378689786276967,0.9994433162723616,0.8796561604584527,1.258087158203125,0.10315704345703125,1.704132080078125,-0.14820098876953125,30.52551007270813,-21.71697634458542,4.970260972728298,0.6485138672210771,path_segment_001,SUPPORTED,,1.258087158203125,0.10315704345703125,1.2861743225002158,-0.28254170100211695,20.798890119255475,-26.154573883638705,12.389713499046124,0.49924502067991966,path_segment_001,SUPPORTED,,1.258087158203125,0.10315704345703125,1.704132080078125,-0.14820098876953125,30.52551007270813,-21.71697634458542,4.970260972728298,0.6485138672210771,path_segment_001,SUPPORTED,,SUPPORTED,
43,43,1433.3333333333333,VALID_TARGET,HUMAN_ACCEPTED_TARGET: operator reviewed the raw skeleton and confirmed that it belongs to the documented athlete.,1.0,220.5901679992676,208.0962142944336,220.59016799926758,208.91883087158203,SUPPORTED,205.75,202.5,119.75,51.0,172.0,303.0,SUPPORTED,translation_median_sparse_flow,-0.91937255859375,0.564208984375,347.0,2.3707656860351562,,,SUPPORTED,partial_affine_ransac_sparse_flow,1.962604970429901,1.7724482461417823,220.0,1.210553669436393,0.9926415575888341,0.6340057636887608,0.9100265502929688,0.1948089599609375,1.8293991088867188,-0.3694000244140625,32.35490918159485,-22.08637636899948,11.415903543986339,0.7075651894971662,path_segment_001,SUPPORTED,,0.9100265502929688,0.1948089599609375,0.7857473460362883,-0.27497133596298795,21.584637465291763,-26.429545219601692,19.28743245793682,0.3156087735310181,path_segment_001,SUPPORTED,,0.9100265502929688,0.1948089599609375,1.8293991088867188,-0.3694000244140625,32.35490918159485,-22.08637636899948,11.415903543986339,0.7075651894971662,path_segment_001,SUPPORTED,,SUPPORTED,
44,44,1466.6666666666663,VALID_TARGET,HUMAN_ACCEPTED_TARGET: operator reviewed the raw skeleton and confirmed that it belongs to the documented athlete.,1.0,222.16908645629883,209.43800354003903,222.16908645629883,208.73077392578125,SUPPORTED,207.375,202.0,120.125,50.0,174.5,304.0,SUPPORTED,translation_median_sparse_flow,-1.373626708984375,0.69512939453125,349.0,1.8349242210388184,,,SUPPORTED,partial_affine_ransac_sparse_flow,-0.11328619507853856,0.1732480229746965,207.0,0.8390855016556583,0.9974079526924949,0.5931232091690545,1.57891845703125,-0.18805694580078125,2.952545166015625,-0.8831863403320312,35.307454347610474,-22.969562709331512,16.653350482601404,1.1683837111434632,path_segment_001,SUPPORTED,,1.57891845703125,-0.18805694580078125,2.9082479458914747,-0.4979331609344797,24.492885411183238,-26.927478380536172,9.71564266820837,1.1186270904582136,path_segment_001,SUPPORTED,,1.57891845703125,-0.18805694580078125,2.952545166015625,-0.8831863403320312,35.307454347610474,-22.969562709331512,16.653350482601404,1.1683837111434632,path_segment_001,SUPPORTED,,SUPPORTED,
45,45,1500.0,VALID_TARGET,HUMAN_ACCEPTED_TARGET: operator reviewed the raw skeleton and confirmed that it belongs to the documented athlete.,1.0,222.73975372314453,208.73077392578125,222.73975372314453,208.37747192382812,SUPPORTED,209.0,201.5,120.5,49.0,177.0,305.0,SUPPORTED,translation_median_sparse_flow,-0.714874267578125,0.443115234375,349.0,0.9284039735794067,,,SUPPORTED,partial_affine_ransac_sparse_flow,0.2963634296310989,0.6599589269921217,305.0,0.8543739319052723,0.9985275067834628,0.8739255014326648,0.5706672668457031,-0.353302001953125,1.2855415344238281,-0.796417236328125,36.5929958820343,-23.765979945659637,31.77899606166776,0.573328127503024,path_segment_001,SUPPORTED,,0.5706672668457031,-0.353302001953125,0.6676753367967763,-0.7763767673497455,25.160560747980014,-27.703855147885918,49.304837326142284,0.38821716405566525,path_segment_001,SUPPORTED,,0.5706672668457031,-0.353302001953125,1.2855415344238281,-0.796417236328125,36.5929958820343,-23.765979945659637,31.77899606166776,0.573328127503024,path_segment_001,SUPPORTED,,SUPPORTED,
46,46,1533.3333333333337,VALID_TARGET,HUMAN_ACCEPTED_TARGET: operator reviewed the raw skeleton and confirmed that it belongs to the documented athlete.,1.0,224.2110939025879,207.81525421142575,223.96638107299805,208.36293029785156,SUPPORTED,209.39285714285714,201.58928571428572,121.32142857142857,49.142857142857146,176.14285714285714,304.89285714285717,SUPPORTED,translation_median_sparse_flow,-1.4108734130859375,0.8379402160644531,344.0,2.070134401321411,,,SUPPORTED,partial_affine_ransac_sparse_flow,-10.625658544179972,0.07654984129140946,212.0,1.7293596388853558,1.0189429252763496,0.6162790697674418,1.2266273498535156,-0.0145416259765625,2.637500762939453,-0.8524818420410156,39.230496644973755,-24.618461787700653,17.91165070977505,1.0508703813712155,path_segment_001,SUPPORTED,,1.2266273498535156,-0.0145416259765625,6.688313844590255,-3.024108980669922,31.84887459257027,-30.72796412855584,24.3300181391262,2.7828434074800463,path_segment_001,SUPPORTED,,1.2266273498535156,-0.0145416259765625,2.637500762939453,-0.8524818420410156,39.230496644973755,-24.618461787700653,17.91165070977505,1.0508703813712155,path_segment_001,SUPPORTED,,SUPPORTED,
47,47,1566.6666666666667,VALID_TARGET,,1.0,224.09465408325195,208.36293029785156,224.28308486938477,207.91268157958984,SUPPORTED,209.78571428571428,201.67857142857142,122.14285714285714,49.285714285714285,175.28571428571428,304.7857142857143,SUPPORTED,translation_median_sparse_flow,-1.01434326171875,0.864501953125,347.0,2.441570520401001,,,SUPPORTED,partial_affine_ransac_sparse_flow,1.9848025429535625,2.185864524128133,175.0,1.191579385869791,0.9913730832976694,0.5043227665706052,0.31670379638671875,-0.45024871826171875,1.3310470581054688,-1.3147506713867188,40.561543703079224,-25.933212459087372,44.64709986612105,0.7092997112701421,path_segment_001,SUPPORTED,,0.31670379638671875,-0.45024871826171875,0.6432892423898693,-1.2454837532361864,32.49216383496014,-31.973447881792026,62.68375963971906,0.5314553677807544,path_segment_001,SUPPORTED,,0.31670379638671875,-0.45024871826171875,1.3310470581054688,-1.3147506713867188,40.561543703079224,-25.933212459087372,44.64709986612105,0.7092997112701421,path_segment_001,SUPPORTED,,SUPPORTED,
48,48,1600.0,VALID_TARGET,,1.0,224.28308486938477,207.66842651367188,224.3337860107422,207.5709991455078,SUPPORTED,210.17857142857142,201.76785714285717,122.96428571428571,49.42857142857143,174.42857142857142,304.67857142857144,SUPPORTED,translation_median_sparse_flow,-0.4693603515625,0.439300537109375,349.0,1.2500548362731934,,,SUPPORTED,partial_affine_ransac_sparse_flow,-1.609467745809492,0.013767610871001422,285.0,1.3961598754260767,1.0035255005064778,0.8166189111747851,0.050701141357421875,-0.34168243408203125,0.5200614929199219,-0.7809829711914062,41.081605195999146,-26.714195430278778,56.34010337802614,0.3557291998287654,path_segment_001,SUPPORTED,,0.050701141357421875,-0.34168243408203125,0.8303074611433487,-1.0462044107252098,33.32247129610349,-33.019652292517236,51.563152114610844,0.5063744069867809,path_segment_001,SUPPORTED,,0.050701141357421875,-0.34168243408203125,0.5200614929199219,-0.7809829711914062,41.081605195999146,-26.714195430278778,56.34010337802614,0.3557291998287654,path_segment_001,SUPPORTED,,SUPPORTED,
49,49,1633.3333333333333,VALID_TARGET,,1.0,225.0821075439453,206.72235870361328,224.9007453918457,206.72235870361328,SUPPORTED,210.57142857142858,201.85714285714283,123.78571428571429,49.57142857142857,173.57142857142858,304.57142857142856,SUPPORTED,translation_median_sparse_flow,-1.0350494384765625,0.64923095703125,350.0,3.006350517272949,,,SUPPORTED,partial_affine_ransac_sparse_flow,-14.499234202979272,2.2072205714637136,173.0,1.7051742792322928,1.0244695213691757,0.4942857142857143,0.5669593811035156,-0.8486404418945312,1.6020088195800781,-1.4978713989257812,42.683614015579224,-28.21206682920456,43.07592834979065,0.8314856213985939,path_segment_001,SUPPORTED,,0.5669593811035156,-0.8486404418945312,7.389884777828087,-5.7467861025687625,40.71235607393157,-38.766438395086,37.87062565569343,3.5491229691808264,path_segment_001,SUPPORTED,,0.5669593811035156,-0.8486404418945312,1.6020088195800781,-1.4978713989257812,42.683614015579224,-28.21206682920456,43.07592834979065,0.8314856213985939,path_segment_001,SUPPORTED,,SUPPORTED,
50,50,1666.6666666666667,VALID_TARGET,,1.0,225.28628158569336,204.03707122802737,225.3815460205078,204.59529876708984,SUPPORTED,210.96428571428572,201.94642857142858,124.60714285714286,49.714285714285715,172.71428571428572,304.4642857142857,SUPPORTED,translation_median_sparse_flow,-0.93902587890625,0.519378662109375,349.0,2.8697097301483154,,,SUPPORTED,partial_affine_ransac_sparse_flow,2.0109096679255507,1.787013928080047,203.0,1.3842347028918844,0.9920454585201727,0.5816618911174785,0.4808006286621094,-2.1270599365234375,1.4198265075683594,-2.6464385986328125,44.10344052314758,-30.858505427837372,61.786236857656164,1.138602696570384,path_segment_001,SUPPORTED,,0.4808006286621094,-2.1270599365234375,0.7539809685552257,-2.8070362688283694,41.4663370424868,-41.57347466391437,74.96500506784402,1.10193331088694,path_segment_001,SUPPORTED,,0.4808006286621094,-2.1270599365234375,1.4198265075683594,-2.6464385986328125,44.10344052314758,-30.858505427837372,61.786236857656164,1.138602696570384,path_segment_001,SUPPORTED,,SUPPORTED,
51,51,1700.0,VALID_TARGET,,1.0,226.07175827026367,204.3845443725586,225.50139236450195,204.21680450439453,SUPPORTED,211.35714285714286,202.03571428571428,125.42857142857143,49.857142857142854,171.85714285714286,304.35714285714283,SUPPORTED,translation_median_sparse_flow,-0.3410797119140625,0.26932525634765625,348.0,1.2787624597549438,,,SUPPORTED,partial_affine_ransac_sparse_flow,-0.020064549913893975,0.32309911331658236,332.0,1.3136394957756976,1.0002817154331543,0.9540229885057471,0.11984634399414062,-0.3784942626953125,0.4609260559082031,-0.6478195190429688,44.564366579055786,-31.50632494688034,54.568004083006876,0.30142598275076987,path_segment_001,SUPPORTED,,0.11984634399414062,-0.3784942626953125,0.053234470286469104,-0.7336898414345683,41.51957151277327,-42.307164505348936,85.8500518035453,0.2788897752785869,path_segment_001,SUPPORTED,,0.11984634399414062,-0.3784942626953125,0.4609260559082031,-0.6478195190429688,44.564366579055786,-31.50632494688034,54.568004083006876,0.30142598275076987,path_segment_001,SUPPORTED,,SUPPORTED,
52,52,1733.3333333333337,VALID_TARGET,,1.0,224.80028533935547,203.78778076171875,225.78147888183594,203.4345245361328,SUPPORTED,211.75,202.125,126.25,50.0,171.0,304.25,SUPPORTED,translation_median_sparse_flow,-0.3207550048828125,0.43647003173828125,346.0,2.8536534309387207,,,SUPPORTED,partial_affine_ransac_sparse_flow,1.6679582602422562,1.033122292404147,210.0,1.5863726797028321,0.9924065565026201,0.6069364161849711,0.2800865173339844,-0.7822799682617188,0.6008415222167969,-1.21875,45.16520810127258,-32.72507494688034,63.75678698078691,0.5151555009784669,path_segment_001,SUPPORTED,,0.2800865173339844,-0.7822799682617188,0.8303006961514541,-0.8218581469820663,42.34987220892472,-43.129022652331,44.70722050881471,0.4429170259942945,path_segment_001,SUPPORTED,,0.2800865173339844,-0.7822799682617188,0.6008415222167969,-1.21875,45.16520810127258,-32.72507494688034,63.75678698078691,0.5151555009784669,path_segment_001,SUPPORTED,,SUPPORTED,
53,53,1766.6666666666663,VALID_TARGET,,1.0,225.29230880737305,201.4562530517578,226.0254135131836,202.8158721923828,SUPPORTED,212.14285714285714,202.21428571428572,127.07142857142857,50.142857142857146,170.14285714285714,304.14285714285717,SUPPORTED,translation_median_sparse_flow,-0.4881591796875,0.3389167785644531,348.0,2.7269763946533203,,,SUPPORTED,partial_affine_ransac_sparse_flow,-7.715065522674856,3.4882844731732745,193.0,1.624677248102452,1.0115823399371013,0.5545977011494253,0.24393463134765625,-0.61865234375,0.7320938110351562,-0.9575691223144531,45.89730191230774,-33.682644069194794,52.600870950576684,0.45698059764984683,path_segment_001,SUPPORTED,,0.24393463134765625,-0.61865234375,3.046272898388196,-3.884154960962519,45.39614510731292,-47.01317761329352,51.893547864275355,1.8714400950069165,path_segment_001,SUPPORTED,,0.24393463134765625,-0.61865234375,0.7320938110351562,-0.9575691223144531,45.89730191230774,-33.682644069194794,52.600870950576684,0.45698059764984683,path_segment_001,SUPPORTED,,SUPPORTED,
54,54,1800.0,VALID_TARGET,,1.0,226.61787796020508,202.53082275390625,226.61787796020508,202.67951202392578,SUPPORTED,212.53571428571428,202.30357142857142,127.89285714285714,50.285714285714285,169.28571428571428,304.0357142857143,SUPPORTED,translation_median_sparse_flow,-0.2169036865234375,0.1696014404296875,350.0,1.2306262254714966,,,SUPPORTED,partial_affine_ransac_sparse_flow,0.28948674497670357,0.5457620486229527,313.0,0.9290378988323351,0.9986624384963884,0.8942857142857142,0.5924644470214844,-0.13636016845703125,0.8093681335449219,-0.30596160888671875,46.70667004585266,-33.98860567808151,20.707859081641715,0.3280429520747905,path_segment_001,SUPPORTED,,0.5924644470214844,-0.13636016845703125,0.554073640120123,-0.3537397984792392,45.95021874743304,-47.36691741177276,32.55557043733318,0.2492222616549978,path_segment_001,SUPPORTED,,0.5924644470214844,-0.13636016845703125,0.8093681335449219,-0.30596160888671875,46.70667004585266,-33.98860567808151,20.707859081641715,0.3280429520747905,path_segment_001,SUPPORTED,,SUPPORTED,
55,55,1833.3333333333333,VALID_TARGET,,1.0,227.6563720703125,203.35142517089844,227.6563720703125,202.6032943725586,SUPPORTED,212.92857142857144,202.39285714285717,128.71428571428572,50.42857142857143,168.42857142857142,303.92857142857144,SUPPORTED,translation_median_sparse_flow,-0.7575836181640625,0.26988983154296875,350.0,2.8905534744262695,,,SUPPORTED,partial_affine_ransac_sparse_flow,1.6516820984051839,1.5530761939706097,200.0,1.24403555522529,0.9951792910362889,0.5714285714285714,1.0384941101074219,-0.0762176513671875,1.7960777282714844,-0.34610748291015625,48.502747774124146,-34.33471316099167,10.907303072632669,0.6934616791680557,path_segment_001,SUPPORTED,,1.0384941101074219,-0.0762176513671875,0.2521844391661432,-0.39803943842821354,46.202403186599184,-47.764956850200974,57.64302410720034,0.17864384864896582,path_segment_001,SUPPORTED,,1.0384941101074219,-0.0762176513671875,1.7960777282714844,-0.34610748291015625,48.502747774124146,-34.33471316099167,10.907303072632669,0.6934616791680557,path_segment_001,SUPPORTED,,SUPPORTED,
56,56,1866.6666666666667,VALID_TARGET,,1.0,229.7750473022461,202.6032943725586,229.7750473022461,202.7209701538086,SUPPORTED,213.32142857142856,202.48214285714283,129.53571428571428,50.57142857142857,167.57142857142858,303.82142857142856,SUPPORTED,translation_median_sparse_flow,-0.774017333984375,0.322845458984375,341.0,2.6498477458953857,,,SUPPORTED,partial_affine_ransac_sparse_flow,1.463085506913352,1.3181068808845218,194.0,1.3842785120075831,0.996185223000735,0.5689149560117303,2.1186752319335938,0.11767578125,2.8926925659179688,-0.205169677734375,51.395440340042114,-34.539882838726044,4.057017252969407,1.0994407519350027,path_segment_001,SUPPORTED,,2.1186752319335938,0.11767578125,1.3199249840316156,-0.1979468635774424,47.5223281706308,-47.96290371377842,8.52898749217961,0.5060096390835838,path_segment_001,SUPPORTED,,2.1186752319335938,0.11767578125,2.8926925659179688,-0.205169677734375,51.395440340042114,-34.539882838726044,4.057017252969407,1.0994407519350027,path_segment_001,SUPPORTED,,SUPPORTED,
57,57,1900.0,VALID_TARGET,,1.0,231.12821578979492,202.50798797607425,231.12821578979492,203.35142517089844,SUPPORTED,213.71428571428572,202.57142857142858,130.35714285714286,50.714285714285715,166.71428571428572,303.7142857142857,SUPPORTED,translation_median_sparse_flow,-0.295654296875,0.144378662109375,347.0,1.2630590200424194,,,SUPPORTED,partial_affine_ransac_sparse_flow,0.5270785504160984,0.7007569085348688,294.0,0.8594816988888374,0.9974912532675569,0.8472622478386167,1.3531684875488281,0.6304550170898438,1.6488227844238281,0.48607635498046875,53.04426312446594,-34.053806483745575,-16.425625534888663,0.6517039111289085,path_segment_001,SUPPORTED,,1.3531684875488281,0.6304550170898438,1.3502158615116286,0.4975931740117403,48.87254403214243,-47.465310539766676,-20.2302852976739,0.5455525510338236,path_segment_001,SUPPORTED,,1.3531684875488281,0.6304550170898438,1.6488227844238281,0.48607635498046875,53.04426312446594,-34.053806483745575,-16.425625534888663,0.6517039111289085,path_segment_001,SUPPORTED,,SUPPORTED,
58,58,1933.3333333333333,VALID_TARGET,,1.0,235.94095611572263,205.02281188964844,235.94095611572266,204.0711212158203,SUPPORTED,214.10714285714283,202.66071428571428,131.17857142857142,50.857142857142854,165.85714285714286,303.60714285714283,SUPPORTED,translation_median_sparse_flow,-0.6925201416015625,0.2523765563964844,340.0,2.946059226989746,,,SUPPORTED,partial_affine_ransac_sparse_flow,-11.888574878044215,0.25565536054715665,167.0,1.3544057968210441,1.0201817814119833,0.49117647058823527,4.812740325927734,0.719696044921875,5.505260467529297,0.4673194885253906,58.54952359199524,-33.586486995220184,-4.851977458594208,2.0946759557472814,path_segment_001,SUPPORTED,,4.812740325927734,0.719696044921875,10.174319756535255,-1.503782283108535,59.04686378867768,-48.96909282287521,8.407547241951866,3.8992212096383154,path_segment_001,SUPPORTED,,4.812740325927734,0.719696044921875,5.505260467529297,0.4673194885253906,58.54952359199524,-33.586486995220184,-4.851977458594208,2.0946759557472814,path_segment_001,SUPPORTED,,SUPPORTED,
59,59,1966.6666666666663,VALID_TARGET,,1.0,239.2942695617676,204.0711212158203,239.2124366760254,204.0711212158203,SUPPORTED,214.5,202.75,132.0,51.0,165.0,303.5,SUPPORTED,translation_median_sparse_flow,-0.685577392578125,0.168426513671875,334.0,2.7754507064819336,,,SUPPORTED,partial_affine_ransac_sparse_flow,1.3916091281711234,1.5742340338273355,187.0,1.3192234949897215,0.9940218211518573,0.5598802395209581,3.2714805603027344,0.0,3.9570579528808594,-0.168426513671875,62.5065815448761,-33.75491350889206,2.4372418238164,1.5015692115323258,path_segment_001,SUPPORTED,,3.2714805603027344,0.0,2.795254596725755,0.21959170082698165,61.84211838540344,-48.74950112204823,-4.491859380851962,1.0630098157178556,path_segment_001,SUPPORTED,,3.2714805603027344,0.0,3.9570579528808594,-0.168426513671875,62.5065815448761,-33.75491350889206,2.4372418238164,1.5015692115323258,path_segment_001,SUPPORTED,,SUPPORTED,
60,60,2000.0,VALID_TARGET,,1.0,239.4660530090332,205.70413970947263,239.5478858947754,205.02281188964844,SUPPORTED,214.89285714285717,202.83928571428572,132.82142857142858,51.142857142857146,164.14285714285714,303.39285714285717,SUPPORTED,translation_median_sparse_flow,-0.190582275390625,0.09120941162109375,340.0,1.2061944007873535,,,SUPPORTED,partial_affine_ransac_sparse_flow,0.6161493089239943,0.6904158428838415,295.0,0.8862297548575223,0.9975076514624935,0.8676470588235294,0.33544921875,0.951690673828125,0.526031494140625,0.8604812622070312,63.032613039016724,-32.89443224668503,-58.561619833261474,0.3823575400796643,path_segment_001,SUPPORTED,,0.33544921875,0.951690673828125,0.21372716760870958,0.8892506672908382,62.05584555301215,-47.86025045475739,-76.48556455445632,0.346735949284997,path_segment_001,SUPPORTED,,0.33544921875,0.951690673828125,0.526031494140625,0.8604812622070312,63.032613039016724,-32.89443224668503,-58.561619833261474,0.3823575400796643,path_segment_001,SUPPORTED,,SUPPORTED,
61,61,2033.3333333333333,VALID_TARGET,,1.0,243.39743041992188,203.98348236083984,243.39743041992188,205.70413970947266,SUPPORTED,215.28571428571428,202.92857142857142,133.64285714285714,51.285714285714285,163.28571428571428,303.2857142857143,SUPPORTED,translation_median_sparse_flow,-0.543060302734375,0.226470947265625,349.0,2.695807456970215,,,SUPPORTED,partial_affine_ransac_sparse_flow,0.9263072331396053,1.9748756533796625,217.0,1.512553321382892,0.9940157715335057,0.6217765042979942,3.8495445251464844,0.6813278198242188,4.392604827880859,0.45485687255859375,67.42521786689758,-32.439575374126434,-5.911941809384832,1.6742413114761834,path_segment_001,SUPPORTED,,3.8495445251464844,0.6813278198242188,3.7055353906420407,0.6966982577175997,65.76138094365419,-47.16355219703979,-10.648187991710644,1.4294679763694846,path_segment_001,SUPPORTED,,3.8495445251464844,0.6813278198242188,4.392604827880859,0.45485687255859375,67.42521786689758,-32.439575374126434,-5.911941809384832,1.6742413114761834,path_segment_001,SUPPORTED,,SUPPORTED,
62,62,2066.666666666667,VALID_TARGET,,1.0,244.27609634399417,207.82264709472656,244.27609634399414,207.82264709472656,SUPPORTED,215.67857142857144,203.01785714285717,134.46428571428572,51.42857142857143,162.42857142857144,303.17857142857144,SUPPORTED,translation_median_sparse_flow,-0.5478363037109375,0.135711669921875,340.0,2.725555181503296,,,SUPPORTED,partial_affine_ransac_sparse_flow,0.9459158762026011,1.8125957205434178,197.0,1.214760275447445,0.9940903712917243,0.5794117647058824,0.8786659240722656,2.1185073852539062,1.4265022277832031,1.9827957153320312,68.85172009468079,-30.456779658794403,-54.267255696746794,0.9260525458355703,path_segment_001,SUPPORTED,,0.8786659240722656,2.1185073852539062,0.6263843564380807,2.406038963841837,66.38776530009227,-44.757513233197955,-75.40762360785713,0.9425896246185984,path_segment_001,SUPPORTED,,0.8786659240722656,2.1185073852539062,1.4265022277832031,1.9827957153320312,68.85172009468079,-30.456779658794403,-54.267255696746794,0.9260525458355703,path_segment_001,SUPPORTED,,SUPPORTED,
63,63,2100.0,VALID_TARGET,,1.0,245.51437759399417,209.23988342285156,245.51437759399414,209.23988342285156,SUPPORTED,216.07142857142856,203.10714285714283,135.28571428571428,51.57142857142857,161.57142857142856,303.07142857142856,SUPPORTED,translation_median_sparse_flow,-0.2154541015625,0.08777427673339844,347.0,1.306188941001892,,,SUPPORTED,partial_affine_ransac_sparse_flow,-1.656656114828253,0.158952751756256,275.0,1.175044198385629,1.0028164447925725,0.792507204610951,1.23828125,1.417236328125,1.4537353515625,1.3294620513916016,70.30545544624329,-29.1273176074028,-42.44336882897757,0.7468638163841055,path_segment_001,SUPPORTED,,1.23828125,1.417236328125,1.863473418025393,1.0773593043474818,68.25123871811766,-43.68015392885047,-30.034173050280035,0.8160600664980169,path_segment_001,SUPPORTED,,1.23828125,1.417236328125,1.4537353515625,1.3294620513916016,70.30545544624329,-29.1273176074028,-42.44336882897757,0.7468638163841055,path_segment_001,SUPPORTED,,SUPPORTED,
64,64,2133.3333333333335,VALID_TARGET,,1.0,249.84379196166992,211.12008666992188,249.84379196166992,211.12008666992188,SUPPORTED,216.46428571428572,203.19642857142858,136.10714285714286,51.714285714285715,160.71428571428572,302.9642857142857,SUPPORTED,translation_median_sparse_flow,-0.424102783203125,0.16762542724609375,349.0,2.8131566047668457,,,SUPPORTED,partial_affine_ransac_sparse_flow,1.3560402123325326,1.45989302981587,194.0,1.281706139467417,0.993814950914267,0.5558739255014327,4.329414367675781,1.8802032470703125,4.753517150878906,1.7125778198242188,75.05897259712219,-27.414739787578583,-19.812870976170956,1.915558912520584,path_segment_001,SUPPORTED,,4.329414367675781,1.8802032470703125,3.84483723987006,2.4761016508979026,72.09607595798772,-41.20405227795257,-32.78181403922257,1.7337917293854317,path_segment_001,SUPPORTED,,4.329414367675781,1.8802032470703125,4.753517150878906,1.7125778198242188,75.05897259712219,-27.414739787578583,-19.812870976170956,1.915558912520584,path_segment_001,SUPPORTED,,SUPPORTED,
65,65,2166.6666666666665,VALID_TARGET,,1.0,255.0559120178223,215.2606506347656,255.05591201782227,215.26065063476562,SUPPORTED,216.8571428571429,203.28571428571428,136.92857142857144,51.857142857142854,159.85714285714286,302.85714285714283,SUPPORTED,translation_median_sparse_flow,0.01812577247619629,0.0894622802734375,348.0,2.3968987464904785,,,SUPPORTED,partial_affine_ransac_sparse_flow,1.378277826206183,1.4360408817240073,213.0,1.592598116860441,0.9955390028955786,0.6120689655172413,5.212120056152344,4.14056396484375,5.1939942836761475,4.0511016845703125,80.25296688079834,-23.36363810300827,-37.95276411658599,2.497294331851427,path_segment_001,SUPPORTED,,5.212120056152344,4.14056396484375,4.511537025035864,4.164407891004032,76.60761298302359,-37.03964438694854,-42.70878773074449,2.3277108572995453,path_segment_001,SUPPORTED,,5.212120056152344,4.14056396484375,5.1939942836761475,4.0511016845703125,80.25296688079834,-23.36363810300827,-37.95276411658599,2.497294331851427,path_segment_001,SUPPORTED,,SUPPORTED,
66,66,2200.0,VALID_TARGET,,1.0,256.4217224121094,215.93216705322263,256.4217224121094,215.93216705322266,SUPPORTED,217.25,203.375,137.75,52.0,159.0,302.75,SUPPORTED,translation_median_sparse_flow,-0.007517814636230469,0.00800180435180664,346.0,1.2064650058746338,,,SUPPORTED,partial_affine_ransac_sparse_flow,0.4497031209650412,0.6655063299668305,307.0,0.8430522640785367,0.9979052220140281,0.8872832369942196,1.3658103942871094,0.6715164184570312,1.3733282089233398,0.6635146141052246,81.62629508972168,-22.700123488903046,-25.787209481491146,0.5782439331283633,path_segment_001,SUPPORTED,,1.3658103942871094,0.6715164184570312,1.1982276698991825,0.7560725629911076,77.80584065292277,-36.28357182395743,-32.25161449673407,0.5371509544708203,path_segment_001,SUPPORTED,,1.3658103942871094,0.6715164184570312,1.3733282089233398,0.6635146141052246,81.62629508972168,-22.700123488903046,-25.787209481491146,0.5782439331283633,path_segment_001,SUPPORTED,,SUPPORTED,
67,67,2233.3333333333335,VALID_TARGET,,1.0,258.36653900146484,219.3633575439453,258.36653900146484,217.5355224609375,SUPPORTED,217.6428571428571,203.46428571428572,138.57142857142856,52.142857142857146,158.14285714285714,302.64285714285717,SUPPORTED,translation_median_sparse_flow,0.10811614990234375,-0.09649658203125,347.0,2.563352108001709,,,SUPPORTED,partial_affine_ransac_sparse_flow,1.5301141295788119,0.6385831382548213,201.0,1.6342199144887908,0.9996453385892674,0.579250720461095,1.9448165893554688,1.6033554077148438,1.836700439453125,1.6998519897460938,83.4629955291748,-21.000271499156952,-42.7840202256806,0.9487895791080494,path_segment_001,SUPPORTED,,1.9448165893554688,1.6033554077148438,0.08999451885944154,1.5359115535686385,77.89583517178221,-34.74766027038879,-86.64667061149576,0.5832978088307464,path_segment_001,SUPPORTED,,1.9448165893554688,1.6033554077148438,1.836700439453125,1.6998519897460938,83.4629955291748,-21.000271499156952,-42.7840202256806,0.9487895791080494,path_segment_001,SUPPORTED,,SUPPORTED,
68,68,2266.6666666666665,VALID_TARGET,,1.0,264.0327606201172,218.2005920410156,264.0327606201172,218.09951782226562,SUPPORTED,218.03571428571428,203.55357142857142,139.39285714285714,52.285714285714285,157.28571428571428,302.5357142857143,SUPPORTED,translation_median_sparse_flow,0.015680313110351562,-0.1079447865486145,348.0,2.7068519592285156,,,SUPPORTED,partial_affine_ransac_sparse_flow,1.7817235957311552,1.436150910007383,214.0,1.1781889265241974,0.9930162425773692,0.6149425287356322,5.666221618652344,0.563995361328125,5.650541305541992,0.6719401478767395,89.1135368347168,-20.328331351280212,-6.7815424060780405,2.1573426757942404,path_segment_001,SUPPORTED,,5.666221618652344,0.563995361328125,5.143083044773448,1.296953776657972,83.03891821655566,-33.45070649373082,-14.153437727689623,2.01090222528388,path_segment_001,SUPPORTED,,5.666221618652344,0.563995361328125,5.650541305541992,0.6719401478767395,89.1135368347168,-20.328331351280212,-6.7815424060780405,2.1573426757942404,path_segment_001,SUPPORTED,,SUPPORTED,
69,69,2300.0,VALID_TARGET,,1.0,267.98659896850586,217.2898101806641,267.98659896850586,219.4644317626953,SUPPORTED,218.42857142857144,203.64285714285717,140.21428571428572,52.42857142857143,156.42857142857144,302.42857142857144,SUPPORTED,translation_median_sparse_flow,-0.062591552734375,-0.09786224365234375,350.0,1.1878154277801514,,,SUPPORTED,partial_affine_ransac_sparse_flow,-0.9151395827715154,1.0451989983028782,259.0,0.7682821435007497,1.0002185902835756,0.74,3.953838348388672,1.3649139404296875,4.016429901123047,1.4627761840820312,93.12996673583984,-18.86555516719818,-20.011528239101725,1.6205636503829923,path_segment_001,SUPPORTED,,3.953838348388672,1.3649139404296875,4.121614844044814,1.1096312952839469,87.16053306060047,-32.34107519844687,-15.068044352486194,1.6182367461035831,path_segment_001,SUPPORTED,,3.953838348388672,1.3649139404296875,4.016429901123047,1.4627761840820312,93.12996673583984,-18.86555516719818,-20.011528239101725,1.6205636503829923,path_segment_001,SUPPORTED,,SUPPORTED,
70,70,2333.3333333333335,VALID_TARGET,,1.0,269.2594985961914,221.50949096679688,269.2594985961914,221.50949096679688,SUPPORTED,218.82142857142856,203.73214285714283,141.03571428571428,52.57142857142857,155.57142857142856,302.32142857142856,SUPPORTED,translation_median_sparse_flow,0.0239410400390625,-0.08294677734375,349.0,2.6959950923919678,,,SUPPORTED,partial_affine_ransac_sparse_flow,1.88303004756023,1.4746503600517817,225.0,1.2484452092907798,0.9928161735757709,0.6446991404011462,1.2728996276855469,2.0450592041015625,1.2489585876464844,2.1280059814453125,94.37892532348633,-16.73754918575287,-59.59068904770581,0.9354663623269828,path_segment_001,SUPPORTED,,1.2728996276855469,2.0450592041015625,0.9403485782398775,2.6053392568626066,88.10088163884035,-29.735735941584267,-70.15389828617411,1.0501118561531915,path_segment_001,SUPPORTED,,1.2728996276855469,2.0450592041015625,1.2489585876464844,2.1280059814453125,94.37892532348633,-16.73754918575287,-59.59068904770581,0.9354663623269828,path_segment_001,SUPPORTED,,SUPPORTED,
71,71,2366.6666666666665,VALID_TARGET,,1.0,271.7459411621094,224.87110137939453,271.5284729003906,223.50172424316406,SUPPORTED,219.21428571428572,203.82142857142858,141.85714285714286,52.714285714285715,154.71428571428572,302.2142857142857,SUPPORTED,translation_median_sparse_flow,0.001804351806640625,-0.0102386474609375,349.0,2.854715347290039,,,SUPPORTED,partial_affine_ransac_sparse_flow,2.5398368627364665,1.6569926741080536,213.0,1.0044386175800206,0.9918779542784465,0.6103151862464183,2.2689743041992188,1.9922332763671875,2.267169952392578,2.002471923828125,96.6460952758789,-14.735077261924744,-41.45246718493844,1.146804384485549,path_segment_001,SUPPORTED,,2.2689743041992188,1.9922332763671875,1.7689584058547894,2.3133034256010205,89.86984004469514,-27.422432515983246,-52.595242442223615,1.1040604424542806,path_segment_001,SUPPORTED,,2.2689743041992188,1.9922332763671875,2.267169952392578,2.002471923828125,96.6460952758789,-14.735077261924744,-41.45246718493844,1.146804384485549,path_segment_001,SUPPORTED,,SUPPORTED,
72,72,2400.0,VALID_TARGET,,1.0,272.84200286865234,225.0240020751953,272.53102111816406,224.87110137939453,SUPPORTED,219.6071428571429,203.91071428571428,142.67857142857144,52.857142857142854,153.85714285714286,302.10714285714283,SUPPORTED,translation_median_sparse_flow,-0.031494140625,0.0822601318359375,347.0,1.1529734134674072,,,SUPPORTED,partial_affine_ransac_sparse_flow,0.6511558438650401,0.4701903921432037,309.0,0.9021016432191037,0.999055896696847,0.8904899135446686,1.0025482177734375,1.3693771362304688,1.0340423583984375,1.2871170043945312,97.68013763427734,-13.447960257530212,-51.22234709173329,0.6259446924530004,path_segment_001,SUPPORTED,,1.0025482177734375,1.3693771362304688,0.5062648619092442,1.2335370296978283,90.37610490660438,-26.188895486285418,-67.6859080964352,0.5055169616453801,path_segment_001,SUPPORTED,,1.0025482177734375,1.3693771362304688,1.0340423583984375,1.2871170043945312,97.68013763427734,-13.447960257530212,-51.22234709173329,0.6259446924530004,path_segment_001,SUPPORTED,,SUPPORTED,
73,73,2433.333333333333,VALID_TARGET,,1.0,270.7608871459961,223.5017242431641,269.4422912597656,225.0240020751953,SUPPORTED,220.0,204.0,143.5,53.0,153.0,302.0,SUPPORTED,translation_median_sparse_flow,-0.4910888671875,0.3762664794921875,349.0,2.8421614170074463,,,SUPPORTED,partial_affine_ransac_sparse_flow,2.0448349793180567,1.897341448447019,220.0,1.1150910224708577,0.9934521946689103,0.6303724928366762,-3.0887298583984375,0.15290069580078125,-2.5976409912109375,-0.22336578369140625,95.0824966430664,-13.671326041221619,175.08534333421014,0.988459082404868,path_segment_001,SUPPORTED,,-3.0887298583984375,0.15290069580078125,-3.5226791852991255,-0.061475294121152047,86.85342572130526,-26.25037078040657,179.0002162527849,1.335731347890986,path_segment_001,SUPPORTED,,-3.0887298583984375,0.15290069580078125,-2.5976409912109375,-0.22336578369140625,95.0824966430664,-13.671326041221619,175.08534333421014,0.988459082404868,path_segment_001,SUPPORTED,,SUPPORTED,
74,74,2466.666666666667,VALID_TARGET,,1.0,269.61406326293945,228.9084243774414,270.0425453186035,225.0240020751953,SUPPORTED,220.8,204.6,146.5,54.0,148.6,301.2,SUPPORTED,translation_median_sparse_flow,0.0024871826171875,0.517120361328125,345.0,2.6201186180114746,,,SUPPORTED,partial_affine_ransac_sparse_flow,2.3250982845805828,1.0201609485936145,225.0,1.276070940596877,0.993754015297557,0.6521739130434783,0.6002540588378906,0.0,0.5977668762207031,-0.517120361328125,95.68026351928711,-14.188446402549744,40.86265704073938,0.29966023142614384,path_segment_001,SUPPORTED,,0.6002540588378906,0.0,0.43914529324064233,-0.18942306042902146,87.2925710145459,-26.43979384083559,23.33270319029755,0.18131810394117767,path_segment_001,SUPPORTED,,0.6002540588378906,0.0,0.5977668762207031,-0.517120361328125,95.68026351928711,-14.188446402549744,40.86265704073938,0.29966023142614384,path_segment_001,SUPPORTED,,SUPPORTED,
75,75,2500.0,VALID_TARGET,,1.0,268.9596519470215,230.84341430664065,269.9524269104004,228.9084243774414,SUPPORTED,221.6,205.2,149.5,55.0,144.2,300.4,SUPPORTED,translation_median_sparse_flow,-0.2107696533203125,0.3151092529296875,348.0,0.932299017906189,,,SUPPORTED,partial_affine_ransac_sparse_flow,0.6863379597648644,0.59744710532527,334.0,0.9640752618762699,0.9986691433222753,0.9597701149425287,-0.090118408203125,3.8844223022460938,0.1206512451171875,3.5693130493164062,95.8009147644043,-10.619133353233337,-88.06400391679688,1.3539808258401187,path_segment_001,SUPPORTED,,-0.090118408203125,3.8844223022460938,-0.415786639799137,3.5849116592137875,86.87678437474676,-22.854882181621804,-96.61574259172684,1.3682326057671002,path_segment_001,SUPPORTED,,-0.090118408203125,3.8844223022460938,0.1206512451171875,3.5693130493164062,95.8009147644043,-10.619133353233337,-88.06400391679688,1.3539808258401187,path_segment_001,SUPPORTED,,SUPPORTED,
76,76,2533.333333333333,VALID_TARGET,,1.0,273.2862663269043,223.18355560302737,268.9596519470215,228.9084243774414,SUPPORTED,222.4,205.8,152.5,56.0,139.8,299.6,SUPPORTED,translation_median_sparse_flow,-0.513336181640625,0.72125244140625,348.0,2.5907347202301025,,,SUPPORTED,partial_affine_ransac_sparse_flow,2.519681463406484,2.6955222720341476,214.0,1.0316057323614727,0.9921392901523071,0.6149425287356322,-0.9927749633789062,0.0,-0.47943878173828125,-0.72125244140625,95.32147598266602,-11.340385794639587,123.61321403801837,0.3283445602900625,path_segment_001,SUPPORTED,,-0.9927749633789062,0.0,-1.3729358011665909,-0.9167792086419695,85.50384857358017,-23.771661390263773,146.26694380988943,0.6258899295953219,path_segment_001,SUPPORTED,,-0.9927749633789062,0.0,-0.47943878173828125,-0.72125244140625,95.32147598266602,-11.340385794639587,123.61321403801837,0.3283445602900625,path_segment_001,SUPPORTED,,SUPPORTED,
77,77,2566.666666666667,VALID_TARGET,,1.0,267.03846740722656,230.72279357910156,268.2945213317871,229.77973175048828,SUPPORTED,223.2,206.4,155.5,57.0,135.4,298.8,SUPPORTED,translation_median_sparse_flow,-0.36846923828125,0.67254638671875,349.0,2.6249024868011475,,,SUPPORTED,partial_affine_ransac_sparse_flow,2.287756007445062,0.2546972871952045,218.0,1.3116607520217245,0.9940228526312082,0.6246418338108882,-0.665130615234375,0.871307373046875,-0.296661376953125,0.198760986328125,95.02481460571289,-11.141624808311462,-146.1781995384269,0.13538129742656901,path_segment_001,SUPPORTED,,-0.665130615234375,0.871307373046875,-0.2154392383587833,0.6639494593985376,85.28840933522139,-23.107711930865236,-107.97728166542112,0.26463829241943615,path_segment_001,SUPPORTED,,-0.665130615234375,0.871307373046875,-0.296661376953125,0.198760986328125,95.02481460571289,-11.141624808311462,-146.1781995384269,0.13538129742656901,path_segment_001,SUPPORTED,,SUPPORTED,
78,78,2600.0,VALID_TARGET,,1.0,268.6712341308594,227.81283569335935,267.03846740722656,230.17567443847656,SUPPORTED,224.0,207.0,158.5,58.0,131.0,298.0,SUPPORTED,translation_median_sparse_flow,0.00057220458984375,0.4071235656738281,350.0,1.2242146730422974,,,SUPPORTED,partial_affine_ransac_sparse_flow,0.8957780195981747,0.6276122159432027,326.0,0.9129588893900451,0.9981377819213941,0.9314285714285714,-1.2560539245605469,0.39594268798828125,-1.2566261291503906,-0.011180877685546875,93.7681884765625,-11.15280568599701,179.4902221245368,0.47643447471973327,path_segment_001,SUPPORTED,,-1.2560539245605469,0.39594268798828125,-1.4891387107879837,0.005963793279363472,83.7992706244334,-23.101748137585872,-179.77053960419852,0.5645709656609319,path_segment_001,SUPPORTED,,-1.2560539245605469,0.39594268798828125,-1.2566261291503906,-0.011180877685546875,93.7681884765625,-11.15280568599701,179.4902221245368,0.47643447471973327,path_segment_001,SUPPORTED,,SUPPORTED,
79,79,2633.3333333333335,VALID_TARGET,,1.0,262.94701385498047,230.46205139160156,262.94701385498047,230.72279357910156,SUPPORTED,221.88235294117646,206.0,154.5,56.0,134.76470588235293,300.0,SUPPORTED,translation_median_sparse_flow,-0.012122094631195068,0.7171173095703125,350.0,3.0087666511535645,,,SUPPORTED,partial_affine_ransac_sparse_flow,3.810229677132134,1.9137939286808638,198.0,1.1155359710884991,0.9916113756964009,0.5657142857142857,-4.091453552246094,0.547119140625,-4.079331457614899,-0.1699981689453125,89.6888570189476,-11.322803854942322,177.61369107378508,1.547909900994568,path_segment_001,SUPPORTED,,-4.091453552246094,0.547119140625,-4.8665946427245785,-0.35490603092515016,78.93267598170883,-23.456654168511022,175.82897591575653,1.849936753713572,path_segment_001,SUPPORTED,,-4.091453552246094,0.547119140625,-4.079331457614899,-0.1699981689453125,89.6888570189476,-11.322803854942322,177.61369107378508,1.547909900994568,path_segment_001,SUPPORTED,,SUPPORTED,
80,80,2666.6666666666665,VALID_TARGET,,1.0,261.2447204589844,231.5631866455078,261.28127670288086,230.14990234375,SUPPORTED,219.76470588235293,205.0,150.5,54.0,138.52941176470588,302.0,SUPPORTED,translation_median_sparse_flow,0.2691802978515625,0.5384368896484375,350.0,2.6158809661865234,,,SUPPORTED,partial_affine_ransac_sparse_flow,3.1194157677887264,0.9079299108502701,197.0,1.3109310347009595,0.9928636982368858,0.5628571428571428,-1.6657371520996094,-0.5728912353515625,-1.9349174499511719,-1.111328125,87.75393956899643,-12.434131979942322,150.12891003266034,0.8459584570107622,path_segment_001,SUPPORTED,,-1.6657371520996094,-0.5728912353515625,-2.0546742492727503,-0.8039554522583217,76.87800173243608,-24.260609620769344,158.63052677885864,0.8364819136502819,path_segment_001,SUPPORTED,,-1.6657371520996094,-0.5728912353515625,-1.9349174499511719,-1.111328125,87.75393956899643,-12.434131979942322,150.12891003266034,0.8459584570107622,path_segment_001,SUPPORTED,,SUPPORTED,
81,81,2700.0,VALID_TARGET,,1.0,259.5966682434082,231.05237579345703,259.8041458129883,230.14990234375,SUPPORTED,217.6470588235294,204.0,146.5,52.0,142.2941176470588,304.0,SUPPORTED,translation_median_sparse_flow,0.13218307495117188,0.3194427490234375,350.0,1.2056078910827637,,,SUPPORTED,partial_affine_ransac_sparse_flow,0.6715957672009774,0.7762491763157922,329.0,0.9602757212011823,0.9991460517063427,0.94,-1.4771308898925781,0.0,-1.60931396484375,-0.3194427490234375,86.14462560415268,-12.75357472896576,168.77293747531377,0.6220312402691602,path_segment_001,SUPPORTED,,-1.4771308898925781,0.0,-2.0207286837525658,-0.4716784438861339,74.85727304868351,-24.732288064655478,166.86126976456168,0.7866980785762115,path_segment_001,SUPPORTED,,-1.4771308898925781,0.0,-1.60931396484375,-0.3194427490234375,86.14462560415268,-12.75357472896576,168.77293747531377,0.6220312402691602,path_segment_001,SUPPORTED,,SUPPORTED,
82,82,2733.3333333333335,VALID_TARGET,,1.0,258.3498077392578,228.8705139160156,258.10577392578125,229.26181030273438,SUPPORTED,215.52941176470588,203.0,142.5,50.0,146.05882352941177,306.0,SUPPORTED,translation_median_sparse_flow,1.322230339050293,0.538970947265625,343.0,2.255821704864502,,,SUPPORTED,partial_affine_ransac_sparse_flow,2.7681119136219348,1.301114738868442,212.0,1.3405756565179816,0.9941958045154768,0.6180758017492711,-1.6983718872070312,-0.888092041015625,-3.020602226257324,-1.42706298828125,83.12402337789536,-14.18063771724701,154.71192600450885,1.266550864905634,path_segment_001,SUPPORTED,,-1.6983718872070312,-0.888092041015625,-2.486228705941187,-1.3854215989950944,72.37104434274232,-26.117709663650572,150.8717781139617,1.0790507723902292,path_segment_001,SUPPORTED,,-1.6983718872070312,-0.888092041015625,-3.020602226257324,-1.42706298828125,83.12402337789536,-14.18063771724701,154.71192600450885,1.266550864905634,path_segment_001,SUPPORTED,,SUPPORTED,
83,83,2766.6666666666665,VALID_TARGET,,1.0,255.8750457763672,229.2618103027344,255.8750457763672,228.87051391601562,SUPPORTED,213.41176470588235,202.0,138.5,48.0,149.8235294117647,308.0,SUPPORTED,translation_median_sparse_flow,1.399658203125,0.5737228393554688,350.0,1.9721980094909668,,,SUPPORTED,partial_affine_ransac_sparse_flow,2.118562336010797,0.8034672791932528,265.0,1.7288310906303208,0.9994428480035166,0.7571428571428571,-2.2307281494140625,-0.39129638671875,-3.6303863525390625,-0.9650192260742188,79.49363702535629,-15.145656943321228,165.11403067865555,1.4241583954792851,path_segment_001,SUPPORTED,,-2.2307281494140625,-0.39129638671875,-4.274292222123904,-0.9895440453378512,68.09675212061842,-27.107253708988424,166.96505904175564,1.6633414540127192,path_segment_001,SUPPORTED,,-2.2307281494140625,-0.39129638671875,-3.6303863525390625,-0.9650192260742188,79.49363702535629,-15.145656943321228,165.11403067865555,1.4241583954792851,path_segment_001,SUPPORTED,,SUPPORTED,
84,84,2800.0,VALID_TARGET,,1.0,253.91817092895508,227.6385726928711,254.75069046020508,227.6385726928711,SUPPORTED,211.29411764705884,201.0,134.5,46.0,153.58823529411765,310.0,SUPPORTED,translation_median_sparse_flow,0.52587890625,0.2701148986816406,350.0,1.1248750686645508,,,SUPPORTED,partial_affine_ransac_sparse_flow,1.1628441001928866,0.6238667209415388,318.0,0.890649704870945,0.9981083333724714,0.9085714285714286,-1.1243553161621094,-1.2319412231445312,-1.6502342224121094,-1.5020561218261719,77.84340280294418,-16.6477130651474,137.6912923459531,0.8460000697651014,path_segment_001,SUPPORTED,,-1.1243553161621094,-1.2319412231445312,-1.7716157237567813,-1.4581327367130257,66.32513639686164,-28.56538644570145,140.54382656630852,0.8699008262020574,path_segment_001,SUPPORTED,,-1.1243553161621094,-1.2319412231445312,-1.6502342224121094,-1.5020561218261719,77.84340280294418,-16.6477130651474,137.6912923459531,0.8460000697651014,path_segment_001,SUPPORTED,,SUPPORTED,
85,85,2833.3333333333335,VALID_TARGET,,1.0,253.71246337890625,226.90445709228516,253.9426727294922,226.90445709228516,SUPPORTED,209.1764705882353,200.0,130.5,44.0,157.35294117647058,312.0,SUPPORTED,translation_median_sparse_flow,1.425048828125,0.47058868408203125,347.0,2.185797929763794,,,SUPPORTED,partial_affine_ransac_sparse_flow,-1.062031162127175,0.566316207149377,212.0,1.6711377845446673,1.0047477295352032,0.6109510086455331,-0.8080177307128906,-0.7341156005859375,-2.2330665588378906,-1.2047042846679688,75.61033624410629,-17.85241734981537,151.65383653747526,0.961948832698944,path_segment_001,SUPPORTED,,-0.8080177307128906,-0.7341156005859375,-1.6087643180660791,-1.6479916658776972,64.71637207879556,-30.213378111579146,134.3099105982797,0.8731354614433704,path_segment_001,SUPPORTED,,-0.8080177307128906,-0.7341156005859375,-2.2330665588378906,-1.2047042846679688,75.61033624410629,-17.85241734981537,151.65383653747526,0.961948832698944,path_segment_001,SUPPORTED,,SUPPORTED,
86,86,2866.6666666666665,VALID_TARGET,,1.0,253.53583526611328,223.59820556640625,253.83261108398438,224.00049591064453,SUPPORTED,207.05882352941177,199.0,126.5,42.0,161.11764705882354,314.0,SUPPORTED,translation_median_sparse_flow,1.43353271484375,0.245880126953125,341.0,2.039389133453369,,,SUPPORTED,partial_affine_ransac_sparse_flow,2.6391558594497253,1.8131276768575584,213.0,1.016207958442847,0.9932443439466002,0.624633431085044,-0.1100616455078125,-2.903961181640625,-1.5435943603515625,-3.14984130859375,74.06674188375473,-21.00225865840912,116.10737863505273,1.3298611806463574,path_segment_001,SUPPORTED,,-0.1100616455078125,-2.903961181640625,-1.4448850935430073,-2.723135547509685,63.27148698525255,-32.93651365908883,117.95024708652643,1.1687292881907916,path_segment_001,SUPPORTED,,-0.1100616455078125,-2.903961181640625,-1.5435943603515625,-3.14984130859375,74.06674188375473,-21.00225865840912,116.10737863505273,1.3298611806463574,path_segment_001,SUPPORTED,,SUPPORTED,
87,87,2900.0,VALID_TARGET,,1.0,254.10064315795896,223.05813598632812,254.22920989990234,223.59820556640625,SUPPORTED,204.94117647058823,198.0,122.5,40.0,164.88235294117646,316.0,SUPPORTED,translation_median_sparse_flow,0.627655029296875,0.036418914794921875,344.0,1.0392062664031982,,,SUPPORTED,partial_affine_ransac_sparse_flow,0.605403180707347,0.35290884923817745,333.0,0.9848018567128197,0.9997762001529641,0.9680232558139535,0.39659881591796875,-0.40229034423828125,-0.23105621337890625,-0.4387092590332031,73.83568567037582,-21.440967917442322,117.77455421254227,0.18798252211604455,path_segment_001,SUPPORTED,,0.39659881591796875,-0.40229034423828125,-0.31379970411509817,-0.5215825279316277,62.95768728113745,-33.45809618702046,121.03237846135629,0.23077295099596193,path_segment_001,SUPPORTED,,0.39659881591796875,-0.40229034423828125,-0.23105621337890625,-0.4387092590332031,73.83568567037582,-21.440967917442322,117.77455421254227,0.18798252211604455,path_segment_001,SUPPORTED,,SUPPORTED,
88,88,2933.333333333333,VALID_TARGET,,1.0,254.4280242919922,224.00049591064453,254.5380859375,223.05813598632812,SUPPORTED,202.8235294117647,197.0,118.5,38.0,168.64705882352942,318.0,SUPPORTED,translation_median_sparse_flow,1.653656005859375,0.053741455078125,350.0,2.3568639755249023,,,SUPPORTED,partial_affine_ransac_sparse_flow,2.0861637737389747,-0.14445265671132163,184.0,0.8187333759097406,1.002683208226229,0.5257142857142857,0.30887603759765625,-0.540069580078125,-1.3447799682617188,-0.59381103515625,72.4909057021141,-22.034778952598572,156.1753084235915,0.5573291768671101,path_segment_001,SUPPORTED,,0.30887603759765625,-0.540069580078125,-2.5803441300791974,-0.8580330541362571,60.377343151058255,-34.316129241156716,161.6066615392877,1.0309349721465524,path_segment_001,SUPPORTED,,0.30887603759765625,-0.540069580078125,-1.3447799682617188,-0.59381103515625,72.4909057021141,-22.034778952598572,156.1753084235915,0.5573291768671101,path_segment_001,SUPPORTED,,SUPPORTED,
89,89,2966.666666666667,VALID_TARGET,HUMAN_ACCEPTED_TARGET: operator reviewed the raw skeleton and confirmed that it belongs to the documented athlete.,1.0,257.56567764282227,220.6857681274414,257.3312568664551,220.6857681274414,SUPPORTED,200.70588235294116,196.0,114.5,36.0,172.41176470588235,320.0,SUPPORTED,translation_median_sparse_flow,1.7152862548828125,0.007948875427246094,348.0,2.2321937084198,,,SUPPORTED,partial_affine_ransac_sparse_flow,-5.320474364056064,-0.9241823862821136,217.0,1.7153566239106404,1.012642340873971,0.6235632183908046,2.793170928955078,-2.3723678588867188,1.0778846740722656,-2.380316734313965,73.56879037618637,-24.415095686912537,65.63743915805324,0.9906460003246095,path_segment_001,SUPPORTED,,2.793170928955078,-2.3723678588867188,3.968846060624287,-3.206117952079751,64.34618921168254,-37.52224719323647,38.93201234099862,1.9343041216433998,path_segment_001,SUPPORTED,,2.793170928955078,-2.3723678588867188,1.0778846740722656,-2.380316734313965,73.56879037618637,-24.415095686912537,65.63743915805324,0.9906460003246095,path_segment_001,SUPPORTED,,SUPPORTED,
90,90,3000.0,VALID_TARGET,HUMAN_ACCEPTED_TARGET: operator reviewed the raw skeleton and confirmed that it belongs to the documented athlete.,1.0,258.5431137084961,217.5317611694336,258.7775344848633,218.4245376586914,SUPPORTED,198.58823529411765,195.0,110.5,34.0,176.1764705882353,322.0,SUPPORTED,translation_median_sparse_flow,0.7248992919921875,0.01873016357421875,348.0,1.0886211395263672,,,SUPPORTED,partial_affine_ransac_sparse_flow,-1.8840757390995242,-1.1552840049166009,284.0,0.9831738015212008,1.0054804460141527,0.8160919540229885,1.4462776184082031,-2.26123046875,0.7213783264160156,-2.2799606323242188,74.29016870260239,-26.695056319236755,72.44265648175157,0.9066194585846724,path_segment_001,SUPPORTED,,1.4462776184082031,-2.26123046875,1.8514736986501248,-2.235398786328858,66.19766291033267,-39.757645979565325,50.36667577235381,1.1004337311264336,path_segment_001,SUPPORTED,,1.4462776184082031,-2.26123046875,0.7213783264160156,-2.2799606323242188,74.29016870260239,-26.695056319236755,72.44265648175157,0.9066194585846724,path_segment_001,SUPPORTED,,SUPPORTED,
91,91,3033.333333333333,VALID_TARGET,HUMAN_ACCEPTED_TARGET: operator reviewed the raw skeleton and confirmed that it belongs to the documented athlete.,1.0,260.8796691894531,218.28988647460935,260.26585388183594,218.4245376586914,SUPPORTED,196.47058823529412,194.0,106.5,32.0,179.94117647058823,324.0,SUPPORTED,translation_median_sparse_flow,1.478668212890625,0.012524604797363281,325.0,2.228180408477783,,,SUPPORTED,partial_affine_ransac_sparse_flow,-7.798043545618225,-0.37395520500858725,190.0,1.5388339850392239,1.0160451434112312,0.5846153846153846,1.4883193969726562,0.0,0.00965118408203125,-0.012524604797363281,74.29981988668442,-26.70758092403412,52.38294669581931,0.005994590640155991,path_segment_001,SUPPORTED,,1.4883193969726562,0.0,3.6392613688803976,-1.347327282666896,69.83692427921306,-41.10497326223222,20.31555929675651,1.4712462996851072,path_segment_001,SUPPORTED,,1.4883193969726562,0.0,0.00965118408203125,-0.012524604797363281,74.29981988668442,-26.70758092403412,52.38294669581931,0.005994590640155991,path_segment_001,SUPPORTED,,SUPPORTED,
92,92,3066.666666666667,VALID_TARGET,HUMAN_ACCEPTED_TARGET: operator reviewed the raw skeleton and confirmed that it belongs to the documented athlete.,1.0,260.26585388183594,218.3933258056641,260.26585388183594,218.4245376586914,SUPPORTED,194.35294117647058,193.0,102.5,30.0,183.70588235294116,326.0,SUPPORTED,translation_median_sparse_flow,1.389129638671875,0.003047943115234375,350.0,2.406251907348633,,,SUPPORTED,partial_affine_ransac_sparse_flow,-0.4216872033501434,-0.7958147422633244,243.0,1.6591265732444147,1.0048175413295966,0.6942857142857143,0.0,0.0,-1.389129638671875,-0.003047943115234375,72.91069024801254,-26.710628867149353,179.874285313916,0.5266519863926261,path_segment_001,SUPPORTED,,0.0,0.0,-1.0724797123050394,0.030226359334164954,68.76444456690803,-41.074746902898056,-178.38562494493516,0.4067629649251436,path_segment_001,SUPPORTED,,0.0,0.0,-1.389129638671875,-0.003047943115234375,72.91069024801254,-26.710628867149353,179.874285313916,0.5266519863926261,path_segment_001,SUPPORTED,,SUPPORTED,
93,93,3100.0,VALID_TARGET,HUMAN_ACCEPTED_TARGET: operator reviewed the raw skeleton and confirmed that it belongs to the documented athlete.,1.0,262.6226577758789,220.48782348632812,260.26585388183594,220.3224639892578,SUPPORTED,192.23529411764707,192.0,98.5,28.0,187.47058823529412,328.0,SUPPORTED,translation_median_sparse_flow,0.675994873046875,-0.0019807815551757812,342.0,1.1415395736694336,,,SUPPORTED,partial_affine_ransac_sparse_flow,0.2317759371359472,-0.2255541039952077,330.0,1.1071538323831178,1.0011129199607198,0.9649122807017544,0.0,1.8979263305664062,-0.675994873046875,1.899907112121582,72.23469537496567,-24.81072175502777,-109.58577070688224,0.7645334502125879,path_segment_001,SUPPORTED,,0.0,1.8979263305664062,-0.6029996279232819,1.9776221172728583,68.16144493898474,-39.0971247856252,-106.95706404445806,0.7838401983912536,path_segment_001,SUPPORTED,,0.0,1.8979263305664062,-0.675994873046875,1.899907112121582,72.23469537496567,-24.81072175502777,-109.58577070688224,0.7645334502125879,path_segment_001,SUPPORTED,,SUPPORTED,
94,94,3133.3333333333335,VALID_TARGET,HUMAN_ACCEPTED_TARGET: operator reviewed the raw skeleton and confirmed that it belongs to the documented athlete.,1.0,258.9384307861328,220.3224639892578,260.26585388183594,220.48782348632812,SUPPORTED,190.11764705882354,191.0,94.5,26.0,191.23529411764707,330.0,SUPPORTED,translation_median_sparse_flow,1.4121284484863281,0.046966552734375,340.0,2.4355435371398926,,,SUPPORTED,partial_affine_ransac_sparse_flow,-2.5760595735246374,-3.5622627857409674,201.0,1.1892966045689024,1.0118128814749554,0.5911764705882353,0.0,0.1653594970703125,-1.4121284484863281,0.1183929443359375,70.82256692647934,-24.692328810691833,-175.2075260285488,0.5372483971070621,path_segment_001,SUPPORTED,,0.0,0.1653594970703125,-0.12494016815730902,0.684525275721029,68.03650477082743,-38.41259950990417,-100.34381591947054,0.2638065191848336,path_segment_001,SUPPORTED,,0.0,0.1653594970703125,-1.4121284484863281,0.1183929443359375,70.82256692647934,-24.692328810691833,-175.2075260285488,0.5372483971070621,path_segment_001,SUPPORTED,,SUPPORTED,
95,95,3166.6666666666665,VALID_TARGET,HUMAN_ACCEPTED_TARGET: operator reviewed the raw skeleton and confirmed that it belongs to the documented athlete.,1.0,256.7289352416992,221.15772247314453,258.9942092895508,220.8013687133789,SUPPORTED,188.0,190.0,90.5,24.0,195.0,332.0,SUPPORTED,translation_median_sparse_flow,1.657318115234375,0.216552734375,327.0,2.3736531734466553,,,SUPPORTED,partial_affine_ransac_sparse_flow,-6.465757040889631,-0.5222302034334091,188.0,1.5703610376838055,1.013198194941718,0.5749235474006116,-1.2716445922851562,0.31354522705078125,-2.9289627075195312,0.09699249267578125,67.89360421895981,-24.595336318016052,-178.10334545038612,1.1110452298093036,path_segment_001,SUPPORTED,,-1.2716445922851562,0.31354522705078125,0.3062357358027725,-0.3479290028375601,68.34274050663021,-38.76052851274173,48.646820629590245,0.17572450866842926,path_segment_001,SUPPORTED,,-1.2716445922851562,0.31354522705078125,-2.9289627075195312,0.09699249267578125,67.89360421895981,-24.595336318016052,-178.10334545038612,1.1110452298093036,path_segment_001,SUPPORTED,,SUPPORTED,
96,96,3200.0,VALID_TARGET,HUMAN_ACCEPTED_TARGET: operator reviewed the raw skeleton and confirmed that it belongs to the documented athlete.,1.0,261.92061614990234,223.31053161621097,257.80699920654297,221.63134765625,SUPPORTED,188.0,190.0,90.5,24.0,195.0,332.0,SUPPORTED,translation_median_sparse_flow,0.62371826171875,0.01702117919921875,335.0,1.2375155687332153,,,SUPPORTED,partial_affine_ransac_sparse_flow,0.0752081515233221,-0.13179901055902785,325.0,1.1341097293916724,1.0013418050774552,0.9701492537313433,-1.1872100830078125,0.8299789428710938,-1.8109283447265625,0.812957763671875,66.08267587423325,-23.782378554344177,-155.82384477100462,0.752571822134356,path_segment_001,SUPPORTED,,-1.1872100830078125,0.8299789428710938,-1.7086040350418443,0.7812905812175188,66.63413647158836,-37.97923793152421,-155.42688069909772,0.7122811139516712,path_segment_001,SUPPORTED,,-1.1872100830078125,0.8299789428710938,-1.8109283447265625,0.812957763671875,66.08267587423325,-23.782378554344177,-155.82384477100462,0.752571822134356,path_segment_001,SUPPORTED,,SUPPORTED,
97,97,3233.3333333333335,VALID_TARGET,HUMAN_ACCEPTED_TARGET: operator reviewed the raw skeleton and confirmed that it belongs to the documented athlete.,1.0,257.86277770996094,221.5681381225586,257.0235366821289,223.60367584228516,SUPPORTED,188.0,190.0,90.5,24.0,195.0,332.0,SUPPORTED,translation_median_sparse_flow,1.96502685546875,0.2855033874511719,311.0,2.190561532974243,,,SUPPORTED,partial_affine_ransac_sparse_flow,-5.972880979385576,-2.917742995577208,202.0,1.6840065132420157,1.015528271909035,0.6495176848874598,-0.7834625244140625,1.9723281860351562,-2.7484893798828125,1.6868247985839844,63.33418649435043,-22.095553755760193,-148.46139547949858,1.2226091222287987,path_segment_001,SUPPORTED,,-0.7834625244140625,1.9723281860351562,0.8051078080926004,1.8924838885879467,67.43924427968096,-36.08675404293626,-66.95394100219039,0.7797122735259321,path_segment_001,SUPPORTED,,-0.7834625244140625,1.9723281860351562,-2.7484893798828125,1.6868247985839844,63.33418649435043,-22.095553755760193,-148.46139547949858,1.2226091222287987,path_segment_001,SUPPORTED,,SUPPORTED,
98,98,3266.6666666666665,VALID_TARGET,HUMAN_ACCEPTED_TARGET: operator reviewed the raw skeleton and confirmed that it belongs to the documented athlete.,1.0,255.5558090209961,226.37991333007812,256.7903594970703,223.60367584228516,SUPPORTED,188.0,190.0,90.5,24.0,195.0,332.0,SUPPORTED,translation_median_sparse_flow,1.863037109375,0.1900482177734375,337.0,2.005514144897461,,,SUPPORTED,partial_affine_ransac_sparse_flow,-5.914486628399349,-1.8629979542159882,222.0,1.6203268461737133,1.0142813666182449,0.658753709198813,-0.23317718505859375,0.0,-2.0962142944335938,-0.1900482177734375,61.23797219991684,-22.28560197353363,174.81957908149036,0.7979821420395301,path_segment_001,SUPPORTED,,-0.23317718505859375,0.0,1.2936355780631175,-0.5035340029391193,68.73287985774408,-36.59028804587538,21.267950590733577,0.5262901139181156,path_segment_001,SUPPORTED,,-0.23317718505859375,0.0,-2.0962142944335938,-0.1900482177734375,61.23797219991684,-22.28560197353363,174.81957908149036,0.7979821420395301,path_segment_001,SUPPORTED,,SUPPORTED,
99,99,3300.0,VALID_TARGET,HUMAN_ACCEPTED_TARGET: operator reviewed the raw skeleton and confirmed that it belongs to the documented athlete.,1.0,256.10814666748047,224.97211456298828,255.90348052978516,222.8284912109375,SUPPORTED,188.0,190.0,90.5,24.0,195.0,332.0,SUPPORTED,translation_median_sparse_flow,0.908905029296875,0.08745384216308594,330.0,1.1199817657470703,,,SUPPORTED,partial_affine_ransac_sparse_flow,0.26555039233612715,-0.029591727343766958,304.0,1.1727330425388502,1.0006965012618783,0.9212121212121213,-0.8868789672851562,-0.7751846313476562,-1.7957839965820312,-0.8626384735107422,59.44218820333481,-23.148240447044373,154.34182618399524,0.7553002852277498,path_segment_001,SUPPORTED,,-0.8868789672851562,-0.7751846313476562,-1.3993983823166332,-0.823085547743716,67.33348147542745,-37.4133735936191,149.5371918961638,0.6155097663496145,path_segment_001,SUPPORTED,,-0.8868789672851562,-0.7751846313476562,-1.7957839965820312,-0.8626384735107422,59.44218820333481,-23.148240447044373,154.34182618399524,0.7553002852277498,path_segment_001,SUPPORTED,,SUPPORTED,
100,100,3333.3333333333335,VALID_TARGET,HUMAN_ACCEPTED_TARGET: operator reviewed the raw skeleton and confirmed that it belongs to the documented athlete.,1.0,255.62966918945312,222.06644439697263,255.29718780517578,222.13583374023438,SUPPORTED,188.0,190.0,90.5,24.0,195.0,332.0,SUPPORTED,translation_median_sparse_flow,2.3251190185546875,0.25502777099609375,318.0,1.7970707416534424,,,SUPPORTED,partial_affine_ransac_sparse_flow,-5.202184293963536,-1.814267800508769,224.0,1.7725155347563315,1.0129775062513005,0.7044025157232704,-0.606292724609375,-0.692657470703125,-2.9314117431640625,-0.9476852416992188,56.510776460170746,-24.09592568874359,162.0846908253023,1.1679986613104334,path_segment_001,SUPPORTED,,-0.606292724609375,-0.692657470703125,0.8736095190783715,-1.3084609673277328,68.20709099450582,-38.72183456094683,56.27047387055401,0.5964727939190906,path_segment_001,SUPPORTED,,-0.606292724609375,-0.692657470703125,-2.9314117431640625,-0.9476852416992188,56.510776460170746,-24.09592568874359,162.0846908253023,1.1679986613104334,path_segment_001,SUPPORTED,,SUPPORTED,
101,101,3366.6666666666665,VALID_TARGET,HUMAN_ACCEPTED_TARGET: operator reviewed the raw skeleton and confirmed that it belongs to the documented athlete.,1.0,255.30644989013672,221.93045043945312,254.91841888427734,222.0533218383789,SUPPORTED,188.0,190.0,90.5,24.0,195.0,332.0,SUPPORTED,translation_median_sparse_flow,2.51116943359375,0.18475341796875,319.0,1.4571175575256348,,,SUPPORTED,partial_affine_ransac_sparse_flow,-1.1496700444111427,-0.9630866553588759,200.0,0.978254953536511,1.007429294180625,0.6269592476489029,-0.3787689208984375,-0.08251190185546875,-2.8899383544921875,-0.26726531982421875,53.62083810567856,-24.36319100856781,174.71623999497118,1.100316944765688,path_segment_001,SUPPORTED,,-0.3787689208984375,-0.08251190185546875,-1.2780136592771782,-0.5946540119926453,66.92907733522864,-39.31648857293948,155.04765278094206,0.5344061400171576,path_segment_001,SUPPORTED,,-0.3787689208984375,-0.08251190185546875,-2.8899383544921875,-0.26726531982421875,53.62083810567856,-24.36319100856781,174.71623999497118,1.100316944765688,path_segment_001,SUPPORTED,,SUPPORTED,
102,102,3400.0,VALID_TARGET,HUMAN_ACCEPTED_TARGET: operator reviewed the raw skeleton and confirmed that it belongs to the documented athlete.,1.0,253.2848968505859,218.7574462890625,253.95684051513672,220.52024841308594,SUPPORTED,188.0,190.0,90.5,24.0,195.0,332.0,SUPPORTED,translation_median_sparse_flow,0.942352294921875,0.09307861328125,327.0,0.9985268115997314,,,SUPPORTED,partial_affine_ransac_sparse_flow,-0.016900081733882993,-0.08439516606592615,316.0,1.038712083928162,1.0015227042777046,0.9663608562691132,-0.961578369140625,-1.5330734252929688,-1.9039306640625,-1.6261520385742188,51.71690744161606,-25.98934304714203,139.49927558996046,0.949270984733408,path_segment_001,SUPPORTED,,-0.961578369140625,-1.5330734252929688,-1.4014319595153495,-1.708035530861224,65.52764537571329,-41.0245241038007,129.3686538246676,0.8376295009785497,path_segment_001,SUPPORTED,,-0.961578369140625,-1.5330734252929688,-1.9039306640625,-1.6261520385742188,51.71690744161606,-25.98934304714203,139.49927558996046,0.949270984733408,path_segment_001,SUPPORTED,,SUPPORTED,
103,103,3433.333333333333,VALID_TARGET,HUMAN_ACCEPTED_TARGET: operator reviewed the raw skeleton and confirmed that it belongs to the documented athlete.,1.0,253.68242645263672,220.71250915527344,253.62686920166016,218.7574462890625,SUPPORTED,188.0,190.0,90.5,24.0,195.0,332.0,SUPPORTED,translation_median_sparse_flow,2.0346221923828125,0.2137451171875,332.0,1.8498430252075195,,,SUPPORTED,partial_affine_ransac_sparse_flow,1.501984057910503,-0.11118862381877957,191.0,0.4556927506711577,1.003226393100551,0.5753012048192772,-0.3299713134765625,-1.7628021240234375,-2.364593505859375,-1.9765472412109375,49.35231393575668,-27.965890288352966,140.10798430636183,1.1684144887401302,path_segment_001,SUPPORTED,,-0.3299713134765625,-1.7628021240234375,-2.7906075689398904,-2.202589219614282,62.7370378067734,-43.22711332341498,141.71644008133117,1.3478276717363964,path_segment_001,SUPPORTED,,-0.3299713134765625,-1.7628021240234375,-2.364593505859375,-1.9765472412109375,49.35231393575668,-27.965890288352966,140.10798430636183,1.1684144887401302,path_segment_001,SUPPORTED,,SUPPORTED,
104,104,3466.666666666667,VALID_TARGET,HUMAN_ACCEPTED_TARGET: operator reviewed the raw skeleton and confirmed that it belongs to the documented athlete.,1.0,252.10840606689453,215.76627349853516,253.45455932617188,217.60589599609375,SUPPORTED,188.0,190.0,90.5,24.0,195.0,332.0,SUPPORTED,translation_median_sparse_flow,2.31549072265625,0.227081298828125,333.0,1.4781566858291626,,,SUPPORTED,partial_affine_ransac_sparse_flow,1.4106358185635148,-0.1876850828859396,203.0,0.5118265854236431,1.0030959292499848,0.6096096096096096,-0.17230987548828125,-1.15155029296875,-2.4878005981445312,-1.378631591796875,46.86451333761215,-29.34452188014984,151.00667392399671,1.0783212792031738,path_segment_001,SUPPORTED,,-0.17230987548828125,-1.15155029296875,-2.511236593071658,-1.4751266733076704,60.22580121370174,-44.70223999672265,149.56957774950274,1.1041724851737162,path_segment_001,SUPPORTED,,-0.17230987548828125,-1.15155029296875,-2.4878005981445312,-1.378631591796875,46.86451333761215,-29.34452188014984,151.00667392399671,1.0783212792031738,path_segment_001,SUPPORTED,,SUPPORTED,
105,105,3500.0,VALID_TARGET,HUMAN_ACCEPTED_TARGET: operator reviewed the raw skeleton and confirmed that it belongs to the documented athlete.,1.0,254.1995086669922,217.60589599609375,253.51011657714844,217.60589599609375,SUPPORTED,188.0,190.0,90.5,24.0,195.0,332.0,SUPPORTED,translation_median_sparse_flow,0.9602508544921875,0.1326751708984375,350.0,0.9248677492141724,,,SUPPORTED,partial_affine_ransac_sparse_flow,0.08719839433228468,-0.11671561345440173,318.0,0.8698413084057487,1.001551549903259,0.9085714285714286,0.0555572509765625,0.0,-0.904693603515625,-0.1326751708984375,45.95981973409653,-29.47719705104828,171.65692829747613,0.3466586642996465,path_segment_001,SUPPORTED,,0.0555572509765625,0.0,-0.4523784577411618,-0.18888806692945082,59.77342275596058,-44.891128063652104,157.33730007677772,0.1858571840263771,path_segment_001,SUPPORTED,,0.0555572509765625,0.0,-0.904693603515625,-0.1326751708984375,45.95981973409653,-29.47719705104828,171.65692829747613,0.3466586642996465,path_segment_001,SUPPORTED,,SUPPORTED,
106,106,3533.333333333333,VALID_TARGET,HUMAN_ACCEPTED_TARGET: operator reviewed the raw skeleton and confirmed that it belongs to the documented athlete.,1.0,248.8814239501953,215.94022369384768,253.65525817871094,217.60589599609375,SUPPORTED,188.0,190.0,90.5,24.0,195.0,332.0,SUPPORTED,translation_median_sparse_flow,2.1924285888671875,0.15290069580078125,338.0,1.6579757928848267,,,SUPPORTED,partial_affine_ransac_sparse_flow,-10.18187629797529,2.7415113264448023,188.0,1.7621361073813393,1.0174394393997779,0.5562130177514792,0.1451416015625,0.0,-2.0472869873046875,-0.15290069580078125,43.91253274679184,-29.63009774684906,175.72882027168745,0.778334827721504,path_segment_001,SUPPORTED,,0.1451416015625,0.0,3.217220154549807,-3.365042674938792,62.99064291051039,-48.256170738590896,46.28651548980543,1.7650199383375644,path_segment_001,SUPPORTED,,0.1451416015625,0.0,-2.0472869873046875,-0.15290069580078125,43.91253274679184,-29.63009774684906,175.72882027168745,0.778334827721504,path_segment_001,SUPPORTED,,SUPPORTED,
107,107,3566.666666666667,VALID_TARGET,HUMAN_ACCEPTED_TARGET: operator reviewed the raw skeleton and confirmed that it belongs to the documented athlete.,1.0,256.95159912109375,219.52000427246097,253.76763153076172,219.52000427246094,SUPPORTED,188.0,190.0,90.5,24.0,195.0,332.0,SUPPORTED,translation_median_sparse_flow,1.903228759765625,0.1879119873046875,350.0,1.873199224472046,,,SUPPORTED,partial_affine_ransac_sparse_flow,1.26202631746988,-0.2524459266857991,217.0,0.6223331152581837,1.0033218673024256,0.62,0.11237335205078125,1.9141082763671875,-1.7908554077148438,1.7261962890625,42.121677339076996,-27.90390145778656,-136.0532336821525,0.9430116078803692,path_segment_001,SUPPORTED,,0.11237335205078125,1.9141082763671875,-2.1288597352505008,1.6030240723953568,60.86178317525989,-46.65314666619554,-143.02037829716764,1.0103270493906826,path_segment_001,SUPPORTED,,0.11237335205078125,1.9141082763671875,-1.7908554077148438,1.7261962890625,42.121677339076996,-27.90390145778656,-136.0532336821525,0.9430116078803692,path_segment_001,SUPPORTED,,SUPPORTED,
108,108,3600.0,VALID_TARGET,HUMAN_ACCEPTED_TARGET: operator reviewed the raw skeleton and confirmed that it belongs to the documented athlete.,1.0,253.9791030883789,221.083251953125,253.88367462158203,221.083251953125,SUPPORTED,188.0,190.0,90.5,24.0,195.0,332.0,SUPPORTED,translation_median_sparse_flow,0.9646148681640625,0.113861083984375,350.0,0.945854663848877,,,SUPPORTED,partial_affine_ransac_sparse_flow,-0.2546431771830416,0.11202909247596783,338.0,0.9891258612600979,1.001956389992891,0.9657142857142857,0.1160430908203125,1.5632476806640625,-0.84857177734375,1.4493865966796875,41.273105561733246,-26.454514861106873,-120.34767550668187,0.636745244120984,path_segment_001,SUPPORTED,,0.1160430908203125,1.5632476806640625,-0.2571162566127896,1.1736672060153808,60.6046669186471,-45.47947946018016,-102.35662921575226,0.45551623867749935,path_segment_001,SUPPORTED,,0.1160430908203125,1.5632476806640625,-0.84857177734375,1.4493865966796875,41.273105561733246,-26.454514861106873,-120.34767550668187,0.636745244120984,path_segment_001,SUPPORTED,,SUPPORTED,
109,109,3633.3333333333335,VALID_TARGET,HUMAN_ACCEPTED_TARGET: operator reviewed the raw skeleton and confirmed that it belongs to the documented athlete.,1.0,253.67220306396484,227.81102752685547,255.7823028564453,227.49383544921875,SUPPORTED,188.0,190.0,90.5,24.0,195.0,332.0,SUPPORTED,translation_median_sparse_flow,2.660491943359375,0.104766845703125,350.0,1.3372702598571777,,,SUPPORTED,partial_affine_ransac_sparse_flow,1.1280301644404553,0.0985869231547903,236.0,0.7090096871183845,1.0032399763939306,0.6742857142857143,1.8986282348632812,6.41058349609375,-0.7618637084960938,6.305816650390625,40.51124185323715,-20.148698210716248,-96.88903919739603,2.4080643543834794,path_segment_001,SUPPORTED,,1.8986282348632812,6.41058349609375,-0.3596619411336519,5.9495191341382565,60.245004977513446,-39.5299603260419,-93.45944991103867,2.259716112509359,path_segment_001,SUPPORTED,,1.8986282348632812,6.41058349609375,-0.7618637084960938,6.305816650390625,40.51124185323715,-20.148698210716248,-96.88903919739603,2.4080643543834794,path_segment_001,SUPPORTED,,SUPPORTED,
110,110,3666.6666666666665,VALID_TARGET,HUMAN_ACCEPTED_TARGET: operator reviewed the raw skeleton and confirmed that it belongs to the documented athlete.,1.0,257.2224426269531,228.53922271728516,255.37154388427734,228.53922271728516,SUPPORTED,188.0,190.0,90.5,24.0,195.0,332.0,SUPPORTED,translation_median_sparse_flow,2.7762603759765625,0.0745849609375,350.0,1.392380714416504,,,SUPPORTED,partial_affine_ransac_sparse_flow,0.3744234009592717,-0.4865379287813303,219.0,0.5905427297109924,1.0050027813312237,0.6257142857142857,-0.41075897216796875,1.0453872680664062,-3.1870193481445312,0.9708023071289062,37.32422250509262,-19.17789590358734,-163.05866847039155,1.263085003064707,path_segment_001,SUPPORTED,,-0.41075897216796875,1.0453872680664062,-2.329619719282107,0.6919146058708066,57.91538525823134,-38.838045720171095,-163.45818385966925,0.9213443712743813,path_segment_001,SUPPORTED,,-0.41075897216796875,1.0453872680664062,-3.1870193481445312,0.9708023071289062,37.32422250509262,-19.17789590358734,-163.05866847039155,1.263085003064707,path_segment_001,SUPPORTED,,SUPPORTED,
111,111,3700.0,VALID_TARGET,HUMAN_ACCEPTED_TARGET: operator reviewed the raw skeleton and confirmed that it belongs to the documented athlete.,1.0,255.6018295288086,228.50498962402344,255.6018295288086,228.82218170166016,SUPPORTED,188.0,190.0,90.5,24.0,195.0,332.0,SUPPORTED,translation_median_sparse_flow,1.1361541748046875,0.015694618225097656,350.0,0.892815113067627,,,SUPPORTED,partial_affine_ransac_sparse_flow,0.11862759519229675,-0.04126732584607049,308.0,0.7975769312987195,1.0017994564895356,0.88,0.23028564453125,0.282958984375,-0.9058685302734375,0.26726436614990234,36.41835397481918,-18.91063153743744,-163.56201194751134,0.3580710053368436,path_segment_001,SUPPORTED,,0.23028564453125,0.282958984375,-0.4636518607600806,0.042419199511272154,57.45173339747126,-38.79562652065982,-174.77259989821576,0.17651512845870604,path_segment_001,SUPPORTED,,0.23028564453125,0.282958984375,-0.9058685302734375,0.26726436614990234,36.41835397481918,-18.91063153743744,-163.56201194751134,0.3580710053368436,path_segment_001,SUPPORTED,,SUPPORTED,
112,112,3733.3333333333335,VALID_TARGET,HUMAN_ACCEPTED_TARGET: operator reviewed the raw skeleton and confirmed that it belongs to the documented athlete.,1.0,253.99773406982425,233.3299789428711,255.3586196899414,232.72130584716797,SUPPORTED,188.0,190.0,90.5,24.0,195.0,332.0,SUPPORTED,translation_median_sparse_flow,2.715916156768799,0.03955841064453125,350.0,1.3855998516082764,,,SUPPORTED,partial_affine_ransac_sparse_flow,0.9624713185252805,-0.09677691613749032,233.0,0.6646235225979036,1.003674498830612,0.6657142857142857,-0.2432098388671875,3.8991241455078125,-2.9591259956359863,3.8595657348632812,33.4592279791832,-15.051065802574158,-127.47735384634822,1.843826402582479,path_segment_001,SUPPORTED,,-0.2432098388671875,3.8991241455078125,-2.452635585874816,3.499320466158622,54.99909781159644,-35.2963060545012,-125.02619511595013,1.6200864835635875,path_segment_001,SUPPORTED,,-0.2432098388671875,3.8991241455078125,-2.9591259956359863,3.8595657348632812,33.4592279791832,-15.051065802574158,-127.47735384634822,1.843826402582479,path_segment_001,SUPPORTED,,SUPPORTED,
113,113,3766.6666666666665,VALID_TARGET,HUMAN_ACCEPTED_TARGET: operator reviewed the raw skeleton and confirmed that it belongs to the documented athlete.,1.0,255.53250885009768,232.88028717041016,254.8224754333496,233.10513305664062,SUPPORTED,188.0,190.0,90.5,24.0,195.0,332.0,SUPPORTED,translation_median_sparse_flow,2.6432723999023438,0.02587890625,345.0,1.3706464767456055,,,SUPPORTED,partial_affine_ransac_sparse_flow,1.6455281115368652,-0.42951519794914894,223.0,0.5594549963410979,1.0027424304386878,0.6463768115942029,-0.5361442565917969,0.38382720947265625,-3.1794166564941406,0.35794830322265625,30.279811322689056,-14.693117499351501,-173.57651652618526,1.2130044077577327,path_segment_001,SUPPORTED,,-0.5361442565917969,0.38382720947265625,-2.9549165392673444,0.25518159137956786,52.0441812723291,-35.04112446312163,-175.06427894630713,1.1244458477766508,path_segment_001,SUPPORTED,,-0.5361442565917969,0.38382720947265625,-3.1794166564941406,0.35794830322265625,30.279811322689056,-14.693117499351501,-173.57651652618526,1.2130044077577327,path_segment_001,SUPPORTED,,SUPPORTED,
114,114,3800.0,VALID_TARGET,HUMAN_ACCEPTED_TARGET: operator reviewed the raw skeleton and confirmed that it belongs to the documented athlete.,1.0,251.69359588623047,239.38970947265625,254.2863311767578,233.48896026611328,SUPPORTED,188.0,190.0,90.5,24.0,195.0,332.0,SUPPORTED,translation_median_sparse_flow,1.158782958984375,0.02880859375,347.0,0.8555667996406555,,,SUPPORTED,partial_affine_ransac_sparse_flow,-1.4792211113815679,-0.11476369201216599,319.0,0.8858264280143369,1.0043270430029119,0.9193083573487032,-0.5361442565917969,0.38382720947265625,-1.6949272155761719,0.35501861572265625,28.584884107112885,-14.338098883628845,-168.16988416977952,0.6565304117908994,path_segment_001,SUPPORTED,,-0.5361442565917969,0.38382720947265625,-0.4746153064873795,-0.16518153795436774,51.56956596584172,-35.206306001076,160.8104439238812,0.19052368483558588,path_segment_001,SUPPORTED,,-0.5361442565917969,0.38382720947265625,-1.6949272155761719,0.35501861572265625,28.584884107112885,-14.338098883628845,-168.16988416977952,0.6565304117908994,path_segment_001,SUPPORTED,,SUPPORTED,
115,115,3833.3333333333335,TARGET_IDENTITY_UNCERTAIN,TARGET_OVERLAP_AMBIGUOUS: another detected person overlaps or is too close to the selected pose for automated identity acceptance.,,254.21395111083984,238.86656188964844,,,,188.0,190.0,90.5,24.0,195.0,332.0,,,,,,,,,,,,,,,,,,,,,,,,,,,,,,,,,,,,,,,,,,,,,,,,,,,
116,116,3866.6666666666665,TARGET_IDENTITY_UNCERTAIN,TARGET_OVERLAP_AMBIGUOUS: another detected person overlaps or is too close to the selected pose for automated identity acceptance.,,255.43258666992188,240.83728790283203,,,,188.0,190.0,90.5,24.0,195.0,332.0,,,,,,,,,,,,,,,,,,,,,,,,,,,,,,,,,,,,,,,,,,,,,,,,,,,
117,117,3900.0,TARGET_IDENTITY_UNCERTAIN,TARGET_OVERLAP_AMBIGUOUS: another detected person overlaps or is too close to the selected pose for automated identity acceptance.,,255.32543182373047,235.23682403564453,,,,188.0,190.0,90.5,24.0,195.0,332.0,,,,,,,,,,,,,,,,,,,,,,,,,,,,,,,,,,,,,,,,,,,,,,,,,,,
118,118,3933.333333333333,TARGET_IDENTITY_UNCERTAIN,TARGET_OVERLAP_AMBIGUOUS: another detected person overlaps or is too close to the selected pose for automated identity acceptance.,,254.37158966064453,237.0792007446289,,,,188.0,190.0,90.5,24.0,195.0,332.0,,,,,,,,,,,,,,,,,,,,,,,,,,,,,,,,,,,,,,,,,,,,,,,,,,,
119,119,3966.666666666667,TARGET_IDENTITY_UNCERTAIN,TARGET_OVERLAP_AMBIGUOUS: another detected person overlaps or is too close to the selected pose for automated identity acceptance.,,255.48934173583984,244.32052612304688,,,,188.0,190.0,90.5,24.0,195.0,332.0,,,,,,,,,,,,,,,,,,,,,,,,,,,,,,,,,,,,,,,,,,,,,,,,,,,
120,120,4000.0,TARGET_IDENTITY_UNCERTAIN,TARGET_OVERLAP_AMBIGUOUS: another detected person overlaps or is too close to the selected pose for automated identity acceptance.,,254.26986694335935,248.71215057373047,,,,188.0,190.0,90.5,24.0,195.0,332.0,,,,,,,,,,,,,,,,,,,,,,,,,,,,,,,,,,,,,,,,,,,,,,,,,,,
121,121,4033.333333333333,TARGET_IDENTITY_UNCERTAIN,TARGET_OVERLAP_AMBIGUOUS: another detected person overlaps or is too close to the selected pose for automated identity acceptance.,,251.43898010253903,250.09066772460935,,,,188.0,190.0,90.5,24.0,195.0,332.0,,,,,,,,,,,,,,,,,,,,,,,,,,,,,,,,,,,,,,,,,,,,,,,,,,,
122,122,4066.6666666666665,TARGET_IDENTITY_UNCERTAIN,TARGET_OVERLAP_AMBIGUOUS: another detected person overlaps or is too close to the selected pose for automated identity acceptance.,,255.1724319458008,257.7124786376953,,,,188.0,190.0,90.5,24.0,195.0,332.0,,,,,,,,,,,,,,,,,,,,,,,,,,,,,,,,,,,,,,,,,,,,,,,,,,,
123,123,4100.0,TARGET_IDENTITY_UNCERTAIN,TARGET_OVERLAP_AMBIGUOUS: another detected person overlaps or is too close to the selected pose for automated identity acceptance.,,254.01636505126953,263.4748992919922,,,,188.0,190.0,90.5,24.0,195.0,332.0,,,,,,,,,,,,,,,,,,,,,,,,,,,,,,,,,,,,,,,,,,,,,,,,,,,
