frame_index,source_frame_index,analysis_frame_index,timestamp_ms,observed_landmark_count,observed_fraction,median_confidence,core_observed_count,lower_limb_observed_count,core_median_confidence,lower_limb_median_confidence,human_target_unavailable,human_target_unavailable_reason,human_target_unavailable_note,human_target_unavailable_start_frame,human_target_unavailable_end_frame,human_target_accepted,human_target_accepted_note,human_target_accepted_start_frame,human_target_accepted_end_frame,pelvis_x,pelvis_y,shoulder_mid_x,shoulder_mid_y,body_scale_px,backend_pose_count,selected_pose_index,multiple_pose_candidates,competing_pose_count,competing_pose_max_iou,competing_pose_min_center_distance_fraction,pose_bbox_x,pose_bbox_y,pose_bbox_width,pose_bbox_height,pose_centroid_x,pose_centroid_y,roi_center_x,roi_center_y,roi_pose_centroid_distance_px,roi_pose_centroid_distance_fraction,pose_roi_overlap_fraction,pose_scale_px,pose_scale_relative_change,pose_centroid_consistent_with_roi,pelvis_jump_px,shoulder_jump_px,body_scale_reference_px,body_scale_relative_change,identity_jump_flag,competing_pose_proximity_flag,target_overlap_ambiguous_flag,identity_uncertain_flag,frame_status,frame_rejection_reason,valid_target_frame,valid_segment_id,automatic_frame_status,automatic_frame_rejection_reason,manual_review_decision,manual_override_applied
9,9,0,180.0,17,1.0,0.8297942876815796,4,6,0.9491160213947296,0.8564648330211639,False,,,,,False,,,,488.8286247253418,377.1695785522461,520.3933944702148,260.84388732910156,120.53215806410013,2,0,True,1,0.0,0.40756649580729204,429.2996139526367,206.13559341430664,143.61922454833984,286.2807273864746,501.10922622680664,349.27595710754395,485.0,365.71428571428567,23.015773222067907,0.043799413170610466,1.0,320.28602300568076,,True,,,131.9901411569478,,False,True,True,False,TARGET_IDENTITY_UNCERTAIN,TARGET_OVERLAP_AMBIGUOUS: another detected person overlaps or is too close to the selected pose for automated identity acceptance.,False,,TARGET_IDENTITY_UNCERTAIN,TARGET_OVERLAP_AMBIGUOUS: another detected person overlaps or is too close to the selected pose for automated identity acceptance.,NOT_REVIEWED,False
10,10,1,200.0,17,1.0,0.7595320343971252,4,6,0.8740303218364716,0.7798330783843994,False,,,,,False,,,,494.8234100341797,369.7140350341797,520.3515472412109,254.95878219604492,117.56042634834756,1,0,False,0,0.0,,428.9034194946289,205.26520538330078,138.68213653564453,256.17882537841797,498.2444877624512,333.35461807250977,494.71428571428567,364.42857142857144,31.273837367287832,0.059186151501010045,1.0,291.3079565792138,0.21954720384766857,True,9.566743440107539,5.885253912764081,131.9901411569478,0.022514800648776638,False,False,False,False,INVALID_TRACK_SEGMENT,Valid-looking pose segment is too short to establish target identity continuity.,False,,INVALID_TRACK_SEGMENT,Valid-looking pose segment is too short to establish target identity continuity.,NOT_REVIEWED,False
11,11,2,220.0,17,1.0,0.5912238955497742,4,6,0.9000558853149414,0.7497296929359436,False,,,,,False,,,,524.0509414672852,373.60984802246094,566.8339538574219,252.88727188110352,128.07937593297538,1,0,False,0,0.0,,457.7678680419922,204.57769775390625,155.32574462890625,266.48602294921875,535.4307403564453,337.8207092285156,504.42857142857144,363.1428571428571,40.02930992695498,0.07533995635910319,1.0,308.4491649718244,0.12986733889638188,True,29.486029785524348,46.528542635888336,131.9901411569478,0.079694964278581,False,False,False,False,INVALID_TRACK_SEGMENT,Valid-looking pose segment is too short to establish target identity continuity.,False,,INVALID_TRACK_SEGMENT,Valid-looking pose segment is too short to establish target identity continuity.,NOT_REVIEWED,False
12,12,3,240.0,17,1.0,0.8065938353538513,4,6,0.9548088610172272,0.8709123730659485,False,,,,,False,,,,529.2802734375,373.36216735839844,562.1719512939453,259.5213088989258,118.49727223443526,2,0,True,1,0.48931654261237767,0.1610809504702062,455.07918548583984,204.40956115722656,155.62793731689453,278.7967071533203,532.8931541442871,343.8079147338867,514.1428571428571,361.8571428571428,26.02591542073347,0.0487162248342173,1.0,319.29243460039186,0.08215211782881456,True,5.235194224292113,8.108311479938235,131.9901411569478,0.07259711683425027,False,True,True,False,TARGET_IDENTITY_UNCERTAIN,TARGET_OVERLAP_AMBIGUOUS: another detected person overlaps or is too close to the selected pose for automated identity acceptance.,False,,TARGET_IDENTITY_UNCERTAIN,TARGET_OVERLAP_AMBIGUOUS: another detected person overlaps or is too close to the selected pose for automated identity acceptance.,NOT_REVIEWED,False
13,13,4,260.0,17,1.0,0.7878057360649109,4,6,0.9497666358947754,0.8602805733680725,False,,,,,False,,,,528.3252258300781,379.27074432373047,560.471435546875,259.8649673461914,123.65726171465258,1,0,False,0,0.0,,457.15702056884766,207.98451232910156,156.29280853271484,287.1140899658203,535.3034248352051,351.5415573120117,523.8571428571429,360.57142857142856,14.579298545641812,0.027141666069902995,1.0,326.89744975442227,0.05761805455596403,True,5.985265047405547,1.7348933495783316,131.9901411569478,0.03909374923754071,False,False,False,False,INVALID_TRACK_SEGMENT,Valid-looking pose segment is too short to establish target identity continuity.,False,,INVALID_TRACK_SEGMENT,Valid-looking pose segment is too short to establish target identity continuity.,NOT_REVIEWED,False
14,14,5,280.0,17,1.0,0.8250666856765747,4,6,0.9479638338088989,0.6730328500270844,False,,,,,False,,,,563.5634078979492,379.14251708984375,596.3498306274414,242.1665916442871,140.84514072932603,2,1,True,1,0.4550738498375446,0.16145084957107303,475.73443603515625,206.92381286621094,154.90113830566406,271.23448181152344,553.1850051879883,342.54105377197266,533.5714285714286,359.2857142857142,25.78906829286615,0.04775068343197308,1.0,312.3499748230438,0.11021637528275886,True,35.23841536834399,40.00614622833557,131.9901411569478,0.13022093062417114,False,True,True,False,TARGET_IDENTITY_UNCERTAIN,TARGET_OVERLAP_AMBIGUOUS: another detected person overlaps or is too close to the selected pose for automated identity acceptance.,False,,TARGET_IDENTITY_UNCERTAIN,TARGET_OVERLAP_AMBIGUOUS: another detected person overlaps or is too close to the selected pose for automated identity acceptance.,NOT_REVIEWED,False
15,15,6,300.0,17,1.0,0.7810280323028564,4,6,0.9085503816604614,0.7328604161739349,False,,,,,False,,,,573.3891754150391,347.32281494140625,600.3378524780273,242.31444931030273,108.41119890472918,3,1,True,2,0.4399714053301882,0.22762596182309253,495.5199279785156,211.31776428222656,145.45346069335938,263.38526916503906,568.2466583251953,343.0103988647461,551.6071428571429,364.2857142857142,27.0094894670973,0.048484259147074805,1.0,300.87955936024423,0.08690357751159793,True,33.30223944594682,3.9907618533496176,131.9901411569478,0.24573003362448162,False,True,True,False,TARGET_IDENTITY_UNCERTAIN,TARGET_OVERLAP_AMBIGUOUS: another detected person overlaps or is too close to the selected pose for automated identity acceptance.,False,,TARGET_IDENTITY_UNCERTAIN,TARGET_OVERLAP_AMBIGUOUS: another detected person overlaps or is too close to the selected pose for automated identity acceptance.,NOT_REVIEWED,False
16,16,7,320.0,17,1.0,0.6986734867095947,4,6,0.962890625,0.9012982547283173,False,,,,,False,,,,596.8399505615234,369.7891311645508,616.3096084594727,234.32565689086914,136.85547282063507,3,2,True,2,0.43900876264921207,0.23105030301816298,508.42061614990234,191.65533065795898,140.99217987060547,296.33411026000977,578.9167060852051,339.82238578796387,569.6428571428571,369.2857142857142,30.88837969806504,0.053798679007301266,1.0,328.16565891064346,0.20672831554861112,True,32.475748176282195,17.85826960966918,131.9901411569478,0.21550301913900655,False,True,True,False,TARGET_IDENTITY_UNCERTAIN,TARGET_OVERLAP_AMBIGUOUS: another detected person overlaps or is too close to the selected pose for automated identity acceptance.,False,,TARGET_IDENTITY_UNCERTAIN,TARGET_OVERLAP_AMBIGUOUS: another detected person overlaps or is too close to the selected pose for automated identity acceptance.,NOT_REVIEWED,False
17,17,8,340.0,17,1.0,0.7515702247619629,4,6,0.9713055491447449,0.9439228475093842,False,,,,,False,,,,600.4737930297852,351.7781753540039,620.726806640625,222.9048728942871,130.45502154840383,3,0,True,2,0.34242905070890195,0.24400269044824263,500.8382110595703,185.77435684204102,147.67112731933594,328.19067001342773,574.6737747192383,349.8696918487549,587.6785714285713,374.2857142857142,27.66345764891261,0.046785590375909354,1.0,359.88314454503995,0.2403019297985418,True,18.37387657228639,12.245241805213967,131.9901411569478,0.048491888986015565,False,True,True,False,TARGET_IDENTITY_UNCERTAIN,TARGET_OVERLAP_AMBIGUOUS: another detected person overlaps or is too close to the selected pose for automated identity acceptance.,False,,TARGET_IDENTITY_UNCERTAIN,TARGET_OVERLAP_AMBIGUOUS: another detected person overlaps or is too close to the selected pose for automated identity acceptance.,NOT_REVIEWED,False
18,18,9,360.0,17,1.0,0.7907934188842773,4,6,0.9893824756145477,0.9321347177028656,False,,,,,False,,,,622.9235687255859,346.54061126708984,657.3256988525391,237.53614807128906,114.30432867514905,1,0,False,0,0.0,,520.7404861450195,207.47315216064453,183.51567840576172,306.20336151123047,612.4983253479004,360.57483291625977,605.7142857142857,379.2857142857142,19.902770545133993,0.032709310445265934,1.0,356.98529776659467,0.021955024466558393,True,23.05264640678591,39.41513826494152,131.9901411569478,0.12236287295162598,False,False,False,False,INVALID_TRACK_SEGMENT,Valid-looking pose segment is too short to establish target identity continuity.,False,,INVALID_TRACK_SEGMENT,Valid-looking pose segment is too short to establish target identity continuity.,NOT_REVIEWED,False
19,19,10,380.0,17,1.0,0.8707323670387268,4,6,0.9484753608703613,0.8483835756778717,False,,,,,False,,,,642.1644668579102,359.7107238769531,674.2557983398438,256.02956771850586,108.53403014094552,1,0,False,0,0.0,,536.8567504882812,217.13025665283203,199.1812744140625,283.90550994873047,636.4473876953125,359.08301162719727,627.1428571428571,374.04761904761904,17.621400740262338,0.02958867522903459,1.0,346.80761043618804,0.07710945106350381,True,23.31660410726565,25.072591387770405,131.9901411569478,0.04371764802753067,False,False,False,False,INVALID_TRACK_SEGMENT,Valid-looking pose segment is too short to establish target identity continuity.,False,,INVALID_TRACK_SEGMENT,Valid-looking pose segment is too short to establish target identity continuity.,NOT_REVIEWED,False
20,20,11,400.0,17,1.0,0.6592053174972534,4,6,0.8874687552452087,0.9190047979354858,False,,,,,False,,,,664.3364562988281,321.19664764404297,683.6033706665039,232.29685974121094,90.96365361186781,1,0,False,0,0.0,,550.2012786865234,202.70995330810547,155.10220336914062,281.71939849853516,627.7523803710938,343.56965255737305,648.5714285714287,368.80952380952374,32.71824978193381,0.056134064735803624,1.0,321.5937079302683,0.1910286805128742,True,44.440197837572605,25.5072251791076,131.9901411569478,0.13311885550743516,False,False,False,False,INVALID_TRACK_SEGMENT,Valid-looking pose segment is too short to establish target identity continuity.,False,,INVALID_TRACK_SEGMENT,Valid-looking pose segment is too short to establish target identity continuity.,NOT_REVIEWED,False
21,21,12,420.0,17,1.0,0.9231945276260376,4,6,0.9798712134361267,0.8645180463790894,False,,,,,False,,,,657.430534362793,386.18617248535156,693.3991012573242,263.47925567626953,127.86995439600871,2,0,True,1,0.029105677662223446,0.3825248024649402,578.3937301635742,226.03941345214844,184.3185806274414,293.6200714111328,670.5530204772949,372.84944915771484,670.0,363.57142857142856,9.294487487100065,0.016293790214373112,1.0,346.6786487512511,0.19005162507671405,True,65.35541367695318,32.68483064142587,131.9901411569478,0.2796140716317295,False,True,True,False,TARGET_IDENTITY_UNCERTAIN,TARGET_OVERLAP_AMBIGUOUS: another detected person overlaps or is too close to the selected pose for automated identity acceptance.,False,,TARGET_IDENTITY_UNCERTAIN,TARGET_OVERLAP_AMBIGUOUS: another detected person overlaps or is too close to the selected pose for automated identity acceptance.,NOT_REVIEWED,False
22,22,13,440.0,17,1.0,0.9735293984413147,4,6,0.9944644868373871,0.9799231588840485,False,,,,,False,,,,657.9258651733398,359.4735412597656,695.6660842895508,260.8819694519043,105.56809257765478,2,0,True,1,0.02679658722525218,0.340701748899283,579.4442977905273,227.5282974243164,181.46074676513672,275.7365951538086,670.1746711730957,365.3965950012207,681.25,367.1428571428571,11.212151447932278,0.019524458553817323,1.0,330.0888857922611,0.12568940993299874,True,26.717223276493872,3.447478469792169,131.9901411569478,0.16896611839997253,False,True,True,False,TARGET_IDENTITY_UNCERTAIN,TARGET_OVERLAP_AMBIGUOUS: another detected person overlaps or is too close to the selected pose for automated identity acceptance.,False,,TARGET_IDENTITY_UNCERTAIN,TARGET_OVERLAP_AMBIGUOUS: another detected person overlaps or is too close to the selected pose for automated identity acceptance.,NOT_REVIEWED,False
23,23,14,460.0,17,1.0,0.9449617862701416,4,6,0.9968259632587433,0.9612057209014893,False,,,,,True,,23.0,25.0,677.2990074157715,396.90440368652344,722.0844421386719,273.1014099121094,131.6545344104288,2,0,True,1,0.026601018970652413,0.32299000173267006,601.9667282104492,230.4976348876953,218.81916046142578,292.4847869873047,711.3763084411621,376.74002838134766,692.5,370.71428571428567,19.81475700218247,0.034275714955587344,1.0,365.27958552874566,0.26661612320453326,True,42.147219390564295,29.107462215121313,131.9901411569478,0.1976393206652833,False,True,True,False,VALID_TARGET,HUMAN_ACCEPTED_TARGET: operator reviewed the raw skeleton and confirmed that it belongs to the documented athlete.,True,1,TARGET_IDENTITY_UNCERTAIN,TARGET_OVERLAP_AMBIGUOUS: another detected person overlaps or is too close to the selected pose for automated identity acceptance.,ACCEPTED,True
24,24,15,480.0,17,1.0,0.9217413663864136,4,6,0.9932006597518921,0.9501562714576721,False,,,,,True,,23.0,25.0,669.5487861633301,395.6321716308594,714.8707885742188,270.3722229003906,133.2071269057788,2,0,True,1,0.019838434231850433,0.31590702646235364,587.9237289428711,232.49844360351562,221.38739776611328,294.20068359375,698.6174278259277,379.5987854003906,703.75,374.2857142857142,7.387287850873937,0.012694184908536455,1.0,368.19345746045116,0.022076436210797384,True,7.853948297846991,7.712668765925423,131.9901411569478,0.01176294291180312,False,True,True,False,VALID_TARGET,HUMAN_ACCEPTED_TARGET: operator reviewed the raw skeleton and confirmed that it belongs to the documented athlete.,True,1,TARGET_IDENTITY_UNCERTAIN,TARGET_OVERLAP_AMBIGUOUS: another detected person overlaps or is too close to the selected pose for automated identity acceptance.,ACCEPTED,True
25,25,16,500.0,17,1.0,0.9677063822746277,4,6,0.9955289363861084,0.9736753106117249,False,,,,,True,,23.0,25.0,689.0909004211426,382.9669189453125,734.3444213867188,265.82508087158203,125.57902447094392,1,0,False,0,0.0,,614.3784103393555,232.44090270996094,227.78376007080078,297.3272247314453,728.2702903747559,381.1045150756836,715.0,377.8571428571429,13.661845883923885,0.023321981316002896,1.0,374.5516251713447,0.048171535049221115,True,23.287396918808916,19.99747172885198,131.9901411569478,0.05779297126263701,False,False,False,False,VALID_TARGET,,True,1,VALID_TARGET,,ACCEPTED,False
26,26,17,520.0,17,1.0,0.8924358487129211,4,6,0.982006847858429,0.9875347912311554,False,,,,,False,,,,685.5482368469238,391.0511474609375,730.5049438476562,271.42003631591797,127.79948457697989,1,0,False,0,0.0,,586.1445446014404,236.75918579101562,238.50923347473145,310.3493957519531,705.3991613388062,391.9338836669922,715.0751879699249,378.2330827067669,16.773116535630134,0.028662232554310392,1.0,391.41206151101983,0.12774011901105997,True,8.826393141761859,6.785655030803569,131.9901411569478,0.01682292394396072,False,False,False,False,VALID_TARGET,,True,1,VALID_TARGET,,NOT_REVIEWED,False
27,27,18,540.0,17,1.0,0.9372817873954773,4,6,0.9939106404781342,0.9957045614719391,False,,,,,False,,,,708.8700180053711,396.72412109375,756.9298706054688,276.1977767944336,129.7549579095168,1,0,False,0,0.0,,584.0098724365234,241.13697814941406,257.47178649902344,314.06114196777344,712.7457656860352,398.1675491333008,715.1503759398496,378.609022556391,19.705788802593936,0.03370673200045964,1.0,406.110972194917,0.11136370152388034,True,24.001835476502453,26.853371450076835,131.9901411569478,0.014815298441204657,False,False,False,False,VALID_TARGET,,True,1,VALID_TARGET,,NOT_REVIEWED,False
28,28,19,560.0,17,1.0,0.9259011745452881,4,6,0.99341681599617,0.9945521056652069,False,,,,,False,,,,708.3948097229004,397.6660919189453,755.5870361328125,276.0694046020508,130.43335692976328,1,0,False,0,0.0,,585.7904186248779,238.46510314941406,250.25041389465332,315.34950256347656,710.9156255722046,396.13985443115234,715.2255639097745,378.9849624060151,17.688015402180437,0.03028410937968917,1.0,402.5799031515078,0.026752521153913068,True,1.0550506846819698,1.348956574812977,131.9901411569478,0.005139770397243518,False,False,False,False,VALID_TARGET,,True,1,VALID_TARGET,,NOT_REVIEWED,False
29,29,20,580.0,17,1.0,0.9577295184135437,4,6,0.9947851598262787,0.99204021692276,False,,,,,False,,,,719.8310699462891,396.1623229980469,762.3899078369141,277.91778564453125,125.6703039566128,1,0,False,0,0.0,,583.5125503540039,236.41498565673828,261.9829635620117,318.19332122802734,714.5040321350098,395.51164627075195,715.3007518796992,379.3609022556391,16.170383254372247,0.027711185603601033,1.0,412.16751797158514,0.07263887087352117,True,11.534702807810957,7.049508912021239,131.9901411569478,0.03608642987574953,False,False,False,False,VALID_TARGET,,True,1,VALID_TARGET,,NOT_REVIEWED,False
30,30,21,600.0,17,1.0,0.9644111394882202,4,6,0.9930635690689087,0.9918712079524994,False,,,,,False,,,,720.08935546875,400.3471374511719,765.8708572387695,276.30313873291016,132.22276476588445,1,0,False,0,0.0,,596.5159759521484,238.91001892089844,253.27565002441406,310.38829040527344,723.1538009643555,394.10416412353516,715.375939849624,379.7368421052631,16.337535478057134,0.02802248058601195,1.0,400.6113399742921,0.0875533422117622,True,4.192777530253282,3.8371986380021403,131.9901411569478,0.04964356240425717,False,False,False,False,VALID_TARGET,,True,1,VALID_TARGET,,NOT_REVIEWED,False
31,31,22,620.0,17,1.0,0.9730719327926636,4,6,0.9963652491569519,0.9969280064105988,False,,,,,False,,,,728.2115707397461,397.4098815917969,774.0137100219727,283.6916046142578,122.59560547413098,1,0,False,0,0.0,,595.3976993560791,240.99942779541016,247.6189022064209,320.1313705444336,719.2071504592896,401.06511306762695,715.4511278195489,380.1127819548872,21.28633094565913,0.03654198636560343,1.0,404.7211572633317,0.03113730505184221,True,8.63700485653649,10.995248043075575,131.9901411569478,0.07293847258111452,False,False,False,False,VALID_TARGET,,True,1,VALID_TARGET,,NOT_REVIEWED,False
32,32,23,640.0,17,1.0,0.9776951670646667,4,6,0.9960520267486572,0.9951243698596954,False,,,,,False,,,,728.763557434082,400.1285095214844,774.7102813720703,280.9615707397461,127.71789514098745,1,0,False,0,0.0,,606.2005786895752,237.33941650390625,247.02213859558105,316.35162353515625,729.7116479873657,395.5152282714844,715.5263157894738,380.4887218045113,20.664451267007674,0.03550361066672874,1.0,401.3705104634167,0.02538558388183554,True,2.7740993368660862,2.817498287800427,131.9901411569478,0.038808123257975946,False,False,False,False,VALID_TARGET,,True,1,VALID_TARGET,,NOT_REVIEWED,False
33,33,24,660.0,17,1.0,0.9609339237213135,4,6,0.9981798529624939,0.9954731166362762,False,,,,,False,,,,730.4459457397461,389.2308654785156,780.942756652832,281.69532012939453,118.80160531712033,1,0,False,0,0.0,,606.0562610626221,249.22140502929688,227.71809196472168,305.954345703125,719.9153070449829,402.1985778808594,715.6015037593986,380.8646616541354,21.765681251814645,0.0374252008234655,1.0,381.3968944061825,0.15132657547114658,True,11.026743676094384,6.275518806609962,131.9901411569478,0.06755269557038257,False,False,False,False,VALID_TARGET,,True,1,VALID_TARGET,,NOT_REVIEWED,False
34,34,25,680.0,17,1.0,0.9691437482833862,4,6,0.9982025921344757,0.9943394958972931,False,,,,,False,,,,729.0940093994141,391.6129150390625,780.2425231933594,283.1076889038086,119.95646944617869,1,0,False,0,0.0,,614.8234748840332,248.4795379638672,219.09820175170898,309.8061065673828,724.3725757598877,403.3825912475586,715.6766917293234,381.2406015037594,23.78836078605526,0.04093412190200386,1.0,379.4520334340997,0.014734895765966538,True,2.738958191943047,1.5764239444720842,131.9901411569478,0.00874962416840754,False,False,False,False,VALID_TARGET,,True,1,VALID_TARGET,,NOT_REVIEWED,False
35,35,26,700.0,17,1.0,0.9542725086212158,4,6,0.9978346228599548,0.995224803686142,False,,,,,False,,,,733.8757247924805,406.6549377441406,771.5143508911133,291.98938751220703,120.68493934449637,1,0,False,0,0.0,,619.8523292541504,253.62940979003906,204.85575485229492,291.44285583496094,722.2802066802979,399.35083770751953,715.7518796992481,381.6165413533834,18.897733206599884,0.032542098510259396,1.0,356.2370257473827,0.17588440684454099,True,15.783765366995736,12.452532349210044,131.9901411569478,0.005519123564323411,False,False,False,False,VALID_TARGET,,True,1,VALID_TARGET,,NOT_REVIEWED,False
36,36,27,720.0,17,1.0,0.9512980580329895,4,6,0.9984640181064606,0.9963163137435913,False,,,,,False,,,,730.5768814086914,413.70799255371094,769.8816070556641,295.3586120605469,124.70540213358647,1,0,False,0,0.0,,637.2762794494629,256.4291076660156,179.80102157592773,294.4126892089844,727.1767902374268,403.6354522705078,715.827067669173,381.9924812030075,24.43837963132959,0.042112290070058046,1.0,344.9742583541753,0.08533036857514227,True,7.786395174762952,3.7439987298786908,131.9901411569478,0.030460326459605967,False,False,False,False,VALID_TARGET,,True,1,VALID_TARGET,,NOT_REVIEWED,False
37,37,28,740.0,17,1.0,0.9522200226783752,4,6,0.9983202517032623,0.9965334236621857,False,,,,,False,,,,730.064338684082,411.5416259765625,769.241828918457,293.95692443847656,123.93965377095942,1,0,False,0,0.0,,637.7786750793457,256.98785400390625,177.49700546264648,294.8957824707031,726.527177810669,404.4357452392578,715.9022556390978,382.36842105263156,24.491953125661578,0.04223243787442425,1.0,344.1928376175411,0.005920296241709427,True,2.226172542983998,1.5407933848226458,131.9901411569478,0.005801557267193985,False,False,False,False,VALID_TARGET,,True,1,VALID_TARGET,,NOT_REVIEWED,False
38,38,29,760.0,17,1.0,0.9512341618537903,4,6,0.9932522475719452,0.9772688448429108,False,,,,,False,,,,726.6696014404297,399.0612335205078,766.6026458740234,289.5760040283203,116.54039434759235,1,0,False,0,0.0,,688.6093521118164,256.9061584472656,122.0684585571289,311.87017822265625,749.6435813903809,412.84124755859375,715.9774436090227,382.7443609022556,45.15785003205821,0.07791622127303942,1.0,334.90851980674495,0.07034099463350288,True,12.93384849186765,5.11446485784675,131.9901411569478,0.05605918259128691,False,False,False,False,VALID_TARGET,,True,1,VALID_TARGET,,NOT_REVIEWED,False
39,39,30,780.0,17,1.0,0.9119152426719666,4,6,0.9937150180339813,0.9793916046619415,False,,,,,False,,,,726.6732864379883,404.6285095214844,767.0340728759766,291.7059097290039,119.91875010099801,1,0,False,0,0.0,,687.9967193603516,257.37815856933594,123.67453002929688,313.3388214111328,749.833984375,414.04756927490234,716.0526315789473,383.12030075187965,45.80039011871546,0.07907173237854946,1.0,336.8628895875668,0.014806937576481275,True,5.567277220532187,2.1731607284825327,131.9901411569478,0.025595515875602385,False,False,False,False,VALID_TARGET,,True,1,VALID_TARGET,,NOT_REVIEWED,False
40,40,31,800.0,17,1.0,0.9456117749214172,4,6,0.9953557252883911,0.9806043803691864,False,,,,,False,,,,708.8495635986328,402.2124938964844,756.8016738891602,292.32347869873047,119.89579034497869,1,0,False,0,0.0,,663.4274826049805,258.29490661621094,140.69901275634766,282.0253143310547,733.7769889831543,399.3075637817383,716.1278195488721,383.4962406015037,23.69580389921015,0.0409323313735872,1.0,315.1737459150763,0.16432396755072953,True,17.986723641464167,10.251018508312749,131.9901411569478,0.00017395053765430313,False,False,False,False,VALID_TARGET,,True,1,VALID_TARGET,,NOT_REVIEWED,False
41,41,32,820.0,17,1.0,0.9394624829292297,4,6,0.9936815798282623,0.9606902301311493,False,,,,,False,,,,708.4049606323242,398.0479736328125,756.208610534668,294.4029083251953,114.1380239298284,1,0,False,0,0.0,,688.2681198120117,260.5247344970703,119.14214324951172,283.40879821777344,747.8391914367676,402.22913360595703,716.203007518797,383.8721804511278,36.57630191832213,0.06321545133614015,1.0,307.4335655151041,0.058642110176763095,True,4.188185863137411,2.1623486568685553,131.9901411569478,0.04362270064022281,False,False,False,False,VALID_TARGET,,True,1,VALID_TARGET,,NOT_REVIEWED,False
42,42,33,840.0,17,1.0,0.8846438527107239,4,6,0.991049736738205,0.9743046164512634,False,,,,,False,,,,708.3230819702148,404.6374206542969,747.3930969238281,287.2206344604492,123.7463847898891,1,0,False,0,0.0,,642.093635559082,252.1316375732422,152.9628677368164,297.2140350341797,718.5750694274902,400.73865509033203,716.2781954887218,384.24812030075185,16.649725749601632,0.028790178662674464,1.0,334.2660938946237,0.20329191365598573,True,6.58995570275386,11.370942708989318,131.9901411569478,0.07279604958248752,False,False,False,False,VALID_TARGET,,True,1,VALID_TARGET,,NOT_REVIEWED,False
43,43,34,860.0,17,1.0,0.9199867844581604,4,6,0.9924615025520325,0.9756641983985901,False,,,,,False,,,,708.9283103942871,406.5156555175781,747.3883209228516,290.8507385253906,121.89153142309318,1,0,False,0,0.0,,643.3100624084473,254.15541076660156,152.69926071166992,297.03981018066406,719.6596927642822,402.6753158569336,716.3533834586466,384.6240601503759,18.351553444002082,0.0317474832398741,1.0,333.9905882716689,0.0020873197084255515,True,1.973339212337842,3.6301072067487827,131.9901411569478,0.014052969036455074,False,False,False,False,VALID_TARGET,,True,1,VALID_TARGET,,NOT_REVIEWED,False
44,44,35,880.0,17,1.0,0.94019615650177,4,6,0.9957003593444824,0.9881913661956787,False,,,,,False,,,,689.4184188842773,402.4249267578125,735.3281173706055,293.1603317260742,118.51772923303638,1,0,False,0,0.0,,620.4157867431641,254.837158203125,189.05711364746094,325.61541748046875,714.9443435668945,417.6448669433594,716.4285714285714,385.0,32.67859039332963,0.05655673188988366,1.0,376.5209055572996,0.32222343966628875,True,19.934139773722986,12.279361973419189,131.9901411569478,0.02556101660687719,False,False,False,False,VALID_TARGET,,True,1,VALID_TARGET,,NOT_REVIEWED,False
45,45,36,900.0,17,1.0,0.9101774096488953,4,6,0.9903662502765656,0.984436422586441,False,,,,,False,,,,692.9340858459473,402.0123291015625,739.7762145996094,290.4209518432617,121.0240492818641,1,0,False,0,0.0,,624.3711090087891,252.8880386352539,182.31515502929688,325.59362030029297,715.5286865234375,415.6848487854004,704.5238095238095,389.2857142857142,28.601077254352877,0.050562099407700525,1.0,373.16219172580696,0.025446702322250315,True,3.5397953346656092,5.2239612461263585,131.9901411569478,0.018988691328449176,False,False,False,False,VALID_TARGET,,True,1,VALID_TARGET,,NOT_REVIEWED,False
46,46,37,920.0,17,1.0,0.9124904870986938,4,6,0.9878962934017181,0.9449106454849243,False,,,,,False,,,,675.1365661621094,397.013916015625,726.0999450683594,285.27745056152344,122.81003094909487,1,0,False,0,0.0,,648.9410934448242,255.78712463378906,140.87738800048828,287.6470184326172,719.3797874450684,399.61063385009766,692.6190476190477,393.57142857142856,27.433723707033877,0.04954598672282434,1.0,320.2924377237379,0.40055835639422716,True,18.486098568228734,14.611500734922489,131.9901411569478,0.013531174764841591,False,False,False,False,VALID_TARGET,,True,1,VALID_TARGET,,NOT_REVIEWED,False
47,47,38,940.0,17,1.0,0.8996487259864807,4,6,0.9824530482292175,0.9779265820980072,False,,,,,True,,47.0,56.0,682.3536071777344,406.8085479736328,734.6976089477539,293.9229278564453,124.43093566529899,2,1,True,1,0.6750988308830211,0.08166350678554579,621.7325592041016,255.30078887939453,169.5036163330078,293.13704681396484,706.4843673706055,401.86931228637695,680.7142857142858,397.8571428571429,26.080540870585196,0.04812499042338329,1.0,338.61601285937456,0.1388253317635922,True,12.166367420641278,12.192788927889103,131.9901411569478,0.012280498391745227,False,True,True,False,VALID_TARGET,HUMAN_ACCEPTED_TARGET: operator reviewed the raw skeleton and confirmed that it belongs to the documented athlete.,True,1,TARGET_IDENTITY_UNCERTAIN,TARGET_OVERLAP_AMBIGUOUS: another detected person overlaps or is too close to the selected pose for automated identity acceptance.,ACCEPTED,True
48,48,39,960.0,17,1.0,0.8379184603691101,4,6,0.941710352897644,0.9559779465198517,False,,,,,True,,47.0,56.0,715.8967132568359,415.74048614501953,756.4507522583008,288.883602142334,133.18145177990496,4,3,True,3,0.6031489704627083,0.09715772574593218,620.9607543945312,255.0901107788086,160.4264678955078,281.9132766723633,701.1739883422852,396.04674911499023,667.5,396.9642857142857,33.68648637491603,0.06286684384971536,1.0,324.3636033305476,0.10798086435773703,True,34.711950174706914,22.329219590977512,131.9901411569478,0.06629674033154373,False,True,True,False,VALID_TARGET,HUMAN_ACCEPTED_TARGET: operator reviewed the raw skeleton and confirmed that it belongs to the documented athlete.,True,1,TARGET_IDENTITY_UNCERTAIN,TARGET_OVERLAP_AMBIGUOUS: another detected person overlaps or is too close to the selected pose for automated identity acceptance.,ACCEPTED,True
49,49,40,980.0,17,1.0,0.8027019500732422,4,6,0.9273179471492767,0.9277721643447876,False,,,,,True,,47.0,56.0,704.8911209106445,399.5821533203125,749.7046356201172,286.54084396362305,121.60011809900058,4,1,True,3,0.6224828199031688,0.08278737624423972,601.9933471679688,253.22779846191406,180.0166015625,290.3066864013672,692.0016479492188,398.38114166259766,654.2857142857142,396.0714285714286,37.78659056693779,0.0713093787237817,1.0,341.59032335160435,0.13051520265117877,True,19.550314129562,7.141330798940384,131.9901411569478,0.08774392980709947,False,True,True,False,VALID_TARGET,HUMAN_ACCEPTED_TARGET: operator reviewed the raw skeleton and confirmed that it belongs to the documented athlete.,True,1,TARGET_IDENTITY_UNCERTAIN,TARGET_OVERLAP_AMBIGUOUS: another detected person overlaps or is too close to the selected pose for automated identity acceptance.,ACCEPTED,True
50,50,41,1000.0,17,1.0,0.8494748473167419,4,6,0.8700433075428009,0.8706105053424835,False,,,,,True,,47.0,56.0,691.7846145629883,394.8257369995117,725.9609222412109,297.18152618408203,103.45246208904173,2,1,True,1,0.05262967882258552,0.3115831018372697,611.0843887329102,260.7968292236328,164.91561126708984,268.3725128173828,693.5421943664551,394.9830856323242,641.0714285714287,395.17857142857144,52.471129946028874,0.10011432630491245,0.9982675121929391,314.99359434044715,0.20150542137485386,True,13.942883663644821,26.018993891702337,131.9901411569478,0.13749251156857015,False,True,True,False,VALID_TARGET,HUMAN_ACCEPTED_TARGET: operator reviewed the raw skeleton and confirmed that it belongs to the documented athlete.,True,1,TARGET_IDENTITY_UNCERTAIN,TARGET_OVERLAP_AMBIGUOUS: another detected person overlaps or is too close to the selected pose for automated identity acceptance.,ACCEPTED,True
51,51,42,1020.0,17,1.0,0.6132071614265442,4,6,0.8505878150463104,0.8814758658409119,False,,,,,True,,47.0,56.0,670.3270416259766,404.4292907714844,690.7173156738281,281.9080123901367,124.20638845061947,2,1,True,1,0.17564101779008848,0.2711238633175789,560.3470306396484,247.22723388671875,182.82606506347656,291.317626953125,651.7600631713867,392.88604736328125,627.8571428571429,394.28571428571433,23.943864914479526,0.04617992727371753,1.0,343.9350663136789,0.21926995243393058,True,23.508629934522936,38.41083216347059,131.9901411569478,0.1572384587186668,False,True,True,False,VALID_TARGET,HUMAN_ACCEPTED_TARGET: operator reviewed the raw skeleton and confirmed that it belongs to the documented athlete.,True,1,TARGET_IDENTITY_UNCERTAIN,TARGET_OVERLAP_AMBIGUOUS: another detected person overlaps or is too close to the selected pose for automated identity acceptance.,ACCEPTED,True
52,52,43,1040.0,17,1.0,0.7172019481658936,4,6,0.8583230376243591,0.9455557763576508,False,,,,,True,,47.0,56.0,677.4870910644531,401.818359375,696.0116958618164,297.90131759643555,105.55525830060009,3,0,True,2,0.2658176059726129,0.23287421306415446,546.2379531860352,276.2809753417969,198.32524871826172,266.5344543457031,645.400577545166,409.54820251464844,626.0,401.57142857142856,20.97644706873,0.04152396530478568,1.0,332.22510385659007,0.08871846301887532,True,7.621238135537846,16.846847568515244,131.9901411569478,0.1413069944962144,False,True,True,False,VALID_TARGET,HUMAN_ACCEPTED_TARGET: operator reviewed the raw skeleton and confirmed that it belongs to the documented athlete.,True,1,TARGET_IDENTITY_UNCERTAIN,TARGET_OVERLAP_AMBIGUOUS: another detected person overlaps or is too close to the selected pose for automated identity acceptance.,ACCEPTED,True
53,53,44,1060.0,17,1.0,0.6692850589752197,4,6,0.7915704548358917,0.9297826588153839,False,,,,,True,,47.0,56.0,664.5912933349609,392.77498626708984,678.5513305664062,273.41418075561523,120.17439216343641,3,0,True,2,0.2705255876553103,0.21814807699068356,539.4083061218262,254.63087463378906,191.3832893371582,278.64088439941406,635.0999507904053,393.9513168334961,624.1428571428571,408.8571428571429,18.499771637735595,0.037613467949097014,1.0,338.0359535558282,0.04402487676961059,True,15.750688754744932,30.074644252430033,131.9901411569478,0.11075928652468743,False,True,True,False,VALID_TARGET,HUMAN_ACCEPTED_TARGET: operator reviewed the raw skeleton and confirmed that it belongs to the documented athlete.,True,1,TARGET_IDENTITY_UNCERTAIN,TARGET_OVERLAP_AMBIGUOUS: another detected person overlaps or is too close to the selected pose for automated identity acceptance.,ACCEPTED,True
54,54,45,1080.0,17,1.0,0.6074672937393188,4,6,0.7429252564907074,0.9020084738731384,False,,,,,True,,47.0,56.0,672.6170425415039,390.051025390625,682.9070816040039,276.1030578613281,114.41164367303475,3,0,True,2,0.2552203356875045,0.22028717407597787,534.4682388305664,257.11552810668945,190.0687484741211,279.6841239929199,629.502613067627,396.9575901031494,622.2857142857142,416.1428571428571,20.49775839971942,0.04283633603064199,1.0,338.1557900734596,0.000907920217229943,True,8.475412272145599,5.118850182527321,131.9901411569478,0.04366044645371848,False,True,True,False,VALID_TARGET,HUMAN_ACCEPTED_TARGET: operator reviewed the raw skeleton and confirmed that it belongs to the documented athlete.,True,1,TARGET_IDENTITY_UNCERTAIN,TARGET_OVERLAP_AMBIGUOUS: another detected person overlaps or is too close to the selected pose for automated identity acceptance.,ACCEPTED,True
55,55,46,1100.0,17,1.0,0.8169894814491272,4,6,0.9248483180999756,0.9457865357398987,False,,,,,True,,47.0,56.0,662.8799819946289,410.0676574707031,665.260368347168,291.0314655303955,119.05999005055018,3,1,True,2,0.6852249636271901,0.08958282530628892,548.7284393310547,258.9356575012207,169.72482299804688,280.7311210632324,633.5908508300781,399.3012180328369,620.4285714285714,423.42857142857144,27.484082319153202,0.05908169415119382,1.0,328.04950522007744,0.07656848280330981,True,22.25928812704311,23.114148141405927,131.9901411569478,0.03521737560677466,False,True,True,False,VALID_TARGET,HUMAN_ACCEPTED_TARGET: operator reviewed the raw skeleton and confirmed that it belongs to the documented athlete.,True,1,TARGET_IDENTITY_UNCERTAIN,TARGET_OVERLAP_AMBIGUOUS: another detected person overlaps or is too close to the selected pose for automated identity acceptance.,ACCEPTED,True
56,56,47,1120.0,17,1.0,0.7684261798858643,4,6,0.8759739995002747,0.9214650392532349,False,,,,,True,,47.0,56.0,661.0958480834961,413.96788787841797,669.8532562255859,302.4866313934326,111.82469648891622,3,1,True,2,0.606547320366017,0.11196755322070655,558.7878150939941,263.6248416900635,157.17800521850586,277.72577476501465,637.3768177032471,402.4877290725708,618.5714285714286,430.71428571428567,33.91726935127672,0.0750610637203663,1.0,319.1183656471315,0.06766520207237321,True,4.288931224223298,12.341614319585968,131.9901411569478,0.05481692419004667,False,True,True,False,VALID_TARGET,HUMAN_ACCEPTED_TARGET: operator reviewed the raw skeleton and confirmed that it belongs to the documented athlete.,True,1,TARGET_IDENTITY_UNCERTAIN,TARGET_OVERLAP_AMBIGUOUS: another detected person overlaps or is too close to the selected pose for automated identity acceptance.,ACCEPTED,True
57,57,48,1140.0,17,1.0,0.3966294527053833,4,6,0.7599018812179565,0.8810137808322906,False,,,,,False,,,,656.1999740600586,385.89583587646484,646.1711807250977,267.1470899581909,119.1714787728932,2,1,True,1,0.0,0.46411401167431765,603.1974868774414,252.0,118.34278106689453,291.4487609863281,662.3688774108887,397.72438049316406,616.7142857142857,438.0,60.88076272225042,0.13882694237564314,0.9990196757579364,314.55904709785847,0.03454287198504926,True,28.49578365396766,42.54084964906075,131.9901411569478,0.05566159881017941,False,False,False,False,INVALID_TRACK_SEGMENT,Valid-looking pose segment is too short to establish target identity continuity.,False,,INVALID_TRACK_SEGMENT,Valid-looking pose segment is too short to establish target identity continuity.,NOT_REVIEWED,False
58,58,49,1160.0,17,1.0,0.3382422626018524,4,6,0.6593838483095169,0.8099695146083832,False,,,,,False,,,,659.6487808227539,401.58570098876953,641.8576736450195,284.48490953445435,118.44458136122837,2,1,True,1,0.0,0.45746781440368817,593.0834579467773,265.0,121.4196548461914,276.9912414550781,653.793285369873,403.49562072753906,614.8571428571429,445.2857142857142,57.11773028905005,0.13432766130746174,0.9989685078697312,302.4349193228084,0.09185631342445047,True,16.06443697515505,17.86634632455521,131.9901411569478,0.0055072098968397785,False,False,False,False,LOW_POSE_CONFIDENCE,Frame/core landmark confidence below threshold.,False,,LOW_POSE_CONFIDENCE,Frame/core landmark confidence below threshold.,NOT_REVIEWED,False
59,59,50,1180.0,17,1.0,0.3156679570674896,4,6,0.6539560556411743,0.8343406319618225,False,,,,,False,,,,657.9149169921875,396.34653091430664,629.4803924560547,312.8122138977051,88.24117125823993,3,0,True,2,0.0,0.459381155443123,613.3818893432617,286.4417848587036,89.57047271728516,260.7344846725464,658.1671257019043,416.8090271949768,613.0,452.57142857142856,57.61092427987995,0.13987068741343636,1.0,275.6906619388046,0.20262314404378529,True,5.518621825428329,30.9133185232344,131.9901411569478,0.22883080386340335,False,False,False,False,LOW_POSE_CONFIDENCE,Frame/core landmark confidence below threshold.,False,,LOW_POSE_CONFIDENCE,Frame/core landmark confidence below threshold.,NOT_REVIEWED,False
60,60,51,1200.0,17,1.0,0.3516491651535034,4,6,0.633080780506134,0.6584666073322296,False,,,,,False,,,,663.5906524658203,412.01072692871094,634.0908737182617,325.9219055175781,91.0028687356219,1,0,False,0,0.0,,611.1091003417969,291.0,87.00909423828125,258.95745849609375,654.6136474609375,420.4787292480469,611.1428571428571,459.8571428571429,58.65465939929708,0.14716559317626596,0.9988966748153401,273.1840913942871,0.018990589164814744,True,16.66076258591825,13.8967820677066,131.9901411569478,0.020923513325878426,False,False,False,False,INVALID_TRACK_SEGMENT,Valid-looking pose segment is too short to establish target identity continuity.,False,,INVALID_TRACK_SEGMENT,Valid-looking pose segment is too short to establish target identity continuity.,NOT_REVIEWED,False
61,61,52,1220.0,17,1.0,0.30061373114585876,4,6,0.5388239100575447,0.9165871143341064,False,,,,,False,,,,644.1974029541016,396.05424880981445,641.5386276245117,311.9484565258026,84.14780675676926,1,0,False,0,0.0,,636.9963226318359,304.0,35.53791809082031,254.09352111816406,654.7652816772461,431.04676055908203,609.2857142857142,467.1428571428571,58.063062601847896,0.15072005514955478,0.9988755546207674,256.5666796301826,0.12589888622321405,True,25.11388700664638,15.834339739118086,131.9901411569478,0.0519361667376458,False,False,False,False,LOW_POSE_CONFIDENCE,Frame/core landmark confidence below threshold.,False,,LOW_POSE_CONFIDENCE,Frame/core landmark confidence below threshold.,NOT_REVIEWED,False
62,62,53,1240.0,17,1.0,0.4409826695919037,4,6,0.6902515590190887,0.9477454721927643,False,,,,,False,,,,659.0342864990234,409.45314025878906,664.6904144287109,323.978214263916,85.66186290868309,2,0,True,1,0.5933352430870769,0.1268484053662464,642.6029052734375,303.42340755462646,40.43797302246094,279.01043033599854,662.821891784668,442.92862272262573,612.3979591836735,461.8163252849968,53.84531815333839,0.13665959790943566,1.0,281.9256105756346,0.19212746287844357,True,19.991583363680288,26.090617153773735,131.9901411569478,0.011470979109822222,False,True,True,True,TARGET_IDENTITY_UNCERTAIN,TARGET_OVERLAP_AMBIGUOUS: another detected person overlaps or is too close to the selected pose for automated identity acceptance.,False,,TARGET_IDENTITY_UNCERTAIN,TARGET_OVERLAP_AMBIGUOUS: another detected person overlaps or is too close to the selected pose for automated identity acceptance.,NOT_REVIEWED,False
63,63,54,1260.0,17,1.0,0.07356718927621841,4,6,0.08232442662119865,0.015466545708477497,False,,,,,False,,,,518.5456457138062,406.81172943115234,517.9264450073242,314.2418556213379,92.57194470615748,1,0,False,0,0.0,,515.0,282.0,33.738643646240234,132.9441680908203,531.8693218231201,348.47208404541016,615.5102040816327,456.48979342713653,136.61487007298092,0.33904563017751693,1.0,137.15847733351472,1.0968026245989018,True,140.5134699622715,147.0865711067419,131.9901411569478,0.05235301467901076,True,False,False,True,TARGET_IDENTITY_UNCERTAIN,Temporal/body-scale discontinuity suggests target identity uncertainty.,False,,TARGET_IDENTITY_UNCERTAIN,Temporal/body-scale discontinuity suggests target identity uncertainty.,NOT_REVIEWED,False
64,64,55,1280.0,17,1.0,0.16126276552677155,4,6,0.21705589815974236,0.019683931954205036,False,,,,,False,,,,536.3994355201721,405.8236999511719,527.8342351913452,321.4944381713867,84.76312316683753,2,1,True,1,0.29478559647010266,0.21221581710971205,519.0,271.0,43.31328201293945,142.21546936035156,540.6566410064697,342.1077346801758,618.6224489795918,451.1632615692762,134.05884960703284,0.32537406876597597,1.0,148.66499293417237,0.08717708383215833,True,17.881107703473177,12.278609855185382,131.9901411569478,0.05916215764959733,False,True,True,True,TARGET_IDENTITY_UNCERTAIN,TARGET_OVERLAP_AMBIGUOUS: another detected person overlaps or is too close to the selected pose for automated identity acceptance.,False,,TARGET_IDENTITY_UNCERTAIN,TARGET_OVERLAP_AMBIGUOUS: another detected person overlaps or is too close to the selected pose for automated identity acceptance.,NOT_REVIEWED,False
65,65,56,1300.0,17,1.0,0.2694687843322754,4,6,0.35804061591625214,0.5892227590084076,False,,,,,False,,,,582.0925045013428,331.8979721069336,571.8526515960693,266.1721670627594,66.51868937544117,1,0,False,0,0.0,,565.8805923461914,260.0,60.46604919433594,186.6902618408203,596.1136169433594,353.34513092041016,621.734693877551,445.83672971141584,95.97466035461719,0.2278458569350775,1.0,196.23811294283763,0.36042934412879113,True,86.90724820300322,70.69776986154618,131.9901411569478,0.1382257313423291,True,False,False,True,TARGET_IDENTITY_UNCERTAIN,Temporal/body-scale discontinuity suggests target identity uncertainty.,False,,TARGET_IDENTITY_UNCERTAIN,Temporal/body-scale discontinuity suggests target identity uncertainty.,NOT_REVIEWED,False
66,66,57,1320.0,17,1.0,0.10738147050142288,4,6,0.10008455440402031,0.5289877653121948,False,,,,,False,,,,635.4006156921387,346.1654739379883,653.4919548034668,274.2072124481201,74.19762764054734,2,0,True,1,0.10266738198289692,0.48712547045838606,612.5020523071289,249.0,79.09525299072266,223.21983337402344,652.0496788024902,360.6099166870117,624.8469387755101,440.5101978535555,84.40405200858675,0.19603051838598587,1.0,236.81881905201962,0.30745255481565087,True,55.184384813363714,82.03376001704532,131.9901411569478,0.058178119954999066,True,True,True,True,TARGET_IDENTITY_UNCERTAIN,TARGET_OVERLAP_AMBIGUOUS: another detected person overlaps or is too close to the selected pose for automated identity acceptance.,False,,TARGET_IDENTITY_UNCERTAIN,TARGET_OVERLAP_AMBIGUOUS: another detected person overlaps or is too close to the selected pose for automated identity acceptance.,NOT_REVIEWED,False
67,67,58,1340.0,17,1.0,0.21206127107143402,4,6,0.3753419890999794,0.6323907971382141,False,,,,,False,,,,643.886962890625,320.02137756347656,647.1938972473145,247.90896224975586,72.18820026304849,1,0,False,0,0.0,,624.8450241088867,237.0,62.425086975097656,246.06288146972656,656.0575675964355,360.0314407348633,627.9591836734694,435.18366599569515,80.23326081331369,0.18233786647257277,0.9982583153041246,253.85789946549468,0.12909358429440657,True,27.486939880841838,27.04188404080554,131.9901411569478,0.015224071736611507,False,False,False,True,TARGET_IDENTITY_UNCERTAIN,Temporal/body-scale discontinuity suggests target identity uncertainty.,False,,TARGET_IDENTITY_UNCERTAIN,Temporal/body-scale discontinuity suggests target identity uncertainty.,NOT_REVIEWED,False
68,68,59,1360.0,17,1.0,0.28501397371292114,4,6,0.5864933282136917,0.7229602038860321,False,,,,,False,,,,633.7626914978027,354.1711311340332,644.8639678955078,228.6579619050026,126.00315070494673,2,0,True,1,0.04105525004905842,0.30264509944319384,600.7444763183594,226.0,88.77783203125,313.2121887207031,645.1333923339844,382.60609436035156,631.0714285714287,429.8571341378348,49.299083002757094,0.10965177598392017,0.9990878210468973,325.55088484503034,0.5431692454536164,True,35.618907060229475,19.39148228109704,131.9901411569478,0.4077194703345879,False,True,True,False,TARGET_IDENTITY_UNCERTAIN,TARGET_OVERLAP_AMBIGUOUS: another detected person overlaps or is too close to the selected pose for automated identity acceptance.,False,,TARGET_IDENTITY_UNCERTAIN,TARGET_OVERLAP_AMBIGUOUS: another detected person overlaps or is too close to the selected pose for automated identity acceptance.,NOT_REVIEWED,False
69,69,60,1380.0,17,1.0,0.40842926502227783,4,6,0.7984743118286133,0.8291938006877899,False,,,,,False,,,,634.0420608520508,357.79150390625,645.7056655883789,227.1488208770752,131.1623051966789,2,0,True,1,0.14517714771277557,0.1938187033906189,602.3326034545898,215.0,87.72550201416016,332.1133117675781,646.1953544616699,381.05665588378906,634.1836734693877,424.53060227997446,45.10282136982957,0.09820471949322095,0.9995698842145971,343.50402553225626,0.13601880056994617,True,3.631135668892269,1.7279935324989755,131.9901411569478,0.03908742309471029,False,True,True,False,TARGET_IDENTITY_UNCERTAIN,TARGET_OVERLAP_AMBIGUOUS: another detected person overlaps or is too close to the selected pose for automated identity acceptance.,False,,TARGET_IDENTITY_UNCERTAIN,TARGET_OVERLAP_AMBIGUOUS: another detected person overlaps or is too close to the selected pose for automated identity acceptance.,NOT_REVIEWED,False
70,70,61,1400.0,17,1.0,0.6603925228118896,4,6,0.9083569347858429,0.9604983925819397,False,,,,,False,,,,594.4888439178467,378.1160659790039,607.5916767120361,236.17198181152344,142.54756138698855,1,0,False,0,0.0,,573.4752254486084,204.0,101.82271766662598,385.60955810546875,624.3865842819214,396.8047790527344,637.2959183673469,419.20407042211417,25.853030003840953,0.055117993444777476,1.0,398.8265251150082,0.41914115022400555,True,44.46959403112914,39.16750670281341,131.9901411569478,0.0862583833194905,False,False,False,False,VALID_TARGET,,True,2,VALID_TARGET,,NOT_REVIEWED,False
71,71,62,1420.0,17,1.0,0.7184494137763977,4,6,0.9344347417354584,0.9527488648891449,False,,,,,False,,,,596.7181720733643,367.7467498779297,616.5570526123047,234.6275749206543,134.58936036085484,1,0,False,0,0.0,,579.8507785797119,193.5395718216896,93.6669750213623,399.9990329146385,626.6842660903931,393.53908827900887,640.4081632653061,413.8775385642539,24.53564577656293,0.05123154049034612,1.0,410.8195814981299,0.09086327416576412,True,10.606253835779174,9.097425881955855,131.9901411569478,0.060293904956664236,False,False,False,False,VALID_TARGET,,True,2,VALID_TARGET,,NOT_REVIEWED,False
72,72,63,1440.0,17,1.0,0.8694230914115906,4,6,0.9605917632579803,0.9061972200870514,False,,,,,False,,,,594.2359924316406,385.22459411621094,599.2873764038086,223.87403869628906,161.42960761381894,1,0,False,0,0.0,,589.0735702514648,185.21587252616882,96.9261245727539,390.6942837238312,637.5366325378418,380.5630143880844,643.5204081632653,408.55100670639354,28.62050462072853,0.05854398759925004,1.0,402.53782053264325,0.0627452997087024,True,17.653222226874288,20.34404722947308,131.9901411569478,0.20335039433777638,False,False,False,False,VALID_TARGET,,True,2,VALID_TARGET,,NOT_REVIEWED,False
73,73,64,1460.0,17,1.0,0.8742029666900635,4,6,0.9458634257316589,0.9046873450279236,False,,,,,False,,,,593.1946659088135,374.78267669677734,610.0058460235596,235.55461311340332,140.23932924121704,1,0,False,0,0.0,,591.2357711791992,192.63343811035156,82.95587921142578,386.6602325439453,632.7137107849121,385.9635543823242,646.6326530612243,403.2244748485332,22.17377571439072,0.044444565343637055,1.0,395.45899070153723,0.053631504361289176,True,10.49371241846345,15.853119872860002,131.9901411569478,0.16054440268690082,False,False,False,False,VALID_TARGET,,True,2,VALID_TARGET,,NOT_REVIEWED,False
74,74,65,1480.0,17,1.0,0.9708026051521301,4,6,0.9858751893043518,0.9791060090065002,False,,,,,True,,74.0,75.0,617.6668014526367,387.32147216796875,611.9009876251221,241.29423904418945,146.14101896072899,1,0,False,0,0.0,,584.932559967041,195.32645797729492,111.78458786010742,358.35893630981445,640.8248538970947,374.50592613220215,649.7448979591836,397.89794299067285,25.03504820799402,0.04918261038177821,1.0,375.3890266325798,0.15205653917054657,True,27.497396421181897,6.044407954078336,131.9901411569478,0.044713110144297255,False,False,False,False,VALID_TARGET,,True,2,VALID_TARGET,,ACCEPTED,False
75,75,66,1500.0,17,1.0,0.9718201756477356,4,6,0.9893903434276581,0.984489917755127,False,,,,,True,,74.0,75.0,621.7342300415039,398.5419692993164,615.2047243118286,252.13623046875,146.55127023536124,1,0,False,0,0.0,,583.3793087005615,201.85004043579102,118.17217445373535,347.269588470459,642.4653959274292,375.4848346710205,652.8571428571429,392.5714111328125,19.99848742870015,0.03851725134048589,1.0,366.8253397620808,0.06488126155055841,True,11.934970934196492,11.334171965579804,131.9901411569478,0.0031081963473653254,False,False,False,False,VALID_TARGET,,True,2,VALID_TARGET,,ACCEPTED,False
76,76,67,1520.0,17,1.0,0.9559155106544495,4,6,0.9765787422657013,0.9312779307365417,False,,,,,False,,,,615.8082523345947,395.46617889404297,598.7935037612915,258.31125259399414,138.20627871911083,1,0,False,0,0.0,,577.8833637237549,207.81000518798828,114.21232414245605,350.37035369873047,634.9895257949829,382.9951820373535,653.5714285714287,395.6666564941406,22.49118439972183,0.042954954363002264,1.0,368.5157252234902,0.012806906990117032,True,6.676653233466354,17.53451049232987,131.9901411569478,0.06322435481243628,False,False,False,False,VALID_TARGET,,True,2,VALID_TARGET,,NOT_REVIEWED,False
77,77,68,1540.0,17,1.0,0.7567368149757385,4,6,0.923035591840744,0.955887645483017,False,,,,,False,,,,588.5798721313477,389.74906158447266,584.073881149292,239.48117065429688,150.3354349424432,1,0,False,0,0.0,,571.2540130615234,195.72708129882812,114.75213623046875,387.6827697753906,628.6300811767578,389.56846618652344,654.2857142857142,398.76190185546875,27.253087341077823,0.0515849168549427,1.0,404.3092662185404,0.2711834435610501,True,27.82211564248782,23.90061245439958,131.9901411569478,0.09189441057502722,False,False,False,False,VALID_TARGET,,True,2,VALID_TARGET,,NOT_REVIEWED,False
78,78,69,1560.0,17,1.0,0.8754572868347168,4,6,0.9024077951908112,0.918257087469101,False,,,,,False,,,,585.0380973815918,382.02467346191406,582.7667446136475,238.6298828125,143.41277847104746,1,0,False,0,0.0,,571.1182479858398,199.06445693969727,112.61046600341797,376.70669174194336,627.4234809875488,387.41780281066895,655.0,401.8571472167969,31.12810735850895,0.05836368918358269,1.0,393.1781385792787,0.0843330232219831,True,8.49766675305242,1.5599028535161952,131.9901411569478,0.0524482844757631,False,False,False,False,VALID_TARGET,,True,2,VALID_TARGET,,NOT_REVIEWED,False
79,79,70,1580.0,17,1.0,0.9428706765174866,4,6,0.9832133650779724,0.9767832159996033,False,,,,,False,,,,583.8556308746338,382.4541473388672,579.9046154022217,247.7201385498047,134.79192723466198,1,0,False,0,0.0,,565.688892364502,205.66388320922852,123.55344772338867,363.013240814209,627.4656162261963,387.170503616333,636.4285714285713,397.000002179827,13.302391062117824,0.024896722429963804,1.0,383.4632543683567,0.0736031049422865,True,1.2580440576794678,9.530190606304659,131.9901411569478,0.06531435727562812,False,False,False,False,VALID_TARGET,,True,2,VALID_TARGET,,NOT_REVIEWED,False
80,80,71,1600.0,17,1.0,0.944982647895813,4,6,0.9724539220333099,0.9564470648765564,False,,,,,False,,,,578.0984191894531,386.7392044067383,569.1956214904785,243.83417510986328,143.18207710886713,1,0,False,0,0.0,,545.9042739868164,200.98149871826172,143.96251678466797,363.17835235595703,617.8855323791504,382.57067489624023,617.8571428571429,392.1428571428571,9.572224345856458,0.017878325787827117,1.0,390.67086128730347,0.05460716123014309,True,7.176851709690872,11.392245716201586,131.9901411569478,0.06356648913821927,False,False,False,False,VALID_TARGET,,True,2,VALID_TARGET,,NOT_REVIEWED,False
81,81,72,1620.0,17,1.0,0.9214698076248169,4,6,0.9564576745033264,0.9055031538009644,False,,,,,False,,,,556.9139137268066,350.3403091430664,553.2332954406738,246.5428810119629,103.86266431013512,1,0,False,0,0.0,,550.5387420654297,210.02411270141602,138.22216796875,269.4935874938965,619.6498260498047,344.77090644836426,623.5714285714287,395.57143075125566,50.95166568215672,0.09645001210388383,1.0,302.8731771192553,0.6651836523430116,True,42.11487680277189,16.190520083812707,131.9901411569478,0.29789658874580494,False,False,False,False,VALID_TARGET,,True,2,VALID_TARGET,,NOT_REVIEWED,False
82,82,73,1640.0,17,1.0,0.8693041801452637,4,6,0.9212217926979065,0.7788203060626984,False,,,,,False,,,,561.8607635498047,370.0887451171875,558.3369884490967,251.72814559936523,118.41304197248999,1,0,False,0,0.0,,554.989839553833,211.20845794677734,111.00109672546387,285.9684829711914,610.4903879165649,354.19269943237305,629.2857142857142,399.00000435965404,48.58969919817551,0.09311864870209845,1.0,306.7559563025637,0.029417190930127405,True,20.358586556911458,7.275620328576327,131.9901411569478,0.11023836731148887,False,False,False,False,VALID_TARGET,,True,2,VALID_TARGET,,NOT_REVIEWED,False
83,83,74,1660.0,17,1.0,0.6668233275413513,4,6,0.8064996004104614,0.3556382954120636,False,,,,,False,,,,555.205584526062,390.05611419677734,549.8628187179565,255.6805076599121,134.4817786119394,1,0,False,0,0.0,,543.4922637939453,214.04476928710938,118.95147705078125,300.61834716796875,602.9680023193359,364.35394287109375,627.1428571428571,397.4285743350074,40.96772940024906,0.07855147867942355,1.0,323.296836586076,0.12531905897307707,True,21.04726195491055,9.350546427338994,131.9901411569478,0.1217419460165762,False,False,False,False,VALID_TARGET,,True,2,VALID_TARGET,,NOT_REVIEWED,False
84,84,75,1680.0,17,1.0,0.5185133814811707,4,6,0.6554656624794006,0.3047936260700226,False,,,,,False,,,,557.679051399231,401.8851547241211,548.2668776512146,260.8977699279785,141.30120907592556,1,0,False,0,0.0,,542.8058862686157,209.82048416137695,89.79562282562256,324.0409965515137,587.703697681427,371.8409824371338,625.0,395.8571443103609,44.35978130874229,0.08509839737027831,1.0,336.25261534260153,0.09815717024743534,True,12.084876423456098,5.455900792930791,131.9901411569478,0.051666210856440055,False,False,False,False,VALID_TARGET,,True,2,VALID_TARGET,,NOT_REVIEWED,False
85,85,76,1700.0,17,1.0,0.7751498222351074,4,6,0.8172483146190643,0.7061808705329895,False,,,,,False,,,,550.1395597457886,406.4845657348633,533.7751567363739,261.2215805053711,146.18183390434737,1,0,False,0,0.0,,530.7977910041809,215.6179084777832,139.37719678878784,344.5703544616699,600.4863893985748,387.90308570861816,622.8571428571429,394.2857142857142,23.263459713834443,0.04465039431830539,1.0,371.69171655895343,0.2684980931584255,True,8.83167685312726,14.495338159686467,131.9901411569478,0.03697719227846212,False,False,False,False,VALID_TARGET,,True,2,VALID_TARGET,,NOT_REVIEWED,False
86,86,77,1720.0,17,1.0,0.5962008237838745,4,6,0.6442432105541229,0.5994444787502289,False,,,,,False,,,,558.8485794067383,406.4112014770508,541.2858829498291,262.80488204956055,144.6762706401706,1,0,False,0,0.0,,537.0,214.96741485595703,135.59962463378906,299.57967376708984,604.7998123168945,364.75725173950195,627.8571428571428,398.4285736083983,40.80929315782232,0.07790269543029518,0.998946478331021,328.83922992128004,0.3246642988790962,True,8.709328663515514,7.675796508071055,131.9901411569478,0.011406634245405688,False,False,False,False,VALID_TARGET,,True,2,VALID_TARGET,,NOT_REVIEWED,False
87,87,78,1740.0,17,1.0,0.1843578815460205,4,6,0.4089820235967636,0.22175349295139313,False,,,,,False,,,,563.0895104408264,408.524169921875,556.6846528053284,269.136962890625,139.5342813981695,2,0,True,1,0.5642689972819053,0.07253871271097352,549.0,223.44586181640625,98.48046875,309.3929138183594,598.240234375,378.14231872558594,632.8571428571429,402.57143293108254,42.36876176767799,0.08036608204463123,0.9970987720779473,324.6881239685777,0.031450121322063714,True,4.738156992409046,16.649845670167892,131.9901411569478,0.038957373610858013,False,True,True,False,TARGET_IDENTITY_UNCERTAIN,TARGET_OVERLAP_AMBIGUOUS: another detected person overlaps or is too close to the selected pose for automated identity acceptance.,False,,TARGET_IDENTITY_UNCERTAIN,TARGET_OVERLAP_AMBIGUOUS: another detected person overlaps or is too close to the selected pose for automated identity acceptance.,NOT_REVIEWED,False
88,88,79,1760.0,17,1.0,0.39308521151542664,4,6,0.532032385468483,0.32461728155612946,False,,,,,False,,,,551.2747719287872,402.2473831176758,545.5420718193054,260.4747009277344,141.88853817653978,1,0,False,0,0.0,,539.0,216.00255584716797,81.05990600585938,325.3252944946289,579.5299530029297,378.6652030944824,631.9047619047619,404.95238531203495,58.601506434922435,0.11177306841201284,0.9964752699602972,335.27191292993183,0.08018620836816188,True,13.378568633947031,14.113535820049556,131.9901411569478,0.017836610808460825,False,False,False,False,INVALID_TRACK_SEGMENT,Valid-looking pose segment is too short to establish target identity continuity.,False,,INVALID_TRACK_SEGMENT,Valid-looking pose segment is too short to establish target identity continuity.,NOT_REVIEWED,False
89,89,80,1780.0,17,1.0,0.4149460792541504,4,6,0.5672664046287537,0.4473823606967926,False,,,,,False,,,,548.4314002990723,398.29193115234375,538.7390627861023,269.8245506286621,128.83248528644373,2,1,True,1,0.6721501762039377,0.06663569556877529,529.0,229.17095184326172,71.37421417236328,328.84928131103516,564.6871070861816,393.5955924987793,630.952380952381,407.33333769298736,67.67430947991554,0.12960250830111628,0.9959969536753939,336.5057626066851,0.009348044224652439,True,4.871381988175118,11.562898483329418,131.9901411569478,0.09891687951580617,False,True,True,False,TARGET_IDENTITY_UNCERTAIN,TARGET_OVERLAP_AMBIGUOUS: another detected person overlaps or is too close to the selected pose for automated identity acceptance.,False,,TARGET_IDENTITY_UNCERTAIN,TARGET_OVERLAP_AMBIGUOUS: another detected person overlaps or is too close to the selected pose for automated identity acceptance.,NOT_REVIEWED,False
90,90,81,1800.0,17,1.0,0.7748926281929016,4,6,0.8400226533412933,0.6795036196708679,False,,,,,False,,,,553.9211235046387,412.82140350341797,537.2411193847656,274.7678031921387,139.05761070989763,2,1,True,1,0.6999417964622121,0.046836489080538314,524.9934391975403,232.74945449829102,86.58856916427612,354.9114646911621,568.2877237796783,410.20518684387207,630.0,409.71429007393976,61.71422863434337,0.11848953923006314,1.0,365.3214038064874,0.21831661779600645,True,15.531987241636676,5.1652280046408094,131.9901411569478,0.0774688573997003,False,True,True,False,TARGET_IDENTITY_UNCERTAIN,TARGET_OVERLAP_AMBIGUOUS: another detected person overlaps or is too close to the selected pose for automated identity acceptance.,False,,TARGET_IDENTITY_UNCERTAIN,TARGET_OVERLAP_AMBIGUOUS: another detected person overlaps or is too close to the selected pose for automated identity acceptance.,NOT_REVIEWED,False
91,91,82,1820.0,17,1.0,0.694772481918335,4,6,0.7496179044246674,0.6467813849449158,False,,,,,False,,,,532.4560222625732,371.2356414794922,533.9304857254028,273.81672286987305,97.43007618580013,1,0,False,0,0.0,,520.8270769119263,220.94873428344727,84.8053388595581,302.9383201599121,563.2297463417053,372.4178943634033,626.2857142857142,410.71429007393976,73.77444691608248,0.138959315529604,1.0,314.5847601527987,0.384397222466475,True,46.798783899185956,3.4445390121040527,131.9901411569478,0.31538366547088337,False,False,False,False,INVALID_TRACK_SEGMENT,Valid-looking pose segment is too short to establish target identity continuity.,False,,INVALID_TRACK_SEGMENT,Valid-looking pose segment is too short to establish target identity continuity.,NOT_REVIEWED,False
92,92,83,1840.0,17,1.0,0.20054644346237183,4,6,0.6147192716598511,0.8597757518291473,False,,,,,False,,,,531.0303010940552,387.91282653808594,523.3752555847168,258.7923126220703,129.34723358342853,2,0,True,1,0.39836382938371157,0.15266788020434482,521.9136714935303,227.16458129882812,123.2618350982666,281.3906555175781,583.5445890426636,367.8599090576172,622.5714285714286,411.71429007393976,58.70520366993685,0.10846214373477563,1.0,307.20381020489407,0.055920464083207895,True,16.738016081033713,18.36153007287592,131.9901411569478,0.24181470765817362,False,True,True,False,TARGET_IDENTITY_UNCERTAIN,TARGET_OVERLAP_AMBIGUOUS: another detected person overlaps or is too close to the selected pose for automated identity acceptance.,False,,TARGET_IDENTITY_UNCERTAIN,TARGET_OVERLAP_AMBIGUOUS: another detected person overlaps or is too close to the selected pose for automated identity acceptance.,NOT_REVIEWED,False
93,93,84,1860.0,17,1.0,0.4707435667514801,4,6,0.7467016875743866,0.8792325258255005,False,,,,,False,,,,531.8016872406006,387.7079544067383,521.6824283599854,250.77156448364258,137.30977490864595,2,1,True,1,0.41632427722628795,0.15719253978843378,513.0978584289551,227.92595672607422,139.97941207885742,280.9446792602539,583.0875644683838,368.3982963562012,618.8571428571429,412.71429007393976,56.95059294950517,0.10319810273409057,1.0,313.8855661074423,0.05062314384983517,True,0.7981285468426175,8.197442571490448,131.9901411569478,0.060326788466339,False,True,True,False,TARGET_IDENTITY_UNCERTAIN,TARGET_OVERLAP_AMBIGUOUS: another detected person overlaps or is too close to the selected pose for automated identity acceptance.,False,,TARGET_IDENTITY_UNCERTAIN,TARGET_OVERLAP_AMBIGUOUS: another detected person overlaps or is too close to the selected pose for automated identity acceptance.,NOT_REVIEWED,False
94,94,85,1880.0,17,1.0,0.5567377805709839,4,6,0.7405204474925995,0.9261900186538696,False,,,,,False,,,,519.9266681671143,402.9191665649414,526.8424530029297,268.41605377197266,134.6807908756604,2,0,True,1,0.4390360801690439,0.15141811089210958,508.1046028137207,223.12656784057617,106.28881454467773,342.8975715637207,561.2490100860596,394.5753536224365,615.1428571428571,413.71429007393976,57.19130737337768,0.1016353101624177,1.0,358.993115089426,0.34174938057189364,True,19.297591904627133,18.383521331937136,131.9901411569478,0.019918033346592645,False,True,True,False,TARGET_IDENTITY_UNCERTAIN,TARGET_OVERLAP_AMBIGUOUS: another detected person overlaps or is too close to the selected pose for automated identity acceptance.,False,,TARGET_IDENTITY_UNCERTAIN,TARGET_OVERLAP_AMBIGUOUS: another detected person overlaps or is too close to the selected pose for automated identity acceptance.,NOT_REVIEWED,False
95,95,86,1900.0,17,1.0,0.38815605640411377,4,6,0.6297226846218109,0.9428825080394745,False,,,,,False,,,,525.1730365753174,355.50682830810547,536.266242980957,197.72998046875,158.16634579606767,2,0,True,1,0.43823351158114265,0.1612247348043795,512.0681953430176,180.5044927597046,210.33198165893555,354.6994867324829,617.2341861724854,357.85423612594604,611.4285714285714,414.71429007393976,57.15567248771995,0.09960928256151633,1.0,412.37272993841583,0.40442122707874684,True,47.701721147724015,71.31149119586924,131.9901411569478,0.17793416019216848,False,True,True,True,TARGET_IDENTITY_UNCERTAIN,TARGET_OVERLAP_AMBIGUOUS: another detected person overlaps or is too close to the selected pose for automated identity acceptance.,False,,TARGET_IDENTITY_UNCERTAIN,TARGET_OVERLAP_AMBIGUOUS: another detected person overlaps or is too close to the selected pose for automated identity acceptance.,NOT_REVIEWED,False
96,96,87,1920.0,17,1.0,0.643787145614624,4,6,0.8213117718696594,0.9860155284404755,False,,,,,False,,,,530.2125434875488,441.42089080810547,504.25660514831543,331.0046691894531,113.42597908596353,2,0,True,1,0.035640425817361106,0.4074055102755611,484.84816551208496,280.6066360473633,176.00754737854004,275.1316146850586,572.851939201355,418.1724433898926,608.0952380952381,415.19048055013025,35.36922701023171,0.06290851395580153,1.0,326.61301586650916,0.6497433317381703,True,86.0617381022039,137.06480061553802,131.9901411569478,0.3389674889195242,True,True,True,True,TARGET_IDENTITY_UNCERTAIN,TARGET_OVERLAP_AMBIGUOUS: another detected person overlaps or is too close to the selected pose for automated identity acceptance.,False,,TARGET_IDENTITY_UNCERTAIN,TARGET_OVERLAP_AMBIGUOUS: another detected person overlaps or is too close to the selected pose for automated identity acceptance.,NOT_REVIEWED,False
97,97,88,1940.0,17,1.0,0.5376803278923035,4,6,0.7623127698898315,0.9829027056694031,False,,,,,False,,,,531.103874206543,436.01844024658203,509.98757553100586,331.8563919067383,106.28090319575966,2,0,True,1,0.03910270753299675,0.40881611257016026,493.10236740112305,289.2305374145508,176.08896255493164,260.9811019897461,581.1468486785889,419.7210884094238,604.7619047619048,415.6666710263207,23.960575413260973,0.04344952023745257,1.0,314.8308408168653,0.08926556897635118,True,5.475485596760119,5.793915180119097,131.9901411569478,0.05413340593149114,False,True,True,True,TARGET_IDENTITY_UNCERTAIN,TARGET_OVERLAP_AMBIGUOUS: another detected person overlaps or is too close to the selected pose for automated identity acceptance.,False,,TARGET_IDENTITY_UNCERTAIN,TARGET_OVERLAP_AMBIGUOUS: another detected person overlaps or is too close to the selected pose for automated identity acceptance.,NOT_REVIEWED,False
98,98,89,1960.0,17,1.0,0.8798627853393555,4,6,0.9502242803573608,0.9901475012302399,False,,,,,False,,,,520.5277137756348,433.23819732666016,524.2708053588867,328.0165367126465,105.2882168002255,2,0,True,1,0.5421783738285808,0.13617335457673838,443.9740266799927,271.39209747314453,181.04587078094482,292.2485580444336,534.4969620704651,417.5163764953613,601.4285714285714,416.1428615025112,66.94570094264257,0.1236253291036684,1.0,343.7831104139371,0.2193517587245021,True,10.935489022173819,14.790373295750829,131.9901411569478,0.007520913204826213,False,True,True,False,TARGET_IDENTITY_UNCERTAIN,TARGET_OVERLAP_AMBIGUOUS: another detected person overlaps or is too close to the selected pose for automated identity acceptance.,False,,TARGET_IDENTITY_UNCERTAIN,TARGET_OVERLAP_AMBIGUOUS: another detected person overlaps or is too close to the selected pose for automated identity acceptance.,NOT_REVIEWED,False
99,99,90,1980.0,17,1.0,0.8739104866981506,4,6,0.9832198619842529,0.9910347163677216,False,,,,,False,,,,507.5594940185547,423.46666717529297,516.6966857910156,332.3737258911133,91.55005311461996,3,1,True,2,0.566557103477201,0.12735238298459306,440.27336597442627,288.18775939941406,167.40224742889404,281.2567901611328,523.9744896888733,428.81615447998047,598.8775510204082,414.5510241450096,76.24934452380155,0.137786445705086,1.0,327.3055063025799,0.12483965822692696,True,16.237534454682464,8.737985166235747,131.9901411569478,0.10408477152297053,False,True,True,False,TARGET_IDENTITY_UNCERTAIN,TARGET_OVERLAP_AMBIGUOUS: another detected person overlaps or is too close to the selected pose for automated identity acceptance.,False,,TARGET_IDENTITY_UNCERTAIN,TARGET_OVERLAP_AMBIGUOUS: another detected person overlaps or is too close to the selected pose for automated identity acceptance.,NOT_REVIEWED,False
100,100,91,2000.0,17,1.0,0.8819085359573364,4,6,0.9827926158905029,0.990695059299469,False,,,,,False,,,,506.5544776916504,422.0698776245117,499.01363372802734,320.0876808166504,102.26061213116745,3,2,True,2,0.57839320158918,0.13201163594981394,441.9010543823242,278.8410415649414,131.67012786865234,297.6203842163086,507.7361183166504,427.6512336730957,596.3265306122449,412.959186787508,89.80043091428759,0.15886693134351637,1.0,325.44571847546314,0.014090354103836416,True,1.7207785640563664,21.532237083825915,131.9901411569478,0.08114665930852898,False,True,True,False,TARGET_IDENTITY_UNCERTAIN,TARGET_OVERLAP_AMBIGUOUS: another detected person overlaps or is too close to the selected pose for automated identity acceptance.,False,,TARGET_IDENTITY_UNCERTAIN,TARGET_OVERLAP_AMBIGUOUS: another detected person overlaps or is too close to the selected pose for automated identity acceptance.,NOT_REVIEWED,False
101,101,92,2020.0,17,1.0,0.8871219158172607,4,6,0.9467160701751709,0.9772662818431854,False,,,,,False,,,,548.9568023681641,420.0721435546875,554.1576766967773,300.0302429199219,120.15451303130054,4,0,True,3,0.6094609786426672,0.10323805410116939,478.2353057861328,266.8695297241211,225.5081329345703,316.4037551879883,590.989372253418,425.07140731811523,593.7755102040817,411.36734943000636,13.984411581499158,0.024231196296362435,1.0,388.5424742762318,0.4780414298196797,True,42.449358998531615,58.67849938367943,131.9901411569478,0.1355699807825471,False,True,True,False,TARGET_IDENTITY_UNCERTAIN,TARGET_OVERLAP_AMBIGUOUS: another detected person overlaps or is too close to the selected pose for automated identity acceptance.,False,,TARGET_IDENTITY_UNCERTAIN,TARGET_OVERLAP_AMBIGUOUS: another detected person overlaps or is too close to the selected pose for automated identity acceptance.,NOT_REVIEWED,False
102,102,93,2040.0,17,1.0,0.9653136134147644,4,6,0.9901797473430634,0.9898270666599274,False,,,,,False,,,,511.37674713134766,418.25524139404297,522.4965019226074,293.10608291625977,125.64219360674598,3,0,True,2,0.6234686618256855,0.10219961541409106,463.1845893859863,264.50890350341797,129.32757186889648,312.58802032470703,527.8483753204346,420.8029136657715,591.2244897959183,409.7755120725048,64.3283411251122,0.1092173737613656,1.0,338.28522181145314,0.38076519976608264,True,37.623950949674686,32.409473612461646,131.9901411569478,0.04157644296266118,False,True,True,False,TARGET_IDENTITY_UNCERTAIN,TARGET_OVERLAP_AMBIGUOUS: another detected person overlaps or is too close to the selected pose for automated identity acceptance.,False,,TARGET_IDENTITY_UNCERTAIN,TARGET_OVERLAP_AMBIGUOUS: another detected person overlaps or is too close to the selected pose for automated identity acceptance.,NOT_REVIEWED,False
103,103,94,2060.0,17,1.0,0.9628427028656006,4,6,0.9987364113330841,0.9966671764850616,False,,,,,False,,,,524.8038177490234,423.42452239990234,530.6086387634277,295.78686904907227,127.76958362582205,1,0,False,0,0.0,,408.2263741493225,253.69842529296875,212.92734289169312,336.2760314941406,514.6900455951691,421.83644104003906,588.6734693877551,408.18367471500324,75.232606125266,0.1252074251312299,1.0,398.01962603415035,0.45256716675276365,True,14.387761865196087,8.543616237523427,131.9901411569478,0.01611779486277253,False,False,False,False,INVALID_TRACK_SEGMENT,Valid-looking pose segment is too short to establish target identity continuity.,False,,INVALID_TRACK_SEGMENT,Valid-looking pose segment is too short to establish target identity continuity.,NOT_REVIEWED,False
104,104,95,2080.0,17,1.0,0.9557153582572937,4,6,0.9984720349311829,0.9959008097648621,False,,,,,False,,,,523.6353225708008,419.2267837524414,533.335823059082,292.49344635009766,127.10404603654223,2,0,True,1,0.07832926569240554,0.3940640159261418,407.05548572540283,252.95030212402344,207.12507152557373,338.8307342529297,510.6180214881897,422.3656692504883,586.1224489795918,406.5918373575016,77.13450812310015,0.1258856809980345,1.0,397.12348423236506,0.006789460136418067,True,4.357337574014295,4.27599897761735,131.9901411569478,0.005042328036367804,False,True,True,False,TARGET_IDENTITY_UNCERTAIN,TARGET_OVERLAP_AMBIGUOUS: another detected person overlaps or is too close to the selected pose for automated identity acceptance.,False,,TARGET_IDENTITY_UNCERTAIN,TARGET_OVERLAP_AMBIGUOUS: another detected person overlaps or is too close to the selected pose for automated identity acceptance.,NOT_REVIEWED,False
105,105,96,2100.0,17,1.0,0.9465040564537048,4,6,0.993553876876831,0.9956384897232056,False,,,,,False,,,,540.0533752441406,421.10986328125,565.2505111694336,291.5471305847168,131.9901411569478,2,0,True,1,0.524737627897195,0.15669478238435317,452.69722747802734,249.7822494506836,174.62914276123047,356.92569732666016,540.0117988586426,428.2450981140137,583.5714285714286,405.0,49.37383848806115,0.07904797364366846,1.0,397.3553710642966,0.0017568496396697792,True,16.52569036671024,31.928714830209245,131.9901411569478,0.03701863697983001,False,True,True,False,TARGET_IDENTITY_UNCERTAIN,TARGET_OVERLAP_AMBIGUOUS: another detected person overlaps or is too close to the selected pose for automated identity acceptance.,False,,TARGET_IDENTITY_UNCERTAIN,TARGET_OVERLAP_AMBIGUOUS: another detected person overlaps or is too close to the selected pose for automated identity acceptance.,NOT_REVIEWED,False
106,106,97,2120.0,17,1.0,0.9307729601860046,4,6,0.9933764934539795,0.9950242638587952,False,,,,,False,,,,535.255989074707,425.8174591064453,557.475471496582,297.51484298706055,130.2123907397995,2,0,True,1,0.5523735331329525,0.14196693127291624,474.70033264160156,254.53599548339844,144.40652465820312,348.61448669433594,546.9035949707031,428.8432388305664,570.4761904761905,409.1904776436942,30.690361371830637,0.05166987784487345,1.0,377.33977354238124,0.15164464062596217,True,6.7213371074563035,9.801266919715182,131.9901411569478,0.013468812151919718,False,True,True,False,TARGET_IDENTITY_UNCERTAIN,TARGET_OVERLAP_AMBIGUOUS: another detected person overlaps or is too close to the selected pose for automated identity acceptance.,False,,TARGET_IDENTITY_UNCERTAIN,TARGET_OVERLAP_AMBIGUOUS: another detected person overlaps or is too close to the selected pose for automated identity acceptance.,NOT_REVIEWED,False
107,107,98,2140.0,17,1.0,0.9348551630973816,4,6,0.9851023852825165,0.9885152876377106,False,,,,,False,,,,528.6118812561035,425.17923736572266,516.3245048522949,293.8468132019043,131.9059712660271,1,0,False,0,0.0,,452.71477127075195,257.13246154785156,168.98699569702148,338.9016571044922,537.2082691192627,426.58329010009766,557.3809523809524,413.38095528738836,24.108894509772366,0.04273984419562213,1.0,378.6963663713661,0.010277986045728498,True,6.67469068163907,41.31411984133298,131.9901411569478,0.012831113834583987,False,False,False,False,INVALID_TRACK_SEGMENT,Valid-looking pose segment is too short to establish target identity continuity.,False,,INVALID_TRACK_SEGMENT,Valid-looking pose segment is too short to establish target identity continuity.,NOT_REVIEWED,False
108,108,99,2160.0,17,1.0,0.91011643409729,4,6,0.9921912252902985,0.9817754626274109,False,,,,,False,,,,527.9929847717285,426.4568405151367,497.14684295654297,283.31661224365234,146.4261227189165,2,0,True,1,0.5183193830419374,0.12957091574959914,421.76730155944824,233.08808517456055,199.65942573547363,359.1098823547363,521.5970144271851,412.6430263519287,544.2857142857142,417.57143293108254,23.217801202522775,0.04339161062513523,1.0,410.8817273740117,0.2438467049169559,True,1.4196135621233217,21.87847910639464,131.9901411569478,0.11000936377228104,False,True,True,False,TARGET_IDENTITY_UNCERTAIN,TARGET_OVERLAP_AMBIGUOUS: another detected person overlaps or is too close to the selected pose for automated identity acceptance.,False,,TARGET_IDENTITY_UNCERTAIN,TARGET_OVERLAP_AMBIGUOUS: another detected person overlaps or is too close to the selected pose for automated identity acceptance.,NOT_REVIEWED,False
109,109,100,2180.0,17,1.0,0.8965193629264832,4,6,0.9936636686325073,0.9902726411819458,False,,,,,False,,,,530.6877670288086,432.8637466430664,481.0041084289551,294.20822525024414,147.28821930005873,2,0,True,1,0.6898357960286101,0.08653605018455132,411.39448070526123,239.52495193481445,202.6405839920044,340.8940238952637,512.7147727012634,409.9719638824463,545.2380952380953,426.3809567406064,36.42830706269432,0.06646687379059799,1.0,396.5752662586576,0.10839037665959034,True,6.950560951835224,19.473446328617282,131.9901411569478,0.006531522533316463,False,True,True,True,TARGET_IDENTITY_UNCERTAIN,TARGET_OVERLAP_AMBIGUOUS: another detected person overlaps or is too close to the selected pose for automated identity acceptance.,False,,TARGET_IDENTITY_UNCERTAIN,TARGET_OVERLAP_AMBIGUOUS: another detected person overlaps or is too close to the selected pose for automated identity acceptance.,NOT_REVIEWED,False
110,110,101,2200.0,17,1.0,0.9316609501838684,4,6,0.9847744107246399,0.975285142660141,False,,,,,False,,,,557.8191986083984,432.3167724609375,589.9226455688477,295.4663619995117,140.56552262273667,2,0,True,1,0.603188783075702,0.11299741066890566,446.77544021606445,255.30371856689453,201.0008201599121,343.84960174560547,547.2758502960205,427.22851943969727,546.1904761904761,435.1904805501302,8.035599646139204,0.014322002481201633,1.0,398.28868716744745,0.012981430990004181,True,27.136944564815703,108.92580337447146,131.9901411569478,0.0509333244013141,True,True,True,True,TARGET_IDENTITY_UNCERTAIN,TARGET_OVERLAP_AMBIGUOUS: another detected person overlaps or is too close to the selected pose for automated identity acceptance.,False,,TARGET_IDENTITY_UNCERTAIN,TARGET_OVERLAP_AMBIGUOUS: another detected person overlaps or is too close to the selected pose for automated identity acceptance.,NOT_REVIEWED,False
111,111,102,2220.0,17,1.0,0.8209758400917053,4,6,0.9911542236804962,0.9799636006355286,False,,,,,False,,,,570.0735778808594,428.31800079345703,607.134651184082,294.5141067504883,138.84165518837943,3,1,True,2,0.5957533657033758,0.118904700960441,455.3984680175781,244.84444046020508,199.18014526367188,338.3244743347168,554.9885406494141,414.0066776275635,547.1428571428571,444.000004359654,31.002490192611866,0.05400432284574064,1.0,392.60180870841623,0.04308563055682337,True,12.89030590024786,17.238327278426766,131.9901411569478,0.013060577246503604,False,True,True,True,TARGET_IDENTITY_UNCERTAIN,TARGET_OVERLAP_AMBIGUOUS: another detected person overlaps or is too close to the selected pose for automated identity acceptance.,False,,TARGET_IDENTITY_UNCERTAIN,TARGET_OVERLAP_AMBIGUOUS: another detected person overlaps or is too close to the selected pose for automated identity acceptance.,NOT_REVIEWED,False
112,112,103,2240.0,17,1.0,0.9534828066825867,4,6,0.9956037998199463,0.995439350605011,False,,,,,False,,,,521.4268836975098,425.8741912841797,472.2995376586914,294.94728088378906,139.84045192936742,3,0,True,2,0.646756742549774,0.10444414761766929,418.1070194244385,235.93922424316406,173.5336208343506,350.0717315673828,504.87382984161377,410.97509002685547,543.3928571428571,438.35714612688344,47.25983982726781,0.08067965761082575,1.0,390.72258035909044,0.014237641787890953,True,48.70803896571874,134.83580933577971,131.9901411569478,0.007567207158300769,True,True,True,True,TARGET_IDENTITY_UNCERTAIN,TARGET_OVERLAP_AMBIGUOUS: another detected person overlaps or is too close to the selected pose for automated identity acceptance.,False,,TARGET_IDENTITY_UNCERTAIN,TARGET_OVERLAP_AMBIGUOUS: another detected person overlaps or is too close to the selected pose for automated identity acceptance.,NOT_REVIEWED,False
113,113,104,2260.0,17,1.0,0.8440631628036499,4,6,0.9870090484619141,0.9784511923789978,False,,,,,False,,,,566.9668502807617,428.2321243286133,609.6998291015625,302.34819412231445,132.93935219897577,3,0,True,2,0.5846206816437821,0.12320790700026521,441.4278259277344,257.1676330566406,259.68890380859375,334.6214294433594,571.2722778320312,424.4783477783203,539.6428571428571,432.7142878941127,32.6841087185145,0.05469765587138071,1.0,423.56797306220665,0.2488473185588927,True,45.60096933888288,137.5994680416683,131.9901411569478,0.0522849636336523,True,True,True,True,TARGET_IDENTITY_UNCERTAIN,TARGET_OVERLAP_AMBIGUOUS: another detected person overlaps or is too close to the selected pose for automated identity acceptance.,False,,TARGET_IDENTITY_UNCERTAIN,TARGET_OVERLAP_AMBIGUOUS: another detected person overlaps or is too close to the selected pose for automated identity acceptance.,NOT_REVIEWED,False
114,114,105,2280.0,17,1.0,0.8627040386199951,4,6,0.9857854545116425,0.9781817197799683,False,,,,,False,,,,571.113166809082,430.60499572753906,614.2986755371094,302.5028762817383,135.18558048329243,3,2,True,2,0.5904468584174866,0.11665314007615889,458.9720916748047,257.0561065673828,231.9980926513672,337.31312561035156,574.9711380004883,425.7126693725586,535.8928571428571,427.071429661342,39.101895917081535,0.06416672960874513,1.0,409.39377096250155,0.10738833957947462,True,4.777285780530844,4.601447066759132,131.9901411569478,0.01701815199701693,False,True,True,True,TARGET_IDENTITY_UNCERTAIN,TARGET_OVERLAP_AMBIGUOUS: another detected person overlaps or is too close to the selected pose for automated identity acceptance.,False,,TARGET_IDENTITY_UNCERTAIN,TARGET_OVERLAP_AMBIGUOUS: another detected person overlaps or is too close to the selected pose for automated identity acceptance.,NOT_REVIEWED,False
115,115,106,2300.0,17,1.0,0.8985093235969543,4,6,0.9911493360996246,0.9841184020042419,False,,,,,False,,,,564.4757308959961,431.9565124511719,612.0555877685547,303.73716735839844,136.76272604782667,3,0,True,2,0.6199418176083249,0.1085053333689366,445.0078887939453,259.63443756103516,248.18650817871094,341.09300994873047,569.1011428833008,430.1809425354004,532.1428571428571,421.4285714285714,37.98050664306543,0.06113243485859173,1.0,421.83051605808,0.09422480335701781,True,6.7736366122329095,2.560257252574931,131.9901411569478,0.011948964905332473,False,True,True,True,TARGET_IDENTITY_UNCERTAIN,TARGET_OVERLAP_AMBIGUOUS: another detected person overlaps or is too close to the selected pose for automated identity acceptance.,False,,TARGET_IDENTITY_UNCERTAIN,TARGET_OVERLAP_AMBIGUOUS: another detected person overlaps or is too close to the selected pose for automated identity acceptance.,NOT_REVIEWED,False
116,116,107,2320.0,17,1.0,0.932129979133606,4,6,0.9622381031513214,0.9598163962364197,False,,,,,False,,,,523.4033813476562,422.0880813598633,464.6217346191406,284.85093688964844,149.29606764565045,3,0,True,2,0.4144545624607658,0.1443176717934854,447.9349594116211,229.98207092285156,141.61705780029297,360.68699645996094,518.7434883117676,410.32556915283203,511.7857142857143,429.1428593226842,20.062428286078372,0.034341678718554126,1.0,387.4925811874589,0.26015530076439797,True,42.24125743423032,148.6385910717729,131.9901411569478,0.09495664970098441,True,True,True,True,TARGET_IDENTITY_UNCERTAIN,TARGET_OVERLAP_AMBIGUOUS: another detected person overlaps or is too close to the selected pose for automated identity acceptance.,False,,TARGET_IDENTITY_UNCERTAIN,TARGET_OVERLAP_AMBIGUOUS: another detected person overlaps or is too close to the selected pose for automated identity acceptance.,NOT_REVIEWED,False
117,117,108,2340.0,17,1.0,0.9291149377822876,4,6,0.9660286605358124,0.935249537229538,False,,,,,False,,,,496.9804458618164,410.57616424560547,451.2749900817871,290.88444900512695,128.1214087702286,2,0,True,1,0.21725659830839655,0.20042862058382452,442.06810760498047,232.63373565673828,119.04740142822266,364.64070892333984,501.5918083190918,414.9540901184082,491.42857142857144,436.8571472167969,24.146123795510288,0.043988785732657985,1.0,383.58197349579433,0.02962802871022388,True,28.82179306244489,14.647145052637457,131.9901411569478,0.16042606432432951,False,True,True,True,TARGET_IDENTITY_UNCERTAIN,TARGET_OVERLAP_AMBIGUOUS: another detected person overlaps or is too close to the selected pose for automated identity acceptance.,False,,TARGET_IDENTITY_UNCERTAIN,TARGET_OVERLAP_AMBIGUOUS: another detected person overlaps or is too close to the selected pose for automated identity acceptance.,NOT_REVIEWED,False
118,118,109,2360.0,17,1.0,0.9511828422546387,4,6,0.9723135530948639,0.9229907691478729,False,,,,,False,,,,499.60374450683594,403.8550033569336,433.2310333251953,289.5733184814453,132.15763423874495,1,0,False,0,0.0,,421.65918731689453,226.1319351196289,147.58873748779297,354.57308197021484,495.453556060791,403.4184761047363,482.14285714285717,428.85714576357884,28.710636002979804,0.05117457372634806,1.0,384.06315351918016,0.003645575488957672,True,7.2149635808071695,18.091529473316633,131.9901411569478,0.030579749617184744,False,False,False,False,INVALID_TRACK_SEGMENT,Valid-looking pose segment is too short to establish target identity continuity.,False,,INVALID_TRACK_SEGMENT,Valid-looking pose segment is too short to establish target identity continuity.,NOT_REVIEWED,False
119,119,110,2380.0,17,1.0,0.9674688577651978,4,6,0.9807479679584503,0.9552026093006134,False,,,,,False,,,,493.25086975097656,398.4707794189453,430.61120223999023,285.95873260498047,128.77378857576076,1,0,False,0,0.0,,423.0654983520508,226.83373260498047,159.13079071044922,356.59033966064453,502.6308937072754,405.12890243530273,472.8571428571429,420.8571443103609,33.67274613342517,0.05872276436966945,1.0,390.4859522331458,0.04866120043260164,True,8.327597797566916,4.4641624044546075,131.9901411569478,0.025637109206213347,False,False,False,False,INVALID_TRACK_SEGMENT,Valid-looking pose segment is too short to establish target identity continuity.,False,,INVALID_TRACK_SEGMENT,Valid-looking pose segment is too short to establish target identity continuity.,NOT_REVIEWED,False
120,120,111,2400.0,17,1.0,0.9475674629211426,4,6,0.9838348627090454,0.9704016745090485,False,,,,,False,,,,476.1877212524414,407.9255599975586,431.34174728393555,277.3921585083008,138.02220939232816,2,0,True,1,0.21351545228814786,0.20435842432669046,410.5343933105469,223.28237533569336,139.71884155273438,355.38550186157227,480.39381408691406,400.9751262664795,463.57142857142856,412.8571428571429,20.59550855629491,0.03514258171301906,1.0,381.86412454987135,0.06532175515307864,True,19.50753476154241,8.597667579939134,131.9901411569478,0.07006902739478264,False,True,True,False,TARGET_IDENTITY_UNCERTAIN,TARGET_OVERLAP_AMBIGUOUS: another detected person overlaps or is too close to the selected pose for automated identity acceptance.,False,,TARGET_IDENTITY_UNCERTAIN,TARGET_OVERLAP_AMBIGUOUS: another detected person overlaps or is too close to the selected pose for automated identity acceptance.,NOT_REVIEWED,False
121,121,112,2420.0,17,1.0,0.9354369044303894,4,6,0.9723167419433594,0.9480293095111847,False,,,,,False,,,,477.68494415283203,404.5926742553711,431.6607780456543,280.2011833190918,132.632827321186,3,0,True,2,0.6316799512626644,0.08777166057519857,411.7672805786133,225.34006118774414,140.07018280029297,355.6944236755371,481.80237197875977,403.1872730255127,459.69387755102036,415.0,25.066432622835745,0.042663170710805935,1.0,382.28023640201434,0.0031525979781186577,True,3.6537383299753197,2.8270834820645723,131.9901411569478,0.04083170170061202,False,True,True,False,TARGET_IDENTITY_UNCERTAIN,TARGET_OVERLAP_AMBIGUOUS: another detected person overlaps or is too close to the selected pose for automated identity acceptance.,False,,TARGET_IDENTITY_UNCERTAIN,TARGET_OVERLAP_AMBIGUOUS: another detected person overlaps or is too close to the selected pose for automated identity acceptance.,NOT_REVIEWED,False
122,122,113,2440.0,17,1.0,0.9353061318397522,4,6,0.9803596138954163,0.9631611406803131,False,,,,,False,,,,471.99083709716797,397.0696487426758,424.8296890258789,277.27161407470703,128.7468174274995,2,0,True,1,0.14082611421184224,0.24076939860031282,371.27910232543945,226.29759216308594,172.09736251831055,349.99754333496094,457.3277835845947,401.2963638305664,455.8163265306123,417.14285714285717,15.918412380715267,0.027021394200513,1.0,390.0202334831703,0.05864072129411849,True,9.434975783012261,7.432775602272749,131.9901411569478,0.029441667836885534,False,True,True,False,TARGET_IDENTITY_UNCERTAIN,TARGET_OVERLAP_AMBIGUOUS: another detected person overlaps or is too close to the selected pose for automated identity acceptance.,False,,TARGET_IDENTITY_UNCERTAIN,TARGET_OVERLAP_AMBIGUOUS: another detected person overlaps or is too close to the selected pose for automated identity acceptance.,NOT_REVIEWED,False
123,123,114,2460.0,17,1.0,0.9475034475326538,4,6,0.9814243614673615,0.9660877883434296,False,,,,,False,,,,467.25235748291016,399.5501403808594,422.8554000854492,271.5717544555664,135.46053702165509,1,0,False,0,0.0,,374.7149963378906,221.08471298217773,174.74078369140625,360.412052154541,462.08538818359375,401.29073905944824,451.9387755102041,419.2857142857143,20.65848208697144,0.03497056242372532,1.0,400.53862338522913,0.07969072394241607,True,5.34846032254476,6.032098846853629,131.9901411569478,0.05086531111571719,False,False,False,False,VALID_TARGET,,True,3,VALID_TARGET,,NOT_REVIEWED,False
124,124,115,2480.0,17,1.0,0.9383012056350708,4,6,0.9699930548667908,0.9539514482021332,False,,,,,False,,,,467.3351745605469,399.64820861816406,419.8106880187988,271.0278854370117,137.11952580242124,1,0,False,0,0.0,,385.13973236083984,216.34832763671875,154.2096176147461,368.0414123535156,462.2445411682129,400.36903381347656,448.0612244897959,421.42857142857144,25.39036424634073,0.04285673008856677,1.0,399.04271371879065,0.0113334954666024,True,0.1283590570093704,3.0929056044680916,131.9901411569478,0.012569035582691504,False,False,False,False,VALID_TARGET,,True,3,VALID_TARGET,,NOT_REVIEWED,False
125,125,116,2500.0,17,1.0,0.9251479506492615,4,6,0.9612038731575012,0.9370723962783813,False,,,,,False,,,,460.2344970703125,404.51795959472656,414.85830307006836,270.6440010070801,141.35499909757235,1,0,False,0,0.0,,351.5389633178711,212.25700759887695,187.4008560180664,375.5388298034668,445.2393913269043,400.02642250061035,444.1836734693877,423.5714285714285,23.568662479435332,0.03966263096509503,1.0,419.70048073174905,0.15650992439196285,True,8.610115875762217,4.967241078904468,131.9901411569478,0.03208931559603957,False,False,False,False,VALID_TARGET,,True,3,VALID_TARGET,,NOT_REVIEWED,False
126,126,117,2520.0,17,1.0,0.8980520367622375,4,6,0.9756465554237366,0.9574925601482391,False,,,,,False,,,,453.2014617919922,400.9842300415039,412.64049530029297,267.39318466186523,139.61289126855525,1,0,False,0,0.0,,353.5739974975586,215.57771682739258,177.54816436767578,370.4261894226074,442.3480796813965,400.7908115386963,440.30612244897964,425.7142857142858,25.00698211140832,0.0419523086558311,1.0,410.7784226082045,0.06759639807442476,True,7.870884942712431,3.935286293777377,131.9901411569478,0.01319877237607908,False,False,False,False,VALID_TARGET,,True,3,VALID_TARGET,,NOT_REVIEWED,False
127,127,118,2540.0,17,1.0,0.8639456629753113,4,6,0.9698126018047333,0.9730244874954224,False,,,,,False,,,,445.6760940551758,400.21045684814453,407.2158508300781,255.45257186889648,149.77995717918628,1,0,False,0,0.0,,340.5198211669922,211.58634567260742,185.52452087402344,380.5922737121582,433.2820816040039,401.8824825286865,436.42857142857144,427.8571428571429,26.16454428028113,0.04375303899420583,1.0,423.4026767214944,0.09564543232269573,True,7.565043590692578,13.115067727611683,131.9901411569478,0.07702897975191578,False,False,False,False,VALID_TARGET,,True,3,VALID_TARGET,,NOT_REVIEWED,False
128,128,119,2560.0,17,1.0,0.9104386568069458,4,6,0.966399073600769,0.9599906206130981,False,,,,,False,,,,443.0923767089844,400.47142028808594,404.40871810913086,258.13329696655273,147.50107387190783,1,0,False,0,0.0,,343.12247467041016,212.7677764892578,185.9704818725586,381.1251983642578,436.10771560668945,403.3303756713867,432.92857142857144,426.5,23.386715229683926,0.03907835773767308,1.0,424.077159201137,0.005110097418871622,True,2.5968629617283265,3.8815307756369664,131.9901411569478,0.01726555701284278,False,False,False,False,VALID_TARGET,,True,3,VALID_TARGET,,NOT_REVIEWED,False
129,129,120,2580.0,17,1.0,0.8934541344642639,4,6,0.9737041890621185,0.9587774872779846,False,,,,,False,,,,426.57312774658203,404.6440658569336,395.2415771484375,261.8762893676758,146.16533127445362,2,0,True,1,0.04745601851621638,0.21204784304935745,351.67424392700195,209.5169334411621,166.58417892456055,385.20529556274414,434.9663333892822,402.1195812225342,429.42857142857144,425.14285714285717,23.679907973571595,0.039538388760928606,1.0,419.68250904409996,0.03329529098549444,True,17.03809136391324,9.901841521054902,131.9901411569478,0.010120017947900361,False,True,True,False,TARGET_IDENTITY_UNCERTAIN,TARGET_OVERLAP_AMBIGUOUS: another detected person overlaps or is too close to the selected pose for automated identity acceptance.,False,,TARGET_IDENTITY_UNCERTAIN,TARGET_OVERLAP_AMBIGUOUS: another detected person overlaps or is too close to the selected pose for automated identity acceptance.,NOT_REVIEWED,False
130,130,121,2600.0,17,1.0,0.8735063076019287,4,6,0.9655679762363434,0.9502257108688354,False,,,,,False,,,,426.54512786865234,401.01116943359375,392.04856872558594,258.29042053222656,146.83059885350255,2,0,True,1,0.044087175218811135,0.20751837609351245,371.5312194824219,208.425537109375,142.7373504638672,388.07025146484375,442.89989471435547,402.4606628417969,425.92857142857144,423.78571428571433,27.254057187074388,0.045471769384338286,1.0,413.48817551343825,0.04693027430962518,True,3.633004323680266,4.801432920852582,131.9901411569478,0.005040282351527062,False,True,True,False,TARGET_IDENTITY_UNCERTAIN,TARGET_OVERLAP_AMBIGUOUS: another detected person overlaps or is too close to the selected pose for automated identity acceptance.,False,,TARGET_IDENTITY_UNCERTAIN,TARGET_OVERLAP_AMBIGUOUS: another detected person overlaps or is too close to the selected pose for automated identity acceptance.,NOT_REVIEWED,False
131,131,122,2620.0,17,1.0,0.8714847564697266,4,6,0.9755777418613434,0.9581860601902008,False,,,,,False,,,,427.5058288574219,400.6177749633789,399.51647567749023,261.1932258605957,142.20621921683085,1,0,False,0,0.0,,342.47868728637695,213.68087005615234,166.4067497253418,377.26627349853516,425.68206214904785,402.3140068054199,422.42857142857133,422.42857142857144,20.375988610302215,0.033970424098520025,1.0,412.33608558265195,0.008728605945018028,True,1.0381260034400317,8.012235207275733,131.9901411569478,0.035035795826393684,False,False,False,False,INVALID_TRACK_SEGMENT,Valid-looking pose segment is too short to establish target identity continuity.,False,,INVALID_TRACK_SEGMENT,Valid-looking pose segment is too short to establish target identity continuity.,NOT_REVIEWED,False
132,132,123,2640.0,17,1.0,0.9591741561889648,4,6,0.9903969466686249,0.9794774055480957,False,,,,,False,,,,396.9893379211426,395.19246673583984,379.6216735839844,255.87489318847656,140.39594746164568,1,0,False,0,0.0,,337.67072677612305,207.02228164672852,163.94247817993164,394.11108016967773,419.64196586608887,404.0778217315674,418.9285714285714,421.0714285714286,17.00857445676325,0.028334897130858735,1.0,426.8497155490296,0.10995995488117322,True,30.99500263635768,20.593392453675403,131.9901411569478,0.013715204327515633,False,False,False,False,INVALID_TRACK_SEGMENT,Valid-looking pose segment is too short to establish target identity continuity.,False,,INVALID_TRACK_SEGMENT,Valid-looking pose segment is too short to establish target identity continuity.,NOT_REVIEWED,False
133,133,124,2660.0,17,1.0,0.9294070601463318,4,6,0.9880942106246948,0.97661292552948,False,,,,,False,,,,397.20080947875977,391.12596893310547,380.1809272766113,249.99089431762695,142.15760857897018,1,0,False,0,0.0,,343.8423538208008,205.12666702270508,154.89238739013672,395.0913200378418,421.28854751586914,402.672327041626,415.42857142857144,419.7142857142858,18.02131169322437,0.02999932105927013,1.0,424.3687109585961,0.018796893227679443,True,4.071992706197365,5.910516678335013,131.9901411569478,0.013346914412567669,False,False,False,False,INVALID_TRACK_SEGMENT,Valid-looking pose segment is too short to establish target identity continuity.,False,,INVALID_TRACK_SEGMENT,Valid-looking pose segment is too short to establish target identity continuity.,NOT_REVIEWED,False
134,134,125,2680.0,17,1.0,0.9169096946716309,4,6,0.9916679859161377,0.9878161549568176,False,,,,,False,,,,392.8493957519531,396.4841613769531,379.5193672180176,260.11613845825195,137.01798179608014,2,0,True,1,0.1195851379432895,0.2431698618021798,313.4007377624512,207.2337646484375,173.58296585083008,387.8746337890625,400.1922206878662,401.17108154296875,411.92857142857144,418.3571428571429,20.81111799503826,0.0346171732392406,1.0,424.9444405690817,0.0043619137417313615,True,6.902537771511821,10.146833526691342,131.9901411569478,0.038939474856524194,False,True,True,False,TARGET_IDENTITY_UNCERTAIN,TARGET_OVERLAP_AMBIGUOUS: another detected person overlaps or is too close to the selected pose for automated identity acceptance.,False,,TARGET_IDENTITY_UNCERTAIN,TARGET_OVERLAP_AMBIGUOUS: another detected person overlaps or is too close to the selected pose for automated identity acceptance.,NOT_REVIEWED,False
135,135,126,2700.0,17,1.0,0.9229393601417542,4,6,0.9885484278202057,0.9813583791255951,False,,,,,False,,,,390.27022552490234,396.5648651123047,374.94977951049805,259.9742546081543,137.4471205372335,3,0,True,2,0.11280986270038876,0.21028598999388484,312.9796829223633,209.5091094970703,171.0820541381836,388.99522399902344,398.5207099914551,404.00672149658203,408.42857142857144,417.0,16.339859378968995,0.02715910957526856,1.0,424.95453114679316,7.644948041597885e-05,True,2.580432551531792,4.571789894957131,131.9901411569478,0.0032512939026490078,False,True,True,False,TARGET_IDENTITY_UNCERTAIN,TARGET_OVERLAP_AMBIGUOUS: another detected person overlaps or is too close to the selected pose for automated identity acceptance.,False,,TARGET_IDENTITY_UNCERTAIN,TARGET_OVERLAP_AMBIGUOUS: another detected person overlaps or is too close to the selected pose for automated identity acceptance.,NOT_REVIEWED,False
136,136,127,2720.0,17,1.0,0.9071762561798096,4,6,0.9858287274837494,0.9777079522609711,False,,,,,False,,,,388.2491264343262,395.80738067626953,373.5628089904785,259.7030715942383,136.8943785213935,1,0,False,0,0.0,,310.8738327026367,211.6657600402832,174.48279571533203,386.58369064331055,398.11523056030273,404.9576053619385,404.9285714285714,415.64285714285717,12.672656367504246,0.021047753844403647,1.0,424.13582243432484,0.006202802006968123,True,2.1583846285505572,1.4132329781178412,131.9901411569478,0.004187752289640724,False,False,False,False,INVALID_TRACK_SEGMENT,Valid-looking pose segment is too short to establish target identity continuity.,False,,INVALID_TRACK_SEGMENT,Valid-looking pose segment is too short to establish target identity continuity.,NOT_REVIEWED,False
137,137,128,2740.0,17,1.0,0.9622226357460022,4,6,0.9803406894207001,0.9709967970848083,False,,,,,False,,,,372.447998046875,399.6170349121094,365.2973861694336,261.59509658813477,138.20704290639048,2,0,True,1,0.2687841391740056,0.1950696976628773,294.7528877258301,210.42025756835938,172.91770553588867,394.0555419921875,381.2117404937744,407.4480285644531,401.42857142857144,414.28571428571433,21.34184151072502,0.03541936213761907,1.0,430.3258103606533,0.04689735060566395,True,16.253895647301533,8.479208276023133,131.9901411569478,0.00994516994595922,False,True,True,False,TARGET_IDENTITY_UNCERTAIN,TARGET_OVERLAP_AMBIGUOUS: another detected person overlaps or is too close to the selected pose for automated identity acceptance.,False,,TARGET_IDENTITY_UNCERTAIN,TARGET_OVERLAP_AMBIGUOUS: another detected person overlaps or is too close to the selected pose for automated identity acceptance.,NOT_REVIEWED,False
138,138,129,2760.0,17,1.0,0.9712523818016052,4,6,0.9885194003582001,0.9778870344161987,False,,,,,False,,,,376.251895904541,400.5147705078125,364.85205078125,264.22414779663086,136.76655405411324,1,0,False,0,0.0,,290.95101165771484,210.68134307861328,185.92879486083984,390.4416732788086,383.91540908813477,405.9021797180176,394.0,414.2857142857143,13.114214643181663,0.021718572725334104,1.0,432.4514041960786,0.01610418639448081,True,3.9083971281522234,2.6665021779221187,131.9901411569478,0.01091360945333314,False,False,False,False,INVALID_TRACK_SEGMENT,Valid-looking pose segment is too short to establish target identity continuity.,False,,INVALID_TRACK_SEGMENT,Valid-looking pose segment is too short to establish target identity continuity.,NOT_REVIEWED,False
139,139,130,2780.0,17,1.0,0.6098537445068359,4,6,0.8937478363513947,0.8737739324569702,False,,,,,False,,,,444.30879974365234,413.67303466796875,422.3843460083008,276.9575958251953,138.46224355240562,3,1,True,2,0.6277508555838109,0.11092419991529118,380.2158966064453,219.9581298828125,139.5314483642578,373.8556823730469,449.9816207885742,406.88597106933594,386.57142857142856,414.2857142857143,63.84049401973404,0.10550361119687585,1.0,399.0452309265756,0.25309597350744684,True,69.31725669611066,58.92457630555083,131.9901411569478,0.012847092089067914,False,True,True,False,TARGET_IDENTITY_UNCERTAIN,TARGET_OVERLAP_AMBIGUOUS: another detected person overlaps or is too close to the selected pose for automated identity acceptance.,False,,TARGET_IDENTITY_UNCERTAIN,TARGET_OVERLAP_AMBIGUOUS: another detected person overlaps or is too close to the selected pose for automated identity acceptance.,NOT_REVIEWED,False
140,140,131,2800.0,17,1.0,0.6537987589836121,4,6,0.8933009803295135,0.8747639656066895,False,,,,,False,,,,451.02819061279297,413.69989013671875,422.59400177001953,274.28267669677734,142.28725346461883,3,0,True,2,0.6791401166015499,0.0951084494447787,380.6426239013672,217.22510528564453,117.51841735839844,375.3316879272461,439.4018325805664,404.8909492492676,379.1428571428572,414.28571428571433,60.986930820401845,0.10057542845756721,1.0,393.2994461993792,0.043531923496953874,True,6.719444535710685,2.683122785486757,131.9901411569478,0.028979512247546833,False,True,True,True,TARGET_IDENTITY_UNCERTAIN,TARGET_OVERLAP_AMBIGUOUS: another detected person overlaps or is too close to the selected pose for automated identity acceptance.,False,,TARGET_IDENTITY_UNCERTAIN,TARGET_OVERLAP_AMBIGUOUS: another detected person overlaps or is too close to the selected pose for automated identity acceptance.,NOT_REVIEWED,False
141,141,132,2820.0,17,1.0,0.9199480414390564,4,6,0.9453055560588837,0.8913349211215973,False,,,,,False,,,,366.00809478759766,396.76573181152344,345.74140548706055,263.58226013183594,134.71665013597476,2,1,True,1,0.5449153054566416,0.09759854031337782,276.8433952331543,205.3824005126953,174.2729835510254,362.3683624267578,363.979887008667,386.5665817260742,371.71428571428567,414.28571428571433,28.7779643685299,0.047358848986838606,1.0,402.09688245947154,0.0666522225294951,True,86.69015176078639,77.59394609178446,131.9901411569478,0.05735733943675354,True,True,True,True,TARGET_IDENTITY_UNCERTAIN,TARGET_OVERLAP_AMBIGUOUS: another detected person overlaps or is too close to the selected pose for automated identity acceptance.,False,,TARGET_IDENTITY_UNCERTAIN,TARGET_OVERLAP_AMBIGUOUS: another detected person overlaps or is too close to the selected pose for automated identity acceptance.,NOT_REVIEWED,False
142,142,133,2840.0,17,1.0,0.9493381381034851,4,6,0.9639478325843811,0.933041512966156,False,,,,,False,,,,358.07861328125,401.34153747558594,341.22888946533203,263.67235946655273,138.69648793807139,2,0,True,1,0.5750456445907667,0.09751275817638577,263.3892288208008,204.1864776611328,175.9144058227539,397.84153747558594,351.34643173217773,403.1072463989258,364.28571428571433,414.2857142857143,17.09921569242924,0.0280805191507112,1.0,434.99858289069243,0.24927392411905896,True,9.155035468788526,4.51341541811442,131.9901411569478,0.030152538418488778,False,True,True,True,TARGET_IDENTITY_UNCERTAIN,TARGET_OVERLAP_AMBIGUOUS: another detected person overlaps or is too close to the selected pose for automated identity acceptance.,False,,TARGET_IDENTITY_UNCERTAIN,TARGET_OVERLAP_AMBIGUOUS: another detected person overlaps or is too close to the selected pose for automated identity acceptance.,NOT_REVIEWED,False
143,143,134,2860.0,17,1.0,0.9316712021827698,4,6,0.9514813721179962,0.9016813337802887,False,,,,,False,,,,368.07294845581055,403.01116943359375,349.7614631652832,265.95311737060547,138.27588411883687,2,0,True,1,0.557776936447416,0.09980950698452425,258.658447265625,208.04068756103516,180.4824981689453,382.0129928588867,348.89969635009766,399.0471839904785,356.3571428571429,412.57142857142856,15.444050630932212,0.025217322214596438,1.0,422.501903970038,0.09467888140065567,True,10.132838025778327,8.832138504461842,131.9901411569478,0.003186630573675803,False,True,True,False,TARGET_IDENTITY_UNCERTAIN,TARGET_OVERLAP_AMBIGUOUS: another detected person overlaps or is too close to the selected pose for automated identity acceptance.,False,,TARGET_IDENTITY_UNCERTAIN,TARGET_OVERLAP_AMBIGUOUS: another detected person overlaps or is too close to the selected pose for automated identity acceptance.,NOT_REVIEWED,False
144,144,135,2880.0,17,1.0,0.9621350169181824,4,6,0.9849859774112701,0.9680185317993164,False,,,,,False,,,,328.717586517334,403.26646423339844,326.6136703491211,268.0053825378418,135.27744336989414,1,0,False,0,0.0,,237.19646835327148,204.2684555053711,176.3155860900879,400.0031204223633,325.35426139831543,404.27001571655273,348.42857142857144,410.8571428571429,23.996125256771617,0.03895841991188521,1.0,437.13805856493303,0.11088824109591182,True,39.356189967313874,23.238590847480786,131.9901411569478,0.02271715692293502,False,False,False,False,INVALID_TRACK_SEGMENT,Valid-looking pose segment is too short to establish target identity continuity.,False,,INVALID_TRACK_SEGMENT,Valid-looking pose segment is too short to establish target identity continuity.,NOT_REVIEWED,False
145,145,136,2900.0,17,1.0,0.9617972373962402,4,6,0.978529155254364,0.9620139002799988,False,,,,,False,,,,328.1377067565918,401.7587432861328,325.3586883544922,270.32567977905273,131.46243998243511,3,0,True,2,0.6876327921503653,0.12325627862269319,231.91285705566406,209.76162719726562,185.2802734375,377.7703552246094,324.55299377441406,398.6468048095703,340.5,409.14285714285717,19.091205361159705,0.030819780291032387,1.0,420.7602892522087,0.12408327750214129,True,1.6153894241767124,2.6379459991466536,131.9901411569478,0.0289036995795213,False,True,True,False,TARGET_IDENTITY_UNCERTAIN,TARGET_OVERLAP_AMBIGUOUS: another detected person overlaps or is too close to the selected pose for automated identity acceptance.,False,,TARGET_IDENTITY_UNCERTAIN,TARGET_OVERLAP_AMBIGUOUS: another detected person overlaps or is too close to the selected pose for automated identity acceptance.,NOT_REVIEWED,False
146,146,137,2920.0,17,1.0,0.9614840745925903,4,6,0.9719693958759308,0.9362317323684692,False,,,,,False,,,,308.51792907714844,402.5049591064453,305.70032501220703,266.1953811645508,136.33869564934307,1,0,False,0,0.0,,214.15506553649902,212.31356048583984,183.5972843170166,345.4147720336914,305.9537076950073,385.02094650268555,332.57142857142856,407.42857142857144,34.79374540738973,0.05585302725216552,1.0,391.17684945261067,0.22413370832311422,True,19.633963284096986,20.087573669865098,131.9901411569478,0.03694409009768129,False,False,False,False,INVALID_TRACK_SEGMENT,Valid-looking pose segment is too short to establish target identity continuity.,False,,INVALID_TRACK_SEGMENT,Valid-looking pose segment is too short to establish target identity continuity.,NOT_REVIEWED,False
147,147,138,2940.0,17,1.0,0.9598122239112854,4,6,0.9705754220485687,0.9457557797431946,False,,,,,False,,,,304.21990966796875,404.451171875,305.2892646789551,265.68626403808594,138.7690281263322,1,0,False,0,0.0,,212.57875442504883,203.3718490600586,181.27209091186523,387.0659866333008,303.21479988098145,396.904842376709,324.64285714285717,405.71428571428567,23.168252630187695,0.03698293683475137,1.0,427.4103987410345,0.27451708870694347,True,4.718126215159002,0.6543476492148699,131.9901411569478,0.018412984906950317,False,False,False,False,INVALID_TRACK_SEGMENT,Valid-looking pose segment is too short to establish target identity continuity.,False,,INVALID_TRACK_SEGMENT,Valid-looking pose segment is too short to establish target identity continuity.,NOT_REVIEWED,False
148,148,139,2960.0,17,1.0,0.9632220268249512,4,6,0.9834027290344238,0.9386692941188812,False,,,,,False,,,,293.31170654296875,396.0084533691406,290.852596282959,262.2404098510742,133.79064500151793,1,0,False,0,0.0,,196.76281929016113,206.75100708007812,183.9684886932373,351.29339599609375,288.7470636367798,382.397705078125,316.7142857142857,404.0,35.33871328478446,0.056096339787704,1.0,396.5494356351325,0.23381263809094355,True,13.79378088797412,14.842213630523535,131.9901411569478,0.0377178407506552,False,False,False,False,INVALID_TRACK_SEGMENT,Valid-looking pose segment is too short to establish target identity continuity.,False,,INVALID_TRACK_SEGMENT,Valid-looking pose segment is too short to establish target identity continuity.,NOT_REVIEWED,False
149,149,140,2980.0,17,1.0,0.9494492411613464,4,6,0.9817211329936981,0.9593672752380371,False,,,,,False,,,,289.5925407409668,401.1151428222656,289.12278747558594,266.29642486572266,134.81953634238704,1,0,False,0,0.0,,251.60836791992188,206.1303939819336,124.40992736816406,359.7745132446289,313.8133316040039,386.01765060424805,308.78571428571433,402.2857142857143,17.02723793935487,0.026879218489956454,1.0,380.6777251273858,0.12024921231710659,True,6.3174735008101885,4.409478008689796,131.9901411569478,0.007795213580729997,False,False,False,False,INVALID_TRACK_SEGMENT,Valid-looking pose segment is too short to establish target identity continuity.,False,,INVALID_TRACK_SEGMENT,Valid-looking pose segment is too short to establish target identity continuity.,NOT_REVIEWED,False
150,150,141,3000.0,17,1.0,0.9599343538284302,4,6,0.9836484789848328,0.9631252586841583,False,,,,,False,,,,291.3817939758301,394.5924377441406,292.7205505371094,263.0338439941406,131.5654052500425,2,0,True,1,0.1358764483714448,0.3408029311453761,219.47671127319336,204.9560089111328,166.31515884399414,359.1934051513672,302.63429069519043,384.5527114868164,300.8571428571429,400.57142857142856,16.116995733545448,0.025302183093471677,1.0,395.82904689466284,0.11479131421839125,True,6.763660892938556,4.856782164198377,131.9901411569478,0.02465434966445793,False,True,True,False,TARGET_IDENTITY_UNCERTAIN,TARGET_OVERLAP_AMBIGUOUS: another detected person overlaps or is too close to the selected pose for automated identity acceptance.,False,,TARGET_IDENTITY_UNCERTAIN,TARGET_OVERLAP_AMBIGUOUS: another detected person overlaps or is too close to the selected pose for automated identity acceptance.,NOT_REVIEWED,False
151,151,142,3020.0,17,1.0,0.9823976159095764,4,6,0.9881129860877991,0.9856482148170471,False,,,,,False,,,,280.4427070617676,400.34706115722656,274.8604736328125,270.0394744873047,130.42710022765417,2,0,True,1,0.1853236808679271,0.28638522501276875,249.5062255859375,200.93832397460938,112.26846313476562,406.3603210449219,305.6404571533203,404.1184844970703,292.92857142857144,398.8571428571429,13.757679838225203,0.02147995031585697,1.0,421.58382124362197,0.19512650053411532,True,12.36039292012395,19.18492130904239,131.9901411569478,0.008624167020435102,False,True,True,False,TARGET_IDENTITY_UNCERTAIN,TARGET_OVERLAP_AMBIGUOUS: another detected person overlaps or is too close to the selected pose for automated identity acceptance.,False,,TARGET_IDENTITY_UNCERTAIN,TARGET_OVERLAP_AMBIGUOUS: another detected person overlaps or is too close to the selected pose for automated identity acceptance.,NOT_REVIEWED,False
152,152,143,3040.0,17,1.0,0.974751353263855,4,6,0.9842309057712555,0.9803152680397034,False,,,,,False,,,,280.4523735046387,398.60853576660156,279.8689880371094,263.49434661865234,135.115448590128,2,0,True,1,0.2174379164079397,0.25752828045121967,215.95557403564453,206.81034088134766,173.37726593017578,408.29549407958984,302.6442070007324,410.9580879211426,285.0,397.14285714285717,22.40934274230236,0.03479717085264751,1.0,443.58188288873936,0.16666443002708645,True,1.738552263800427,8.241596650835252,131.9901411569478,0.03552044358297178,False,True,True,False,TARGET_IDENTITY_UNCERTAIN,TARGET_OVERLAP_AMBIGUOUS: another detected person overlaps or is too close to the selected pose for automated identity acceptance.,False,,TARGET_IDENTITY_UNCERTAIN,TARGET_OVERLAP_AMBIGUOUS: another detected person overlaps or is too close to the selected pose for automated identity acceptance.,NOT_REVIEWED,False
153,153,144,3060.0,17,1.0,0.9751895666122437,4,6,0.9888359010219574,0.9804342091083527,False,,,,,False,,,,255.4173812866211,395.35699462890625,258.1470260620117,260.6165237426758,134.76811735437627,2,0,True,1,0.30313429569254974,0.20531888004974658,198.4127311706543,207.18055725097656,156.73048782348633,383.0048065185547,276.77797508239746,398.6829605102539,279.5238095238095,396.42857142857144,3.5527280941909636,0.005520411180299699,1.0,413.8322457587174,0.22539287305289735,True,25.245264013797232,21.911766166904084,131.9901411569478,0.002631493782090372,False,True,True,False,TARGET_IDENTITY_UNCERTAIN,TARGET_OVERLAP_AMBIGUOUS: another detected person overlaps or is too close to the selected pose for automated identity acceptance.,False,,TARGET_IDENTITY_UNCERTAIN,TARGET_OVERLAP_AMBIGUOUS: another detected person overlaps or is too close to the selected pose for automated identity acceptance.,NOT_REVIEWED,False
154,154,145,3080.0,17,1.0,0.983237087726593,4,6,0.9936667382717133,0.9905519485473633,False,,,,,False,,,,271.8938293457031,399.4375,270.47695541381836,268.83607482910156,130.60911066387612,1,0,False,0,0.0,,234.4325942993164,199.64107513427734,120.71361541748047,394.6010513305664,294.78940200805664,396.94160079956055,274.04761904761904,395.7142857142858,20.778062053436138,0.03230725146251664,1.0,412.6521133574232,0.008941064771579578,True,16.97421175569437,14.81850795063073,131.9901411569478,0.03150997986701694,False,False,False,False,VALID_TARGET,,True,4,VALID_TARGET,,NOT_REVIEWED,False
155,155,146,3100.0,17,1.0,0.9758658409118652,4,6,0.9854247868061066,0.9803167283535004,False,,,,,False,,,,229.27451705932617,394.17213439941406,232.10359954833984,253.27097702026367,140.9295563695343,1,0,False,0,0.0,,157.00215911865234,139.6525001525879,168.15052032470703,439.937068939209,241.07741928100586,359.6210346221924,268.57142857142856,395.00000000000006,44.80615736777663,0.06971223869559628,1.0,470.9768806558258,0.44188730148450533,True,42.94333306430179,41.40998321875227,131.9901411569478,0.07819103468785805,False,False,False,False,VALID_TARGET,,True,4,VALID_TARGET,,NOT_REVIEWED,False
156,156,147,3120.0,17,1.0,0.9639402627944946,4,6,0.9837135672569275,0.9832557439804077,False,,,,,False,,,,228.2091941833496,393.7571716308594,229.22011184692383,254.03009796142578,139.73073058832065,1,0,False,0,0.0,,168.56580352783203,169.73033142089844,153.9030990600586,427.54383850097656,245.51735305786133,383.5022506713867,263.0952380952381,394.2857142857144,20.62195747034607,0.03210468239605842,1.0,454.40059170344324,0.12558732650093865,True,1.1432877718953989,2.9817387423327792,131.9901411569478,0.009082691863994206,False,False,False,False,VALID_TARGET,,True,4,VALID_TARGET,,NOT_REVIEWED,False
157,157,148,3140.0,17,1.0,0.9694320559501648,4,6,0.9855953752994537,0.9795881807804108,False,,,,,False,,,,229.15524291992188,397.9702453613281,233.03058242797852,254.29541778564453,143.72708281741865,1,0,False,0,0.0,,156.2767677307129,187.7518310546875,167.09611129760742,394.6529235839844,239.8248233795166,385.0782928466797,257.6190476190476,393.5714285714286,19.717194798594416,0.030714365613824936,1.0,428.56976153733547,0.1957027240041562,True,4.317985464349764,3.8196964091674506,131.9901411569478,0.030277657058840342,False,False,False,False,VALID_TARGET,,True,4,VALID_TARGET,,NOT_REVIEWED,False
158,158,149,3160.0,17,1.0,0.9683391451835632,4,6,0.9875887632369995,0.9880640506744385,False,,,,,False,,,,208.33221435546875,390.4753875732422,205.15777206420898,251.25981903076172,139.25175621322202,1,0,False,0,0.0,,182.8077621459961,201.5559844970703,132.07418060302734,388.4871368408203,248.84485244750977,395.79955291748047,252.14285714285714,392.8571428571429,4.4197977254291985,0.006888862001113757,1.0,410.3240727434101,0.13823523964740395,True,22.13077973907976,28.037625030934848,131.9901411569478,0.03390652184298425,False,False,False,False,VALID_TARGET,,True,4,VALID_TARGET,,NOT_REVIEWED,False
159,159,150,3180.0,17,1.0,0.9624446630477905,4,6,0.9838057458400726,0.9882044792175293,False,,,,,False,,,,202.5254249572754,390.92005920410156,195.86970329284668,249.44440460205078,141.63212727327482,1,0,False,0,0.0,,173.96818923950195,198.78759002685547,139.34537887573242,392.8174514770508,243.64087867736816,395.19631576538086,246.66666666666666,392.1428571428571,4.298721032545337,0.006703841324070951,1.0,416.80053358764616,0.04906776208788933,True,5.823790516000892,9.463823278650523,131.9901411569478,0.018034461052832164,False,False,False,False,VALID_TARGET,,True,4,VALID_TARGET,,NOT_REVIEWED,False
160,160,151,3200.0,17,1.0,0.9124403595924377,4,6,0.9815283119678497,0.977847695350647,False,,,,,False,,,,203.74348068237305,397.3382110595703,189.49830436706543,258.74842834472656,139.31996598191446,1,0,False,0,0.0,,134.64591026306152,207.35919952392578,163.29165077209473,383.7148971557617,216.2917356491089,399.21664810180664,241.19047619047618,391.42857142857144,26.088338751528763,0.04070623501677775,1.0,417.01473056851665,0.001622825606465548,True,6.532712529210216,11.27650575647089,131.9901411569478,0.017517681783603765,False,False,False,False,VALID_TARGET,,True,4,VALID_TARGET,,NOT_REVIEWED,False
161,161,152,3220.0,17,1.0,0.9756930470466614,4,6,0.986057460308075,0.9792454838752747,False,,,,,False,,,,199.83359146118164,394.5398406982422,185.29223251342773,256.37891387939453,138.92405414286756,1,0,False,0,0.0,,134.57892990112305,202.0117416381836,164.91070938110352,381.93457794189453,217.0342845916748,392.97903060913086,235.71428571428567,390.7142857142857,18.816788019730417,0.029375190607324637,1.0,416.0163024404595,0.007564414427513264,True,4.808129615676812,4.827591453238456,131.9901411569478,0.0029995561454558128,False,False,False,False,VALID_TARGET,,True,4,VALID_TARGET,,NOT_REVIEWED,False
162,162,153,3240.0,17,1.0,0.9460535645484924,4,6,0.9750023782253265,0.9682958126068115,False,,,,,False,,,,187.34025955200195,402.52040100097656,178.18441772460938,261.71915435791016,141.0986197516115,1,0,False,0,0.0,,116.77001190185547,209.94332122802734,167.31029510498047,380.1955337524414,200.4251594543457,400.04108810424805,230.2380952380952,390.0,31.458458168881123,0.04913420566619855,1.0,415.3810043001719,0.00481322419022325,True,14.824732204613584,8.89039928465093,131.9901411569478,0.01647521238846305,False,False,False,False,VALID_TARGET,,True,4,VALID_TARGET,,NOT_REVIEWED,False
163,163,154,3260.0,17,1.0,0.9614241123199463,4,6,0.9766126573085785,0.9676864445209503,False,,,,,False,,,,196.91361618041992,409.90614318847656,179.8351650238037,266.3242874145508,144.59399296441518,1,0,False,0,0.0,,114.1169548034668,209.97149658203125,173.0528450012207,375.01177978515625,200.64337730407715,397.4773864746094,224.76190476190476,389.28571428571433,25.471687419256323,0.039802111774727526,1.0,413.0146754543318,0.017928072696174878,True,12.091250753958068,4.892056532294125,131.9901411569478,0.02648207799586623,False,False,False,False,VALID_TARGET,,True,4,VALID_TARGET,,NOT_REVIEWED,False
164,164,155,3280.0,17,1.0,0.9505437016487122,4,6,0.9675781428813934,0.95597904920578,False,,,,,False,,,,200.47105407714844,407.56060791015625,183.92810440063477,268.11187744140625,140.42655594062595,1,0,False,0,0.0,,117.04787826538086,208.98799896240234,165.34660720825195,374.2318801879883,199.72118186950684,396.1039390563965,219.28571428571428,388.5714285714286,20.964485275603185,0.0327736684196278,1.0,409.13200884838716,0.02941633800760764,True,4.261091424849431,4.466277067819161,131.9901411569478,0.03157385079870312,False,False,False,False,VALID_TARGET,,True,4,VALID_TARGET,,NOT_REVIEWED,False
165,165,156,3300.0,17,1.0,0.9126200079917908,4,6,0.9448283016681671,0.9475994110107422,False,,,,,False,,,,172.94461059570312,406.38275146484375,153.44073486328125,261.1539764404297,146.5325843069644,1,0,False,0,0.0,,98.65158081054688,203.01981353759766,178.6591033935547,378.6444320678711,187.98113250732422,392.3420295715332,209.57142857142856,391.8571428571429,21.595740303621717,0.03417123989632367,1.0,418.67729955347414,0.07231820968913731,True,27.55163219380963,31.27126616634737,131.9901411569478,0.04626124582348805,False,False,False,False,VALID_TARGET,,True,4,VALID_TARGET,,NOT_REVIEWED,False
166,166,157,3320.0,17,1.0,0.9046604633331299,4,6,0.9398987889289856,0.9581581056118011,False,,,,,False,,,,175.4086456298828,400.3360137939453,153.78600311279297,257.4974594116211,144.46588278017083,1,0,False,0,0.0,,89.39814281463623,200.85027313232422,176.8861436843872,379.4056167602539,177.84121465682983,390.5530815124512,199.85714285714283,395.14285714285717,22.489267103638703,0.036023337434229766,1.0,418.613580592845,0.00048275545484410484,True,6.5295103269944486,3.672781908320737,131.9901411569478,0.015657999216290533,False,False,False,False,VALID_TARGET,,True,4,VALID_TARGET,,NOT_REVIEWED,False
167,167,158,3340.0,17,1.0,0.8521125316619873,4,6,0.911850243806839,0.9733487367630005,False,,,,,False,,,,141.01005935668945,401.6113586425781,134.45713806152344,267.03785705566406,134.7329510805126,1,0,False,0,0.0,,108.85326385498047,205.33795166015625,138.56678009033203,373.0111083984375,178.13665390014648,391.843505859375,190.14285714285717,398.4285714285715,13.693502285971027,0.022207771774389342,1.0,397.91712646383206,0.15680303049606584,True,34.42222017937339,21.555143501648264,131.9901411569478,0.07373983855419108,False,False,False,False,VALID_TARGET,,True,4,VALID_TARGET,,NOT_REVIEWED,False
168,168,159,3360.0,17,1.0,0.8865230083465576,4,6,0.9215042889118195,0.9814998209476471,False,,,,,False,,,,147.48643493652344,395.78758239746094,135.43682098388672,244.51592254638672,151.75080978534078,1,0,False,0,0.0,,76.79105949401855,191.57992553710938,166.9767017364502,388.27813720703125,160.27941036224365,385.718994140625,180.42857142857144,401.71428571428567,25.72621317262297,0.04224891522401355,1.0,422.65959205458194,0.18745692196304967,True,8.70975375106904,22.543232081237775,131.9901411569478,0.1289328017657959,False,False,False,False,VALID_TARGET,,True,4,VALID_TARGET,,NOT_REVIEWED,False
169,169,160,3380.0,17,1.0,0.9250929951667786,4,6,0.9482917785644531,0.9773690104484558,False,,,,,False,,,,138.91837310791016,406.41217041015625,148.00104141235352,285.3931121826172,121.35941379970913,1,0,False,0,0.0,,131.65908813476562,240.08390045166016,98.82734680175781,330.2030258178711,181.07276153564453,405.1854133605957,170.71428571428572,405.0,10.360135107997504,0.01723151758298391,1.0,344.6750393271212,0.5908361946119163,True,13.648939663521444,42.764521130622406,131.9901411569478,0.23025504571204014,False,False,False,False,VALID_TARGET,,True,4,VALID_TARGET,,NOT_REVIEWED,False
