frame_index,source_frame_index,analysis_frame_index,timestamp_ms,observed_landmark_count,observed_fraction,median_confidence,core_observed_count,lower_limb_observed_count,core_median_confidence,lower_limb_median_confidence,human_target_unavailable,human_target_unavailable_reason,human_target_unavailable_note,human_target_unavailable_start_frame,human_target_unavailable_end_frame,human_target_accepted,human_target_accepted_note,human_target_accepted_start_frame,human_target_accepted_end_frame,pelvis_x,pelvis_y,shoulder_mid_x,shoulder_mid_y,body_scale_px,backend_pose_count,selected_pose_index,multiple_pose_candidates,competing_pose_count,competing_pose_max_iou,competing_pose_min_center_distance_fraction,pose_bbox_x,pose_bbox_y,pose_bbox_width,pose_bbox_height,pose_centroid_x,pose_centroid_y,roi_center_x,roi_center_y,roi_pose_centroid_distance_px,roi_pose_centroid_distance_fraction,pose_roi_overlap_fraction,pose_scale_px,pose_scale_relative_change,pose_centroid_consistent_with_roi,pelvis_jump_px,shoulder_jump_px,body_scale_reference_px,body_scale_relative_change,identity_jump_flag,competing_pose_proximity_flag,target_overlap_ambiguous_flag,identity_uncertain_flag,frame_status,frame_rejection_reason,valid_target_frame,valid_segment_id,automatic_frame_status,automatic_frame_rejection_reason,manual_review_decision,manual_override_applied
0,0,0,0.0,17,1.0,0.7484525442123413,4,6,0.8900232911109924,0.9890953898429871,False,,,,,False,,,,948.3337936401367,126.10224533081055,946.6830635070801,33.40974712371826,92.70719569614856,1,0,False,0,0.0,,900.0193023681641,13.0,54.876075744628906,247.77456665039062,927.4573402404785,136.8872833251953,932.1428571428571,171.42857142857144,34.85763406318491,0.09259042440231507,1.0,253.77868225664486,,True,,,99.96751345144195,,False,False,False,False,INVALID_TRACK_SEGMENT,Valid-looking pose segment is too short to establish target identity continuity.,False,,INVALID_TRACK_SEGMENT,Valid-looking pose segment is too short to establish target identity continuity.,NOT_REVIEWED,False
1,1,1,33.333333333333336,17,1.0,0.7652567028999329,4,6,0.9045429527759552,0.9710643589496613,False,,,,,False,,,,932.6470603942871,129.71345901489258,920.393913269043,34.381991386413574,96.1157028516809,2,1,True,1,0.6944817405197746,0.08134913688135864,864.4421653747559,13.0,81.13776016235352,253.61538696289062,905.0110454559326,139.8076934814453,922.4285714285714,172.42857142857144,36.97961450649328,0.09767487951300349,0.999436717367318,266.2782391193474,0.12503618856914014,True,16.097032776215148,26.30712221327963,99.96751345144195,0.034096148217070306,False,True,True,False,TARGET_IDENTITY_UNCERTAIN,TARGET_OVERLAP_AMBIGUOUS: another detected person overlaps or is too close to the selected pose for automated identity acceptance.,False,,TARGET_IDENTITY_UNCERTAIN,TARGET_OVERLAP_AMBIGUOUS: another detected person overlaps or is too close to the selected pose for automated identity acceptance.,NOT_REVIEWED,False
2,2,2,66.66666666666667,17,1.0,0.9102514386177063,4,6,0.9781144857406616,0.9904427528381348,False,,,,,False,,,,927.3577079772949,130.37258911132812,907.2811279296875,40.59851837158203,91.9915911569798,1,0,False,0,0.0,,832.7037200927734,16.3311767578125,147.44578552246094,254.67877197265625,906.4266128540039,143.67056274414062,912.7142857142858,173.42857142857142,30.415027714282683,0.07988650477492609,1.0,294.2813901044981,0.28012251198738564,True,5.3302627960700235,14.511731361672298,99.96751345144195,0.04125451911639613,False,False,False,False,VALID_TARGET,,True,1,VALID_TARGET,,NOT_REVIEWED,False
3,3,3,100.0,17,1.0,0.8510985970497131,4,6,0.9046133458614349,0.9892518520355225,False,,,,,False,,,,917.03564453125,131.51154708862305,899.129810333252,42.78969478607178,90.51069535873602,1,0,False,0,0.0,,829.4188442230225,18.836998462677002,140.59658241271973,246.1008677482605,899.7171354293823,141.88743233680725,903.0,174.42857142857144,32.70631335351878,0.08542672377379583,1.0,283.43083123150785,0.10854084990581232,True,10.384710831709302,8.44068910915311,99.96751345144195,0.014813770465173237,False,False,False,False,VALID_TARGET,,True,1,VALID_TARGET,,NOT_REVIEWED,False
4,4,4,133.33333333333334,17,1.0,0.8884669542312622,4,6,0.9498645067214966,0.991801381111145,False,,,,,False,,,,905.053638458252,139.70664596557617,884.8568534851074,47.666072845458984,94.23044743357147,1,0,False,0,0.0,,835.3079719543457,22.553269386291504,109.05398178100586,249.03883266448975,889.8349628448486,147.07268571853638,893.2857142857143,175.42857142857142,28.565082529326013,0.07419706783787468,1.0,271.86965832395435,0.11564929954138754,True,14.516477366647889,15.082982469228982,99.96751345144195,0.03720960886600707,False,False,False,False,VALID_TARGET,,True,1,VALID_TARGET,,NOT_REVIEWED,False
5,5,5,166.66666666666666,17,1.0,0.8798097968101501,4,6,0.9798282384872437,0.987353503704071,False,,,,,False,,,,892.8212928771973,148.5805892944336,870.8663845062256,50.817068099975586,100.19842353009852,1,0,False,0,0.0,,822.4734001159668,23.20156764984131,104.33916091918945,247.09906101226807,874.6429805755615,146.75109815597534,883.5714285714287,176.42857142857142,30.991444036387822,0.08005606087427086,1.0,268.2249176614005,0.0364592509778111,True,15.112152348958148,14.34092024045323,99.96751345144195,0.05969915516030043,False,False,False,False,VALID_TARGET,,True,1,VALID_TARGET,,NOT_REVIEWED,False
6,6,6,200.0,17,1.0,0.9120059609413147,4,6,0.9912504255771637,0.9909287691116333,False,,,,,False,,,,882.6581268310547,152.30381774902344,862.669303894043,56.21731948852539,98.1436100333175,1,0,False,0,0.0,,797.9633102416992,21.186566591262817,111.5345230102539,257.3528926372528,853.7305717468262,149.86301290988922,875.5357142857143,177.67857142857142,35.3435925854668,0.0924598870344854,1.0,280.4825505657816,0.12261616280307973,True,10.823695034808253,9.816050408497006,99.96751345144195,0.020554812516959568,False,False,False,False,VALID_TARGET,,True,1,VALID_TARGET,,NOT_REVIEWED,False
7,7,7,233.33333333333334,17,1.0,0.9013289213180542,4,6,0.9506828188896179,0.9942322373390198,False,,,,,False,,,,875.6160888671875,149.2641830444336,853.8545036315918,52.68653678894043,98.9990320569715,1,0,False,0,0.0,,796.0190658569336,26.41422748565674,102.47010040283203,252.32158184051514,847.2541160583496,152.5750184059143,867.5000000000001,178.92857142857144,33.23259805517442,0.08805705971546798,1.0,272.3349080435085,0.08150290270279364,True,7.670050705301349,9.49563742666061,99.96751345144195,0.008557000110536027,False,False,False,False,VALID_TARGET,,True,1,VALID_TARGET,,NOT_REVIEWED,False
8,8,8,266.6666666666667,17,1.0,0.9069267511367798,4,6,0.9314296543598175,0.9945688545703888,False,,,,,False,,,,867.4799957275391,147.97594451904297,849.4675483703613,48.69293022155762,100.90374218922597,1,0,False,0,0.0,,778.1647396087646,25.0,111.89876747131348,253.7821807861328,834.1141233444214,151.8910903930664,859.4642857142858,180.17857142857144,37.984369357836464,0.10196016795784772,1.0,277.35668271409014,0.050234066020066644,True,8.237449245690986,5.932475864180217,99.96751345144195,0.019053291079203002,False,False,False,False,VALID_TARGET,,True,1,VALID_TARGET,,NOT_REVIEWED,False
9,9,9,300.0,17,1.0,0.9416340589523315,4,6,0.9846301078796387,0.9933427572250366,False,,,,,False,,,,858.6920433044434,147.0610809326172,835.4037952423096,57.30792713165283,92.7252452950276,1,0,False,0,0.0,,785.0608024597168,30.608325839042664,95.28984451293945,255.2264825105667,832.7057247161865,158.22156709432602,851.4285714285714,181.42857142857144,29.817948272561424,0.08109596476741737,1.0,272.43478456690656,0.04923497621629189,True,8.835444707107927,16.492644536511897,99.96751345144195,0.0818115466898251,False,False,False,False,VALID_TARGET,,True,1,VALID_TARGET,,NOT_REVIEWED,False
10,10,10,333.3333333333333,17,1.0,0.9732238054275513,4,6,0.9963372349739075,0.9971444606781006,False,,,,,False,,,,849.1039581298828,155.1944351196289,830.6451835632324,62.647132873535156,94.3701727853258,1,0,False,0,0.0,,791.7369384765625,33.40370178222656,82.81837463378906,256.92079162597656,833.146125793457,161.86409759521484,847.3809523809524,185.23809523809524,27.3673903356795,0.07135493872306925,1.0,269.9392086131637,0.024963869436995054,True,12.573099365152922,7.1520278988828485,99.96751345144195,0.0164546204412417,False,False,False,False,VALID_TARGET,,True,1,VALID_TARGET,,NOT_REVIEWED,False
11,11,11,366.66666666666663,17,1.0,0.9746164083480835,4,6,0.995749831199646,0.9976242184638977,False,,,,,True,,11.0,40.0,841.3468742370605,158.9979019165039,819.6233940124512,69.94601249694824,91.66323473597124,2,0,True,1,0.048040073266525755,0.23195955850002586,777.1972312927246,41.07790184020996,102.26530838012695,253.2701816558838,828.3298854827881,167.71299266815186,843.3333333333333,189.04761904761907,26.081980947686596,0.06530289687100613,1.0,273.1372882161768,0.03199118886323506,True,8.639369779978932,13.219436018937627,99.96751345144195,0.027078177258749423,False,True,True,False,VALID_TARGET,HUMAN_ACCEPTED_TARGET: operator reviewed the raw skeleton and confirmed that it belongs to the documented athlete.,True,1,TARGET_IDENTITY_UNCERTAIN,TARGET_OVERLAP_AMBIGUOUS: another detected person overlaps or is too close to the selected pose for automated identity acceptance.,ACCEPTED,True
12,12,12,400.0,17,1.0,0.9611352682113647,4,6,0.9924590289592743,0.9952383935451508,False,,,,,True,,11.0,40.0,835.4253234863281,161.22850799560547,810.6386909484863,75.43960952758789,89.29788492972175,2,0,True,1,0.37863289407866735,0.15168759603785545,758.1033706665039,46.980873107910156,124.1229019165039,247.33516693115234,820.1648216247559,170.64845657348633,839.2857142857142,192.8571428571429,29.305874540742963,0.07057069127573412,1.0,276.7330475043323,0.035969278058537814,True,6.327745789270027,10.531120428647277,99.96751345144195,0.023661184764772993,False,True,True,False,VALID_TARGET,HUMAN_ACCEPTED_TARGET: operator reviewed the raw skeleton and confirmed that it belongs to the documented athlete.,True,1,TARGET_IDENTITY_UNCERTAIN,TARGET_OVERLAP_AMBIGUOUS: another detected person overlaps or is too close to the selected pose for automated identity acceptance.,ACCEPTED,True
13,13,13,433.33333333333337,17,1.0,0.9397920966148376,4,6,0.9856482446193695,0.9969979524612427,False,,,,,True,,11.0,40.0,834.9241981506348,171.13308715820312,808.895881652832,79.46015357971191,95.29637983993018,2,0,True,1,0.044780423299811065,0.3735758379707113,753.6179828643799,51.60061836242676,129.07003593444824,241.797025680542,818.153000831604,172.49913120269775,834.5238095238094,203.57142857142858,35.121091113569136,0.08239838912161399,1.0,274.0891749122472,0.02644731774157173,True,9.917248357797513,4.382026781763079,99.96751345144195,0.0600044424744258,False,True,True,False,VALID_TARGET,HUMAN_ACCEPTED_TARGET: operator reviewed the raw skeleton and confirmed that it belongs to the documented athlete.,True,1,TARGET_IDENTITY_UNCERTAIN,TARGET_OVERLAP_AMBIGUOUS: another detected person overlaps or is too close to the selected pose for automated identity acceptance.,ACCEPTED,True
14,14,14,466.6666666666667,17,1.0,0.9682057499885559,4,6,0.9882976710796356,0.9980534315109253,False,,,,,True,,11.0,40.0,828.8468017578125,172.09931182861328,801.838399887085,87.91812324523926,88.40772750682092,2,0,True,1,0.052548596977666964,0.3738327851536494,739.3723087310791,59.68903350830078,148.7219753265381,241.7379379272461,813.7332963943481,180.55800247192383,829.7619047619048,214.2857142857143,37.34266769252847,0.0853658733016232,1.0,283.82293173446095,0.09736920011461346,True,6.1537254593618576,11.015684260945077,99.96751345144195,0.06890890945742434,False,True,True,False,VALID_TARGET,HUMAN_ACCEPTED_TARGET: operator reviewed the raw skeleton and confirmed that it belongs to the documented athlete.,True,1,TARGET_IDENTITY_UNCERTAIN,TARGET_OVERLAP_AMBIGUOUS: another detected person overlaps or is too close to the selected pose for automated identity acceptance.,ACCEPTED,True
15,15,15,500.0,17,1.0,0.9273800849914551,4,6,0.9638055264949799,0.9958445131778717,False,,,,,True,,11.0,40.0,826.5184593200684,185.00708770751953,794.2234554290771,96.01813888549805,94.66784189347244,2,0,True,1,0.06400297394526923,0.3802729066838643,732.0902004241943,63.19541549682617,158.25078773498535,237.99843215942383,811.215594291687,182.1946315765381,825.0,225.00000000000003,44.9700945807287,0.10018425474798899,1.0,285.8086169608734,0.019863305166402546,True,13.11609151567167,11.117447210172887,99.96751345144195,0.06262148742643579,False,True,True,False,VALID_TARGET,HUMAN_ACCEPTED_TARGET: operator reviewed the raw skeleton and confirmed that it belongs to the documented athlete.,True,1,TARGET_IDENTITY_UNCERTAIN,TARGET_OVERLAP_AMBIGUOUS: another detected person overlaps or is too close to the selected pose for automated identity acceptance.,ACCEPTED,True
16,16,16,533.3333333333334,17,1.0,0.9580714106559753,4,6,0.9937061965465546,0.997266560792923,False,,,,,True,,11.0,40.0,825.330696105957,188.91543579101562,796.4646377563477,101.44465637207031,92.11072997648449,2,0,True,1,0.08521318352308006,0.380044843921615,734.9003448486328,66.4287109375,154.0299530029297,238.52578735351562,811.9153213500977,185.6916046142578,825.8928571428571,227.32142857142858,43.91370799127422,0.09531961137211555,1.0,283.93622110378817,0.018730043315468858,True,4.084845920541393,5.8711149074212665,99.96751345144195,0.02557942904351659,False,True,True,False,VALID_TARGET,HUMAN_ACCEPTED_TARGET: operator reviewed the raw skeleton and confirmed that it belongs to the documented athlete.,True,1,TARGET_IDENTITY_UNCERTAIN,TARGET_OVERLAP_AMBIGUOUS: another detected person overlaps or is too close to the selected pose for automated identity acceptance.,ACCEPTED,True
17,17,17,566.6666666666666,17,1.0,0.967037558555603,4,6,0.9966022670269012,0.9950502812862396,False,,,,,True,,11.0,40.0,823.427433013916,201.62176513671875,791.6931552886963,112.59721374511719,94.51156084425484,2,0,True,1,0.06326642580854037,0.4328449857357464,738.463508605957,75.44339370727539,146.5506820678711,241.67742538452148,811.7388496398926,196.28210639953613,826.7857142857142,229.64285714285717,36.59710133094795,0.07744323285803967,1.0,282.63948831514887,0.01297154189264872,True,12.848082185252473,12.130399041177771,99.96751345144195,0.024016110683162367,False,True,True,False,VALID_TARGET,HUMAN_ACCEPTED_TARGET: operator reviewed the raw skeleton and confirmed that it belongs to the documented athlete.,True,1,TARGET_IDENTITY_UNCERTAIN,TARGET_OVERLAP_AMBIGUOUS: another detected person overlaps or is too close to the selected pose for automated identity acceptance.,ACCEPTED,True
18,18,18,600.0,17,1.0,0.9728513360023499,4,6,0.9972254931926727,0.9961430430412292,False,,,,,True,,11.0,40.0,819.4958114624023,212.95986938476562,788.6177310943604,120.76654815673828,97.22687039224031,2,0,True,1,0.04940533598957015,0.44012023892899105,741.0871696472168,90.27890014648438,143.65671157836914,240.44894409179688,812.9155254364014,210.5033721923828,827.6785714285713,231.96428571428572,26.04838452114681,0.05376649679468951,1.0,280.0945295723763,0.02545785780706398,True,12.000427324220807,8.729046838229442,99.96751345144195,0.027161919450006126,False,True,True,False,VALID_TARGET,HUMAN_ACCEPTED_TARGET: operator reviewed the raw skeleton and confirmed that it belongs to the documented athlete.,True,1,TARGET_IDENTITY_UNCERTAIN,TARGET_OVERLAP_AMBIGUOUS: another detected person overlaps or is too close to the selected pose for automated identity acceptance.,ACCEPTED,True
19,19,19,633.3333333333333,17,1.0,0.9791371822357178,4,6,0.9980390071868896,0.9961009621620178,False,,,,,True,,11.0,40.0,817.2840118408203,217.541748046875,783.6697635650635,130.1343002319336,93.6481693396402,2,0,True,1,0.03792791268187741,0.4763354102898546,733.4199085235596,98.69740295410156,150.38778495788574,237.5288543701172,808.6138010025024,217.46183013916016,828.5714285714286,234.2857142857143,26.10268139399927,0.052582519443791866,1.0,281.13420731550906,0.010400156083083608,True,5.087796147677658,10.594204151955083,99.96751345144195,0.0357986402686551,False,False,False,False,VALID_TARGET,,True,1,VALID_TARGET,,ACCEPTED,False
20,20,20,666.6666666666666,17,1.0,0.974802553653717,4,6,0.9967008829116821,0.9959532022476196,False,,,,,True,,11.0,40.0,815.3827285766602,222.01569366455078,781.6219425201416,136.37130737304688,92.05841394681075,2,0,True,1,0.025076976572227634,0.509652859440225,739.3621215820312,103.5052490234375,138.73829650878906,240.90399169921875,808.7312698364258,223.95724487304688,834.2857142857142,237.38095238095238,28.865646612704996,0.05745518164897261,1.0,277.9982880069191,0.031369383916037864,True,4.861179634666448,6.564589028288289,99.96751345144195,0.01590272017320572,False,False,False,False,VALID_TARGET,,True,1,VALID_TARGET,,ACCEPTED,False
21,21,21,700.0,17,1.0,0.9837010502815247,4,6,0.9970231652259827,0.9963128566741943,False,,,,,True,,11.0,40.0,818.2599334716797,230.0323944091797,784.7354049682617,144.08351135253906,92.25564757813241,2,0,True,1,0.015126107201850501,0.533061271968635,742.3062715530396,112.67210388183594,133.2095365524292,252.2115020751953,808.9110398292542,238.7778549194336,840.0,240.47619047619048,31.13531416513356,0.0612264645566998,1.0,285.2287194648169,0.07232781138854566,True,8.517382158671643,8.316954889690653,99.96751345144195,0.0019729772654340327,False,False,False,False,VALID_TARGET,,True,1,VALID_TARGET,,ACCEPTED,False
22,22,22,733.3333333333333,17,1.0,0.9586358070373535,4,6,0.9950263798236847,0.9891780912876129,False,,,,,True,,11.0,40.0,816.3808631896973,241.59315490722656,780.6135001182556,152.02460479736328,96.44599229551956,2,0,True,1,0.01971252799094906,0.540817876566085,751.6260261535645,121.11106872558594,125.45408248901367,248.86329650878906,814.3530673980713,245.54271697998047,845.7142857142857,243.57142857142858,31.423112389878746,0.06104164963110522,1.0,278.69637091713577,0.06534471371896368,True,11.712475759540787,8.947126057675392,99.96751345144195,0.04191706458141083,False,False,False,False,VALID_TARGET,,True,1,VALID_TARGET,,ACCEPTED,False
23,23,23,766.6666666666667,17,1.0,0.9692124128341675,4,6,0.9968532919883728,0.9931822121143341,False,,,,,True,,11.0,40.0,816.6034927368164,253.55907440185547,779.3955307006836,163.34076690673828,97.5898326987285,2,0,True,1,0.011074062408044734,0.5527008646746585,748.0889887809753,128.27072143554688,125.34249925613403,242.54852294921875,810.7602384090424,249.54498291015625,845.4285714285713,245.64285714285717,34.88724551833782,0.06769557864929177,1.0,273.02111292832586,0.05677102283399891,True,11.967990360423531,11.38151898420396,99.96751345144195,0.011442121182343383,False,False,False,False,VALID_TARGET,,True,1,VALID_TARGET,,ACCEPTED,False
24,24,24,800.0,17,1.0,0.9670135974884033,4,6,0.9969657063484192,0.9934424757957458,False,,,,,True,,11.0,40.0,816.717378616333,258.4660339355469,781.5158038139343,171.0814208984375,94.20839380975676,1,0,False,0,0.0,,748.3968901634216,135.93614959716797,119.41992807388306,245.1093521118164,808.1068542003632,258.4908256530762,845.1428571428571,247.71428571428572,38.572001853789835,0.07475784380063426,1.0,272.6531014198184,0.003681311015965137,True,4.908280947423268,8.025788577702691,99.96751345144195,0.03382537758743232,False,False,False,False,VALID_TARGET,,True,1,VALID_TARGET,,ACCEPTED,False
25,25,25,833.3333333333334,17,1.0,0.9694767594337463,4,6,0.99427330493927,0.9926108121871948,False,,,,,True,,11.0,40.0,813.1806602478027,267.21312713623047,780.445234298706,175.54408264160156,97.33869647076155,1,0,False,0,0.0,,749.0946989059448,138.60320281982422,127.07496356964111,244.95630645751953,812.6321806907654,261.081356048584,844.8571428571429,249.7857142857143,34.14732360609756,0.06610081421706722,1.0,275.95586320920205,0.03303835091374861,True,9.435041933120626,4.589277603374653,99.96751345144195,0.0313131991877071,False,False,False,False,VALID_TARGET,,True,1,VALID_TARGET,,ACCEPTED,False
26,26,26,866.6666666666667,17,1.0,0.9710690379142761,4,6,0.9941429793834686,0.9949508011341095,False,,,,,True,,11.0,40.0,817.3627014160156,270.39086151123047,783.4286165237427,182.33304595947266,94.37002170829138,2,0,True,1,0.04730921053221569,0.5113176761994879,751.6709208488464,145.20970153808594,124.35489702224731,246.62367248535156,813.8483693599701,268.5215377807617,844.5714285714287,251.85714285714286,34.9515153531449,0.06757039785971092,1.0,276.20169486007086,0.0024591153904034873,True,5.252376994341141,7.415564201870533,99.96751345144195,0.029696394958469898,False,False,False,False,VALID_TARGET,,True,1,VALID_TARGET,,ACCEPTED,False
27,27,27,900.0,17,1.0,0.9818024039268494,4,6,0.9882385432720184,0.9934332966804504,False,,,,,True,,11.0,40.0,817.2779312133789,279.5329132080078,785.7587795257568,185.3975830078125,99.27193619048201,2,0,True,1,0.06092738577532856,0.5074802350549961,760.0626792907715,149.63754272460938,111.6503791809082,252.2008056640625,815.8878688812256,275.7379455566406,844.2857142857143,253.92857142857144,35.80623442188994,0.06912965973261265,1.0,275.80981409087457,0.003920081191042554,True,9.142444706630966,3.8498112858428692,99.96751345144195,0.049035074625234945,False,True,True,False,VALID_TARGET,HUMAN_ACCEPTED_TARGET: operator reviewed the raw skeleton and confirmed that it belongs to the documented athlete.,True,1,TARGET_IDENTITY_UNCERTAIN,TARGET_OVERLAP_AMBIGUOUS: another detected person overlaps or is too close to the selected pose for automated identity acceptance.,ACCEPTED,True
28,28,28,933.3333333333334,17,1.0,0.980740487575531,4,6,0.9887264370918274,0.9960862398147583,False,,,,,True,,11.0,40.0,817.1487159729004,282.20831298828125,783.7362670898438,189.0312957763672,98.98660655296858,2,0,True,1,0.05354433933661759,0.5403367947463874,749.2895237803459,154.5999755859375,116.85226851701736,259.5920715332031,807.7156580388546,284.39601135253906,843.9999999999999,256.0,46.07479714862406,0.08883000421961354,1.0,284.6796379449587,0.08872706290121486,True,2.678518352122882,4.158656638601035,99.96751345144195,0.0028542236138745544,False,True,True,False,VALID_TARGET,HUMAN_ACCEPTED_TARGET: operator reviewed the raw skeleton and confirmed that it belongs to the documented athlete.,True,1,TARGET_IDENTITY_UNCERTAIN,TARGET_OVERLAP_AMBIGUOUS: another detected person overlaps or is too close to the selected pose for automated identity acceptance.,ACCEPTED,True
29,29,29,966.6666666666666,17,1.0,0.9840549826622009,4,6,0.9928881824016571,0.9965936839580536,False,,,,,True,,11.0,40.0,819.1228351593018,280.90602111816406,787.4572682380676,195.08008575439453,91.48114182447168,2,0,True,1,0.07510803909896045,0.5285522756468386,759.2725191116333,159.1109619140625,113.03627300262451,252.38275146484375,815.7906556129456,285.3023376464844,843.7142857142857,258.07142857142856,39.00322457298146,0.07508663464376544,1.0,276.5397842106791,0.08142498951155204,True,2.3649758301283583,7.101669503952394,99.96751345144195,0.0750790378730646,False,True,True,False,VALID_TARGET,HUMAN_ACCEPTED_TARGET: operator reviewed the raw skeleton and confirmed that it belongs to the documented athlete.,True,1,TARGET_IDENTITY_UNCERTAIN,TARGET_OVERLAP_AMBIGUOUS: another detected person overlaps or is too close to the selected pose for automated identity acceptance.,ACCEPTED,True
30,30,30,1000.0,17,1.0,0.9880709648132324,4,6,0.9964684545993805,0.9978252351284027,False,,,,,True,,11.0,40.0,821.8496627807617,282.84613037109375,791.9907808303833,199.49525451660156,88.53768314699455,2,0,True,1,0.07436235788894657,0.5312145567743963,760.4646806716919,163.26321411132812,119.62334728240967,253.4395751953125,820.2763543128967,289.9830017089844,843.4285714285713,260.14285714285717,37.768497257618115,0.07259944822808582,1.0,280.2523211147919,0.03713743371156416,True,3.3465822551463424,6.328226578074899,99.96751345144195,0.02944415216356137,False,True,True,False,VALID_TARGET,HUMAN_ACCEPTED_TARGET: operator reviewed the raw skeleton and confirmed that it belongs to the documented athlete.,True,1,TARGET_IDENTITY_UNCERTAIN,TARGET_OVERLAP_AMBIGUOUS: another detected person overlaps or is too close to the selected pose for automated identity acceptance.,ACCEPTED,True
31,31,31,1033.3333333333335,17,1.0,0.9865549802780151,4,6,0.9967862963676453,0.9965457022190094,False,,,,,True,,11.0,40.0,823.4052219390869,286.59112548828125,793.599956035614,201.96017456054688,89.72598135718164,2,0,True,1,0.07720514944928118,0.5222777699161437,760.1782374382019,166.50912475585938,129.36254930496216,257.9493713378906,824.859512090683,295.4838104248047,843.1428571428571,262.2142857142857,37.96237585769221,0.07285751051339462,1.0,288.5698309530845,0.08320212788260142,True,4.055213030508707,2.94368402926888,99.96751345144195,0.011886843727130286,False,True,True,False,VALID_TARGET,HUMAN_ACCEPTED_TARGET: operator reviewed the raw skeleton and confirmed that it belongs to the documented athlete.,True,1,TARGET_IDENTITY_UNCERTAIN,TARGET_OVERLAP_AMBIGUOUS: another detected person overlaps or is too close to the selected pose for automated identity acceptance.,ACCEPTED,True
32,32,32,1066.6666666666667,17,1.0,0.9761034846305847,4,6,0.995244026184082,0.9960648417472839,False,,,,,True,,11.0,40.0,824.9056606292725,289.9528045654297,794.0243058204651,204.61585235595703,90.75270512347976,2,0,True,1,0.06922216875623197,0.5262437288064866,758.0953938961029,170.32969665527344,138.44539284706116,271.33616638183594,827.3180903196335,305.9977798461914,842.8571428571429,264.2857142857143,44.51245406720483,0.08528956180888031,1.0,304.61523597379113,0.1605061931294362,True,3.681331617871893,2.689367452197208,99.96751345144195,0.01027057421806173,False,True,True,False,VALID_TARGET,HUMAN_ACCEPTED_TARGET: operator reviewed the raw skeleton and confirmed that it belongs to the documented athlete.,True,1,TARGET_IDENTITY_UNCERTAIN,TARGET_OVERLAP_AMBIGUOUS: another detected person overlaps or is too close to the selected pose for automated identity acceptance.,ACCEPTED,True
33,33,33,1100.0,17,1.0,0.9861757159233093,4,6,0.9967568516731262,0.9973059594631195,False,,,,,True,,11.0,40.0,824.9473648071289,283.09405517578125,795.9772148132324,205.91358184814453,82.43843189767078,2,0,True,1,0.08040484346032603,0.5099400726146013,763.5689678192139,174.8234100341797,141.55020332336426,228.36402893066406,834.344069480896,289.0054244995117,841.9047619047619,264.8412698412698,25.31936887593641,0.04822719790678151,1.0,268.6756218385489,0.3595129346965248,True,6.8588761782418475,2.3447719225811174,99.96751345144195,0.08316975123971185,False,True,True,False,VALID_TARGET,HUMAN_ACCEPTED_TARGET: operator reviewed the raw skeleton and confirmed that it belongs to the documented athlete.,True,1,TARGET_IDENTITY_UNCERTAIN,TARGET_OVERLAP_AMBIGUOUS: another detected person overlaps or is too close to the selected pose for automated identity acceptance.,ACCEPTED,True
34,34,34,1133.3333333333333,17,1.0,0.9750927686691284,4,6,0.9955011010169983,0.997908353805542,False,,,,,True,,11.0,40.0,830.163703918457,282.1239318847656,800.0718288421631,205.98033905029297,81.8740964856971,2,0,True,1,0.07172959922127517,0.5084232491619078,766.6043090820312,175.38233947753906,142.59234619140625,234.49082946777344,837.9004821777344,292.6277542114258,840.952380952381,265.3968253968254,27.401415478703314,0.05188102760018215,1.0,274.4422093936249,0.057684615291317146,True,5.305782969943501,4.095158186194337,99.96751345144195,0.005645188046492787,False,True,True,False,VALID_TARGET,HUMAN_ACCEPTED_TARGET: operator reviewed the raw skeleton and confirmed that it belongs to the documented athlete.,True,1,TARGET_IDENTITY_UNCERTAIN,TARGET_OVERLAP_AMBIGUOUS: another detected person overlaps or is too close to the selected pose for automated identity acceptance.,ACCEPTED,True
35,35,35,1166.6666666666667,17,1.0,0.9656553268432617,4,6,0.9943096339702606,0.9971534609794617,False,,,,,True,,11.0,40.0,827.2569847106934,282.96275329589844,798.9221086502075,205.44387817382812,82.53509072845456,3,0,True,2,0.11573793661486396,0.2479345836693786,769.2606105804443,174.85560607910156,140.29038429260254,237.46775817871094,839.4058027267456,293.58948516845703,840.0,265.95238095238096,27.643491093741986,0.052023295472242756,1.0,275.8121246417366,0.013703604309184918,True,3.025332694524209,1.2687185628687605,99.96751345144195,0.006612090467555125,False,True,True,False,VALID_TARGET,HUMAN_ACCEPTED_TARGET: operator reviewed the raw skeleton and confirmed that it belongs to the documented athlete.,True,1,TARGET_IDENTITY_UNCERTAIN,TARGET_OVERLAP_AMBIGUOUS: another detected person overlaps or is too close to the selected pose for automated identity acceptance.,ACCEPTED,True
36,36,36,1200.0,17,1.0,0.9898221492767334,4,6,0.9976898431777954,0.9964078962802887,False,,,,,True,,11.0,40.0,823.961742401123,290.70314025878906,798.6618909835815,211.28390502929688,83.35164909098734,2,0,True,1,0.22799716730666958,0.3844932438123642,765.1537342071533,179.63345336914062,144.6965160369873,233.93902587890625,837.501992225647,296.60296630859375,839.047619047619,266.5079365079365,30.134693975138475,0.056365774424226495,1.0,275.0718989326494,0.007404662610186545,True,8.412622196085442,5.845821320107251,99.96751345144195,0.00816823720367325,False,True,True,False,VALID_TARGET,HUMAN_ACCEPTED_TARGET: operator reviewed the raw skeleton and confirmed that it belongs to the documented athlete.,True,1,TARGET_IDENTITY_UNCERTAIN,TARGET_OVERLAP_AMBIGUOUS: another detected person overlaps or is too close to the selected pose for automated identity acceptance.,ACCEPTED,True
37,37,37,1233.3333333333335,17,1.0,0.9911413192749023,4,6,0.9988749921321869,0.9985884726047516,False,,,,,True,,11.0,40.0,825.4770889282227,291.42308044433594,796.9613990783691,210.4408416748047,85.85608635232803,3,0,True,2,0.24593680224961062,0.2658367379683409,762.3976917266846,180.66314697265625,158.19390678405762,235.29946899414062,841.4946451187134,298.31288146972656,838.0952380952381,267.06349206349205,31.43374470809571,0.0584338062046689,1.0,283.53333534617695,0.08464186135466507,True,1.677673677434952,1.8980064645254835,99.96751345144195,0.0250525113096586,False,True,True,False,VALID_TARGET,HUMAN_ACCEPTED_TARGET: operator reviewed the raw skeleton and confirmed that it belongs to the documented athlete.,True,1,TARGET_IDENTITY_UNCERTAIN,TARGET_OVERLAP_AMBIGUOUS: another detected person overlaps or is too close to the selected pose for automated identity acceptance.,ACCEPTED,True
38,38,38,1266.6666666666665,17,1.0,0.9882587194442749,4,6,0.9985395073890686,0.9969657957553864,False,,,,,True,,11.0,40.0,820.1858940124512,293.7331237792969,794.8579540252686,212.43121337890625,85.15577008487135,2,0,True,1,0.3528066394814415,0.31417947139104574,755.5108737945557,182.7066192626953,161.68320274353027,236.90528869628906,836.3524751663208,301.15926361083984,837.1428571428571,267.61904761904765,33.54952745486747,0.061979882524405436,1.0,286.8197584924678,0.03287491138695986,True,5.77347762151058,2.8958695778472974,99.96751345144195,0.007005438499746777,False,True,True,False,VALID_TARGET,HUMAN_ACCEPTED_TARGET: operator reviewed the raw skeleton and confirmed that it belongs to the documented athlete.,True,1,TARGET_IDENTITY_UNCERTAIN,TARGET_OVERLAP_AMBIGUOUS: another detected person overlaps or is too close to the selected pose for automated identity acceptance.,ACCEPTED,True
39,39,39,1300.0,17,1.0,0.9872768521308899,4,6,0.9974518120288849,0.9950851500034332,False,,,,,True,,11.0,40.0,815.1579971313477,293.92835998535156,790.8029203414917,212.56185150146484,84.93337664486317,3,0,True,2,0.2381475203720387,0.19895920796315578,742.6787843704224,183.97897338867188,152.4268674850464,237.74362182617188,818.8922181129456,302.8507843017578,836.1904761904763,268.1746031746032,38.7513518484206,0.07114193423792076,1.0,282.4110119140713,0.04410179293434176,True,5.03168602191801,4.05713747556458,99.96751345144195,0.002224657114395478,False,True,True,False,VALID_TARGET,HUMAN_ACCEPTED_TARGET: operator reviewed the raw skeleton and confirmed that it belongs to the documented athlete.,True,1,TARGET_IDENTITY_UNCERTAIN,TARGET_OVERLAP_AMBIGUOUS: another detected person overlaps or is too close to the selected pose for automated identity acceptance.,ACCEPTED,True
40,40,40,1333.3333333333333,17,1.0,0.9865689277648926,4,6,0.9981479644775391,0.9968942701816559,False,,,,,True,,11.0,40.0,808.331356048584,296.3211364746094,785.8862724304199,213.3270721435547,85.97555753127526,3,1,True,2,0.260848207294654,0.23117516926271126,752.5622177124023,184.3341522216797,145.67516326904297,237.31324768066406,825.3997993469238,302.9907760620117,835.2380952380953,268.73015873015873,35.645223607124514,0.06502704742906121,1.0,278.45795143648985,0.03954345107825066,True,7.2338376951948336,4.975840563415076,99.96751345144195,0.010425195650368063,False,True,True,False,VALID_TARGET,HUMAN_ACCEPTED_TARGET: operator reviewed the raw skeleton and confirmed that it belongs to the documented athlete.,True,1,TARGET_IDENTITY_UNCERTAIN,TARGET_OVERLAP_AMBIGUOUS: another detected person overlaps or is too close to the selected pose for automated identity acceptance.,ACCEPTED,True
41,41,41,1366.6666666666667,17,1.0,0.9852399826049805,4,6,0.9986774623394012,0.9968052804470062,False,,,,,False,,,,802.9655342102051,292.5338897705078,780.0442504882812,210.67823028564453,85.00431893240966,3,1,True,2,0.29546659737185926,0.25918494228431227,746.9792232513428,183.26416015625,145.2861728668213,248.12677001953125,819.6223096847534,307.3275451660156,834.2857142857143,269.2857142857143,40.77004208014668,0.07390406720814552,1.0,287.53254776914076,0.09077545313817165,True,6.567745549193584,6.414482329903687,99.96751345144195,0.00971554223300117,False,True,True,False,TARGET_IDENTITY_UNCERTAIN,TARGET_OVERLAP_AMBIGUOUS: another detected person overlaps or is too close to the selected pose for automated identity acceptance.,False,,TARGET_IDENTITY_UNCERTAIN,TARGET_OVERLAP_AMBIGUOUS: another detected person overlaps or is too close to the selected pose for automated identity acceptance.,NOT_REVIEWED,False
42,42,42,1400.0,17,1.0,0.9520537257194519,4,6,0.9907307922840118,0.9901871085166931,False,,,,,False,,,,791.4546279907227,293.2533874511719,774.4307537078857,209.20882415771484,85.75139016240927,3,1,True,2,0.21172851202937604,0.21249930054612795,734.0866832733154,182.04147338867188,146.8849811553955,248.65853881835938,807.5291738510132,306.37074279785156,820.4761904761906,269.2857142857143,39.28007865621778,0.07183783301256792,1.0,288.8014311188614,0.01269295700084578,True,11.533370665429949,5.802628755340811,99.96751345144195,0.0074731400652721675,False,True,True,False,TARGET_IDENTITY_UNCERTAIN,TARGET_OVERLAP_AMBIGUOUS: another detected person overlaps or is too close to the selected pose for automated identity acceptance.,False,,TARGET_IDENTITY_UNCERTAIN,TARGET_OVERLAP_AMBIGUOUS: another detected person overlaps or is too close to the selected pose for automated identity acceptance.,NOT_REVIEWED,False
43,43,43,1433.3333333333333,17,1.0,0.9455481171607971,4,6,0.9872288405895233,0.9877307116985321,False,,,,,False,,,,782.022834777832,293.44142150878906,764.12331199646,207.10377502441406,88.17359080961695,4,1,True,3,0.20850751712376087,0.21839414096182055,725.8492469787598,180.47511291503906,142.50712203979492,266.45240783691406,797.1028079986572,313.7013168334961,806.6666666666667,269.2857142857143,45.43361247253165,0.08382822288417928,1.0,302.16744608603057,0.133703585351871,True,9.43366736839675,10.520198975687219,99.96751345144195,0.02422987792313394,False,True,True,False,TARGET_IDENTITY_UNCERTAIN,TARGET_OVERLAP_AMBIGUOUS: another detected person overlaps or is too close to the selected pose for automated identity acceptance.,False,,TARGET_IDENTITY_UNCERTAIN,TARGET_OVERLAP_AMBIGUOUS: another detected person overlaps or is too close to the selected pose for automated identity acceptance.,NOT_REVIEWED,False
44,44,44,1466.6666666666665,17,1.0,0.9468693137168884,4,6,0.9904865026473999,0.9886176586151123,False,,,,,False,,,,772.503044128418,292.57301330566406,755.1197528839111,204.60051727294922,89.67351265963309,5,1,True,4,0.696225527930149,0.0669897594444252,715.8920288085938,178.92274475097656,137.2861328125,265.1902313232422,784.5350952148438,311.51786041259766,792.8571428571429,269.28571428571433,43.044287001216816,0.08011920778595519,1.0,298.61905674602565,0.03549542463841021,True,9.559317277710067,9.345072287758391,99.96751345144195,0.015004092812058447,False,True,True,False,TARGET_IDENTITY_UNCERTAIN,TARGET_OVERLAP_AMBIGUOUS: another detected person overlaps or is too close to the selected pose for automated identity acceptance.,False,,TARGET_IDENTITY_UNCERTAIN,TARGET_OVERLAP_AMBIGUOUS: another detected person overlaps or is too close to the selected pose for automated identity acceptance.,NOT_REVIEWED,False
45,45,45,1500.0,17,1.0,0.9747305512428284,4,6,0.9946328401565552,0.9893703460693359,False,,,,,False,,,,761.9775924682617,289.7516174316406,743.3585624694824,200.05679321289062,91.60693079526192,3,0,True,2,0.14781245969583065,0.21996950515614305,694.4938812255859,174.7840118408203,137.62942504882812,268.29063415527344,763.30859375,308.92932891845703,779.047619047619,269.28571428571433,42.65364109274263,0.08008642380547455,1.0,301.53229182744224,0.029141817985016277,True,10.897036630581841,12.608371357887789,99.96751345144195,0.019340464405648763,False,True,True,False,TARGET_IDENTITY_UNCERTAIN,TARGET_OVERLAP_AMBIGUOUS: another detected person overlaps or is too close to the selected pose for automated identity acceptance.,False,,TARGET_IDENTITY_UNCERTAIN,TARGET_OVERLAP_AMBIGUOUS: another detected person overlaps or is too close to the selected pose for automated identity acceptance.,NOT_REVIEWED,False
46,46,46,1533.3333333333335,17,1.0,0.9763299226760864,4,6,0.9956123530864716,0.9894168078899384,False,,,,,False,,,,749.5450782775879,286.8134765625,729.599401473999,195.47264099121094,93.49319903615711,3,0,True,2,0.12245460884467974,0.4101972156853349,688.4892463684082,169.8936004638672,122.55916976928711,272.8049774169922,749.7688312530518,306.2960891723633,765.2380952380952,269.28571428571433,40.113164640666994,0.07597003167421727,1.0,299.070737114186,0.02462354647294413,True,12.774978703239412,14.502722602710241,99.96751345144195,0.0188688122348009,False,True,True,False,TARGET_IDENTITY_UNCERTAIN,TARGET_OVERLAP_AMBIGUOUS: another detected person overlaps or is too close to the selected pose for automated identity acceptance.,False,,TARGET_IDENTITY_UNCERTAIN,TARGET_OVERLAP_AMBIGUOUS: another detected person overlaps or is too close to the selected pose for automated identity acceptance.,NOT_REVIEWED,False
47,47,47,1566.6666666666667,17,1.0,0.980947732925415,4,6,0.9962715804576874,0.9885886013507843,False,,,,,False,,,,737.9803504943848,287.3821105957031,717.0243759155273,192.4267807006836,97.2402568179543,2,0,True,1,0.07033511478992215,0.47775464454370803,671.426064491272,164.12277221679688,131.65546321868896,280.6607971191406,737.2537961006165,304.4531707763672,751.4285714285714,269.28571428571433,37.9166751129363,0.07242799291792408,1.0,310.005877419895,0.10938693909817643,True,11.578699122237659,12.938644933130645,99.96751345144195,0.03748275467126914,False,True,True,False,TARGET_IDENTITY_UNCERTAIN,TARGET_OVERLAP_AMBIGUOUS: another detected person overlaps or is too close to the selected pose for automated identity acceptance.,False,,TARGET_IDENTITY_UNCERTAIN,TARGET_OVERLAP_AMBIGUOUS: another detected person overlaps or is too close to the selected pose for automated identity acceptance.,NOT_REVIEWED,False
48,48,48,1600.0,17,1.0,0.95975661277771,4,6,0.9931883811950684,0.9830212295055389,False,,,,,False,,,,724.5779781341553,283.8787841796875,703.8503398895264,194.7254638671875,91.5311395643222,2,0,True,1,0.00930758572739805,0.4928972005689959,655.7012128829956,161.28367614746094,125.89157581329346,277.44200134277344,718.6470007896423,300.00467681884766,732.8571428571429,270.95238095238096,32.34136720504046,0.06306018310875161,1.0,304.6682670870692,0.05339344901699991,True,13.85268496932621,13.373076292100484,99.96751345144195,0.05710972551503182,False,False,False,False,INVALID_TRACK_SEGMENT,Valid-looking pose segment is too short to establish target identity continuity.,False,,INVALID_TRACK_SEGMENT,Valid-looking pose segment is too short to establish target identity continuity.,NOT_REVIEWED,False
49,49,49,1633.3333333333333,17,1.0,0.9644980430603027,4,6,0.993081271648407,0.9917508959770203,False,,,,,False,,,,711.5615844726562,278.8330383300781,692.645453453064,190.08843231201172,90.73822298266705,1,0,False,0,0.0,,634.5349138379097,159.53678131103516,130.09373301267624,280.6346664428711,699.5817803442478,299.8541145324707,714.2857142857142,272.6190476190476,30.950840750028778,0.06161115943470298,1.0,309.3221546845214,0.04655399976226088,True,13.960159566780108,12.126481010487545,99.96751345144195,0.007931742565951676,False,False,False,False,INVALID_TRACK_SEGMENT,Valid-looking pose segment is too short to establish target identity continuity.,False,,INVALID_TRACK_SEGMENT,Valid-looking pose segment is too short to establish target identity continuity.,NOT_REVIEWED,False
50,50,50,1666.6666666666667,17,1.0,0.9479663372039795,4,6,0.9941065609455109,0.9915652275085449,False,,,,,False,,,,696.5553379058838,275.7526321411133,677.3589324951172,185.2230453491211,92.54246628128816,2,0,True,1,0.03887745120229181,0.5255030414542383,621.0,156.39756774902344,132.0559844970703,281.6832733154297,687.0279922485352,297.2392044067383,695.7142857142857,274.2857142857143,24.542094509415584,0.049882802172821115,1.0,311.10167069172985,0.0178009429840706,True,15.31914939909469,16.04212309192309,99.96751345144195,0.018048296254737722,False,False,False,False,INVALID_TRACK_SEGMENT,Valid-looking pose segment is too short to establish target identity continuity.,False,,INVALID_TRACK_SEGMENT,Valid-looking pose segment is too short to establish target identity continuity.,NOT_REVIEWED,False
51,51,51,1700.0,17,1.0,0.9728097915649414,4,6,0.9961886405944824,0.9918380081653595,False,,,,,False,,,,680.6350154876709,274.00843811035156,664.1013889312744,187.19680786132812,88.37205414382728,2,0,True,1,0.048068831295699145,0.500228572582493,604.3348610401154,152.78108978271484,132.87448954582214,285.4500198364258,670.7721058130264,295.50609970092773,682.1428571428571,283.5714285714286,16.484245835771382,0.033984028622858674,1.0,314.8608324270878,0.037603833541222695,True,16.01558237207741,13.403663670869348,99.96751345144195,0.0417176740070323,False,False,False,False,INVALID_TRACK_SEGMENT,Valid-looking pose segment is too short to establish target identity continuity.,False,,INVALID_TRACK_SEGMENT,Valid-looking pose segment is too short to establish target identity continuity.,NOT_REVIEWED,False
52,52,52,1733.3333333333335,17,1.0,0.9749078154563904,4,6,0.9972955882549286,0.9932644963264465,False,,,,,False,,,,667.6933765411377,276.32328033447266,645.9145469665527,184.88347244262695,93.99763765614784,2,0,True,1,0.06543686770708458,0.45105909378355574,588.9898588657379,148.0916976928711,127.55693984031677,288.4621353149414,652.7683287858963,292.3227653503418,668.5714285714286,292.85714285714283,15.812132119080731,0.033054351362826036,1.0,315.4063671073901,0.0054571196328423565,True,13.147034385936584,18.333377795953993,99.96751345144195,0.05627411664143393,False,True,True,False,TARGET_IDENTITY_UNCERTAIN,TARGET_OVERLAP_AMBIGUOUS: another detected person overlaps or is too close to the selected pose for automated identity acceptance.,False,,TARGET_IDENTITY_UNCERTAIN,TARGET_OVERLAP_AMBIGUOUS: another detected person overlaps or is too close to the selected pose for automated identity acceptance.,NOT_REVIEWED,False
53,53,53,1766.6666666666665,17,1.0,0.9544676542282104,4,6,0.9954778850078583,0.9927317202091217,False,,,,,True,,53.0,60.0,654.8598117828369,271.936767578125,629.9904747009277,180.8758544921875,94.39583581354786,1,0,False,0,0.0,,570.3228085041046,144.60569381713867,128.9975345134735,286.6215705871582,634.8215757608414,287.9164791107178,655.0,302.1428571428571,24.689241314564555,0.05231518164876324,1.0,314.3124061127784,0.010943165002729743,True,13.562517412600823,16.42062968212644,99.96751345144195,0.003983275602763066,False,False,False,False,VALID_TARGET,,True,2,VALID_TARGET,,ACCEPTED,False
54,54,54,1800.0,17,1.0,0.9706981182098389,4,6,0.996834009885788,0.9945785105228424,False,,,,,True,,53.0,60.0,637.5780162811279,272.73783111572266,613.9974269866943,179.0133399963379,96.64535388243135,1,0,False,0,0.0,,557.2674250602722,140.75354766845703,134.16529893875122,285.04735565185547,624.3500745296478,283.27722549438477,645.0,304.04761904761904,29.28871233576743,0.06125186346342813,1.0,315.0433659092663,0.007311973372659492,True,17.30035139973051,16.10113460092164,99.96751345144195,0.022502490971491117,False,False,False,False,VALID_TARGET,,True,2,VALID_TARGET,,ACCEPTED,False
55,55,55,1833.3333333333333,17,1.0,0.9811944365501404,4,6,0.9972191751003265,0.9968187510967255,False,,,,,True,,53.0,60.0,619.6459522247314,266.54419708251953,599.4387435913086,176.31386947631836,92.46536270775705,1,0,False,0,0.0,,538.4331332743168,143.05387115478516,144.40112575888634,277.5117721557617,610.63369615376,281.809757232666,635.0,305.95238095238096,34.30135628803962,0.07079331295852274,1.0,312.83297269543874,0.022111115276476603,True,18.971558287604072,14.806836370255972,99.96751345144195,0.0418134955082651,False,False,False,False,VALID_TARGET,,True,2,VALID_TARGET,,ACCEPTED,False
56,56,56,1866.6666666666667,17,1.0,0.9820173382759094,4,6,0.9968794584274292,0.9973981976509094,False,,,,,True,,53.0,60.0,601.7810668945312,264.9073791503906,581.2672662734985,171.05987930297852,96.06336056754155,1,0,False,0,0.0,,524.0,137.62532806396484,148.85260009765625,272.6067581176758,598.4263000488281,273.92870712280273,625.0,307.8571428571429,43.09640681627834,0.08777149296781436,1.0,310.598681786098,0.02235016989220241,True,17.939712952111048,18.915787074643156,99.96751345144195,0.035991671049537356,False,False,False,False,VALID_TARGET,,True,2,VALID_TARGET,,ACCEPTED,False
57,57,57,1900.0,17,1.0,0.9728867411613464,4,6,0.9945828020572662,0.9955242872238159,False,,,,,True,,53.0,60.0,582.9452419281006,262.22420501708984,561.5993137359619,167.5247688293457,97.07539268352492,1,0,False,0,0.0,,497.5681267976761,130.8721694946289,166.83703982830048,276.3262252807617,580.9866467118263,269.03528213500977,620.7142857142857,308.2142857142857,55.796770714573135,0.10749912336839433,1.0,322.7859672237692,0.12191245952707479,True,19.025975023520534,19.98312695950215,99.96751345144195,0.010123609971302891,False,False,False,False,VALID_TARGET,,True,2,VALID_TARGET,,ACCEPTED,False
58,58,58,1933.3333333333333,17,1.0,0.9684504270553589,4,6,0.9935790598392487,0.9905053079128265,False,,,,,True,,53.0,60.0,570.1177749633789,264.57958221435547,549.2501525878906,166.92564010620117,99.85865046588968,2,0,True,1,0.03286052946421708,0.4195942473597356,502.1332187652588,129.7320213317871,155.45445823669434,271.57846450805664,579.860447883606,265.52125358581543,616.4285714285714,308.57142857142856,56.48491148874865,0.10281539575046714,1.0,312.92323494783494,0.09865937378471427,True,13.041921272282888,12.363686193362001,99.96751345144195,0.027841622605894782,False,True,True,False,VALID_TARGET,HUMAN_ACCEPTED_TARGET: operator reviewed the raw skeleton and confirmed that it belongs to the documented athlete.,True,2,TARGET_IDENTITY_UNCERTAIN,TARGET_OVERLAP_AMBIGUOUS: another detected person overlaps or is too close to the selected pose for automated identity acceptance.,ACCEPTED,True
59,59,59,1966.6666666666665,17,1.0,0.9812368154525757,4,6,0.9967363774776459,0.9916785955429077,False,,,,,True,,53.0,60.0,554.6777572631836,265.38256072998047,532.4204835891724,166.59258651733398,101.26620974607073,4,0,True,3,0.05871822943425699,0.2746089141632626,484.2381343841553,124.89860534667969,171.91585731506348,282.60450744628906,570.196063041687,266.2008590698242,602.5,311.07142857142856,55.28935114834469,0.10033959978893725,1.0,330.7874991974952,0.1787006961850424,True,15.460883580148318,16.832964186365867,99.96751345144195,0.014080166962087666,False,True,True,False,VALID_TARGET,HUMAN_ACCEPTED_TARGET: operator reviewed the raw skeleton and confirmed that it belongs to the documented athlete.,True,2,TARGET_IDENTITY_UNCERTAIN,TARGET_OVERLAP_AMBIGUOUS: another detected person overlaps or is too close to the selected pose for automated identity acceptance.,ACCEPTED,True
60,60,60,2000.0,17,1.0,0.8643845319747925,4,6,0.9841223061084747,0.9499228894710541,False,,,,,True,,53.0,60.0,541.2854099273682,265.17078399658203,513.880937576294,162.68611907958984,106.085397901827,3,0,True,2,0.07101739976405275,0.3524499283218226,476.7834300994873,130.7522964477539,173.07164192199707,269.1091842651367,563.3192510604858,265.30688858032227,588.5714285714286,313.57142857142856,54.471444717367824,0.09848738450659292,1.0,319.9586634136092,0.10832354842101767,True,13.394021671922573,18.946642293709758,99.96751345144195,0.04820754252427344,False,True,True,False,VALID_TARGET,HUMAN_ACCEPTED_TARGET: operator reviewed the raw skeleton and confirmed that it belongs to the documented athlete.,True,2,TARGET_IDENTITY_UNCERTAIN,TARGET_OVERLAP_AMBIGUOUS: another detected person overlaps or is too close to the selected pose for automated identity acceptance.,ACCEPTED,True
61,61,61,2033.3333333333333,17,1.0,0.8810930848121643,4,6,0.9874952435493469,0.972034215927124,False,,,,,False,,,,524.1134796142578,265.2310333251953,491.76315116882324,161.6879653930664,108.47907939932452,1,0,False,0,0.0,,459.0697441101074,132.2270050048828,190.29646682739258,260.0565948486328,554.2179775238037,262.2553024291992,577.1428571428571,315.7142857142857,58.16711269629298,0.10452318330018566,1.0,322.2455241136095,0.02287603863540263,True,17.172036007996155,22.140297792676957,99.96751345144195,0.02394459374704991,False,False,False,False,INVALID_TRACK_SEGMENT,Valid-looking pose segment is too short to establish target identity continuity.,False,,INVALID_TRACK_SEGMENT,Valid-looking pose segment is too short to establish target identity continuity.,NOT_REVIEWED,False
62,62,62,2066.666666666667,17,1.0,0.877941370010376,4,6,0.9887430369853973,0.9852414429187775,False,,,,,False,,,,512.8985176086426,266.7828826904297,484.39330291748047,161.54027938842773,109.03464043308345,2,0,True,1,0.08039977202973288,0.32993055454311915,447.3640022277832,131.72990798950195,186.3735466003418,254.07658004760742,540.5507755279541,258.76819801330566,558.5714285714286,313.3333333333333,57.46388368885464,0.10470292790501318,1.0,315.10316945578006,0.07144675716375373,True,11.321820049787561,7.371327858926523,99.96751345144195,0.00555741575015559,False,True,True,False,TARGET_IDENTITY_UNCERTAIN,TARGET_OVERLAP_AMBIGUOUS: another detected person overlaps or is too close to the selected pose for automated identity acceptance.,False,,TARGET_IDENTITY_UNCERTAIN,TARGET_OVERLAP_AMBIGUOUS: another detected person overlaps or is too close to the selected pose for automated identity acceptance.,NOT_REVIEWED,False
63,63,63,2100.0,17,1.0,0.9313886761665344,4,6,0.9954195618629456,0.9886920750141144,False,,,,,False,,,,497.0196228027344,270.3866882324219,465.95452880859375,170.0877342224121,104.99962019153615,2,0,True,1,0.07893655561649919,0.3309498303435495,431.93777084350586,137.20788955688477,194.60394668579102,246.23891830444336,529.2397441864014,260.32734870910645,540.0,310.95238095238096,51.75593680735252,0.09563953935445055,1.0,313.8539484432664,0.01249626973187097,True,16.28271214022996,20.323566979680365,99.96751345144195,0.040363315063420724,False,True,True,False,TARGET_IDENTITY_UNCERTAIN,TARGET_OVERLAP_AMBIGUOUS: another detected person overlaps or is too close to the selected pose for automated identity acceptance.,False,,TARGET_IDENTITY_UNCERTAIN,TARGET_OVERLAP_AMBIGUOUS: another detected person overlaps or is too close to the selected pose for automated identity acceptance.,NOT_REVIEWED,False
64,64,64,2133.3333333333335,17,1.0,0.9263707995414734,4,6,0.9955505430698395,0.9777665138244629,False,,,,,False,,,,485.7880401611328,277.28772735595703,456.9343452453613,173.90395736694336,107.33470830739562,3,0,True,2,0.09199038620399384,0.31441879306486936,416.82797622680664,139.7521514892578,198.01702499389648,244.20921325683594,515.8364887237549,261.8567581176758,521.4285714285714,308.57142857142856,47.04818619862227,0.08819028903654637,1.0,314.4024205170122,0.005486503112956063,True,13.182290757667591,9.794246811432942,99.96751345144195,0.023358469519137386,False,True,True,False,TARGET_IDENTITY_UNCERTAIN,TARGET_OVERLAP_AMBIGUOUS: another detected person overlaps or is too close to the selected pose for automated identity acceptance.,False,,TARGET_IDENTITY_UNCERTAIN,TARGET_OVERLAP_AMBIGUOUS: another detected person overlaps or is too close to the selected pose for automated identity acceptance.,NOT_REVIEWED,False
65,65,65,2166.6666666666665,17,1.0,0.9461138844490051,4,6,0.9962164461612701,0.9905594289302826,False,,,,,False,,,,471.79026794433594,274.49102783203125,442.1482410430908,174.70209884643555,104.09841548701114,4,0,True,3,0.18148940163372781,0.2439946491258865,391.4659080505371,142.1981544494629,198.38599014282227,245.05620956420898,490.65890312194824,264.7262592315674,509.2857142857143,314.2857142857142,52.94428844922368,0.09647566710883088,1.0,315.2927955582326,0.008906643873390912,True,14.274423114804227,14.807630036629345,99.96751345144195,0.032373445218845706,False,True,True,False,TARGET_IDENTITY_UNCERTAIN,TARGET_OVERLAP_AMBIGUOUS: another detected person overlaps or is too close to the selected pose for automated identity acceptance.,False,,TARGET_IDENTITY_UNCERTAIN,TARGET_OVERLAP_AMBIGUOUS: another detected person overlaps or is too close to the selected pose for automated identity acceptance.,NOT_REVIEWED,False
66,66,66,2200.0,17,1.0,0.952116072177887,4,6,0.9926563799381256,0.9950843453407288,False,,,,,False,,,,459.6732292175293,278.2821273803711,429.65477561950684,173.76381301879883,108.74366921067667,3,0,True,2,0.18572333588232623,0.24121768311263286,374.1901969909668,140.8317642211914,200.50288772583008,257.9168014526367,474.44164085388184,269.79016494750977,497.1428571428571,320.0,55.103291707457124,0.09768619217641894,1.0,326.68407438679293,0.11394980664487052,True,12.696261784177045,12.52864951160469,99.96751345144195,0.04646763296680287,False,True,True,False,TARGET_IDENTITY_UNCERTAIN,TARGET_OVERLAP_AMBIGUOUS: another detected person overlaps or is too close to the selected pose for automated identity acceptance.,False,,TARGET_IDENTITY_UNCERTAIN,TARGET_OVERLAP_AMBIGUOUS: another detected person overlaps or is too close to the selected pose for automated identity acceptance.,NOT_REVIEWED,False
67,67,67,2233.3333333333335,17,1.0,0.9605706930160522,4,6,0.9947677254676819,0.9941333830356598,False,,,,,False,,,,445.9054946899414,283.6279983520508,416.7334213256836,177.62514877319336,109.94368550857077,3,0,True,2,0.17049660340638215,0.24589401927838272,359.81842041015625,144.6269645690918,204.91058349609375,261.53166580200195,462.2737121582031,275.3927974700928,485.0,325.7142857142857,55.21536324410674,0.09529955299477519,1.0,332.2456311915623,0.05563364149765371,True,14.769185843098573,13.485967173127403,99.96751345144195,0.012004062684593919,False,True,True,False,TARGET_IDENTITY_UNCERTAIN,TARGET_OVERLAP_AMBIGUOUS: another detected person overlaps or is too close to the selected pose for automated identity acceptance.,False,,TARGET_IDENTITY_UNCERTAIN,TARGET_OVERLAP_AMBIGUOUS: another detected person overlaps or is too close to the selected pose for automated identity acceptance.,NOT_REVIEWED,False
68,68,68,2266.6666666666665,17,1.0,0.9721160531044006,4,6,0.9932821691036224,0.9959398806095123,False,,,,,False,,,,430.8911819458008,292.8116760253906,402.44776153564453,182.22390365600586,114.18705514309296,3,0,True,2,0.2543896215898711,0.22966406955729604,333.1441879272461,145.85897064208984,223.76033782958984,278.14847564697266,445.024356842041,284.9332084655762,472.1428571428571,329.2857142857142,51.98613114178379,0.08464575452364471,1.0,356.9807603924149,0.24743167401945387,True,17.60027053163287,15.007618802092846,99.96751345144195,0.04244748606839524,False,True,True,False,TARGET_IDENTITY_UNCERTAIN,TARGET_OVERLAP_AMBIGUOUS: another detected person overlaps or is too close to the selected pose for automated identity acceptance.,False,,TARGET_IDENTITY_UNCERTAIN,TARGET_OVERLAP_AMBIGUOUS: another detected person overlaps or is too close to the selected pose for automated identity acceptance.,NOT_REVIEWED,False
69,69,69,2300.0,17,1.0,0.9908370971679688,4,6,0.9974257946014404,0.9970085918903351,False,,,,,True,,69.0,76.0,414.017822265625,296.7557678222656,393.29886627197266,186.26517486572266,112.41639679937872,4,0,True,3,0.21601126046533248,0.2584821205160553,311.60821533203125,150.6470947265625,245.230712890625,285.2914733886719,434.22357177734375,293.29283142089844,459.28571428571433,332.85714285714283,46.83423669212529,0.07216377856439088,1.0,376.2038374779335,0.19229324029206774,True,17.328188797412107,10.00170773098892,99.96751345144195,0.017712337564286043,False,True,True,False,VALID_TARGET,HUMAN_ACCEPTED_TARGET: operator reviewed the raw skeleton and confirmed that it belongs to the documented athlete.,True,3,TARGET_IDENTITY_UNCERTAIN,TARGET_OVERLAP_AMBIGUOUS: another detected person overlaps or is too close to the selected pose for automated identity acceptance.,ACCEPTED,True
70,70,70,2333.3333333333335,17,1.0,0.9814754724502563,4,6,0.9960934221744537,0.9911972284317017,False,,,,,True,,69.0,76.0,402.46325302124023,301.2647018432617,385.6463928222656,192.85871505737305,109.70261964955134,4,0,True,3,0.23222034221651947,0.24755506786291195,312.88720321655273,154.15208435058594,240.5869483947754,275.9867706298828,433.18067741394043,292.14546966552734,451.16071428571433,335.44642857142856,46.88554967237661,0.07304373555310528,1.0,366.12945429263385,0.1007765706825666,True,12.403167193462254,10.101243594596662,99.96751345144195,0.02714659048857472,False,True,True,False,VALID_TARGET,HUMAN_ACCEPTED_TARGET: operator reviewed the raw skeleton and confirmed that it belongs to the documented athlete.,True,3,TARGET_IDENTITY_UNCERTAIN,TARGET_OVERLAP_AMBIGUOUS: another detected person overlaps or is too close to the selected pose for automated identity acceptance.,ACCEPTED,True
71,71,71,2366.6666666666665,17,1.0,0.9854603409767151,4,6,0.9974089860916138,0.9956398606300354,False,,,,,True,,69.0,76.0,393.8677978515625,301.75077056884766,373.3175048828125,196.93397903442383,106.81233228739235,4,0,True,3,0.18309090760373456,0.2654913241619702,308.50609588623047,158.57937622070312,236.03559112548828,266.78192138671875,426.5238914489746,291.9703369140625,443.0357142857143,338.03571428571433,48.935256061295625,0.07707541616605176,1.0,356.20976103519126,0.09922916870650147,True,8.609187672477145,12.98496262244295,99.96751345144195,0.02891226621899433,False,True,True,False,VALID_TARGET,HUMAN_ACCEPTED_TARGET: operator reviewed the raw skeleton and confirmed that it belongs to the documented athlete.,True,3,TARGET_IDENTITY_UNCERTAIN,TARGET_OVERLAP_AMBIGUOUS: another detected person overlaps or is too close to the selected pose for automated identity acceptance.,ACCEPTED,True
72,72,72,2400.0,17,1.0,0.9857529997825623,4,6,0.9974184930324554,0.9925549924373627,False,,,,,True,,69.0,76.0,381.1520195007324,300.5973663330078,364.42272186279297,197.24337005615234,104.69917834374355,4,0,True,3,0.17798186418672401,0.2573337374738515,300.7270984649658,162.00968170166016,232.62623405456543,270.2067184448242,417.04021549224854,297.11304092407227,434.9107142857143,340.625,47.03876390544792,0.07489570898803898,1.0,356.5482231944649,0.0033857214967947043,True,12.767981845173974,8.900162233215415,99.96751345144195,0.02113840657520442,False,True,True,False,VALID_TARGET,HUMAN_ACCEPTED_TARGET: operator reviewed the raw skeleton and confirmed that it belongs to the documented athlete.,True,3,TARGET_IDENTITY_UNCERTAIN,TARGET_OVERLAP_AMBIGUOUS: another detected person overlaps or is too close to the selected pose for automated identity acceptance.,ACCEPTED,True
73,73,73,2433.333333333333,17,1.0,0.9696506857872009,4,6,0.9966152310371399,0.9948219656944275,False,,,,,True,,69.0,76.0,374.9271659851074,307.0026397705078,351.687105178833,202.3206024169922,107.23072960099718,5,0,True,4,0.1568068037507527,0.25700523787540863,278.1675806045532,162.89552307128906,239.4733190536499,285.4047393798828,397.9042401313782,305.59789276123047,426.78571428571433,343.2142857142857,47.42502048630293,0.07632510012636855,1.0,372.563197053963,0.160201782624884,True,8.931759574693666,13.71036909666252,99.96751345144195,0.025323739381427113,False,True,True,False,VALID_TARGET,HUMAN_ACCEPTED_TARGET: operator reviewed the raw skeleton and confirmed that it belongs to the documented athlete.,True,3,TARGET_IDENTITY_UNCERTAIN,TARGET_OVERLAP_AMBIGUOUS: another detected person overlaps or is too close to the selected pose for automated identity acceptance.,ACCEPTED,True
74,74,74,2466.666666666667,17,1.0,0.9765121936798096,4,6,0.9964541792869568,0.9956719875335693,False,,,,,True,,69.0,76.0,367.5769577026367,308.38512420654297,344.90828132629395,204.96965789794922,105.87080598767183,5,0,True,4,0.155422854565542,0.2525634644963531,268.55708527565,167.29137420654297,232.98743987083435,286.96497344970703,385.0508052110672,310.7738609313965,418.66071428571433,345.8035714285715,48.54592264569643,0.0789619407978763,1.0,369.637718752506,0.02926428997234223,True,7.4790925259405885,7.278045600636275,99.96751345144195,0.013603655491400383,False,True,True,False,VALID_TARGET,HUMAN_ACCEPTED_TARGET: operator reviewed the raw skeleton and confirmed that it belongs to the documented athlete.,True,3,TARGET_IDENTITY_UNCERTAIN,TARGET_OVERLAP_AMBIGUOUS: another detected person overlaps or is too close to the selected pose for automated identity acceptance.,ACCEPTED,True
75,75,75,2500.0,17,1.0,0.9786746501922607,4,6,0.9918518662452698,0.9953673183917999,False,,,,,True,,69.0,76.0,357.74707412719727,307.5859680175781,338.3525848388672,209.4735870361328,100.01092698602199,4,0,True,3,0.16332771476766852,0.2404909853126939,269.0052514076233,173.25000762939453,217.30813360214233,301.2157516479492,377.65931820869446,323.85788345336914,410.53571428571433,348.3928571428571,41.02221779666422,0.0674264212556689,1.0,371.4212621410971,0.01784122988572131,True,9.862315231275826,7.953774834444255,99.96751345144195,0.05861783292725603,False,True,True,False,VALID_TARGET,HUMAN_ACCEPTED_TARGET: operator reviewed the raw skeleton and confirmed that it belongs to the documented athlete.,True,3,TARGET_IDENTITY_UNCERTAIN,TARGET_OVERLAP_AMBIGUOUS: another detected person overlaps or is too close to the selected pose for automated identity acceptance.,ACCEPTED,True
76,76,76,2533.333333333333,17,1.0,0.9851900935173035,4,6,0.9957482814788818,0.9975628554821014,False,,,,,True,,69.0,76.0,353.30633544921875,304.6492919921875,334.4679412841797,207.31105041503906,99.14443185599828,3,0,True,2,0.05513481212414269,0.4263558873450086,263.4714939594269,174.49626922607422,206.7695643901825,309.46427154541016,366.8562761545181,329.2284049987793,402.4107142857142,350.9821428571429,41.681448890788964,0.06922046646510331,1.0,372.18515301021506,0.007641391115414942,True,5.323929571679029,4.446011716645235,99.96751345144195,0.008667767158623964,False,True,True,False,VALID_TARGET,HUMAN_ACCEPTED_TARGET: operator reviewed the raw skeleton and confirmed that it belongs to the documented athlete.,True,3,TARGET_IDENTITY_UNCERTAIN,TARGET_OVERLAP_AMBIGUOUS: another detected person overlaps or is too close to the selected pose for automated identity acceptance.,ACCEPTED,True
77,77,77,2566.666666666667,17,1.0,0.969741940498352,4,6,0.9927384257316589,0.9921114146709442,False,,,,,False,,,,351.3337097167969,306.1990966796875,327.002384185791,209.7546043395996,99.46634357828304,5,0,True,4,0.05799124746933972,0.4413301618368638,261.0,177.2185821533203,194.91342163085938,302.6095428466797,358.4567108154297,328.52335357666016,394.28571428571433,353.57142857142856,43.71639910396568,0.07334078112095901,1.0,359.9496872532683,0.12239441929192342,True,2.5086145279037813,7.855284754325379,99.96751345144195,0.003220163342775671,False,True,True,False,TARGET_IDENTITY_UNCERTAIN,TARGET_OVERLAP_AMBIGUOUS: another detected person overlaps or is too close to the selected pose for automated identity acceptance.,False,,TARGET_IDENTITY_UNCERTAIN,TARGET_OVERLAP_AMBIGUOUS: another detected person overlaps or is too close to the selected pose for automated identity acceptance.,NOT_REVIEWED,False
78,78,78,2600.0,17,1.0,0.9516794681549072,4,6,0.9822250008583069,0.983005553483963,False,,,,,False,,,,350.88530349731445,307.93939208984375,323.43935203552246,209.40265274047852,102.28767889265933,5,0,True,4,0.18182420334836766,0.20354297806885718,250.79317659139633,178.39525604248047,180.56180387735367,302.20386505126953,341.07407853007317,329.49718856811523,378.33333333333337,354.7619047619048,45.01730725895322,0.07714746831476918,1.0,352.03656212298444,0.07915696666925254,True,1.797135568698541,3.580372610772691,99.96751345144195,0.02822252166696849,False,True,True,False,TARGET_IDENTITY_UNCERTAIN,TARGET_OVERLAP_AMBIGUOUS: another detected person overlaps or is too close to the selected pose for automated identity acceptance.,False,,TARGET_IDENTITY_UNCERTAIN,TARGET_OVERLAP_AMBIGUOUS: another detected person overlaps or is too close to the selected pose for automated identity acceptance.,NOT_REVIEWED,False
79,79,79,2633.3333333333335,17,1.0,0.9172800779342651,4,6,0.9712904691696167,0.9663690328598022,False,,,,,False,,,,341.3590660095215,303.3375549316406,317.2435359954834,206.3671112060547,99.9240999168619,3,0,True,2,0.2206716040390881,0.18538745942617815,239.79945474863052,177.86758422851562,176.5036000609398,287.6745300292969,328.0512547791004,321.70484924316406,362.3809523809524,355.95238095238096,48.491458687158705,0.08492134793507905,1.0,337.50578670898227,0.1453549749545418,True,10.579513500367165,6.8994672844515685,99.96751345144195,0.02364347070556581,False,True,True,False,TARGET_IDENTITY_UNCERTAIN,TARGET_OVERLAP_AMBIGUOUS: another detected person overlaps or is too close to the selected pose for automated identity acceptance.,False,,TARGET_IDENTITY_UNCERTAIN,TARGET_OVERLAP_AMBIGUOUS: another detected person overlaps or is too close to the selected pose for automated identity acceptance.,NOT_REVIEWED,False
80,80,80,2666.6666666666665,17,1.0,0.9420921206474304,4,6,0.980945885181427,0.9747577905654907,False,,,,,False,,,,338.91395568847656,302.9648971557617,315.21627044677734,207.42591857910156,98.43412372387016,4,0,True,3,0.270464111457994,0.1625437120953999,245.19647407531738,175.27579498291016,144.64019584655762,293.40880584716797,317.5165719985962,321.98019790649414,346.42857142857144,357.14285714285717,45.52270110188405,0.08150084085509192,1.0,327.1230863194948,0.1038607446661234,True,2.473345568254346,2.287111422337986,99.96751345144195,0.014904603921307756,False,True,True,False,TARGET_IDENTITY_UNCERTAIN,TARGET_OVERLAP_AMBIGUOUS: another detected person overlaps or is too close to the selected pose for automated identity acceptance.,False,,TARGET_IDENTITY_UNCERTAIN,TARGET_OVERLAP_AMBIGUOUS: another detected person overlaps or is too close to the selected pose for automated identity acceptance.,NOT_REVIEWED,False
81,81,81,2700.0,17,1.0,0.893360435962677,4,6,0.9756902456283569,0.9630923867225647,False,,,,,False,,,,334.5311279296875,309.5867156982422,315.79982566833496,203.92203521728516,107.31209803907895,3,0,True,2,0.3343510201231329,0.1402986322331509,242.75365829467773,165.2225227355957,144.59456253051758,323.9523124694824,315.0509395599365,327.1986789703369,344.57142857142856,361.28571428571433,45.093073171712405,0.07900170615615645,1.0,354.75722440525004,0.2764311838083099,True,7.940885339352919,3.5521451701501445,99.96751345144195,0.08880859399910113,False,True,True,False,TARGET_IDENTITY_UNCERTAIN,TARGET_OVERLAP_AMBIGUOUS: another detected person overlaps or is too close to the selected pose for automated identity acceptance.,False,,TARGET_IDENTITY_UNCERTAIN,TARGET_OVERLAP_AMBIGUOUS: another detected person overlaps or is too close to the selected pose for automated identity acceptance.,NOT_REVIEWED,False
82,82,82,2733.3333333333335,17,1.0,0.9642059206962585,4,6,0.9927482903003693,0.990004688501358,False,,,,,False,,,,326.9728775024414,312.78478240966797,310.76387786865234,200.48337173461914,113.4651422628736,4,0,True,3,0.33367067944467355,0.1473813346733452,235.71879196166992,168.0957260131836,151.7509651184082,324.61234283447266,311.594274520874,330.4018974304199,342.7142857142858,365.42857142857144,46.85427395714138,0.08034014406388278,1.0,358.33159019943184,0.03575527359613689,True,8.206995809167656,6.0979649710496835,99.96751345144195,0.061550437850826624,False,True,True,False,TARGET_IDENTITY_UNCERTAIN,TARGET_OVERLAP_AMBIGUOUS: another detected person overlaps or is too close to the selected pose for automated identity acceptance.,False,,TARGET_IDENTITY_UNCERTAIN,TARGET_OVERLAP_AMBIGUOUS: another detected person overlaps or is too close to the selected pose for automated identity acceptance.,NOT_REVIEWED,False
83,83,83,2766.6666666666665,17,1.0,0.9627098441123962,4,6,0.981783926486969,0.9801896512508392,False,,,,,False,,,,325.2040100097656,303.30816650390625,306.8726501464844,197.8397674560547,107.04962378333693,4,0,True,3,0.41754412669629765,0.13034808360564326,214.21149826049805,159.35454940795898,169.66974258422852,315.552433013916,299.0463695526123,317.130765914917,340.8571428571428,369.57142857142856,67.06835218027116,0.11257201121638824,1.0,358.27525665275897,0.000563518534451073,True,9.640287404013488,4.70428493688603,99.96751345144195,0.06417603337361127,False,True,True,False,TARGET_IDENTITY_UNCERTAIN,TARGET_OVERLAP_AMBIGUOUS: another detected person overlaps or is too close to the selected pose for automated identity acceptance.,False,,TARGET_IDENTITY_UNCERTAIN,TARGET_OVERLAP_AMBIGUOUS: another detected person overlaps or is too close to the selected pose for automated identity acceptance.,NOT_REVIEWED,False
84,84,84,2800.0,17,1.0,0.953555703163147,4,6,0.9819229543209076,0.9840452373027802,False,,,,,False,,,,317.4565887451172,300.3769302368164,304.7144432067871,192.9568328857422,108.17319255635496,4,0,True,3,0.3813237303191853,0.1517791607218765,207.87357902526855,165.58273696899414,182.05992317199707,318.32131576538086,298.9035406112671,324.74339485168457,339.0,373.7142857142857,63.29197585309769,0.10400892338651938,1.0,366.70734338978923,0.08434826921173796,True,8.283397992697779,5.338624093576017,99.96751345144195,0.011239339003503337,False,True,True,False,TARGET_IDENTITY_UNCERTAIN,TARGET_OVERLAP_AMBIGUOUS: another detected person overlaps or is too close to the selected pose for automated identity acceptance.,False,,TARGET_IDENTITY_UNCERTAIN,TARGET_OVERLAP_AMBIGUOUS: another detected person overlaps or is too close to the selected pose for automated identity acceptance.,NOT_REVIEWED,False
85,85,85,2833.3333333333335,17,1.0,0.9425261616706848,4,6,0.9867158532142639,0.9892246723175049,False,,,,,True,,85.0,93.0,316.64367294311523,308.2371139526367,305.4954719543457,185.40169525146484,123.3402710909061,3,0,True,2,0.4495559920879914,0.1310975082933209,202.76159477233887,160.4973258972168,188.57653999328613,317.3708076477051,297.04986476898193,319.18272972106934,337.1428571428571,377.85714285714283,71.06430042119776,0.1143584607560792,1.0,369.16844526963035,0.024619016667215346,True,7.9021085886990505,7.595400619940123,99.96751345144195,0.15172007396101103,False,True,True,False,VALID_TARGET,HUMAN_ACCEPTED_TARGET: operator reviewed the raw skeleton and confirmed that it belongs to the documented athlete.,True,4,TARGET_IDENTITY_UNCERTAIN,TARGET_OVERLAP_AMBIGUOUS: another detected person overlaps or is too close to the selected pose for automated identity acceptance.,ACCEPTED,True
86,86,86,2866.6666666666665,17,1.0,0.9510341286659241,4,6,0.9729037284851074,0.9781427681446075,False,,,,,True,,85.0,93.0,293.971736907959,319.16412353515625,301.97147369384766,190.49591445922852,128.91665453094163,2,0,True,1,0.4285311375463794,0.1379048393407409,201.12341499328613,151.60779190063477,184.24085807800293,316.3254051208496,293.2438440322876,309.77049446105957,333.17460317460313,374.5238095238095,76.0753398763185,0.12482105121982287,1.0,366.0689220764151,0.031005304485449716,True,25.16776156114584,6.194322648743896,99.96751345144195,0.05578195603258844,False,True,True,False,VALID_TARGET,HUMAN_ACCEPTED_TARGET: operator reviewed the raw skeleton and confirmed that it belongs to the documented athlete.,True,4,TARGET_IDENTITY_UNCERTAIN,TARGET_OVERLAP_AMBIGUOUS: another detected person overlaps or is too close to the selected pose for automated identity acceptance.,ACCEPTED,True
87,87,87,2900.0,17,1.0,0.9501240253448486,4,6,0.9873407781124115,0.9804762005805969,False,,,,,True,,85.0,93.0,314.3334274291992,309.9088668823242,306.7892875671387,184.01311111450195,126.12158961339443,1,0,False,0,0.0,,214.14138984680176,153.37784576416016,181.39181327819824,302.3623580932617,304.8372964859009,304.559024810791,329.2063492063492,371.1904761904762,70.94787553870336,0.11871226382709905,1.0,352.598901751084,0.13474397692080264,True,22.366452928270856,8.077008711402588,99.96751345144195,0.02795973232749121,False,False,False,False,VALID_TARGET,HUMAN_ACCEPTED_TARGET: operator reviewed the raw skeleton and confirmed that it belongs to the documented athlete.,True,4,INVALID_TRACK_SEGMENT,Valid-looking pose segment is too short to establish target identity continuity.,ACCEPTED,True
88,88,88,2933.333333333333,17,1.0,0.9484438300132751,4,6,0.9918990433216095,0.9893275499343872,False,,,,,True,,85.0,93.0,318.0247802734375,306.3346862792969,309.04283905029297,180.2227325439453,126.43140489246916,1,0,False,0,0.0,,198.7142038345337,149.1384162902832,199.7768850326538,299.7400321960449,298.6026463508606,299.00843238830566,325.23809523809524,367.85714285714283,73.82135240325971,0.12598891345011828,1.0,360.21506172595866,0.07618635006435504,True,5.138176019145603,4.4097011231331695,99.96751345144195,0.0030991596007358484,False,False,False,False,VALID_TARGET,HUMAN_ACCEPTED_TARGET: operator reviewed the raw skeleton and confirmed that it belongs to the documented athlete.,True,4,INVALID_TRACK_SEGMENT,Valid-looking pose segment is too short to establish target identity continuity.,ACCEPTED,True
89,89,89,2966.666666666667,17,1.0,0.9450027346611023,4,6,0.9959874749183655,0.9930723309516907,False,,,,,True,,85.0,93.0,313.06501388549805,319.13392639160156,309.6030082702637,182.43994903564453,136.73781089468562,1,0,False,0,0.0,,215.8073272705078,144.38100051879883,184.30767822265625,316.33002853393555,307.96116638183594,302.5460147857666,321.26984126984127,364.5238095238095,63.39059762981892,0.1103690331381846,1.0,366.10655170879784,0.05893404546568919,True,13.726610290795149,2.2868840211225354,99.96751345144195,0.10309755285873624,False,False,False,False,VALID_TARGET,HUMAN_ACCEPTED_TARGET: operator reviewed the raw skeleton and confirmed that it belongs to the documented athlete.,True,4,INVALID_TRACK_SEGMENT,Valid-looking pose segment is too short to establish target identity continuity.,ACCEPTED,True
90,90,90,3000.0,17,1.0,0.9321041107177734,4,6,0.99351367354393,0.9891768991947174,False,,,,,True,,85.0,93.0,319.2788963317871,313.16270446777344,318.70856857299805,189.07871627807617,124.08529888271768,1,0,False,0,0.0,,222.47640419006348,149.41066360473633,179.1169490814209,319.1334648132324,312.0348787307739,308.97739601135254,317.3015873015873,361.19047619047615,52.478033127790425,0.09322773699727777,1.0,365.96318095121944,0.0014341734892509479,True,8.617878295723663,11.26873812482638,99.96751345144195,0.1265662371217601,False,False,False,False,VALID_TARGET,HUMAN_ACCEPTED_TARGET: operator reviewed the raw skeleton and confirmed that it belongs to the documented athlete.,True,4,INVALID_TRACK_SEGMENT,Valid-looking pose segment is too short to establish target identity continuity.,ACCEPTED,True
91,91,91,3033.333333333333,17,1.0,0.9370277523994446,4,6,0.9819229245185852,0.984544187784195,False,,,,,True,,85.0,93.0,321.2304153442383,310.38101959228516,323.8814811706543,187.2294807434082,123.18007010414648,4,0,True,3,0.3053436392731681,0.1881357536234943,251.66647720336914,150.80541229248047,150.2406120300293,297.3364028930664,326.7867832183838,299.4736137390137,313.3333333333333,357.8571428571429,59.91353591716155,0.10861885167816743,1.0,333.1383766373152,0.3283547142527306,True,3.3979695705639643,5.493514067122197,99.96751345144195,0.00905522951724616,False,True,True,False,VALID_TARGET,HUMAN_ACCEPTED_TARGET: operator reviewed the raw skeleton and confirmed that it belongs to the documented athlete.,True,4,TARGET_IDENTITY_UNCERTAIN,TARGET_OVERLAP_AMBIGUOUS: another detected person overlaps or is too close to the selected pose for automated identity acceptance.,ACCEPTED,True
92,92,92,3066.666666666667,17,1.0,0.969205915927887,4,6,0.9944374859333038,0.9840723872184753,False,,,,,True,,85.0,93.0,319.13927459716797,314.7925491333008,323.8490524291992,188.7230567932129,126.15743698298002,3,0,True,2,0.2488656361603501,0.17106490801773205,237.05712890625,143.34063339233398,169.9712371826172,334.26428604125977,322.0427474975586,310.47277641296387,309.36507936507934,354.5238095238095,45.83903126605208,0.0848182121649146,1.0,374.99711251163336,0.418723387519792,True,4.882055152833827,1.4939280571106945,99.96751345144195,0.029783344368965993,False,True,True,False,VALID_TARGET,HUMAN_ACCEPTED_TARGET: operator reviewed the raw skeleton and confirmed that it belongs to the documented athlete.,True,4,TARGET_IDENTITY_UNCERTAIN,TARGET_OVERLAP_AMBIGUOUS: another detected person overlaps or is too close to the selected pose for automated identity acceptance.,ACCEPTED,True
93,93,93,3100.0,17,1.0,0.9723762273788452,4,6,0.9924829006195068,0.9824232459068298,False,,,,,True,,85.0,93.0,325.5810852050781,315.9607467651367,326.8585624694824,185.11236572265625,130.85461692121999,1,0,False,0,0.0,,228.81049156188965,139.54607772827148,176.3946933746338,341.81174087524414,317.00783824920654,310.45194816589355,305.3968253968254,351.1904761904762,42.360869739275486,0.08001011728912494,1.0,384.64315157155227,0.09649173743432517,True,6.54687785247372,4.700451115538047,99.96751345144195,0.04698706385771584,False,False,False,False,VALID_TARGET,,True,4,VALID_TARGET,,ACCEPTED,False
94,94,94,3133.3333333333335,17,1.0,0.9427899122238159,4,6,0.9816313683986664,0.9750895500183105,False,,,,,False,,,,331.88302993774414,305.9008026123047,337.3677520751953,184.7555046081543,121.2693918737925,1,0,False,0,0.0,,231.1407985687256,139.3429183959961,162.90923500061035,339.95642852783203,312.59541606903076,309.3211326599121,301.42857142857144,347.8571428571429,40.12134720002844,0.07736165068230445,1.0,376.9745245316758,0.07671119121714891,True,11.870845958552252,10.515246836088416,99.96751345144195,0.09588339968147148,False,False,False,False,VALID_TARGET,,True,4,VALID_TARGET,,NOT_REVIEWED,False
95,95,95,3166.6666666666665,17,1.0,0.8962364196777344,4,6,0.9758823215961456,0.9810435473918915,False,,,,,False,,,,333.57106018066406,294.99647521972656,347.0835723876953,180.4034023284912,115.38700247775374,1,0,False,0,0.0,,250.14234161376953,137.50805854797363,141.76725006103516,360.4895610809326,321.0259666442871,317.75283908843994,307.987012987013,350.00000000000006,34.783526263629355,0.06609693991256237,1.0,387.363752612698,0.10392604279457918,True,11.034210528422138,10.646030180186239,99.96751345144195,0.058843010023411885,False,False,False,False,VALID_TARGET,,True,4,VALID_TARGET,,NOT_REVIEWED,False
96,96,96,3200.0,17,1.0,0.8705822229385376,4,6,0.9633656740188599,0.9789614081382751,False,,,,,False,,,,338.73734283447266,302.5200958251953,348.90714263916016,179.7501335144043,123.19045609892216,1,0,False,0,0.0,,245.0566864013672,135.13748931884766,157.75621032714844,354.5682907104492,323.9347915649414,312.42163467407227,314.54545454545456,352.14285714285717,40.815869022724584,0.07641707700907319,1.0,388.07949530233253,0.007159752852932305,True,9.126628264264822,1.9370515237045391,99.96751345144195,0.07805989517743533,False,False,False,False,VALID_TARGET,,True,4,VALID_TARGET,,NOT_REVIEWED,False
97,97,97,3233.3333333333335,17,1.0,0.9442847371101379,4,6,0.9861074686050415,0.9817944467067719,False,,,,,False,,,,343.2957534790039,290.2793960571289,357.619083404541,172.2364673614502,118.90874986816098,1,0,False,0,0.0,,251.92004776000977,132.0799102783203,186.07995223999023,312.32594299316406,344.9600238800049,288.24288177490234,321.1038961038961,354.2857142857143,70.21944572923648,0.12950388143972177,0.9978364278486156,363.55638254912566,0.24531082055090517,True,13.061923228074676,11.504481342396662,99.96751345144195,0.04283097661362721,False,False,False,False,VALID_TARGET,,True,4,VALID_TARGET,,NOT_REVIEWED,False
98,98,98,3266.6666666666665,17,1.0,0.9755510091781616,4,6,0.9906850457191467,0.9984513819217682,False,,,,,False,,,,339.14270401000977,312.1885223388672,360.29190826416016,162.46402549743652,151.21082565412885,2,0,True,1,0.19456863025895987,0.30896266652065657,218.4976625442505,119.8211784362793,218.15176677703857,389.2613410949707,327.5735459327698,314.45184898376465,327.6623376623377,356.42857142857144,41.97681635354909,0.07624698576999789,1.0,446.22257340815753,0.826930549784916,True,22.29927430032349,10.131367761350146,99.96751345144195,0.3231257302569422,False,True,True,False,TARGET_IDENTITY_UNCERTAIN,TARGET_OVERLAP_AMBIGUOUS: another detected person overlaps or is too close to the selected pose for automated identity acceptance.,False,,TARGET_IDENTITY_UNCERTAIN,TARGET_OVERLAP_AMBIGUOUS: another detected person overlaps or is too close to the selected pose for automated identity acceptance.,NOT_REVIEWED,False
99,99,99,3300.0,17,1.0,0.9580538868904114,4,6,0.9833769202232361,0.9974984228610992,False,,,,,False,,,,337.2162551879883,319.0357360839844,362.27836990356445,161.20358276367188,159.80956859882744,3,0,True,2,0.26645939155016085,0.29080905197311663,216.53855991363525,115.95731258392334,230.88143825531006,383.6984796524048,331.9792790412903,307.80655241012573,334.2207792207792,358.57142857142856,50.81433827894505,0.09089155647959295,1.0,447.80661207535496,0.015845534339181712,True,7.113054276131296,2.3526040316901837,99.96751345144195,0.0860153728728616,False,True,True,False,TARGET_IDENTITY_UNCERTAIN,TARGET_OVERLAP_AMBIGUOUS: another detected person overlaps or is too close to the selected pose for automated identity acceptance.,False,,TARGET_IDENTITY_UNCERTAIN,TARGET_OVERLAP_AMBIGUOUS: another detected person overlaps or is too close to the selected pose for automated identity acceptance.,NOT_REVIEWED,False
100,100,100,3333.3333333333335,17,1.0,0.9308175444602966,4,6,0.9813708662986755,0.9925497472286224,False,,,,,False,,,,341.87118911743164,316.44578552246094,363.9013900756836,171.78584671020508,146.3278088793329,2,0,True,1,0.23967671362646603,0.2518537722773902,235.90558433532715,123.37407112121582,238.15590858459473,361.1734142303467,354.9835386276245,303.96077823638916,340.77922077922074,360.71428571428567,58.504044788220725,0.1030374660382344,1.0,432.6250939792552,0.15186451650089303,True,5.326936624235224,10.70600320909732,99.96751345144195,0.1348614090120701,False,True,True,False,TARGET_IDENTITY_UNCERTAIN,TARGET_OVERLAP_AMBIGUOUS: another detected person overlaps or is too close to the selected pose for automated identity acceptance.,False,,TARGET_IDENTITY_UNCERTAIN,TARGET_OVERLAP_AMBIGUOUS: another detected person overlaps or is too close to the selected pose for automated identity acceptance.,NOT_REVIEWED,False
101,101,101,3366.6666666666665,17,1.0,0.9557193517684937,4,6,0.9855954945087433,0.9977048933506012,False,,,,,False,,,,341.4967498779297,310.0874710083008,365.90065002441406,174.02674102783203,138.23195211374832,2,0,True,1,0.2615305855257981,0.2507366715205313,249.42388534545898,125.37831115722656,229.01501846313477,360.1739044189453,363.93139457702637,305.4652633666992,347.3376623376623,362.85714285714283,59.74261277411051,0.1035915217340591,1.0,426.8174318207464,0.058095494806218596,True,6.369330279162677,3.0031063393377404,99.96751345144195,0.0809848768471875,False,True,True,False,TARGET_IDENTITY_UNCERTAIN,TARGET_OVERLAP_AMBIGUOUS: another detected person overlaps or is too close to the selected pose for automated identity acceptance.,False,,TARGET_IDENTITY_UNCERTAIN,TARGET_OVERLAP_AMBIGUOUS: another detected person overlaps or is too close to the selected pose for automated identity acceptance.,NOT_REVIEWED,False
102,102,102,3400.0,17,1.0,0.9643626809120178,4,6,0.9954868257045746,0.9963623583316803,False,,,,,False,,,,357.4880561828613,310.9643783569336,369.36103439331055,175.1676902770996,136.31473913351238,2,0,True,1,0.21590234962082175,0.2432611604613378,251.8706398010254,122.62851333618164,238.63564682006836,373.88796615600586,371.18846321105957,309.57249641418457,353.8961038961039,365.0,58.06232723921008,0.0991137345694436,1.0,443.5529090982348,0.16740915823236407,True,16.015331524393513,3.643628022988539,99.96751345144195,0.019178360189655103,False,True,True,False,TARGET_IDENTITY_UNCERTAIN,TARGET_OVERLAP_AMBIGUOUS: another detected person overlaps or is too close to the selected pose for automated identity acceptance.,False,,TARGET_IDENTITY_UNCERTAIN,TARGET_OVERLAP_AMBIGUOUS: another detected person overlaps or is too close to the selected pose for automated identity acceptance.,NOT_REVIEWED,False
103,103,103,3433.333333333333,17,1.0,0.9740651249885559,4,6,0.9955852329730988,0.9974006414413452,False,,,,,False,,,,355.6163330078125,324.1455383300781,364.10793685913086,175.13455200195312,149.2527432995735,1,0,False,0,0.0,,260.08518981933594,121.77296733856201,235.5473175048828,394.78617572784424,377.85884857177734,319.16605520248413,360.45454545454544,367.14285714285717,51.036097925118355,0.08576184462739588,1.0,459.71585063989517,0.16168194029864832,True,13.313388970568028,5.253202056734958,99.96751345144195,0.129422086429564,False,False,False,False,INVALID_TRACK_SEGMENT,Valid-looking pose segment is too short to establish target identity continuity.,False,,INVALID_TRACK_SEGMENT,Valid-looking pose segment is too short to establish target identity continuity.,NOT_REVIEWED,False
104,104,104,3466.666666666667,17,1.0,0.978553295135498,4,6,0.9950381219387054,0.9971113502979279,False,,,,,False,,,,362.58819580078125,329.24280548095703,368.26313400268555,181.45193099975586,147.89978872031423,1,0,False,0,0.0,,259.6418647766113,121.07806825637817,251.0357780456543,381.2691607475281,385.1597537994385,311.7126486301422,367.0129870129871,369.2857142857142,60.36524690401473,0.09985438715195821,1.0,456.49220672001775,0.032246915108509376,True,8.636492529459582,7.561411290472441,99.96751345144195,0.0135339425033958,False,False,False,False,INVALID_TRACK_SEGMENT,Valid-looking pose segment is too short to establish target identity continuity.,False,,INVALID_TRACK_SEGMENT,Valid-looking pose segment is too short to establish target identity continuity.,NOT_REVIEWED,False
105,105,105,3500.0,17,1.0,0.9822461605072021,4,6,0.9955036044120789,0.9968077540397644,False,,,,,False,,,,367.3170700073242,333.5281066894531,365.205379486084,180.98346138000488,152.559260779026,1,0,False,0,0.0,,252.43134689331055,118.23383641242981,250.87184524536133,389.1250808238983,377.8672695159912,312.79637682437897,373.57142857142856,371.4285714285714,58.789356974922526,0.09572742270841555,1.0,462.9848931261342,0.06494796341283592,True,6.381697086891972,3.0934327968176194,99.96751345144195,0.046609862522739,False,False,False,False,INVALID_TRACK_SEGMENT,Valid-looking pose segment is too short to establish target identity continuity.,False,,INVALID_TRACK_SEGMENT,Valid-looking pose segment is too short to establish target identity continuity.,NOT_REVIEWED,False
106,106,106,3533.333333333333,17,1.0,0.9798021912574768,4,6,0.9948540031909943,0.9983197450637817,False,,,,,False,,,,378.1902084350586,330.4818115234375,371.98365783691406,182.55281448364258,148.0591416817178,2,0,True,1,0.27149874429633764,0.21673371094258795,265.62590408325195,120.2158203125,235.65720748901367,389.85400390625,383.4545078277588,315.142822265625,371.00529100529104,374.10052910052906,60.257731410361835,0.0982320697761287,1.0,455.5441403456469,0.07443170809786667,True,11.291813561477364,6.957580510869349,99.96751345144195,0.04501581505769967,False,True,True,False,TARGET_IDENTITY_UNCERTAIN,TARGET_OVERLAP_AMBIGUOUS: another detected person overlaps or is too close to the selected pose for automated identity acceptance.,False,,TARGET_IDENTITY_UNCERTAIN,TARGET_OVERLAP_AMBIGUOUS: another detected person overlaps or is too close to the selected pose for automated identity acceptance.,NOT_REVIEWED,False
107,107,107,3566.666666666667,17,1.0,0.9819850325584412,4,6,0.9985760748386383,0.9989938139915466,False,,,,,False,,,,369.39678955078125,328.87642669677734,369.0266456604004,193.0053596496582,135.87157122452928,2,0,True,1,0.2204620281101799,0.24007024721745435,235.07129669189453,130.58332538604736,274.16524505615234,384.09419536590576,372.1539192199707,322.63042306900024,368.4391534391534,376.7724867724868,54.269351819224134,0.08857094898339732,1.0,471.90563941373136,0.16366816081738272,True,8.938762560670021,10.862763067454189,99.96751345144195,0.12191531064847866,False,True,True,False,TARGET_IDENTITY_UNCERTAIN,TARGET_OVERLAP_AMBIGUOUS: another detected person overlaps or is too close to the selected pose for automated identity acceptance.,False,,TARGET_IDENTITY_UNCERTAIN,TARGET_OVERLAP_AMBIGUOUS: another detected person overlaps or is too close to the selected pose for automated identity acceptance.,NOT_REVIEWED,False
108,108,108,3600.0,17,1.0,0.9839874505996704,4,6,0.9984944760799408,0.9984864592552185,False,,,,,False,,,,367.74156188964844,323.90919494628906,366.7252883911133,196.11490631103516,127.79832948679106,2,0,True,1,0.2149754839450916,0.23529420107692708,251.0172882080078,138.04345989227295,267.45155334472656,368.5903596878052,384.7430648803711,322.33863973617554,365.8730158730159,379.4444444444444,60.14276083552308,0.0982673864506424,1.0,455.40002925043024,0.16510974008889934,True,5.2357587676704584,3.868530175684452,99.96751345144195,0.08075865307642865,False,True,True,False,TARGET_IDENTITY_UNCERTAIN,TARGET_OVERLAP_AMBIGUOUS: another detected person overlaps or is too close to the selected pose for automated identity acceptance.,False,,TARGET_IDENTITY_UNCERTAIN,TARGET_OVERLAP_AMBIGUOUS: another detected person overlaps or is too close to the selected pose for automated identity acceptance.,NOT_REVIEWED,False
109,109,109,3633.3333333333335,17,1.0,0.9822513461112976,4,6,0.9974922835826874,0.9983450472354889,False,,,,,False,,,,372.8988800048828,333.38616943359375,367.70644760131836,201.60015869140625,131.88826324432947,3,0,True,2,0.1914385289799001,0.2515677231308836,243.4112319946289,143.87142753601074,263.54244232177734,367.3328266143799,375.1824531555176,327.5378408432007,363.30687830687833,382.1164021164021,55.85560516759475,0.09136405700380718,1.0,452.0929378053117,0.03308166154122585,True,10.789391807453681,5.572312542574851,99.96751345144195,0.04091262867636536,False,True,True,False,TARGET_IDENTITY_UNCERTAIN,TARGET_OVERLAP_AMBIGUOUS: another detected person overlaps or is too close to the selected pose for automated identity acceptance.,False,,TARGET_IDENTITY_UNCERTAIN,TARGET_OVERLAP_AMBIGUOUS: another detected person overlaps or is too close to the selected pose for automated identity acceptance.,NOT_REVIEWED,False
110,110,110,3666.6666666666665,17,1.0,0.9844614863395691,4,6,0.9978218674659729,0.9988575279712677,False,,,,,False,,,,369.89403533935547,336.0583801269531,367.4162292480469,202.97507858276367,133.10636601202734,4,0,True,3,0.16584387506159531,0.25842620117280624,244.97224807739258,145.02732849121094,261.2347221374512,365.8301239013672,375.58960914611816,327.94239044189453,360.74074074074076,384.78835978835974,58.75332436432408,0.09620923652699488,1.0,449.5278184983895,0.025659528964558972,True,4.021169165013122,1.405215784221739,99.96751345144195,0.012184986158423864,False,True,True,False,TARGET_IDENTITY_UNCERTAIN,TARGET_OVERLAP_AMBIGUOUS: another detected person overlaps or is too close to the selected pose for automated identity acceptance.,False,,TARGET_IDENTITY_UNCERTAIN,TARGET_OVERLAP_AMBIGUOUS: another detected person overlaps or is too close to the selected pose for automated identity acceptance.,NOT_REVIEWED,False
111,111,111,3700.0,17,1.0,0.9851787686347961,4,6,0.9986945688724518,0.9990150630474091,False,,,,,False,,,,368.36961364746094,339.48023986816406,367.2738456726074,207.83219146728516,131.65260861530572,1,0,False,0,0.0,,240.43253707885742,151.57686614990234,254.21681594848633,374.07947540283203,367.5409450531006,338.61660385131836,358.17460317460313,387.46031746031747,49.73365781141399,0.08152738762442745,1.0,452.2849139963045,0.027579914741545097,True,3.746062677430634,4.8591993842133645,99.96751345144195,0.014542298258001176,False,False,False,False,INVALID_TRACK_SEGMENT,Valid-looking pose segment is too short to establish target identity continuity.,False,,INVALID_TRACK_SEGMENT,Valid-looking pose segment is too short to establish target identity continuity.,NOT_REVIEWED,False
112,112,112,3733.3333333333335,17,1.0,0.9846935272216797,4,6,0.9969904124736786,0.9923258721828461,False,,,,,False,,,,370.1739807128906,340.3235321044922,368.7610321044922,209.80500411987305,130.52617580792668,2,0,True,1,0.30604591849828905,0.1842588642513806,256.7765464782715,157.33927536010742,228.39804458618164,381.9166145324707,370.9755687713623,348.2975826263428,355.6084656084656,390.13227513227514,44.56780628082364,0.07313684613055303,1.0,445.00108677028555,0.0728619425905496,True,1.9917033671354358,2.470569417238263,99.96751345144195,0.011267988654396193,False,True,True,False,TARGET_IDENTITY_UNCERTAIN,TARGET_OVERLAP_AMBIGUOUS: another detected person overlaps or is too close to the selected pose for automated identity acceptance.,False,,TARGET_IDENTITY_UNCERTAIN,TARGET_OVERLAP_AMBIGUOUS: another detected person overlaps or is too close to the selected pose for automated identity acceptance.,NOT_REVIEWED,False
113,113,113,3766.6666666666665,17,1.0,0.9867702722549438,4,6,0.9979889988899231,0.9938797652721405,False,,,,,False,,,,373.4342575073242,338.9693298339844,364.99407958984375,218.52249908447266,120.74218666597126,1,0,False,0,0.0,,255.87009811401367,164.79552459716797,221.94490432739258,374.64282989501953,366.84255027770996,352.11693954467773,353.042328042328,392.80423280423275,42.963961252833315,0.07057877745094915,1.0,435.4501011007392,0.09554089463459205,True,3.5303354749613676,9.49655988795078,99.96751345144195,0.09787168655253063,False,False,False,False,INVALID_TRACK_SEGMENT,Valid-looking pose segment is too short to establish target identity continuity.,False,,INVALID_TRACK_SEGMENT,Valid-looking pose segment is too short to establish target identity continuity.,NOT_REVIEWED,False
114,114,114,3800.0,17,1.0,0.987942636013031,4,6,0.9981239140033722,0.9938328862190247,False,,,,,False,,,,374.8303909301758,344.1559066772461,362.68262481689453,224.6052703857422,120.16623011165173,1,0,False,0,0.0,,256.1216735839844,172.43103408813477,216.377197265625,371.0865135192871,364.3102722167969,357.9742908477783,350.4761904761905,395.4761904761905,39.972168984748365,0.06573176994017649,1.0,429.5629080966224,0.0588910617145282,True,5.371197993507772,6.507144525130662,99.96751345144195,0.00576143723530041,False,False,False,False,INVALID_TRACK_SEGMENT,Valid-looking pose segment is too short to establish target identity continuity.,False,,INVALID_TRACK_SEGMENT,Valid-looking pose segment is too short to establish target identity continuity.,NOT_REVIEWED,False
115,115,115,3833.3333333333335,17,1.0,0.9873243570327759,4,6,0.9980360865592957,0.9943667054176331,False,,,,,False,,,,374.01488494873047,341.43846893310547,361.508731842041,224.3685188293457,117.73604835743707,2,0,True,1,0.15708830092516612,0.3241810379040757,260.1945495605469,171.93263626098633,208.2645263671875,367.2978935241699,364.3268127441406,355.5815830230713,347.9100529100529,398.1481481481481,45.62260919760641,0.0750997401757492,1.0,422.23436090664313,0.07330928755709226,True,2.837167231421717,1.1975291294438706,99.96751345144195,0.024309714929491473,False,True,True,False,TARGET_IDENTITY_UNCERTAIN,TARGET_OVERLAP_AMBIGUOUS: another detected person overlaps or is too close to the selected pose for automated identity acceptance.,False,,TARGET_IDENTITY_UNCERTAIN,TARGET_OVERLAP_AMBIGUOUS: another detected person overlaps or is too close to the selected pose for automated identity acceptance.,NOT_REVIEWED,False
116,116,116,3866.6666666666665,17,1.0,0.9847258925437927,4,6,0.9980107843875885,0.9943329989910126,False,,,,,False,,,,373.1419219970703,343.44158935546875,359.4732208251953,232.05013275146484,112.22695752842854,2,0,True,1,0.08539515274527043,0.37559063063184783,257.2025451660156,179.76945114135742,205.03790283203125,354.4920845031738,359.72149658203125,357.01549339294434,345.34391534391534,400.8201058201058,46.10378414135279,0.07596760820639496,1.0,409.5182286213433,0.12720264660255373,True,2.1850756832338925,7.946728732515967,99.96751345144195,0.05510881124080879,False,True,True,False,TARGET_IDENTITY_UNCERTAIN,TARGET_OVERLAP_AMBIGUOUS: another detected person overlaps or is too close to the selected pose for automated identity acceptance.,False,,TARGET_IDENTITY_UNCERTAIN,TARGET_OVERLAP_AMBIGUOUS: another detected person overlaps or is too close to the selected pose for automated identity acceptance.,NOT_REVIEWED,False
117,117,117,3900.0,17,1.0,0.9853755235671997,4,6,0.9973914921283722,0.9898395240306854,False,,,,,False,,,,373.95081329345703,357.7935256958008,359.1634178161621,242.86444091796875,115.87649283988546,1,0,False,0,0.0,,248.0792121887207,191.16952896118164,208.13932418823242,357.26086044311523,352.1488742828369,369.79995918273926,342.7777777777778,403.4920634920635,34.97106436037536,0.05768024707395143,1.0,413.4698304327526,0.0395288596762858,True,14.374713278751454,10.818744798936663,99.96751345144195,0.03650721304806321,False,False,False,False,INVALID_TRACK_SEGMENT,Valid-looking pose segment is too short to establish target identity continuity.,False,,INVALID_TRACK_SEGMENT,Valid-looking pose segment is too short to establish target identity continuity.,NOT_REVIEWED,False
118,118,118,3933.333333333333,17,1.0,0.9778767228126526,4,6,0.9961473345756531,0.9858335852622986,False,,,,,False,,,,373.5209197998047,363.52648162841797,355.162109375,252.62579727172852,112.409998269709,1,0,False,0,0.0,,250.20384216308594,204.70254135131836,195.6225128173828,349.0782814025879,348.01509857177734,379.2416820526123,340.2116402116402,406.16402116402116,28.030453182353106,0.04627724913647619,1.0,400.15473765528685,0.13319419797245818,True,5.749051412295356,10.549623078878282,99.96751345144195,0.03467621080582604,False,False,False,False,INVALID_TRACK_SEGMENT,Valid-looking pose segment is too short to establish target identity continuity.,False,,INVALID_TRACK_SEGMENT,Valid-looking pose segment is too short to establish target identity continuity.,NOT_REVIEWED,False
119,119,119,3966.666666666667,17,1.0,0.9718317985534668,4,6,0.9939620792865753,0.9727204442024231,False,,,,,False,,,,371.63294982910156,382.34654235839844,348.4504051208496,259.8551712036133,124.66581883792138,2,0,True,1,0.08534730644500317,0.2592817175495511,250.29222106933594,212.01548767089844,187.5988006591797,328.50917053222656,344.0916213989258,376.2700729370117,337.6455026455027,408.8359788359789,33.1977510383402,0.05486027285143253,1.0,378.3009187571901,0.21860920756733607,True,18.914521312748832,9.864624749183085,99.96751345144195,0.12259803355182475,False,True,True,False,TARGET_IDENTITY_UNCERTAIN,TARGET_OVERLAP_AMBIGUOUS: another detected person overlaps or is too close to the selected pose for automated identity acceptance.,False,,TARGET_IDENTITY_UNCERTAIN,TARGET_OVERLAP_AMBIGUOUS: another detected person overlaps or is too close to the selected pose for automated identity acceptance.,NOT_REVIEWED,False
120,120,120,4000.0,17,1.0,0.9749700427055359,4,6,0.9943479597568512,0.9775564670562744,False,,,,,False,,,,373.25762939453125,383.7756576538086,346.6436576843262,264.9839096069336,121.73653064805086,2,0,True,1,0.10201856760044514,0.24889787546285372,252.15365600585938,216.35511016845703,181.20555114746094,314.9391098022461,342.75643157958984,373.8246650695801,335.07936507936506,411.50793650793645,38.45733085311198,0.06361111498484236,1.0,363.3484479802911,0.14957329897139043,True,2.1637823869095656,5.4376735750757055,99.96751345144195,0.02930240123751189,False,True,True,False,TARGET_IDENTITY_UNCERTAIN,TARGET_OVERLAP_AMBIGUOUS: another detected person overlaps or is too close to the selected pose for automated identity acceptance.,False,,TARGET_IDENTITY_UNCERTAIN,TARGET_OVERLAP_AMBIGUOUS: another detected person overlaps or is too close to the selected pose for automated identity acceptance.,NOT_REVIEWED,False
121,121,121,4033.333333333333,17,1.0,0.9649677872657776,4,6,0.9939298927783966,0.963751345872879,False,,,,,False,,,,366.9093322753906,379.9427947998047,345.5129585266113,274.499813079834,107.59194767079704,2,0,True,1,0.0878668566110962,0.251185969068488,251.45474243164062,230.51824188232422,174.6340789794922,298.4035415649414,338.7717819213867,379.7200126647949,332.51322751322755,414.1798941798942,35.02360542997491,0.057984502422703366,1.0,345.74808048565535,0.1760608710467218,True,7.415639822057981,9.582844018912901,99.96751345144195,0.14149179557341282,False,True,True,False,TARGET_IDENTITY_UNCERTAIN,TARGET_OVERLAP_AMBIGUOUS: another detected person overlaps or is too close to the selected pose for automated identity acceptance.,False,,TARGET_IDENTITY_UNCERTAIN,TARGET_OVERLAP_AMBIGUOUS: another detected person overlaps or is too close to the selected pose for automated identity acceptance.,NOT_REVIEWED,False
122,122,122,4066.6666666666665,17,1.0,0.9733548760414124,4,6,0.9957522451877594,0.982889860868454,False,,,,,False,,,,365.9822463989258,379.88697814941406,350.32749938964844,282.1348304748535,98.99774481731173,1,0,False,0,0.0,,250.98445892333984,243.30389404296875,167.5925064086914,273.17193603515625,334.78071212768555,379.8898620605469,329.94708994709,416.85185185185185,37.276703082720154,0.06177011265263466,1.0,320.484250535877,0.2527203996331266,True,0.9287646207739703,9.026255831966262,99.96751345144195,0.08596995720674644,False,False,False,False,INVALID_TRACK_SEGMENT,Valid-looking pose segment is too short to establish target identity continuity.,False,,INVALID_TRACK_SEGMENT,Valid-looking pose segment is too short to establish target identity continuity.,NOT_REVIEWED,False
123,123,123,4100.0,17,1.0,0.9610658884048462,4,6,0.9931626319885254,0.9659979939460754,False,,,,,False,,,,362.0948715209961,389.5678253173828,341.32594299316406,290.58122634887695,101.14195552561756,1,0,False,0,0.0,,251.12320709228516,250.09805297851562,162.58356475830078,269.20794677734375,332.41498947143555,384.7020263671875,327.3809523809524,419.5238095238095,35.18377625604115,0.058353340900773765,1.0,314.49377440195815,0.05992422865282767,True,10.43218506982729,12.343809007749954,99.96751345144195,0.021449075147271318,False,False,False,False,INVALID_TRACK_SEGMENT,Valid-looking pose segment is too short to establish target identity continuity.,False,,INVALID_TRACK_SEGMENT,Valid-looking pose segment is too short to establish target identity continuity.,NOT_REVIEWED,False
124,124,124,4133.333333333334,17,1.0,0.9736362099647522,4,6,0.9956722557544708,0.9831829369068146,False,,,,,False,,,,361.65716552734375,393.9673538208008,340.06491470336914,296.5051956176758,99.82533534757796,1,0,False,0,0.0,,246.1874008178711,260.7043991088867,164.5567855834961,258.68875885009766,328.46579360961914,390.04877853393555,324.8148148148149,422.19576719576725,32.353647803362854,0.053705829140561906,1.0,306.59225306092895,0.07904089106774939,True,4.421248419764076,6.056699121248803,99.96751345144195,0.013170480414911314,False,False,False,False,INVALID_TRACK_SEGMENT,Valid-looking pose segment is too short to establish target identity continuity.,False,,INVALID_TRACK_SEGMENT,Valid-looking pose segment is too short to establish target identity continuity.,NOT_REVIEWED,False
125,125,125,4166.666666666667,17,1.0,0.9705700874328613,4,6,0.9942994117736816,0.9783937335014343,False,,,,,False,,,,356.8972625732422,411.3138656616211,335.14061737060547,308.1259994506836,105.45656614758397,1,0,False,0,0.0,,239.53932571411133,273.76725006103516,162.96535873413086,256.13045501708984,321.02200508117676,401.8324775695801,322.24867724867727,424.86772486772486,23.06788552713939,0.03832422109779425,1.0,303.5795087528232,0.03013723362809431,True,17.98772217864686,12.62108497502146,99.96751345144195,0.05633060787033893,False,False,False,False,INVALID_TRACK_SEGMENT,Valid-looking pose segment is too short to establish target identity continuity.,False,,INVALID_TRACK_SEGMENT,Valid-looking pose segment is too short to establish target identity continuity.,NOT_REVIEWED,False
