frame_index,source_frame_index,analysis_frame_index,timestamp_ms,frame_status,frame_rejection_reason,human_target_unavailable,human_target_unavailable_reason,human_target_unavailable_note,human_target_unavailable_start_frame,human_target_unavailable_end_frame,human_target_accepted,human_target_accepted_note,human_target_accepted_start_frame,human_target_accepted_end_frame,manual_review_decision,manual_override_applied,automatic_frame_status,automatic_frame_rejection_reason,valid_target_frame,valid_segment_id,backend_pose_count,selected_pose_index,multiple_pose_candidates,competing_pose_count,competing_pose_max_iou,competing_pose_min_center_distance_fraction,competing_pose_proximity_flag,target_overlap_ambiguous_flag,identity_jump_flag,identity_uncertain_flag,pelvis_x,pelvis_y,shoulder_mid_x,shoulder_mid_y,pelvis_jump_px,shoulder_jump_px,body_scale_px,body_scale_relative_change,pose_bbox_x,pose_bbox_y,pose_bbox_width,pose_bbox_height,pose_centroid_x,pose_centroid_y,pose_scale_px,pose_scale_relative_change,roi_center_x,roi_center_y,roi_pose_centroid_distance_px,roi_pose_centroid_distance_fraction,pose_roi_overlap_fraction,pose_centroid_consistent_with_roi
3,3,0,100.0,TARGET_IDENTITY_UNCERTAIN,TARGET_OVERLAP_AMBIGUOUS: another detected person overlaps or is too close to the selected pose for automated identity acceptance.,False,,,,,False,,,,NOT_REVIEWED,False,TARGET_IDENTITY_UNCERTAIN,TARGET_OVERLAP_AMBIGUOUS: another detected person overlaps or is too close to the selected pose for automated identity acceptance.,False,,5,1,True,4,0.6635066257655948,0.11368683706418353,True,True,False,False,662.0784301757812,391.48018646240234,707.2970581054688,237.44501876831055,,,160.53522105254814,,493.3422546386719,201.90187454223633,241.87530517578125,419.0867118835449,614.2799072265625,411.4452304840088,483.8773970038678,,595.7142857142858,407.85714285714283,18.90916907098725,0.025159292560096448,1.0,True
4,4,1,133.33333333333334,TARGET_IDENTITY_UNCERTAIN,TARGET_OVERLAP_AMBIGUOUS: another detected person overlaps or is too close to the selected pose for automated identity acceptance.,False,,,,,False,,,,NOT_REVIEWED,False,TARGET_IDENTITY_UNCERTAIN,TARGET_OVERLAP_AMBIGUOUS: another detected person overlaps or is too close to the selected pose for automated identity acceptance.,False,,5,1,True,4,0.6975126425233661,0.09650603164845327,True,True,False,False,652.5959014892578,385.58736419677734,697.0182952880859,240.1723747253418,11.164394499702421,10.63444571063134,152.0489007977232,0.050585790395640956,552.5068817138672,196.81268310546875,194.76100158691406,428.6162414550781,649.8873825073242,411.1208038330078,470.7905374773539,0.07800897362658955,595.5357142857142,409.8214285714286,54.367197964787316,0.07442478160944296,1.0,True
5,5,2,166.66666666666666,TARGET_IDENTITY_UNCERTAIN,TARGET_OVERLAP_AMBIGUOUS: another detected person overlaps or is too close to the selected pose for automated identity acceptance.,False,,,,,False,,,,NOT_REVIEWED,False,TARGET_IDENTITY_UNCERTAIN,TARGET_OVERLAP_AMBIGUOUS: another detected person overlaps or is too close to the selected pose for automated identity acceptance.,False,,4,0,True,3,0.7040701415239783,0.09263766594057565,True,True,False,False,650.1569366455078,388.07274627685547,695.1788940429688,242.7784652709961,3.482193790273874,3.1898440201187537,152.10984432609357,0.000363276008863912,536.8488616943359,206.06387329101562,259.5122528076172,410.40484619140625,666.6049880981445,411.26629638671875,485.57053775396673,0.08810155327512752,595.3571428571429,411.7857142857143,71.24973857102577,0.1002448133359121,1.0,True
6,6,3,200.0,VALID_TARGET,HUMAN_ACCEPTED_TARGET: operator reviewed the raw skeleton and confirmed that it belongs to the documented athlete.,False,,,,,True,,6.0,31.0,ACCEPTED,True,TARGET_IDENTITY_UNCERTAIN,TARGET_OVERLAP_AMBIGUOUS: another detected person overlaps or is too close to the selected pose for automated identity acceptance.,True,1,4,0,True,3,0.6488528391516241,0.10688256574165092,True,True,False,False,665.6405181884766,429.6199951171875,709.7301025390625,252.77713775634766,44.3386421036801,17.655342538906385,182.25610455552314,0.17969772002315634,480.45914459228516,223.0874786376953,256.8641586303711,380.07090759277344,608.8912239074707,413.12293243408203,458.7298669012984,0.15999355539988153,595.1785714285714,413.75000000000006,13.72698261597531,0.019823253919110204,1.0,True
7,7,4,233.33333333333334,VALID_TARGET,HUMAN_ACCEPTED_TARGET: operator reviewed the raw skeleton and confirmed that it belongs to the documented athlete.,False,,,,,True,,6.0,31.0,ACCEPTED,True,TARGET_IDENTITY_UNCERTAIN,TARGET_OVERLAP_AMBIGUOUS: another detected person overlaps or is too close to the selected pose for automated identity acceptance.,True,1,5,1,True,4,0.6074595351160352,0.10623383257689704,True,True,False,False,660.9752655029297,417.97776794433594,693.2823028564453,251.69103240966797,12.542170313158948,16.483620331213295,169.3960539013175,0.07665699706549581,604.1807556152344,209.34927368164062,180.39614868164062,420.5010681152344,694.3788299560547,419.5998077392578,457.56302161038053,0.006955404643956615,595.0,415.7142857142857,99.45475918648124,0.1471767392386979,1.0,True
8,8,5,266.6666666666667,VALID_TARGET,HUMAN_ACCEPTED_TARGET: operator reviewed the raw skeleton and confirmed that it belongs to the documented athlete.,False,,,,,True,,6.0,31.0,ACCEPTED,True,TARGET_IDENTITY_UNCERTAIN,TARGET_OVERLAP_AMBIGUOUS: another detected person overlaps or is too close to the selected pose for automated identity acceptance.,True,1,3,0,True,2,0.6360801883236479,0.1038367914586409,True,True,False,False,661.7659530639648,406.34251403808594,699.0398864746094,250.32559967041016,11.662089018785682,5.9172777259131815,160.40767961887562,0.0535784655535079,521.9828643798828,215.7864532470703,288.12644958496094,416.59739685058594,666.0460891723633,424.0851516723633,506.5276320331593,0.29187132293795354,620.3571428571429,410.7142857142858,47.60525046530022,0.0683821221913963,1.0,True
9,9,6,300.0,VALID_TARGET,HUMAN_ACCEPTED_TARGET: operator reviewed the raw skeleton and confirmed that it belongs to the documented athlete.,False,,,,,True,,6.0,31.0,ACCEPTED,True,INVALID_TRACK_SEGMENT,Valid-looking pose segment is too short to establish target identity continuity.,True,1,1,0,False,0,0.0,,False,False,False,False,648.9059371948242,409.0262451171875,697.1634368896484,261.5463523864746,13.137062862736265,11.376570421703013,155.17443422374234,0.031194657601644634,599.5558776855469,215.94386291503906,236.98202514648438,457.02684020996094,718.0468902587891,444.45728302001953,514.8145422526738,0.04939713454173729,645.7142857142857,405.7142857142858,82.05501520579718,0.11435107237513965,1.0,True
10,10,7,333.3333333333333,VALID_TARGET,HUMAN_ACCEPTED_TARGET: operator reviewed the raw skeleton and confirmed that it belongs to the documented athlete.,False,,,,,True,,6.0,31.0,ACCEPTED,True,TARGET_IDENTITY_UNCERTAIN,TARGET_OVERLAP_AMBIGUOUS: another detected person overlaps or is too close to the selected pose for automated identity acceptance.,True,1,3,0,True,2,0.07943785183767021,0.17915971640811443,True,True,False,False,648.831657409668,399.13172912597656,706.0677795410156,262.0049133300781,9.894794802663258,8.916142450183004,148.59252096574986,0.03923388164402554,614.0292816162109,224.0140609741211,191.27894592285156,443.9633560180664,709.6687545776367,445.9957389831543,483.41606990270975,0.18716198462290745,642.1428571428571,408.05357251848494,77.45550219580953,0.11043875972976473,1.0,True
11,11,8,366.66666666666663,VALID_TARGET,HUMAN_ACCEPTED_TARGET: operator reviewed the raw skeleton and confirmed that it belongs to the documented athlete.,False,,,,,True,,6.0,31.0,ACCEPTED,True,TARGET_IDENTITY_UNCERTAIN,TARGET_OVERLAP_AMBIGUOUS: another detected person overlaps or is too close to the selected pose for automated identity acceptance.,True,1,3,0,True,2,0.6506869930763121,0.10058815262880214,True,True,False,False,650.8138275146484,419.7751770019531,722.4151153564453,268.31060791015625,20.738392862833887,17.521334777911665,167.5358472410235,0.11291856818771437,552.604736328125,227.11431121826172,243.018798828125,422.21875762939453,674.1141357421875,438.223690032959,487.16200167703363,0.022328985223552377,638.5714285714286,410.39285932268416,45.142432046249965,0.06565839719109666,1.0,True
12,12,9,400.0,VALID_TARGET,HUMAN_ACCEPTED_TARGET: operator reviewed the raw skeleton and confirmed that it belongs to the documented athlete.,False,,,,,True,,6.0,31.0,ACCEPTED,True,TARGET_IDENTITY_UNCERTAIN,TARGET_OVERLAP_AMBIGUOUS: another detected person overlaps or is too close to the selected pose for automated identity acceptance.,True,1,2,0,True,1,0.026668546932864762,0.20675577941539272,True,True,False,False,669.9540023803711,447.2811737060547,727.8591384887695,282.7274856567383,33.51009025019908,15.410507838003698,174.44460736395345,0.04118217095019432,550.3442993164062,238.20148468017578,226.31024169921875,364.3955612182617,663.4994201660156,420.39926528930664,428.9527369460775,0.34697743855358043,635.0,412.7321461268833,29.512737352707507,0.04363897012790637,1.0,True
13,13,10,433.33333333333337,VALID_TARGET,HUMAN_ACCEPTED_TARGET: operator reviewed the raw skeleton and confirmed that it belongs to the documented athlete.,False,,,,,True,,6.0,31.0,ACCEPTED,True,TARGET_IDENTITY_UNCERTAIN,TARGET_OVERLAP_AMBIGUOUS: another detected person overlaps or is too close to the selected pose for automated identity acceptance.,True,1,2,0,True,1,0.024571781999949922,0.255928015488195,True,True,False,False,647.9600524902344,454.5615997314453,719.046012878418,294.9959487915039,23.1676160810954,15.105838960909711,174.683744876842,0.001425465895638086,535.4146537780762,248.9832000732422,235.11748123168945,369.54527282714844,652.9733943939209,433.7558364868164,437.9999299653202,0.053929075971427355,631.4285714285714,415.07143293108254,28.518175482344056,0.042707973449272324,1.0,True
14,14,11,466.6666666666667,VALID_TARGET,HUMAN_ACCEPTED_TARGET: operator reviewed the raw skeleton and confirmed that it belongs to the documented athlete.,False,,,,,True,,6.0,31.0,ACCEPTED,True,TARGET_IDENTITY_UNCERTAIN,TARGET_OVERLAP_AMBIGUOUS: another detected person overlaps or is too close to the selected pose for automated identity acceptance.,True,1,2,0,True,1,0.010781748249280364,0.3081349677338724,True,True,False,False,625.2109451293945,453.6082763671875,712.5284957885742,306.02205657958984,22.769073568150667,12.808320809961574,171.4819142776039,0.019085672790079073,544.3375854492188,254.79444885253906,228.12570190429688,372.3531951904297,658.4004364013672,440.9710464477539,436.67864367043455,0.007876006273474777,625.1785714285713,414.7053609575544,42.35066170133305,0.06299540339015403,1.0,True
15,15,12,500.0,VALID_TARGET,HUMAN_ACCEPTED_TARGET: operator reviewed the raw skeleton and confirmed that it belongs to the documented athlete.,False,,,,,True,,6.0,31.0,ACCEPTED,True,TARGET_IDENTITY_UNCERTAIN,TARGET_OVERLAP_AMBIGUOUS: another detected person overlaps or is too close to the selected pose for automated identity acceptance.,True,1,2,0,True,1,0.0012176783778020824,0.3242623738724968,True,True,False,False,631.1913070678711,453.2945098876953,721.4639892578125,303.9820251464844,5.988587339167065,9.165411708529973,174.48030046214532,0.017872968554322775,548.7021179199219,255.48147583007812,232.29788208007812,390.5368347167969,664.8510589599609,450.74989318847656,454.4021625053127,0.10564746343912693,618.9285714285714,414.3392889840262,58.605519873163495,0.08652569787681406,1.0,True
16,16,13,533.3333333333334,VALID_TARGET,HUMAN_ACCEPTED_TARGET: operator reviewed the raw skeleton and confirmed that it belongs to the documented athlete.,False,,,,,True,,6.0,31.0,ACCEPTED,True,INVALID_TRACK_SEGMENT,Valid-looking pose segment is too short to establish target identity continuity.,True,1,1,0,False,0,0.0,,False,False,False,False,623.7416076660156,451.2127685546875,719.0927886962891,295.2026596069336,7.735093286803907,9.093945864146148,182.84146635202316,0.04983976240209291,530.2473526000977,253.1178436279297,253.75264739990234,387.0644073486328,657.1236763000488,446.6500473022461,462.827464071232,0.05022206636514122,612.6785714285714,413.97321701049805,55.16468603148508,0.08078600834322928,1.0,True
17,17,14,566.6666666666666,VALID_TARGET,HUMAN_ACCEPTED_TARGET: operator reviewed the raw skeleton and confirmed that it belongs to the documented athlete.,False,,,,,True,,6.0,31.0,ACCEPTED,True,INVALID_TRACK_SEGMENT,Valid-looking pose segment is too short to establish target identity continuity.,True,1,1,0,False,0,0.0,,False,False,False,False,621.3970108032227,443.5525207519531,713.4248199462891,299.6127471923828,8.011025580305898,7.181555699311249,170.84430358678347,0.07151344078014919,525.9061813354492,259.3187561035156,260.2858352661133,405.3666687011719,656.0490989685059,462.00209045410156,481.7373269055076,0.11271909720837187,606.4285714285713,413.6071450369698,69.31282345474438,0.10061950430225143,1.0,True
18,18,15,600.0,VALID_TARGET,HUMAN_ACCEPTED_TARGET: operator reviewed the raw skeleton and confirmed that it belongs to the documented athlete.,False,,,,,True,,6.0,31.0,ACCEPTED,True,TARGET_IDENTITY_UNCERTAIN,TARGET_OVERLAP_AMBIGUOUS: another detected person overlaps or is too close to the selected pose for automated identity acceptance.,True,1,2,0,True,1,0.18953056998954818,0.2188094052904678,True,True,False,False,623.0728607177734,436.5625457763672,720.5427398681641,285.8931655883789,7.18806114994979,15.456121874621312,179.448152589611,0.05128636313310527,491.54730224609375,240.63574981689453,298.45269775390625,386.14086151123047,640.7736511230469,433.70618057250977,488.0356316143523,0.037543330004350756,600.1785714285716,413.24107306344166,45.46186446636915,0.06538073391759469,1.0,True
19,19,16,633.3333333333333,VALID_TARGET,HUMAN_ACCEPTED_TARGET: operator reviewed the raw skeleton and confirmed that it belongs to the documented athlete.,False,,,,,True,,6.0,31.0,ACCEPTED,True,TARGET_IDENTITY_UNCERTAIN,TARGET_OVERLAP_AMBIGUOUS: another detected person overlaps or is too close to the selected pose for automated identity acceptance.,True,1,3,0,True,2,0.17885644860869632,0.24375550305399674,True,True,False,False,613.873779296875,415.0858917236328,721.8936920166016,276.70528411865234,23.36385602354951,9.286669888022974,175.54912163010366,0.0232415884554456,434.21411514282227,234.14238739013672,357.4972496032715,398.2683792114258,612.962739944458,433.2765769958496,535.1840667972093,0.28104535158055605,593.9285714285714,412.8750010899135,27.902040615998686,0.03973090154744338,1.0,True
20,20,17,666.6666666666666,VALID_TARGET,,False,,,,,True,,6.0,31.0,ACCEPTED,False,VALID_TARGET,,True,1,1,0,False,0,0.0,,False,False,False,False,626.0876388549805,420.45094299316406,719.5965881347656,274.5324020385742,13.340245141294188,3.161977668781102,173.3093886369857,0.013350740996093175,443.73702239990234,235.53890991210938,343.5205764770508,392.97698974609375,615.4973106384277,432.02740478515625,521.9552671762464,0.07885505905006304,587.6785714285714,412.50892911638533,33.9831302804553,0.047886977465752746,1.0,True
21,21,18,700.0,VALID_TARGET,,False,,,,,True,,6.0,31.0,ACCEPTED,False,VALID_TARGET,,True,1,1,0,False,0,0.0,,False,False,False,False,620.6574554443359,399.88963317871094,715.9624481201172,262.8698043823242,21.26627266728153,12.215693092806356,166.90558742091844,0.038172180205802445,419.845760345459,232.72127532958984,375.5558204650879,390.4923782348633,607.6236705780029,427.9674644470215,541.7808336815957,0.11817748112254467,581.4285714285714,412.1428571428571,30.603944448053728,0.0426560384005643,1.0,True
22,22,19,733.3333333333333,VALID_TARGET,,False,,,,,True,,6.0,31.0,ACCEPTED,False,VALID_TARGET,,True,1,1,0,False,0,0.0,,False,False,False,False,620.6010284423828,400.47206115722656,723.7949829101562,264.6126403808594,0.5851549852023952,8.024093628252496,170.6070762084237,0.022064066678381497,421.8380584716797,226.83653259277344,363.9737091064453,400.7998504638672,603.8249130249023,427.23645782470703,541.403159440875,0.002251264317778683,573.3333333333334,412.1428571428571,34.022833709590415,0.04706056518183654,1.0,True
23,23,20,766.6666666666667,VALID_TARGET,,False,,,,,True,,6.0,31.0,ACCEPTED,False,VALID_TARGET,,True,1,1,0,False,0,0.0,,False,False,False,False,620.3492126464844,397.01377868652344,717.0584106445312,266.05809783935547,3.467438368916811,6.889902260142007,162.7945310001867,0.04656950981029159,416.42601776123047,226.09278106689453,365.7671890258789,389.93636322021484,599.3096122741699,421.06096267700195,534.6363286658515,0.040336149585386526,565.2380952380952,412.14285714285717,35.219325369144634,0.04833828884907424,1.0,True
24,24,21,800.0,VALID_TARGET,,False,,,,,True,,6.0,31.0,ACCEPTED,False,VALID_TARGET,,True,1,1,0,False,0,0.0,,False,False,False,False,612.7868804931641,396.30108642578125,702.9156188964844,257.4146842956543,7.5958408261142525,16.5748953576202,165.56757588013866,0.01652973996299515,410.58509063720703,224.1893310546875,367.9548873901367,387.9049072265625,594.5625343322754,418.14178466796875,534.6597200133335,0.0001394326121650184,557.1428571428571,412.14285714285717,37.89748504072285,0.051604524969719,1.0,True
25,25,22,833.3333333333334,VALID_TARGET,HUMAN_ACCEPTED_TARGET: operator reviewed the raw skeleton and confirmed that it belongs to the documented athlete.,False,,,,,True,,6.0,31.0,ACCEPTED,True,TARGET_IDENTITY_UNCERTAIN,TARGET_OVERLAP_AMBIGUOUS: another detected person overlaps or is too close to the selected pose for automated identity acceptance.,True,1,2,0,True,1,0.07234868770421107,0.32806341563030383,True,True,False,False,595.5733871459961,402.2449188232422,685.9905395507812,256.91977310180664,18.210807142521226,16.932313721052484,171.156826997776,0.03331675885607227,405.0362243652344,226.10152435302734,345.17608642578125,393.4297866821289,577.624267578125,422.8164176940918,523.3865948693793,0.06719755188494952,555.7142857142858,414.1428571428572,23.564336568418305,0.03203905167632213,1.0,True
26,26,23,866.6666666666667,VALID_TARGET,HUMAN_ACCEPTED_TARGET: operator reviewed the raw skeleton and confirmed that it belongs to the documented athlete.,False,,,,,True,,6.0,31.0,ACCEPTED,True,TARGET_IDENTITY_UNCERTAIN,TARGET_OVERLAP_AMBIGUOUS: another detected person overlaps or is too close to the selected pose for automated identity acceptance.,True,1,3,0,True,2,0.27236700304922445,0.23191330434655982,True,True,False,False,593.6216049194336,401.28761291503906,681.8178100585938,253.56154251098633,2.1739108679533943,5.356247204535345,172.05104614030094,0.005330317587981468,396.59674072265625,225.86434936523438,365.87554931640625,385.3202819824219,579.5345153808594,418.5244903564453,531.3535897070755,0.047490162855180096,554.2857142857142,416.1428571428571,25.36087801134396,0.03442935077375836,1.0,True
27,27,24,900.0,VALID_TARGET,HUMAN_ACCEPTED_TARGET: operator reviewed the raw skeleton and confirmed that it belongs to the documented athlete.,False,,,,,True,,6.0,31.0,ACCEPTED,True,TARGET_IDENTITY_UNCERTAIN,TARGET_OVERLAP_AMBIGUOUS: another detected person overlaps or is too close to the selected pose for automated identity acceptance.,True,1,2,0,True,1,0.20872915320464427,0.23957187175374908,True,True,False,False,585.4524230957031,411.4653778076172,667.7044372558594,261.9149932861328,13.05076357451027,16.400226575317724,170.67721389783225,0.008189225455730626,422.2328567504883,229.8218765258789,325.86263275146484,393.1038131713867,585.1641731262207,426.37378311157227,510.60460569172363,0.1236818461719419,552.8571428571429,418.14285714285717,33.33905138286899,0.045190905077075384,1.0,True
28,28,25,933.3333333333334,VALID_TARGET,HUMAN_ACCEPTED_TARGET: operator reviewed the raw skeleton and confirmed that it belongs to the documented athlete.,False,,,,,True,,6.0,31.0,ACCEPTED,True,INVALID_TRACK_SEGMENT,Valid-looking pose segment is too short to establish target identity continuity.,True,1,1,0,False,0,0.0,,False,False,False,False,582.7969741821289,410.7690124511719,674.9722442626953,271.21146392822266,2.7452383580045843,11.800228179482458,167.25008150718696,0.020428665848749614,420.0870895385742,236.84513092041016,308.3541030883789,391.5156784057617,574.2641410827637,432.602970123291,498.36410317052577,0.07296395567001893,551.4285714285714,420.14285714285717,26.01379743360513,0.03520691867074089,1.0,True
29,29,26,966.6666666666666,VALID_TARGET,HUMAN_ACCEPTED_TARGET: operator reviewed the raw skeleton and confirmed that it belongs to the documented athlete.,False,,,,,True,,6.0,31.0,ACCEPTED,True,TARGET_IDENTITY_UNCERTAIN,TARGET_OVERLAP_AMBIGUOUS: another detected person overlaps or is too close to the selected pose for automated identity acceptance.,True,1,2,0,True,1,0.3045784582101719,0.21790661370484374,True,True,False,False,581.8649139404297,420.29176330566406,686.6205139160156,273.5353012084961,9.568255856261793,11.877811482830142,180.30861014805276,0.07784009710530762,429.00074005126953,234.61962890625,314.4284896850586,368.68890380859375,586.2149848937988,418.9640808105469,484.5583379916287,0.08229427155946187,550.0,422.1428571428571,36.354226024341834,0.049124586351673175,1.0,True
30,30,27,1000.0,VALID_TARGET,HUMAN_ACCEPTED_TARGET: operator reviewed the raw skeleton and confirmed that it belongs to the documented athlete.,False,,,,,True,,6.0,31.0,ACCEPTED,True,TARGET_IDENTITY_UNCERTAIN,TARGET_OVERLAP_AMBIGUOUS: another detected person overlaps or is too close to the selected pose for automated identity acceptance.,True,1,2,0,True,1,0.1472782478043657,0.28636057892928607,True,True,False,False,569.1781234741211,417.5764465332031,665.1313934326172,273.22918701171875,12.974112590494439,21.491300683101592,173.32963205144927,0.041600730654706694,422.87628173828125,236.84423828125,318.685546875,384.259033203125,582.2190551757812,428.9737548828125,499.2148659497413,0.08736555172960878,546.0714285714287,416.07142857142856,38.38125757935934,0.05272451864025285,1.0,True
31,31,28,1033.3333333333335,VALID_TARGET,HUMAN_ACCEPTED_TARGET: operator reviewed the raw skeleton and confirmed that it belongs to the documented athlete.,False,,,,,True,,6.0,31.0,ACCEPTED,True,TARGET_IDENTITY_UNCERTAIN,TARGET_OVERLAP_AMBIGUOUS: another detected person overlaps or is too close to the selected pose for automated identity acceptance.,True,1,2,0,True,1,0.14232511842682388,0.2768108077470481,True,True,False,False,563.8336639404297,426.3082733154297,646.7995452880859,279.87071990966797,10.23758011749232,19.497861821971547,168.30714338749468,0.029938365650864884,464.21836853027344,236.76380920410156,251.82090759277344,385.6792755126953,590.1288223266602,429.6034469604492,460.6107609043081,0.23011377223588816,542.1428571428571,409.99999999999994,51.83577902715754,0.0723959705297938,1.0,True
32,32,29,1066.6666666666667,TARGET_IDENTITY_UNCERTAIN,TARGET_OVERLAP_AMBIGUOUS: another detected person overlaps or is too close to the selected pose for automated identity acceptance.,False,,,,,False,,,,NOT_REVIEWED,False,TARGET_IDENTITY_UNCERTAIN,TARGET_OVERLAP_AMBIGUOUS: another detected person overlaps or is too close to the selected pose for automated identity acceptance.,False,,2,0,True,1,0.19258197097643004,0.25525585273819834,True,True,False,False,573.1628646850586,415.8701934814453,640.7940826416016,280.3920593261719,13.999553462672152,6.028049135957648,151.42095785088566,0.10065623456187013,530.4547119140625,237.6038360595703,179.24002075195312,376.5081329345703,620.0747222900391,425.85790252685547,416.9956345155626,0.25998378276215367,543.3333333333334,409.5238095238095,78.46045738610339,0.1102972237610609,1.0,True
33,33,30,1100.0,INVALID_TRACK_SEGMENT,Valid-looking pose segment is too short to establish target identity continuity.,False,,,,,True,,33.0,34.0,ACCEPTED,True,TARGET_IDENTITY_UNCERTAIN,TARGET_OVERLAP_AMBIGUOUS: another detected person overlaps or is too close to the selected pose for automated identity acceptance.,False,,2,0,True,1,0.19544008623563375,0.2656102912691288,True,True,False,False,560.734130859375,425.8410186767578,636.1950988769531,282.91492462158203,15.933950532908344,5.245521991783552,161.62371749226318,0.06081725001862725,488.01853942871094,236.8465576171875,207.5170135498047,370.42779541015625,591.7770462036133,422.0604553222656,424.5939972786455,0.04529279764864161,544.5238095238095,409.04761904761904,49.01226667507135,0.0693446389459632,1.0,True
34,34,31,1133.3333333333333,INVALID_TRACK_SEGMENT,Valid-looking pose segment is too short to establish target identity continuity.,False,,,,,True,,33.0,34.0,ACCEPTED,True,TARGET_IDENTITY_UNCERTAIN,TARGET_OVERLAP_AMBIGUOUS: another detected person overlaps or is too close to the selected pose for automated identity acceptance.,False,,3,0,True,2,0.647245944573646,0.09404337296194275,True,True,False,False,558.3837585449219,414.9960479736328,614.653205871582,273.0136413574219,11.096740042381244,23.708407043325245,152.7260766568003,0.05303761592811891,505.11976623535156,231.74871063232422,190.77842712402344,366.9918899536133,600.5089797973633,415.24465560913086,413.61752325988476,0.06542925523939971,545.7142857142858,408.57142857142856,55.19955125501266,0.07859620033560141,1.0,True
35,35,32,1166.6666666666667,INVALID_TRACK_SEGMENT,Valid-looking pose segment is too short to establish target identity continuity.,False,,,,,False,,,,NOT_REVIEWED,False,INVALID_TRACK_SEGMENT,Valid-looking pose segment is too short to establish target identity continuity.,False,,1,0,False,0,0.0,,False,False,False,False,556.8284683227539,428.6959533691406,602.1461334228516,276.67176055908203,13.78790540731388,13.031066622934114,158.63494561311035,0.03522195692877206,524.7815551757812,233.54467010498047,162.51644897460938,407.6718215942383,606.0397796630859,437.3805809020996,438.87117735080443,0.15053356628168363,532.8571428571429,408.85714394705633,78.54479477087516,0.11487827824260459,1.0,True
36,36,33,1200.0,TARGET_IDENTITY_UNCERTAIN,TARGET_OVERLAP_AMBIGUOUS: another detected person overlaps or is too close to the selected pose for automated identity acceptance.,False,,,,,False,,,,NOT_REVIEWED,False,TARGET_IDENTITY_UNCERTAIN,TARGET_OVERLAP_AMBIGUOUS: another detected person overlaps or is too close to the selected pose for automated identity acceptance.,False,,3,0,True,2,0.2987042830165176,0.1585370192896028,True,True,False,False,547.8330383300781,433.6293182373047,590.3395004272461,277.8309326171875,10.259427356123071,11.86340012615322,161.4928366270551,0.017035496123635047,483.2855529785156,228.08531951904297,164.9031982421875,386.1363296508789,565.7371520996094,421.1534843444824,419.87418337729986,0.11323847397163557,520.0,409.1428593226841,47.287865204479786,0.07092960390838528,1.0,True
37,37,34,1233.3333333333335,TARGET_IDENTITY_UNCERTAIN,TARGET_OVERLAP_AMBIGUOUS: another detected person overlaps or is too close to the selected pose for automated identity acceptance.,False,,,,,False,,,,NOT_REVIEWED,False,TARGET_IDENTITY_UNCERTAIN,TARGET_OVERLAP_AMBIGUOUS: another detected person overlaps or is too close to the selected pose for automated identity acceptance.,False,,2,0,True,1,0.1436433966739034,0.18585811702144045,True,True,False,False,547.9497756958008,446.12733459472656,577.2567443847656,283.6333694458008,12.498561536550541,14.311770638782155,165.11567800653054,0.02159526027250778,426.41124725341797,231.02012634277344,208.1462173461914,434.6573028564453,530.4843559265137,448.3487777709961,481.9251173387496,0.36987710161456894,507.1428571428571,409.428574698312,45.38290176582376,0.06967652666071276,1.0,True
38,38,35,1266.6666666666665,INVALID_TRACK_SEGMENT,Valid-looking pose segment is too short to establish target identity continuity.,False,,,,,False,,,,NOT_REVIEWED,False,INVALID_TRACK_SEGMENT,Valid-looking pose segment is too short to establish target identity continuity.,False,,1,0,False,0,0.0,,False,False,False,False,545.5989227294922,440.09886169433594,571.4874954223633,275.75572967529297,6.4706255632624945,9.764294236864583,166.36971851242237,0.007475163353942497,419.02100372314453,226.8829345703125,202.97899627685547,426.47418212890625,520.5105018615723,440.1200256347656,472.3141972798184,0.05728937549038841,494.2857142857143,409.71429007393976,40.15281108955817,0.06295589138521063,1.0,True
39,39,36,1300.0,TARGET_IDENTITY_UNCERTAIN,TARGET_OVERLAP_AMBIGUOUS: another detected person overlaps or is too close to the selected pose for automated identity acceptance.,False,,,,,False,,,,NOT_REVIEWED,False,TARGET_IDENTITY_UNCERTAIN,TARGET_OVERLAP_AMBIGUOUS: another detected person overlaps or is too close to the selected pose for automated identity acceptance.,False,,2,0,True,1,0.624982906095006,0.08455433351602798,True,True,False,False,523.1055526733398,438.20660400390625,564.3485412597656,276.57928466796875,22.57282294375254,7.186300116306834,166.80639814845583,0.002602987381471277,394.7417221069336,227.0503921508789,222.70648956298828,432.2935104370117,506.09496688842773,443.19714736938477,486.2878362240044,0.08329494403573404,480.7142857142857,433.2857186453683,27.247300714285537,0.04333499776091032,1.0,True
40,40,37,1333.3333333333333,VALID_TARGET,HUMAN_ACCEPTED_TARGET: operator reviewed the raw skeleton and confirmed that it belongs to the documented athlete.,False,,,,,True,,40.0,45.0,ACCEPTED,True,INVALID_TRACK_SEGMENT,Valid-looking pose segment is too short to establish target identity continuity.,True,2,1,0,False,0,0.0,,False,False,False,False,517.731689453125,447.03306579589844,556.6670455932617,274.8157615661621,10.333674742078724,7.881331702518554,176.56376138357734,0.058162303166129165,374.53401947021484,222.30931854248047,235.13947296142578,409.1881790161133,492.10375595092773,426.9034080505371,471.938065418652,0.08553701444066233,471.42857142857144,431.500004359654,21.179989439621256,0.033014194642326924,1.0,True
41,41,38,1366.6666666666667,VALID_TARGET,HUMAN_ACCEPTED_TARGET: operator reviewed the raw skeleton and confirmed that it belongs to the documented athlete.,False,,,,,True,,40.0,45.0,ACCEPTED,True,TARGET_IDENTITY_UNCERTAIN,TARGET_OVERLAP_AMBIGUOUS: another detected person overlaps or is too close to the selected pose for automated identity acceptance.,True,2,2,0,True,1,0.13837453109383308,0.23192414953976884,True,True,False,False,532.0864868164062,437.7066650390625,558.5313034057617,266.84046936035156,17.11846834322441,8.19028344805781,172.90050650637258,0.021836159586215435,372.7642593383789,217.53751373291016,230.11544036865234,417.3404769897461,487.8219795227051,426.2077522277832,476.5775798651124,0.027655508898896175,462.1428571428571,429.71429007393976,25.91742915232406,0.039575866230748664,1.0,True
42,42,39,1400.0,VALID_TARGET,HUMAN_ACCEPTED_TARGET: operator reviewed the raw skeleton and confirmed that it belongs to the documented athlete.,False,,,,,True,,40.0,45.0,ACCEPTED,True,TARGET_IDENTITY_UNCERTAIN,TARGET_OVERLAP_AMBIGUOUS: another detected person overlaps or is too close to the selected pose for automated identity acceptance.,True,2,2,0,True,1,0.12710512179942793,0.3078046213036847,True,True,False,False,519.4726028442383,430.8827362060547,538.9369735717773,268.61695861816406,14.341411143303553,19.674696331229445,163.42901916129176,0.0564582362185562,340.6595001220703,219.9947280883789,247.87586975097656,390.41954803466797,464.5974349975586,415.2045021057129,462.46066891401426,0.08414896880661152,456.78571428571433,418.78571646554127,8.593490371839463,0.012150693707967734,1.0,True
43,43,40,1433.3333333333333,VALID_TARGET,HUMAN_ACCEPTED_TARGET: operator reviewed the raw skeleton and confirmed that it belongs to the documented athlete.,False,,,,,True,,40.0,45.0,ACCEPTED,True,TARGET_IDENTITY_UNCERTAIN,TARGET_OVERLAP_AMBIGUOUS: another detected person overlaps or is too close to the selected pose for automated identity acceptance.,True,2,2,0,True,1,0.19894101297928563,0.2509010014834792,True,True,False,False,505.8940200805664,425.67100524902344,531.5807189941406,267.3192672729492,14.54441643512605,7.469838300689426,160.4215678177965,0.01792700472276468,322.11387634277344,219.36927032470703,260.6402130126953,392.8585739135742,452.4339828491211,415.79855728149414,471.45644521706396,0.05362258798251462,451.42857142857144,407.85714285714283,8.004805755536275,0.01051952690667046,1.0,True
44,44,41,1466.6666666666665,VALID_TARGET,HUMAN_ACCEPTED_TARGET: operator reviewed the raw skeleton and confirmed that it belongs to the documented athlete.,False,,,,,True,,40.0,45.0,ACCEPTED,True,TARGET_IDENTITY_UNCERTAIN,TARGET_OVERLAP_AMBIGUOUS: another detected person overlaps or is too close to the selected pose for automated identity acceptance.,True,2,3,0,True,2,0.6812207594427051,0.08258525409763541,True,True,False,False,500.7104263305664,425.3675231933594,524.3109588623047,266.89759826660156,5.192470079177072,7.281978929202245,160.2176714413048,0.0012153983179902105,315.7949523925781,222.3299102783203,273.1365051269531,390.16542053222656,452.3632049560547,417.4126205444336,476.26946764626354,0.028689766172161877,428.57142857142856,411.8571472167969,24.431780684799392,0.033506453246178465,1.0,True
45,45,42,1500.0,VALID_TARGET,HUMAN_ACCEPTED_TARGET: operator reviewed the raw skeleton and confirmed that it belongs to the documented athlete.,False,,,,,True,,40.0,45.0,ACCEPTED,True,TARGET_IDENTITY_UNCERTAIN,TARGET_OVERLAP_AMBIGUOUS: another detected person overlaps or is too close to the selected pose for automated identity acceptance.,True,2,2,0,True,1,0.15608163266593433,0.29559404781078286,True,True,False,False,493.9436798095703,430.3724670410156,511.99488830566406,266.03731536865234,8.416550445259915,12.346079564811415,165.3235863491598,0.03043565804152653,316.8632583618164,219.88967895507812,274.04891204833984,401.4509582519531,453.8877143859863,420.6151580810547,486.071679977645,0.058429642473946185,445.71428571428567,406.42857142857144,16.37266554656859,0.022006540266753624,1.0,True
46,46,43,1533.3333333333335,TARGET_IDENTITY_UNCERTAIN,TARGET_OVERLAP_AMBIGUOUS: another detected person overlaps or is too close to the selected pose for automated identity acceptance.,False,,,,,False,,,,NOT_REVIEWED,False,TARGET_IDENTITY_UNCERTAIN,TARGET_OVERLAP_AMBIGUOUS: another detected person overlaps or is too close to the selected pose for automated identity acceptance.,False,,3,0,True,2,0.6690018213414132,0.08726435743339223,True,True,False,False,481.4056930541992,451.15589904785156,495.62386322021484,266.3366470336914,24.272456774307653,16.373761381982536,185.3653481046105,0.11946619133825237,343.33203887939453,215.75991821289062,212.67821502685547,420.4731140136719,449.67114639282227,425.99647521972656,471.20023637023326,0.08864663442054405,425.0,408.2857186453683,30.369991155287497,0.04249071732783283,1.0,True
47,47,44,1566.6666666666667,TARGET_IDENTITY_UNCERTAIN,TARGET_OVERLAP_AMBIGUOUS: another detected person overlaps or is too close to the selected pose for automated identity acceptance.,False,,,,,False,,,,NOT_REVIEWED,False,TARGET_IDENTITY_UNCERTAIN,TARGET_OVERLAP_AMBIGUOUS: another detected person overlaps or is too close to the selected pose for automated identity acceptance.,False,,3,0,True,2,0.6991382401571424,0.08102154147480631,True,True,False,False,480.1232376098633,450.0745391845703,496.4803161621094,273.4894714355469,1.6775074129858654,7.203916196448904,177.34102788326098,0.04783187159993216,348.4645004272461,222.79239654541016,208.2901382446289,403.7544174194336,452.60956954956055,424.66960525512695,454.3153214185857,0.10064866077928698,426.78571428571433,408.3571461268833,30.544521988381103,0.04257715560778917,1.0,True
48,48,45,1600.0,TARGET_IDENTITY_UNCERTAIN,TARGET_OVERLAP_AMBIGUOUS: another detected person overlaps or is too close to the selected pose for automated identity acceptance.,False,,,,,False,,,,NOT_REVIEWED,False,TARGET_IDENTITY_UNCERTAIN,TARGET_OVERLAP_AMBIGUOUS: another detected person overlaps or is too close to the selected pose for automated identity acceptance.,False,,2,1,True,1,0.2471672592421726,0.2019144677478046,True,True,False,False,463.5808563232422,444.40867614746094,477.38988494873047,269.4912796020508,17.485776579472642,19.504617449470434,175.46163365762848,0.011202811055188562,357.32186126708984,219.7679443359375,206.4233169555664,409.43157958984375,460.53351974487305,424.4837341308594,458.52459492198756,0.0250909016826167,428.57142857142856,408.42857360839844,35.76791092000715,0.04967479410599136,1.0,True
49,49,46,1633.3333333333333,TARGET_IDENTITY_UNCERTAIN,TARGET_OVERLAP_AMBIGUOUS: another detected person overlaps or is too close to the selected pose for automated identity acceptance.,False,,,,,False,,,,NOT_REVIEWED,False,TARGET_IDENTITY_UNCERTAIN,TARGET_OVERLAP_AMBIGUOUS: another detected person overlaps or is too close to the selected pose for automated identity acceptance.,False,,2,0,True,1,0.35680022470221967,0.16891014816977024,True,True,False,False,456.12632751464844,430.92311096191406,479.6377258300781,271.8505325317383,15.408778930589797,3.2586596959634893,160.8007184659671,0.08739170342669925,353.4043731689453,226.8165054321289,233.73069763183594,419.94844818115234,470.2697219848633,436.7907295227051,480.61079695032106,0.13165281923055436,430.35714285714283,408.5000010899135,48.92217582941817,0.06769439298022524,1.0,True
50,50,47,1666.6666666666667,TARGET_IDENTITY_UNCERTAIN,TARGET_OVERLAP_AMBIGUOUS: another detected person overlaps or is too close to the selected pose for automated identity acceptance.,False,,,,,False,,,,NOT_REVIEWED,False,TARGET_IDENTITY_UNCERTAIN,TARGET_OVERLAP_AMBIGUOUS: another detected person overlaps or is too close to the selected pose for automated identity acceptance.,False,,2,0,True,1,0.34131710040958063,0.1798147692726822,True,True,False,False,444.69641876220703,449.30963134765625,477.11651611328125,271.5967788696289,21.649640781880187,2.5339473864121365,180.64584315209203,0.11829406475402753,326.07540130615234,221.10584259033203,221.15528106689453,401.5579147338867,436.6530418395996,421.8847999572754,458.43038427792345,0.13221439595056508,432.1428571428571,408.57142857142856,14.056586486633785,0.019379227118800545,1.0,True
51,51,48,1700.0,INVALID_TRACK_SEGMENT,Valid-looking pose segment is too short to establish target identity continuity.,False,,,,,False,,,,NOT_REVIEWED,False,INVALID_TRACK_SEGMENT,Valid-looking pose segment is too short to establish target identity continuity.,False,,1,0,False,0,0.0,,False,False,False,False,439.7017517089844,432.00978088378906,464.48030853271484,278.1728973388672,18.0064301027359,14.24496669496355,155.8196509336377,0.14798552472381699,319.8801956176758,230.50621032714844,235.89305877685547,383.99708557128906,437.8267250061035,422.50475311279297,450.6653935086928,0.046286044325638424,427.85714285714283,407.1428571428571,18.31339444275711,0.0252685017101694,1.0,True
52,52,49,1733.3333333333335,TARGET_IDENTITY_UNCERTAIN,TARGET_OVERLAP_AMBIGUOUS: another detected person overlaps or is too close to the selected pose for automated identity acceptance.,False,,,,,False,,,,NOT_REVIEWED,False,TARGET_IDENTITY_UNCERTAIN,TARGET_OVERLAP_AMBIGUOUS: another detected person overlaps or is too close to the selected pose for automated identity acceptance.,False,,2,0,True,1,0.2033973477134031,0.2384310059715115,True,True,False,False,423.7872848510742,458.8788146972656,449.0527648925781,281.1829528808594,31.228436295166425,15.71844576076785,179.483045963687,0.14105425026338705,287.99309158325195,230.0030975341797,223.83466720581055,364.94993591308594,399.9104251861572,412.47806549072266,428.1242973320966,0.13436438081970553,412.14285714285717,405.3571428571429,14.15414888747192,0.01940265248713091,1.0,True
53,53,50,1766.6666666666665,TARGET_IDENTITY_UNCERTAIN,TARGET_OVERLAP_AMBIGUOUS: another detected person overlaps or is too close to the selected pose for automated identity acceptance.,False,,,,,False,,,,NOT_REVIEWED,False,TARGET_IDENTITY_UNCERTAIN,TARGET_OVERLAP_AMBIGUOUS: another detected person overlaps or is too close to the selected pose for automated identity acceptance.,False,,2,0,True,1,0.28056520309870175,0.21041613832712752,True,True,False,False,421.907470703125,456.40211486816406,446.2645950317383,287.8502960205078,3.109299482890279,7.226849639691749,170.30262811363968,0.05472321090437976,272.4866638183594,233.4578857421875,254.57437133789062,385.03717041015625,399.7738494873047,425.9764709472656,461.5861058779195,0.1994612485188358,396.42857142857144,403.57142857142856,22.653406126966797,0.03085205159897425,1.0,True
54,54,51,1800.0,INVALID_TRACK_SEGMENT,Valid-looking pose segment is too short to establish target identity continuity.,False,,,,,False,,,,NOT_REVIEWED,False,INVALID_TRACK_SEGMENT,Valid-looking pose segment is too short to establish target identity continuity.,False,,1,0,False,0,0.0,,False,False,False,False,415.28678131103516,443.9733428955078,434.8903274536133,289.2276840209961,14.082183807024268,11.457362726329068,155.98242837534917,0.08536074536817256,253.10551071166992,238.679931640625,262.0099983215332,367.28277587890625,384.1105098724365,422.3213195800781,451.1605885688207,0.06214507790515621,370.7142857142858,401.8571472167969,24.458969156722564,0.034993892881284155,1.0,True
55,55,52,1833.3333333333333,INVALID_TRACK_SEGMENT,Valid-looking pose segment is too short to establish target identity continuity.,False,,,,,False,,,,NOT_REVIEWED,False,INVALID_TRACK_SEGMENT,Valid-looking pose segment is too short to establish target identity continuity.,False,,1,0,False,0,0.0,,False,False,False,False,406.6557846069336,440.27886962890625,423.4980773925781,285.21326446533203,9.388462963863981,12.078862770230216,155.97757765468364,2.891448018530792e-05,247.5869369506836,236.69375610351562,265.5989761352539,349.8398132324219,380.38642501831055,411.61366271972656,439.238785908748,0.07106422953549872,368.57142857142856,397.8571428571429,18.133835219541762,0.02472144300620291,1.0,True
56,56,53,1866.6666666666667,TARGET_IDENTITY_UNCERTAIN,TARGET_OVERLAP_AMBIGUOUS: another detected person overlaps or is too close to the selected pose for automated identity acceptance.,False,,,,,False,,,,NOT_REVIEWED,False,TARGET_IDENTITY_UNCERTAIN,TARGET_OVERLAP_AMBIGUOUS: another detected person overlaps or is too close to the selected pose for automated identity acceptance.,False,,2,0,True,1,0.1469399939797546,0.22659694095370014,True,True,False,False,397.0986557006836,456.5691375732422,425.07655334472656,289.41959381103516,18.88680869360778,4.492748924214906,169.47487346652454,0.08045552799607744,238.17798614501953,238.9747772216797,280.6286849975586,419.9135284423828,378.4923286437988,448.9315414428711,505.0542844213786,0.3923171542638456,366.25,395.17857142857144,55.1294512577531,0.07341820190185457,1.0,True
57,57,54,1900.0,TARGET_IDENTITY_UNCERTAIN,TARGET_OVERLAP_AMBIGUOUS: another detected person overlaps or is too close to the selected pose for automated identity acceptance.,False,,,,,False,,,,NOT_REVIEWED,False,TARGET_IDENTITY_UNCERTAIN,TARGET_OVERLAP_AMBIGUOUS: another detected person overlaps or is too close to the selected pose for automated identity acceptance.,False,,3,0,True,2,0.6602530295258906,0.09627240926340123,True,True,False,False,404.7736587524414,447.91943359375,418.83194732666016,290.3927001953125,11.56386833102724,6.319971547087258,158.1527970439297,0.06748934373896388,206.86619186401367,237.6685333251953,294.7044868469238,425.65440368652344,354.2184352874756,450.49573516845703,517.718462048089,0.07548942482976725,363.92857142857144,392.5,58.802993474893945,0.07651416339841602,1.0,True
58,58,55,1933.3333333333333,INVALID_TRACK_SEGMENT,Valid-looking pose segment is too short to establish target identity continuity.,False,,,,,False,,,,NOT_REVIEWED,False,INVALID_TRACK_SEGMENT,Valid-looking pose segment is too short to establish target identity continuity.,False,,1,0,False,0,0.0,,False,False,False,False,389.26952362060547,445.19371032714844,408.14810943603516,281.8577651977539,15.741911367820697,13.674410681477465,164.4233315977484,0.037377795921353665,214.17324829101562,230.2064971923828,326.5210876464844,428.5120086669922,377.4337921142578,444.4625015258789,538.73793466737,0.12529419161872057,361.6071428571429,389.82142857142856,56.88699043121636,0.072339101794808,1.0,True
59,59,56,1966.6666666666665,VALID_TARGET,HUMAN_ACCEPTED_TARGET: operator reviewed the raw skeleton and confirmed that it belongs to the documented athlete.,False,,,,,True,,59.0,64.0,ACCEPTED,True,TARGET_IDENTITY_UNCERTAIN,TARGET_OVERLAP_AMBIGUOUS: another detected person overlaps or is too close to the selected pose for automated identity acceptance.,True,3,2,0,True,1,0.32649322916003787,0.1846817326593009,True,True,False,False,388.4354553222656,442.1455383300781,403.36128997802734,280.8187789916992,3.1602250631907753,4.898278560875659,162.01575176134685,0.014351252993985934,203.99420166015625,230.00543212890625,344.7457580566406,433.72003173828125,376.36708068847656,446.8654479980469,554.0421496863786,0.09122632541250444,359.28571428571433,387.14285714285717,62.11731591627091,0.07721353348845572,1.0,True
60,60,57,2000.0,VALID_TARGET,HUMAN_ACCEPTED_TARGET: operator reviewed the raw skeleton and confirmed that it belongs to the documented athlete.,False,,,,,True,,59.0,64.0,ACCEPTED,True,TARGET_IDENTITY_UNCERTAIN,TARGET_OVERLAP_AMBIGUOUS: another detected person overlaps or is too close to the selected pose for automated identity acceptance.,True,3,3,0,True,2,0.31555523277807057,0.18916857466077197,True,True,False,False,383.2878723144531,443.1712951660156,392.93236541748047,282.1187438964844,5.248789185020913,10.509632545586497,161.3410689119151,0.004021691873516528,216.60163116455078,227.06101989746094,339.55297088623047,428.3365020751953,386.378116607666,441.2292709350586,546.5970902297954,0.044378977677595396,371.07142857142867,385.71428571428567,57.586528656460345,0.07083252786198524,1.0,True
61,61,58,2033.3333333333333,VALID_TARGET,HUMAN_ACCEPTED_TARGET: operator reviewed the raw skeleton and confirmed that it belongs to the documented athlete.,False,,,,,True,,59.0,64.0,ACCEPTED,True,TARGET_IDENTITY_UNCERTAIN,TARGET_OVERLAP_AMBIGUOUS: another detected person overlaps or is too close to the selected pose for automated identity acceptance.,True,3,2,0,True,1,0.4179823379158672,0.17802034148438609,True,True,False,False,376.9690246582031,446.9074401855469,380.5254821777344,278.9742660522461,7.34075032335689,12.79915984108324,167.97082890958703,0.03951908949287651,228.3460464477539,218.92726135253906,337.44664764404297,441.87620544433594,397.0693702697754,439.86536407470703,555.9899468012779,0.055989528968246056,382.8571428571429,384.2857142857143,57.36797781598602,0.06981478707242486,1.0,True
62,62,59,2066.666666666667,VALID_TARGET,HUMAN_ACCEPTED_TARGET: operator reviewed the raw skeleton and confirmed that it belongs to the documented athlete.,False,,,,,True,,59.0,64.0,ACCEPTED,True,TARGET_IDENTITY_UNCERTAIN,TARGET_OVERLAP_AMBIGUOUS: another detected person overlaps or is too close to the selected pose for automated identity acceptance.,True,3,2,0,True,1,0.39245944826601165,0.18901233421247587,True,True,False,False,379.04429626464844,447.0911560058594,376.00010681152344,277.22181701660156,2.0833875643171154,4.852844508908174,169.89661390997145,0.011479340096919947,231.98184967041016,215.34266662597656,324.5804977416992,444.50059509277344,394.27209854125977,437.5929641723633,550.3937486491639,0.033358169175192916,394.64285714285717,382.8571428571429,54.73707698619276,0.0658971345187294,1.0,True
63,63,60,2100.0,VALID_TARGET,HUMAN_ACCEPTED_TARGET: operator reviewed the raw skeleton and confirmed that it belongs to the documented athlete.,False,,,,,True,,59.0,64.0,ACCEPTED,True,TARGET_IDENTITY_UNCERTAIN,TARGET_OVERLAP_AMBIGUOUS: another detected person overlaps or is too close to the selected pose for automated identity acceptance.,True,3,3,0,True,2,0.3885270373377581,0.1898722560020806,True,True,False,False,369.49034118652344,441.6183166503906,369.2083282470703,273.05850982666016,11.010450864773798,7.966265299773964,168.56004273774775,0.007967117329625097,231.56507110595703,218.07205200195312,336.04024505615234,433.5158996582031,399.5851936340332,434.8300018310547,548.5062274522143,0.01125125481588264,406.42857142857144,381.4285714285714,53.83813322051617,0.0641104482945349,1.0,True
64,64,61,2133.3333333333335,VALID_TARGET,HUMAN_ACCEPTED_TARGET: operator reviewed the raw skeleton and confirmed that it belongs to the documented athlete.,False,,,,,True,,59.0,64.0,ACCEPTED,True,TARGET_IDENTITY_UNCERTAIN,TARGET_OVERLAP_AMBIGUOUS: another detected person overlaps or is too close to the selected pose for automated identity acceptance.,True,3,2,0,True,1,0.4082000088254614,0.18435305454408601,True,True,False,False,367.70355224609375,441.6448669433594,365.7196350097656,274.98375701904297,1.7869861878869047,3.984665262703175,166.67291768252477,0.011248893469415903,235.164306640625,217.34054565429688,317.4541931152344,435.8043518066406,393.8914031982422,435.2427215576172,539.1684317354371,0.05566131876977414,398.33333333333337,380.4761904761905,54.946370853932734,0.06635957693519416,1.0,True
65,65,62,2166.6666666666665,TARGET_IDENTITY_UNCERTAIN,TARGET_OVERLAP_AMBIGUOUS: another detected person overlaps or is too close to the selected pose for automated identity acceptance.,False,,,,,False,,,,NOT_REVIEWED,False,TARGET_IDENTITY_UNCERTAIN,TARGET_OVERLAP_AMBIGUOUS: another detected person overlaps or is too close to the selected pose for automated identity acceptance.,False,,2,0,True,1,0.41742928805168106,0.1773998353676091,True,True,False,False,358.97999572753906,422.62974548339844,374.88783264160156,256.0608673095703,20.920690296199236,21.02692566147672,167.3267774487156,0.0038975683320302264,248.69879913330078,211.37367248535156,207.7436752319336,421.4224090576172,352.5706367492676,422.08487701416016,469.84495469760736,0.4132277328255306,390.2380952380953,379.5238095238095,56.835568924096656,0.06958933370384142,1.0,True
66,66,63,2200.0,VALID_TARGET,HUMAN_ACCEPTED_TARGET: operator reviewed the raw skeleton and confirmed that it belongs to the documented athlete.,False,,,,,True,,66.0,78.0,ACCEPTED,True,TARGET_IDENTITY_UNCERTAIN,TARGET_OVERLAP_AMBIGUOUS: another detected person overlaps or is too close to the selected pose for automated identity acceptance.,True,4,3,0,True,2,0.3577195035015743,0.17649327160243053,True,True,False,False,351.7481231689453,436.7222900390625,357.37860107421875,271.41011810302734,15.839816689504906,23.284601993606763,165.40803025140897,0.011437388718625376,236.12057495117188,211.25555419921875,219.74615478515625,453.5322265625,345.99365234375,438.02166748046875,503.9641386781411,0.2033797732684314,382.14285714285717,378.5714285714286,69.57798440562749,0.08633068937724536,1.0,True
67,67,64,2233.3333333333335,VALID_TARGET,HUMAN_ACCEPTED_TARGET: operator reviewed the raw skeleton and confirmed that it belongs to the documented athlete.,False,,,,,True,,66.0,78.0,ACCEPTED,True,TARGET_IDENTITY_UNCERTAIN,TARGET_OVERLAP_AMBIGUOUS: another detected person overlaps or is too close to the selected pose for automated identity acceptance.,True,4,5,0,True,4,0.33876078406898996,0.17648652890059965,True,True,False,False,354.12745666503906,443.5361633300781,357.62657928466797,274.2307357788086,7.21734695796522,2.8314973540138118,169.3415827770172,0.023447366773311475,233.1793441772461,213.76773071289062,220.21094512939453,443.0718688964844,343.28481674194336,435.3036651611328,494.77827494970376,0.05475567303808282,375.3571428571429,378.39285714285717,65.32590735483693,0.08177058646053299,1.0,True
68,68,65,2266.6666666666665,VALID_TARGET,HUMAN_ACCEPTED_TARGET: operator reviewed the raw skeleton and confirmed that it belongs to the documented athlete.,False,,,,,True,,66.0,78.0,ACCEPTED,True,TARGET_IDENTITY_UNCERTAIN,TARGET_OVERLAP_AMBIGUOUS: another detected person overlaps or is too close to the selected pose for automated identity acceptance.,True,4,3,0,True,2,0.3086118125234641,0.18942390925562752,True,True,False,False,356.2303237915039,437.9573669433594,357.72727966308594,269.14483642578125,5.961964380641056,5.086896184839777,168.81916756289763,0.003114045396286064,238.37574768066406,211.1177215576172,219.18482971191406,449.82582092285156,347.9681625366211,436.03063201904297,500.3851104347112,0.033421576856726636,368.57142857142856,378.2142857142858,61.377719665467055,0.07748503483833062,1.0,True
69,69,66,2300.0,VALID_TARGET,HUMAN_ACCEPTED_TARGET: operator reviewed the raw skeleton and confirmed that it belongs to the documented athlete.,False,,,,,True,,66.0,78.0,ACCEPTED,True,TARGET_IDENTITY_UNCERTAIN,TARGET_OVERLAP_AMBIGUOUS: another detected person overlaps or is too close to the selected pose for automated identity acceptance.,True,4,4,0,True,3,0.17090351427507894,0.24899626436781858,True,True,False,False,356.07645416259766,435.7940673828125,362.63856506347656,265.73600006103516,2.168764821589019,5.978368476909521,170.18462786248818,0.0081393214531805,245.05614471435547,210.1595916748047,192.25406646728516,403.1455841064453,341.18317794799805,411.73238372802734,446.640781901669,0.3203625666355461,361.78571428571433,378.0357142857143,39.49594960311038,0.05027182577247212,1.0,True
70,70,67,2333.3333333333335,VALID_TARGET,HUMAN_ACCEPTED_TARGET: operator reviewed the raw skeleton and confirmed that it belongs to the documented athlete.,False,,,,,True,,66.0,78.0,ACCEPTED,True,TARGET_IDENTITY_UNCERTAIN,TARGET_OVERLAP_AMBIGUOUS: another detected person overlaps or is too close to the selected pose for automated identity acceptance.,True,4,4,0,True,3,0.1810663621968322,0.2394421015292685,True,True,False,False,347.47008514404297,439.62437438964844,360.4640121459961,268.6510009765625,9.420235636657633,3.636744523395625,171.46642981989976,0.007640645556533007,241.84239959716797,212.6929168701172,214.75226593017578,392.11317443847656,349.21853256225586,408.74950408935547,447.06965597137554,0.0025564594718146504,355.0,377.85714285714283,31.42870261775389,0.04032047076630822,1.0,True
71,71,68,2366.6666666666665,VALID_TARGET,HUMAN_ACCEPTED_TARGET: operator reviewed the raw skeleton and confirmed that it belongs to the documented athlete.,False,,,,,True,,66.0,78.0,ACCEPTED,True,TARGET_IDENTITY_UNCERTAIN,TARGET_OVERLAP_AMBIGUOUS: another detected person overlaps or is too close to the selected pose for automated identity acceptance.,True,4,4,0,True,3,0.29409538278472663,0.19083618371398015,True,True,False,False,344.6370315551758,440.36827087402344,361.8572311401367,267.3267059326172,2.9290910905703726,1.9221905548234108,173.89628653630533,0.014484042418461391,245.55316162109375,214.27789306640625,224.19290161132812,430.48846435546875,357.6496124267578,429.5221252441406,485.36870014045644,0.2282953462178159,357.0408163265306,377.5612251126036,51.96446646672335,0.06724443850125517,1.0,True
72,72,69,2400.0,VALID_TARGET,HUMAN_ACCEPTED_TARGET: operator reviewed the raw skeleton and confirmed that it belongs to the documented athlete.,False,,,,,True,,66.0,78.0,ACCEPTED,True,TARGET_IDENTITY_UNCERTAIN,TARGET_OVERLAP_AMBIGUOUS: another detected person overlaps or is too close to the selected pose for automated identity acceptance.,True,4,3,0,True,2,0.28063225587388824,0.19074718641887906,True,True,False,False,345.4242935180664,429.5696105957031,358.4352722167969,264.9170379638672,10.827319391464691,4.1852482115933025,165.1658416288938,0.052040983946595336,252.7351531982422,210.0575714111328,210.03318786621094,426.0247039794922,357.75174713134766,423.0699234008789,474.98525072475354,0.06189431696592543,359.0816326530612,377.2653073680644,45.82391783135127,0.05979840057281616,1.0,True
73,73,70,2433.333333333333,VALID_TARGET,HUMAN_ACCEPTED_TARGET: operator reviewed the raw skeleton and confirmed that it belongs to the documented athlete.,False,,,,,True,,66.0,78.0,ACCEPTED,True,TARGET_IDENTITY_UNCERTAIN,TARGET_OVERLAP_AMBIGUOUS: another detected person overlaps or is too close to the selected pose for automated identity acceptance.,True,4,3,0,True,2,0.40255978626260036,0.15414165635641658,True,True,False,False,346.91114807128906,426.2405242919922,359.13523864746094,267.6319274902344,3.646032375061239,2.80367226052455,159.07895954474003,0.036283068753729955,257.1287841796875,212.66688537597656,201.12625122070312,431.7523651123047,357.69190979003906,428.5430679321289,476.3001928512755,0.007838189556518162,361.12244897959187,376.96938962352516,51.68764739674657,0.06800202852159337,1.0,True
74,74,71,2466.666666666667,VALID_TARGET,HUMAN_ACCEPTED_TARGET: operator reviewed the raw skeleton and confirmed that it belongs to the documented athlete.,False,,,,,True,,66.0,78.0,ACCEPTED,True,TARGET_IDENTITY_UNCERTAIN,TARGET_OVERLAP_AMBIGUOUS: another detected person overlaps or is too close to the selected pose for automated identity acceptance.,True,4,4,0,True,3,0.37951354367905166,0.1503615487609001,True,True,False,False,346.45506286621094,434.3958435058594,367.00335693359375,268.90589141845703,8.168062511658592,7.970587773495129,166.76077665617404,0.045790257566076915,255.81414413452148,209.91192626953125,214.45141983032227,445.95367431640625,363.0398540496826,432.8887634277344,494.8374390681696,0.11049798068922145,363.1632653061225,376.673471878986,56.21542701295613,0.07454391777861809,1.0,True
75,75,72,2500.0,VALID_TARGET,HUMAN_ACCEPTED_TARGET: operator reviewed the raw skeleton and confirmed that it belongs to the documented athlete.,False,,,,,True,,66.0,78.0,ACCEPTED,True,TARGET_IDENTITY_UNCERTAIN,TARGET_OVERLAP_AMBIGUOUS: another detected person overlaps or is too close to the selected pose for automated identity acceptance.,True,4,3,0,True,2,0.3744041486269399,0.14663714846867681,True,True,False,False,347.8381881713867,436.59754943847656,373.57456970214844,269.05308532714844,2.600104733186592,6.5728611195104385,169.50961267329075,0.016385434254003718,266.98723220825195,211.05030822753906,194.8340721130371,408.44761657714844,364.4042682647705,415.2741165161133,452.5370384219411,0.2521468830409929,365.20408163265313,376.37755413444677,38.904784622644016,0.05198268023034485,1.0,True
76,76,73,2533.333333333333,VALID_TARGET,HUMAN_ACCEPTED_TARGET: operator reviewed the raw skeleton and confirmed that it belongs to the documented athlete.,False,,,,,True,,66.0,78.0,ACCEPTED,True,TARGET_IDENTITY_UNCERTAIN,TARGET_OVERLAP_AMBIGUOUS: another detected person overlaps or is too close to the selected pose for automated identity acceptance.,True,4,4,0,True,3,0.42373733279991743,0.13159316338592028,True,True,False,False,353.6986503601074,432.31134033203125,376.4595489501953,268.0940475463867,7.2606201918017845,3.040207020350666,165.7871459265596,0.022189113414359408,276.02241134643555,211.5579833984375,181.28882217407227,410.4066162109375,366.6668224334717,416.76129150390625,448.6638247897574,0.02308769491038059,367.2448979591836,376.08163638990754,40.68376225851424,0.054757873207935244,1.0,True
77,77,74,2566.666666666667,VALID_TARGET,HUMAN_ACCEPTED_TARGET: operator reviewed the raw skeleton and confirmed that it belongs to the documented athlete.,False,,,,,True,,66.0,78.0,ACCEPTED,True,TARGET_IDENTITY_UNCERTAIN,TARGET_OVERLAP_AMBIGUOUS: another detected person overlaps or is too close to the selected pose for automated identity acceptance.,True,4,4,0,True,3,0.4159392633041695,0.13071722672220037,True,True,False,False,340.24978256225586,440.2132110595703,372.5944519042969,269.87908935546875,15.598448834381816,4.257387630270901,173.3778839747263,0.045247347769424885,276.4739112854004,213.6019287109375,171.80410385131836,405.28955078125,362.37596321105957,416.2467041015625,440.2002613272986,0.05045014027943713,369.28571428571433,375.7857186453683,41.0467538789616,0.055633768946419616,1.0,True
78,78,75,2600.0,VALID_TARGET,HUMAN_ACCEPTED_TARGET: operator reviewed the raw skeleton and confirmed that it belongs to the documented athlete.,False,,,,,True,,66.0,78.0,ACCEPTED,True,TARGET_IDENTITY_UNCERTAIN,TARGET_OVERLAP_AMBIGUOUS: another detected person overlaps or is too close to the selected pose for automated identity acceptance.,True,4,4,0,True,3,0.42353865633622073,0.12437649009438775,True,True,False,False,340.5566864013672,438.95130920410156,364.197265625,265.73648834228516,1.2986863590939677,9.363433161166979,174.82062564874892,0.008599985120249232,291.581356048584,218.39456176757812,173.42940139770508,401.9866638183594,378.2960567474365,419.3878936767578,437.8025070245498,0.014292684336315992,379.82142857142856,375.60714721679693,43.807311259569516,0.059166099557938445,1.0,True
79,79,76,2633.3333333333335,TARGET_IDENTITY_UNCERTAIN,TARGET_OVERLAP_AMBIGUOUS: another detected person overlaps or is too close to the selected pose for automated identity acceptance.,False,,,,,False,,,,NOT_REVIEWED,False,TARGET_IDENTITY_UNCERTAIN,TARGET_OVERLAP_AMBIGUOUS: another detected person overlaps or is too close to the selected pose for automated identity acceptance.,False,,3,0,True,2,0.3033693024985505,0.21063454068622334,True,True,False,False,347.31054306030273,439.6578369140625,368.91992568969727,272.85323333740234,6.790711389419423,8.54116955763155,168.19851721103348,0.03947347959405866,289.0059471130371,224.16990661621094,191.46591567993164,404.95704650878906,384.73890495300293,426.64842987060547,447.9390654813177,0.060422633842469826,390.3571428571429,375.42857578822543,51.52706133060392,0.06934764519981965,1.0,True
80,80,77,2666.6666666666665,TARGET_IDENTITY_UNCERTAIN,TARGET_OVERLAP_AMBIGUOUS: another detected person overlaps or is too close to the selected pose for automated identity acceptance.,False,,,,,False,,,,NOT_REVIEWED,False,TARGET_IDENTITY_UNCERTAIN,TARGET_OVERLAP_AMBIGUOUS: another detected person overlaps or is too close to the selected pose for automated identity acceptance.,False,,2,0,True,1,0.3063482053595484,0.21989618572249217,True,True,False,False,345.24936294555664,440.2845153808594,364.3514747619629,274.2709197998047,2.154341979856402,4.78336479737809,167.10896024329895,0.0064946995563350636,310.62091064453125,222.389404296875,208.83334350585938,412.68316650390625,415.03758239746094,428.7309875488281,462.5135255055003,0.08687635603826956,400.8928571428572,375.250004359654,55.319877217948985,0.07419094205028862,1.0,True
81,81,78,2700.0,INVALID_TRACK_SEGMENT,Valid-looking pose segment is too short to establish target identity continuity.,False,,,,,False,,,,NOT_REVIEWED,False,INVALID_TRACK_SEGMENT,Valid-looking pose segment is too short to establish target identity continuity.,False,,1,0,False,0,0.0,,False,False,False,False,357.4970703125,456.9761962890625,384.0588073730469,282.4854507446289,20.703104774104567,21.35081912450595,176.5008389677678,0.05598370015639507,326.3778305053711,230.59521484375,199.83451080322266,405.44696044921875,426.2950859069824,433.3186950683594,452.0188817355683,0.06255713125142376,411.42857142857144,375.0714329310826,60.114530682900956,0.08033888687850828,1.0,True
82,82,79,2733.3333333333335,TARGET_IDENTITY_UNCERTAIN,TARGET_OVERLAP_AMBIGUOUS: another detected person overlaps or is too close to the selected pose for automated identity acceptance.,False,,,,,False,,,,NOT_REVIEWED,False,TARGET_IDENTITY_UNCERTAIN,TARGET_OVERLAP_AMBIGUOUS: another detected person overlaps or is too close to the selected pose for automated identity acceptance.,False,,3,0,True,2,0.6868149075729342,0.07046501963109202,True,True,False,False,364.72198486328125,446.37635803222656,404.5310401916504,283.6231689453125,12.827936752930043,20.50382206524612,167.55107115174752,0.05334833770543285,340.4714813232422,228.2234344482422,170.62600708007812,411.9829864501953,425.78448486328125,434.21492767333984,445.9183954677276,0.0363641614256806,415.3571428571429,375.5357179187593,59.59848252040514,0.0793796731877544,1.0,True
83,83,80,2766.6666666666665,INVALID_TRACK_SEGMENT,Valid-looking pose segment is too short to establish target identity continuity.,False,,,,,False,,,,NOT_REVIEWED,False,INVALID_TRACK_SEGMENT,Valid-looking pose segment is too short to establish target identity continuity.,False,,2,0,True,1,0.006806116704063484,0.532816135991803,False,False,False,False,380.52386474609375,447.6648864746094,433.8353729248047,265.6247253417969,15.854327906841837,34.39022955847127,189.68589080252937,0.13194262220579656,344.33081817626953,201.96902465820312,221.6294174194336,431.9042053222656,455.1455268859863,417.92112731933594,485.4491129260979,0.2356371816632175,419.2857142857143,376.00000290643595,55.16617470668479,0.0732153801205684,1.0,True
84,84,81,2800.0,INVALID_TRACK_SEGMENT,Valid-looking pose segment is too short to establish target identity continuity.,False,,,,,False,,,,NOT_REVIEWED,False,INVALID_TRACK_SEGMENT,Valid-looking pose segment is too short to establish target identity continuity.,False,,1,0,False,0,0.0,,False,False,False,False,385.90715408325195,451.1348876953125,402.1852378845215,288.1670684814453,6.404741412363374,38.857280943136224,163.77877185876335,0.1544287805894644,370.2599105834961,235.91151428222656,152.7314224243164,346.42991638183594,446.6256217956543,409.12647247314453,378.6034526520867,0.6368923176369676,423.2142857142857,376.4642878941127,40.185929858465805,0.05313589700609071,1.0,True
85,85,82,2833.3333333333335,TARGET_IDENTITY_UNCERTAIN,TARGET_OVERLAP_AMBIGUOUS: another detected person overlaps or is too close to the selected pose for automated identity acceptance.,False,,,,,False,,,,NOT_REVIEWED,False,TARGET_IDENTITY_UNCERTAIN,TARGET_OVERLAP_AMBIGUOUS: another detected person overlaps or is too close to the selected pose for automated identity acceptance.,False,,2,0,True,1,0.16721483354871391,0.347482455464911,True,True,False,False,388.77479553222656,457.9563903808594,394.2167854309082,299.43202209472656,7.399747723321412,13.798384485687947,158.6177499354181,0.030764143398101924,365.1451644897461,240.5157470703125,147.28795623779297,380.0849609375,438.7891426086426,430.5582275390625,407.6252195136691,0.17299476938034233,427.1428571428571,376.9285728817894,54.87964853940792,0.07228375536807824,1.0,True
86,86,83,2866.6666666666665,INVALID_TRACK_SEGMENT,Valid-looking pose segment is too short to establish target identity continuity.,False,,,,,False,,,,NOT_REVIEWED,False,INVALID_TRACK_SEGMENT,Valid-looking pose segment is too short to establish target identity continuity.,False,,1,0,False,0,0.0,,False,False,False,False,390.57456970214844,449.6614990234375,396.98218154907227,290.2785110473633,8.487897837164988,9.562122159048089,159.51173732914535,0.005328936165203129,372.63123321533203,242.86183166503906,156.44017791748047,414.36656188964844,450.85132217407227,450.0451126098633,442.9144125890473,0.2103540369134009,431.07142857142856,377.3928578694661,75.29670849243988,0.09877642599669036,1.0,True
87,87,84,2900.0,TARGET_IDENTITY_UNCERTAIN,TARGET_OVERLAP_AMBIGUOUS: another detected person overlaps or is too close to the selected pose for automated identity acceptance.,False,,,,,False,,,,NOT_REVIEWED,False,TARGET_IDENTITY_UNCERTAIN,TARGET_OVERLAP_AMBIGUOUS: another detected person overlaps or is too close to the selected pose for automated identity acceptance.,False,,3,0,True,2,0.06767491178838174,0.468965261314393,True,True,False,False,407.46817779541016,448.3474884033203,443.04795837402344,279.83362579345703,16.944633909249813,47.23506560229886,172.229041330776,0.07580610385972351,382.6028366088867,216.05262756347656,186.36051177978516,484.0113983154297,475.7830924987793,458.0583267211914,518.649471271379,0.4514462910974636,435.0,377.85714285714283,89.97494388416652,0.11753875744266025,1.0,True
88,88,85,2933.333333333333,INVALID_TRACK_SEGMENT,Valid-looking pose segment is too short to establish target identity continuity.,False,,,,,False,,,,NOT_REVIEWED,False,INVALID_TRACK_SEGMENT,Valid-looking pose segment is too short to establish target identity continuity.,False,,4,0,True,3,0.026019093846772184,0.48074178715384364,False,False,False,False,407.6254081726074,445.2251281738281,412.5504035949707,290.2433776855469,3.1263164897732443,32.225204141419965,155.05998376216272,0.10234239592393056,380.41614532470703,229.9971923828125,156.60787200927734,437.98486328125,458.7200813293457,448.9896240234375,465.1416623339275,0.3189527057856434,443.57142857142856,386.8714294433594,63.938656368963514,0.08668393309580077,1.0,True
89,89,86,2966.666666666667,INVALID_TRACK_SEGMENT,Valid-looking pose segment is too short to establish target identity continuity.,False,,,,,False,,,,NOT_REVIEWED,False,INVALID_TRACK_SEGMENT,Valid-looking pose segment is too short to establish target identity continuity.,False,,1,0,False,0,0.0,,False,False,False,False,407.47649002075195,436.1462707519531,450.45341873168945,269.27545166015625,9.080078672714615,43.3161918716383,172.31624028451932,0.10286217692020762,377.61209869384766,206.47755432128906,220.48494720458984,466.62925720214844,487.8545722961426,439.7921829223633,516.0973509143789,0.30373986658478347,452.1428571428571,395.88571602957586,56.59597542402496,0.07974348473553937,1.0,True
90,90,87,3000.0,TARGET_IDENTITY_UNCERTAIN,TARGET_OVERLAP_AMBIGUOUS: another detected person overlaps or is too close to the selected pose for automated identity acceptance.,False,,,,,False,,,,NOT_REVIEWED,False,TARGET_IDENTITY_UNCERTAIN,TARGET_OVERLAP_AMBIGUOUS: another detected person overlaps or is too close to the selected pose for automated identity acceptance.,False,,2,0,True,1,0.011100417962918847,0.26762116455312984,True,True,False,False,420.79035568237305,448.4950714111328,429.65486907958984,277.950439453125,18.159072018576556,22.535196489913496,170.77485496249668,0.009187986368346614,394.35504150390625,206.28008270263672,194.95169067382812,467.37879180908203,491.8308868408203,439.96947860717773,506.4080338319103,0.057756689388665114,460.7142857142857,404.90000261579246,46.88401659391185,0.06876022033325739,1.0,True
91,91,88,3033.333333333333,TARGET_IDENTITY_UNCERTAIN,TARGET_OVERLAP_AMBIGUOUS: another detected person overlaps or is too close to the selected pose for automated identity acceptance.,False,,,,,False,,,,NOT_REVIEWED,False,TARGET_IDENTITY_UNCERTAIN,TARGET_OVERLAP_AMBIGUOUS: another detected person overlaps or is too close to the selected pose for automated identity acceptance.,False,,2,0,True,1,0.1928038543916925,0.33608656387728536,True,True,False,False,427.3498954772949,425.3071594238281,433.31273651123047,271.4054718017578,24.097859337545984,7.49777271627382,154.01715789520756,0.09989033242972067,370.2578811645508,215.07917022705078,195.26663970947266,449.29271697998047,467.8912010192871,439.725528717041,489.89081040031954,0.0984569020893799,469.28571428571433,413.91428920200894,25.84888300396353,0.039525794723616885,1.0,True
92,92,89,3066.666666666667,INVALID_TRACK_SEGMENT,Valid-looking pose segment is too short to establish target identity continuity.,False,,,,,False,,,,NOT_REVIEWED,False,INVALID_TRACK_SEGMENT,Valid-looking pose segment is too short to establish target identity continuity.,False,,1,0,False,0,0.0,,False,False,False,False,425.06007957458496,439.8565368652344,452.5975341796875,266.61309814453125,14.728463626624622,19.871342842993897,175.41835840613177,0.12756961919333432,394.0131187438965,200.8609733581543,201.67108535766602,474.85173416137695,494.8486614227295,438.2868404388428,515.9025063957395,0.15505215004245565,477.8571428571429,422.9285757882255,22.903886051128413,0.0365814139947253,1.0,True
93,93,90,3100.0,INVALID_TRACK_SEGMENT,Valid-looking pose segment is too short to establish target identity continuity.,False,,,,,False,,,,NOT_REVIEWED,False,INVALID_TRACK_SEGMENT,Valid-looking pose segment is too short to establish target identity continuity.,False,,1,0,False,0,0.0,,False,False,False,False,448.239990234375,435.8881072998047,471.4967041015625,264.9761962890625,23.517157383740585,18.96992544582982,172.48697361031088,0.017473582471278462,412.83839416503906,199.42697525024414,174.42852783203125,430.15893173217773,500.0526580810547,414.506441116333,464.1788640929464,0.3083175333314326,483.80952380952385,422.7500043596541,18.21526134617931,0.029033923964529414,1.0,True
94,94,91,3133.3333333333335,INVALID_TRACK_SEGMENT,Valid-looking pose segment is too short to establish target identity continuity.,False,,,,,False,,,,NOT_REVIEWED,False,INVALID_TRACK_SEGMENT,Valid-looking pose segment is too short to establish target identity continuity.,False,,1,0,False,0,0.0,,False,False,False,False,454.76305389404297,430.5113220214844,466.90390968322754,253.57089614868164,8.453412295472338,12.295309343862009,177.35646220914134,0.02902635326004233,412.89950942993164,200.89237594604492,199.19106674194336,418.92277908325195,512.4950428009033,410.3537654876709,463.8678431456835,0.0018539531828239912,489.7619047619047,422.5714329310826,25.808273147538717,0.041053185853686745,1.0,True
95,95,92,3166.6666666666665,INVALID_TRACK_SEGMENT,Valid-looking pose segment is too short to establish target identity continuity.,False,,,,,False,,,,NOT_REVIEWED,False,INVALID_TRACK_SEGMENT,Valid-looking pose segment is too short to establish target identity continuity.,False,,1,0,False,0,0.0,,False,False,False,False,452.38397216796875,417.7403869628906,485.4917869567871,247.79854583740234,12.990643253132587,19.46353538422654,173.1368151642261,0.025152736939936665,416.4744338989258,201.63590240478516,197.08507537841797,444.0038070678711,515.0169715881348,423.6378059387207,485.77969042322053,0.1306135144891078,495.7142857142858,422.3928615025112,19.34279112728404,0.030706000959437672,1.0,True
96,96,93,3200.0,TARGET_IDENTITY_UNCERTAIN,TARGET_OVERLAP_AMBIGUOUS: another detected person overlaps or is too close to the selected pose for automated identity acceptance.,False,,,,,False,,,,NOT_REVIEWED,False,TARGET_IDENTITY_UNCERTAIN,TARGET_OVERLAP_AMBIGUOUS: another detected person overlaps or is too close to the selected pose for automated identity acceptance.,False,,2,0,True,1,0.17544648583564715,0.2801544155915947,True,True,False,False,472.2670593261719,411.6407470703125,497.8353271484375,241.74952697753906,20.79766241094976,13.746039925370152,171.80443237600795,0.00794215094737238,428.9986343383789,193.67031478881836,174.10015106201172,452.500431060791,516.0487098693848,419.92053031921387,484.83760447186535,0.005615645066286076,501.66666666666663,422.2142900739397,14.563807898254183,0.02307245970937322,1.0,True
97,97,94,3233.3333333333335,VALID_TARGET,,False,,,,,False,,,,NOT_REVIEWED,False,VALID_TARGET,,True,5,1,0,False,0,0.0,,False,False,False,False,477.80673599243164,408.2233428955078,474.407283782959,230.33750915527344,6.508968340733839,26.059688538247155,177.91831305625286,0.036444003679803105,436.5078811645508,174.88148880004883,193.10515594482422,444.1656608581543,533.0604591369629,396.964319229126,484.32709560588887,0.0030430732890052974,507.6190476190476,422.0357186453683,35.71890939982169,0.05647167278478673,1.0,True
98,98,95,3266.6666666666665,VALID_TARGET,,False,,,,,False,,,,NOT_REVIEWED,False,VALID_TARGET,,True,5,1,0,False,0,0.0,,False,False,False,False,468.75696182250977,418.6875,475.6639862060547,236.9753303527832,13.834630332397014,6.75573617234455,181.84339301644638,0.023396862973630098,444.55841064453125,187.98618698120117,182.2037353515625,455.99870681762695,535.6602783203125,415.98554039001465,491.05297249422114,0.04009202908723843,513.5714285714286,421.8571472167969,22.855919363637202,0.03606146504456118,1.0,True
99,99,96,3300.0,VALID_TARGET,,False,,,,,False,,,,NOT_REVIEWED,False,VALID_TARGET,,True,5,1,0,False,0,0.0,,False,False,False,False,489.3331184387207,407.2810974121094,505.6002960205078,250.19749450683594,23.526245792558555,32.72626269868956,157.92365043963184,0.1425823028090979,465.12621307373047,197.6649932861328,154.88007354736328,412.0907440185547,542.5662498474121,403.71036529541016,440.2347311239796,0.30292056262766626,523.3928571428571,421.8035752432687,26.362534666081913,0.04125280688730589,1.0,True
100,100,97,3333.3333333333335,VALID_TARGET,,False,,,,,False,,,,NOT_REVIEWED,False,VALID_TARGET,,True,5,1,0,False,0,0.0,,False,False,False,False,493.8005790710449,422.8885955810547,502.6533012390137,260.81029510498047,16.234290979128037,11.014368560118669,162.3198884148084,0.026205371240285054,477.8905563354492,206.6114730834961,169.42169952392578,429.0563430786133,562.6014060974121,421.13964462280273,461.2949791679594,0.12553724832942306,533.2142857142858,421.7500032697405,29.393458151266426,0.04560814859385363,1.0,True
101,101,98,3366.6666666666665,VALID_TARGET,,False,,,,,False,,,,NOT_REVIEWED,False,VALID_TARGET,,True,5,1,0,False,0,0.0,,False,False,False,False,505.7554130554199,416.6134948730469,504.1019172668457,268.3546447753906,13.501664508111864,7.682167685328776,148.26807033411524,0.08376095913932552,480.80602264404297,207.63545989990234,180.44193267822266,438.1785354614258,571.0269889831543,426.72472763061523,473.87732590594817,0.07500164213238338,543.0357142857142,421.69643129621227,28.439325294635935,0.04374677132541907,1.0,True
102,102,99,3400.0,VALID_TARGET,,False,,,,,False,,,,NOT_REVIEWED,False,VALID_TARGET,,True,5,1,0,False,0,0.0,,False,False,False,False,488.5234184265137,414.4933776855469,496.88147735595703,260.7038803100586,17.361927766794413,10.519931055417679,154.0164492905656,0.03426529806489251,480.6961212158203,208.4893569946289,171.49732971191406,402.77806854248047,566.4447860717773,409.87839126586914,437.76878211805837,0.21523807406484663,552.8571428571429,421.6428593226841,17.972945133951235,0.0274028762690256,1.0,True
103,103,100,3433.333333333333,VALID_TARGET,,False,,,,,False,,,,NOT_REVIEWED,False,VALID_TARGET,,True,5,1,0,False,0,0.0,,False,False,False,False,489.8877754211426,420.5433044433594,520.8565139770508,262.9539794921875,6.20186131606379,24.080393005767235,160.60341872547494,0.03926402082072871,480.5224380493164,209.31806182861328,166.0385513305664,437.40831756591797,563.5417137145996,428.02222061157227,467.86198478162345,0.17938145115453827,562.6785714285714,421.589287349156,6.490581250137122,0.00980689375165024,1.0,True
104,104,101,3466.666666666667,TARGET_IDENTITY_UNCERTAIN,TARGET_OVERLAP_AMBIGUOUS: another detected person overlaps or is too close to the selected pose for automated identity acceptance.,False,,,,,False,,,,NOT_REVIEWED,False,TARGET_IDENTITY_UNCERTAIN,TARGET_OVERLAP_AMBIGUOUS: another detected person overlaps or is too close to the selected pose for automated identity acceptance.,False,,2,0,True,1,0.20051769384979676,0.2951218646074799,True,True,False,False,494.0126037597656,420.5125427246094,536.8637161254883,270.449951171875,4.124943042812618,17.675409812607434,156.06088303768686,0.027077431827595654,479.6547088623047,218.16343688964844,166.84800720214844,438.7770538330078,563.0787124633789,437.55196380615234,469.4289727719226,0.009340600360290573,572.5,421.5357153756278,18.58173491996839,0.027818348740937995,1.0,True
105,105,102,3500.0,TARGET_IDENTITY_UNCERTAIN,TARGET_OVERLAP_AMBIGUOUS: another detected person overlaps or is too close to the selected pose for automated identity acceptance.,False,,,,,False,,,,NOT_REVIEWED,False,TARGET_IDENTITY_UNCERTAIN,TARGET_OVERLAP_AMBIGUOUS: another detected person overlaps or is too close to the selected pose for automated identity acceptance.,False,,2,0,True,1,0.24051955800755384,0.2767963761421391,True,True,False,False,520.2383995056152,410.785888671875,547.9782791137695,251.91494369506836,27.971416867305766,21.612033976138143,161.2745425617398,0.03107790891205524,510.2584762573242,199.40837478637695,139.58177947998047,454.5932731628418,580.0493659973145,426.70501136779785,475.53981659552335,0.03642590139411869,582.3214285714286,421.4821434020996,5.695666609608299,0.008447308896014133,1.0,True
106,106,103,3533.333333333333,VALID_TARGET,HUMAN_ACCEPTED_TARGET: operator reviewed the raw skeleton and confirmed that it belongs to the documented athlete.,False,,,,,True,,106.0,116.0,ACCEPTED,True,INVALID_TRACK_SEGMENT,Valid-looking pose segment is too short to establish target identity continuity.,True,6,1,0,False,0,0.0,,False,False,False,False,488.2228698730469,410.2723846435547,534.2620162963867,258.54428482055664,32.01964746903007,15.234304363298264,158.55919802801535,0.016185796117797815,485.4688491821289,208.33204650878906,203.12056732177734,440.19996643066406,587.0291328430176,428.4320297241211,484.80302733654463,0.05521672796516672,592.1428571428571,421.42857142857144,8.6717128822553,0.012739256725813013,1.0,True
107,107,104,3566.666666666667,VALID_TARGET,HUMAN_ACCEPTED_TARGET: operator reviewed the raw skeleton and confirmed that it belongs to the documented athlete.,False,,,,,True,,106.0,116.0,ACCEPTED,True,INVALID_TRACK_SEGMENT,Valid-looking pose segment is too short to establish target identity continuity.,True,6,1,0,False,0,0.0,,False,False,False,False,486.26086616516113,423.1991882324219,524.2612571716309,260.2411804199219,13.074850269693608,10.14369941128643,167.3300392244722,0.05228178068169918,475.8293571472168,210.23841094970703,235.38191604614258,437.8801803588867,593.5203151702881,429.1785011291504,497.13549335436153,0.07351213745250298,593.8571428571429,419.72857230050226,9.455929766931801,0.014019923566883974,1.0,True
108,108,105,3600.0,VALID_TARGET,HUMAN_ACCEPTED_TARGET: operator reviewed the raw skeleton and confirmed that it belongs to the documented athlete.,False,,,,,True,,106.0,116.0,ACCEPTED,True,TARGET_IDENTITY_UNCERTAIN,TARGET_OVERLAP_AMBIGUOUS: another detected person overlaps or is too close to the selected pose for automated identity acceptance.,True,6,2,0,True,1,0.060297882196376745,0.39971600241869987,True,True,False,False,510.75830459594727,405.92872619628906,565.4348373413086,254.55639266967773,29.973210515586448,41.56417346410494,160.9444208114908,0.03806379501197432,500.9890594482422,209.96753692626953,236.1433868408203,447.0267868041992,619.0607528686523,433.48093032836914,505.5656705801337,0.050251129504399666,595.5714285714286,418.028573172433,28.116253264166577,0.04204683847021499,1.0,True
109,109,106,3633.3333333333335,VALID_TARGET,HUMAN_ACCEPTED_TARGET: operator reviewed the raw skeleton and confirmed that it belongs to the documented athlete.,False,,,,,True,,106.0,116.0,ACCEPTED,True,INVALID_TRACK_SEGMENT,Valid-looking pose segment is too short to establish target identity continuity.,True,6,1,0,False,0,0.0,,False,False,False,False,518.7760925292969,415.158935546875,574.9805374145508,253.07227325439453,12.226270404330615,9.66038303211195,171.55473096937942,0.0632466027162401,507.36216735839844,207.86378479003906,239.37013244628906,458.60765075683594,627.047233581543,437.16761016845703,517.3190868700458,0.07006050149193549,597.2857142857142,416.32857404436385,36.33198944975691,0.05476669788387025,1.0,True
110,110,107,3666.6666666666665,VALID_TARGET,HUMAN_ACCEPTED_TARGET: operator reviewed the raw skeleton and confirmed that it belongs to the documented athlete.,False,,,,,True,,106.0,116.0,ACCEPTED,True,TARGET_IDENTITY_UNCERTAIN,TARGET_OVERLAP_AMBIGUOUS: another detected person overlaps or is too close to the selected pose for automated identity acceptance.,True,6,2,0,True,1,0.11098271435762957,0.36132784573821536,True,True,False,False,521.7842788696289,409.24403381347656,574.6223182678223,251.82769012451172,6.6359059346799105,1.295109309777288,166.04747413871533,0.032828002164135006,513.8701705932617,211.67510986328125,219.3064956665039,450.6217041015625,623.5234184265137,436.9859619140625,501.1539276997821,0.09635829534411096,599.0,414.62857491629467,33.1850991363568,0.05038766741636045,1.0,True
111,111,108,3700.0,VALID_TARGET,HUMAN_ACCEPTED_TARGET: operator reviewed the raw skeleton and confirmed that it belongs to the documented athlete.,False,,,,,True,,106.0,116.0,ACCEPTED,True,TARGET_IDENTITY_UNCERTAIN,TARGET_OVERLAP_AMBIGUOUS: another detected person overlaps or is too close to the selected pose for automated identity acceptance.,True,6,2,0,True,1,0.0986269697186636,0.32901944983258924,True,True,False,False,538.2726249694824,395.6227111816406,597.5530776977539,241.77694702148438,21.387051862029058,25.036716337340458,164.87174174397276,0.007008379450209596,523.0478973388672,204.48211669921875,185.03179931640625,466.34375,615.5637969970703,437.65399169921875,501.71033467761987,0.003316665634857455,600.7142857142857,412.92857578822543,28.84188234684328,0.044080533933958686,1.0,True
112,112,109,3733.3333333333335,VALID_TARGET,HUMAN_ACCEPTED_TARGET: operator reviewed the raw skeleton and confirmed that it belongs to the documented athlete.,False,,,,,True,,106.0,116.0,ACCEPTED,True,TARGET_IDENTITY_UNCERTAIN,TARGET_OVERLAP_AMBIGUOUS: another detected person overlaps or is too close to the selected pose for automated identity acceptance.,True,6,4,0,True,3,0.15119359316148884,0.3331334513938458,True,True,False,False,541.0354881286621,394.27410888671875,600.2027130126953,239.72874450683594,3.0744334415011996,3.34898504672637,165.48422931442292,0.0036509543510464823,529.4114456176758,191.89584350585938,212.40071868896484,481.0593566894531,635.6118049621582,432.42552185058594,525.8632616546428,0.143972283017041,630.0,417.92857578822543,15.545217916397737,0.022518107266889267,1.0,True
113,113,110,3766.6666666666665,VALID_TARGET,HUMAN_ACCEPTED_TARGET: operator reviewed the raw skeleton and confirmed that it belongs to the documented athlete.,False,,,,,True,,106.0,116.0,ACCEPTED,True,TARGET_IDENTITY_UNCERTAIN,TARGET_OVERLAP_AMBIGUOUS: another detected person overlaps or is too close to the selected pose for automated identity acceptance.,True,6,3,0,True,2,0.15189898353367823,0.3185472547660796,True,True,False,False,543.5381622314453,392.9075164794922,596.5593719482422,241.51456832885742,2.8514825042828162,4.0574746869487495,160.40908150592142,0.030252259584687278,531.8310012817383,194.16193389892578,208.8027572631836,478.3583297729492,636.2323799133301,433.3410987854004,521.9437547321297,0.02336364286084784,630.2380952380952,418.5555594308036,15.954423298072733,0.0229427974113733,1.0,True
114,114,111,3800.0,VALID_TARGET,HUMAN_ACCEPTED_TARGET: operator reviewed the raw skeleton and confirmed that it belongs to the documented athlete.,False,,,,,True,,106.0,116.0,ACCEPTED,True,TARGET_IDENTITY_UNCERTAIN,TARGET_OVERLAP_AMBIGUOUS: another detected person overlaps or is too close to the selected pose for automated identity acceptance.,True,6,2,0,True,1,0.14208914044897583,0.31295006054351027,True,True,False,False,561.4112319946289,394.6769714355469,597.8883934020996,240.83093643188477,17.96044525063714,1.4945402622116701,158.11130823155787,0.013696711147281349,535.1518859863281,190.54098510742188,203.34072875976562,464.0332336425781,636.8222503662109,422.55760192871094,506.6303325871242,0.09128120782700724,630.4761904761905,419.1825430733817,7.18773249395544,0.010258692246467964,1.0,True
115,115,112,3833.3333333333335,VALID_TARGET,HUMAN_ACCEPTED_TARGET: operator reviewed the raw skeleton and confirmed that it belongs to the documented athlete.,False,,,,,True,,106.0,116.0,ACCEPTED,True,TARGET_IDENTITY_UNCERTAIN,TARGET_OVERLAP_AMBIGUOUS: another detected person overlaps or is too close to the selected pose for automated identity acceptance.,True,6,2,0,True,1,0.1591570218922434,0.30065178129723275,True,True,False,False,560.5340003967285,392.98779296875,626.6199264526367,233.6415901184082,1.9033809836827502,29.617354572095145,172.50670127704964,0.08580896235304011,547.5583572387695,202.44886779785156,178.25460052490234,487.7456512451172,636.6856575012207,446.32169342041016,519.298106020825,0.07551085894175665,630.7142857142857,419.8095267159598,27.176318079945442,0.03848886646708622,1.0,True
116,116,113,3866.6666666666665,VALID_TARGET,HUMAN_ACCEPTED_TARGET: operator reviewed the raw skeleton and confirmed that it belongs to the documented athlete.,False,,,,,True,,106.0,116.0,ACCEPTED,True,TARGET_IDENTITY_UNCERTAIN,TARGET_OVERLAP_AMBIGUOUS: another detected person overlaps or is too close to the selected pose for automated identity acceptance.,True,6,4,0,True,3,0.12998392938704087,0.31756078612446303,True,True,False,False,567.9444351196289,388.2544860839844,613.1332092285156,230.6712760925293,8.793107348812333,13.809935079345506,163.9344179136127,0.05109820468869489,544.9122772216797,196.01398468017578,175.1693572998047,492.98546600341797,632.496955871582,442.50671768188477,523.1815874315855,0.023148899729350577,630.952380952381,420.43651035853793,22.12418954394798,0.031086421598849445,1.0,True
117,117,114,3900.0,TARGET_IDENTITY_UNCERTAIN,TARGET_OVERLAP_AMBIGUOUS: another detected person overlaps or is too close to the selected pose for automated identity acceptance.,False,,,,,False,,,,NOT_REVIEWED,False,TARGET_IDENTITY_UNCERTAIN,TARGET_OVERLAP_AMBIGUOUS: another detected person overlaps or is too close to the selected pose for automated identity acceptance.,False,,3,0,True,2,0.16999014558389694,0.305146875229357,True,True,False,False,569.3650131225586,402.0257873535156,641.6492309570312,236.70864486694336,13.844377216711509,29.148127160067165,180.4293926938378,0.09832428093194374,555.0824890136719,178.6131935119629,180.26568603515625,508.0699119567871,645.21533203125,432.64814949035645,539.1018020722088,0.09489821461855695,631.1904761904761,421.06349400111606,18.190679595850067,0.025353061497064268,1.0,True
118,118,115,3933.333333333333,TARGET_IDENTITY_UNCERTAIN,TARGET_OVERLAP_AMBIGUOUS: another detected person overlaps or is too close to the selected pose for automated identity acceptance.,False,,,,,False,,,,NOT_REVIEWED,False,TARGET_IDENTITY_UNCERTAIN,TARGET_OVERLAP_AMBIGUOUS: another detected person overlaps or is too close to the selected pose for automated identity acceptance.,False,,4,0,True,3,0.1755173893366247,0.30062020648345955,True,True,False,False,577.4669151306152,407.0366973876953,608.9100723266602,229.11912536621094,9.526281305881897,33.607340181522844,180.67466498785953,0.0014620344840494447,501.8393249511719,169.26105117797852,221.71051025390625,514.9677085876465,612.694580078125,426.74490547180176,560.6668273092841,0.12854615590298696,631.4285714285714,421.6904776436942,19.40385715748677,0.026820797063250586,1.0,True
119,119,116,3966.666666666667,TARGET_IDENTITY_UNCERTAIN,TARGET_OVERLAP_AMBIGUOUS: another detected person overlaps or is too close to the selected pose for automated identity acceptance.,False,,,,,False,,,,NOT_REVIEWED,False,TARGET_IDENTITY_UNCERTAIN,TARGET_OVERLAP_AMBIGUOUS: another detected person overlaps or is too close to the selected pose for automated identity acceptance.,False,,6,0,True,5,0.6958900475887866,0.07220108073219153,True,True,False,False,578.3201370239258,401.65264892578125,621.6454086303711,234.84501266479492,5.451235221439598,13.963329693332573,172.34229508379474,0.0496681134825572,489.7464828491211,168.69427871704102,222.46271514892578,512.578914642334,600.977840423584,424.983736038208,558.7725864493938,0.011291309804481318,631.6666666666666,422.3174612862723,30.804432752948525,0.04222091132684544,1.0,True
120,120,117,4000.0,TARGET_IDENTITY_UNCERTAIN,TARGET_OVERLAP_AMBIGUOUS: another detected person overlaps or is too close to the selected pose for automated identity acceptance.,False,,,,,False,,,,NOT_REVIEWED,False,TARGET_IDENTITY_UNCERTAIN,TARGET_OVERLAP_AMBIGUOUS: another detected person overlaps or is too close to the selected pose for automated identity acceptance.,False,,3,0,True,2,0.6772281435893488,0.08125713823677573,True,True,False,False,587.2067794799805,390.72377014160156,670.1926193237305,234.33574295043945,14.08590805099361,48.54988178922155,177.04198559470626,0.028014210160662557,468.5936050415039,172.00472259521484,255.8575668334961,496.30399322509766,596.522388458252,420.1567192077637,558.373305412369,0.0023800594652797972,631.9047619047619,422.9444449288505,35.492023968834225,0.04822909660674102,1.0,True
121,121,118,4033.333333333333,TARGET_IDENTITY_UNCERTAIN,TARGET_OVERLAP_AMBIGUOUS: another detected person overlaps or is too close to the selected pose for automated identity acceptance.,False,,,,,False,,,,NOT_REVIEWED,False,TARGET_IDENTITY_UNCERTAIN,TARGET_OVERLAP_AMBIGUOUS: another detected person overlaps or is too close to the selected pose for automated identity acceptance.,False,,3,0,True,2,0.694714011871653,0.06180038835026114,True,True,False,False,568.6089935302734,401.35951232910156,597.5947723388672,231.76574325561523,21.424207199102785,72.6433223721838,172.0529624321875,0.02973888238953545,480.1906280517578,167.70592880249023,253.7205047607422,513.6780433654785,607.0508804321289,424.5449504852295,572.9216584942764,0.08672073613822476,632.1428571428571,423.57142857142856,25.110855026628965,0.0338252854651308,1.0,True
122,122,119,4066.6666666666665,TARGET_IDENTITY_UNCERTAIN,TARGET_OVERLAP_AMBIGUOUS: another detected person overlaps or is too close to the selected pose for automated identity acceptance.,False,,,,,False,,,,NOT_REVIEWED,False,TARGET_IDENTITY_UNCERTAIN,TARGET_OVERLAP_AMBIGUOUS: another detected person overlaps or is too close to the selected pose for automated identity acceptance.,False,,3,2,True,2,0.653216786820383,0.08150494112028667,True,True,False,True,586.0253524780273,394.8098449707031,636.8349838256836,225.89606475830078,18.60719488538446,39.67678569632265,176.39014650293961,0.025853359020435025,509.74837493896484,160.02927207946777,221.85511016845703,516.2031497955322,620.6759300231934,418.1308469772339,561.8588628531963,0.06594380658346115,646.0439560439561,422.41758241758237,25.72766691570836,0.03479488740392691,1.0,True
123,123,120,4100.0,TARGET_IDENTITY_UNCERTAIN,TARGET_OVERLAP_AMBIGUOUS: another detected person overlaps or is too close to the selected pose for automated identity acceptance.,False,,,,,False,,,,NOT_REVIEWED,False,TARGET_IDENTITY_UNCERTAIN,TARGET_OVERLAP_AMBIGUOUS: another detected person overlaps or is too close to the selected pose for automated identity acceptance.,False,,3,0,True,2,0.3269272267250265,0.21339312929846085,True,True,True,True,618.1128311157227,366.2606658935547,740.4361267089844,241.6249122619629,42.949527486383865,104.78832688100121,174.63407378891247,0.010467708448873977,614.6461181640625,210.46089935302734,193.94418334960938,420.5670852661133,711.6182098388672,420.744441986084,463.1317517341918,0.5884987602952705,659.945054945055,421.2637362637363,51.67576417651426,0.07016875502251493,1.0,True
124,124,121,4133.333333333334,TARGET_IDENTITY_UNCERTAIN,TARGET_OVERLAP_AMBIGUOUS: another detected person overlaps or is too close to the selected pose for automated identity acceptance.,False,,,,,False,,,,NOT_REVIEWED,False,TARGET_IDENTITY_UNCERTAIN,TARGET_OVERLAP_AMBIGUOUS: another detected person overlaps or is too close to the selected pose for automated identity acceptance.,False,,3,0,True,2,0.28225299595575615,0.23346152505654053,True,True,False,True,642.8940582275391,375.16123962402344,758.6841583251953,246.02890014648438,26.331149422289467,18.771940953275077,173.44309839128118,0.0070992408985140875,637.7601470947266,210.07799530029297,194.6221160888672,433.4486770629883,735.0712051391602,426.8023338317871,475.13737352324034,0.07156386386017634,673.8461538461539,420.1098901098901,61.58973704118246,0.08396801149235562,1.0,True
125,125,122,4166.666666666667,TARGET_IDENTITY_UNCERTAIN,TARGET_OVERLAP_AMBIGUOUS: another detected person overlaps or is too close to the selected pose for automated identity acceptance.,False,,,,,False,,,,NOT_REVIEWED,False,TARGET_IDENTITY_UNCERTAIN,TARGET_OVERLAP_AMBIGUOUS: another detected person overlaps or is too close to the selected pose for automated identity acceptance.,False,,2,0,True,1,0.12821038706169918,0.28514101767790373,True,True,False,False,642.897819519043,367.16890716552734,769.9096832275391,251.5876007080078,7.99233334355143,12.526434499322647,171.72958954452966,0.010213991077412757,636.4119415283203,219.1805877685547,209.81690979003906,412.16188049316406,741.3203964233398,425.2615280151367,462.49383927302495,0.07536637249553077,687.7472527472528,418.95604395604397,53.942940711071174,0.07384067651717793,1.0,True
126,126,123,4200.0,TARGET_IDENTITY_UNCERTAIN,TARGET_OVERLAP_AMBIGUOUS: another detected person overlaps or is too close to the selected pose for automated identity acceptance.,False,,,,,False,,,,NOT_REVIEWED,False,TARGET_IDENTITY_UNCERTAIN,TARGET_OVERLAP_AMBIGUOUS: another detected person overlaps or is too close to the selected pose for automated identity acceptance.,False,,3,0,True,2,0.056407285232886996,0.38436999362890173,True,True,False,False,660.0478897094727,386.57550048828125,768.6829071044922,259.22090911865234,25.898663516317235,7.731259725820525,167.39402303350425,0.02584371696889442,646.5850677490234,230.0252685546875,207.19493103027344,408.29296875,750.1825332641602,434.1717529296875,457.8568420099543,0.027640504314162557,701.6483516483518,417.8021978021978,51.2203975012709,0.07039899356754992,1.0,True
127,127,124,4233.333333333333,VALID_TARGET,HUMAN_ACCEPTED_TARGET: operator reviewed the raw skeleton and confirmed that it belongs to the documented athlete.,False,,,,,True,,127.0,133.0,ACCEPTED,True,TARGET_IDENTITY_UNCERTAIN,TARGET_OVERLAP_AMBIGUOUS: another detected person overlaps or is too close to the selected pose for automated identity acceptance.,True,7,4,0,True,3,0.27831802549982126,0.22152868765418043,True,True,False,False,673.6676025390625,380.69771575927734,816.8230133056641,266.70599365234375,14.833911516555764,48.71854180429268,182.9961320374253,0.09300203057427205,609.787223815918,228.86788177490234,245.0022964477539,428.5715103149414,732.2883720397949,443.15363693237305,493.65946229997763,0.2134145060783127,715.5494505494505,416.6483516483517,31.34839135661146,0.043262160465088,1.0,True
128,128,125,4266.666666666667,VALID_TARGET,HUMAN_ACCEPTED_TARGET: operator reviewed the raw skeleton and confirmed that it belongs to the documented athlete.,False,,,,,True,,127.0,133.0,ACCEPTED,True,TARGET_IDENTITY_UNCERTAIN,TARGET_OVERLAP_AMBIGUOUS: another detected person overlaps or is too close to the selected pose for automated identity acceptance.,True,7,2,0,True,1,0.1663006062754616,0.29418659511909984,True,True,False,False,670.1899108886719,373.0207214355469,808.0018920898438,265.54719161987305,8.427964229977873,8.8969096687925,174.764704026965,0.04906641270781763,660.5145416259766,246.84479522705078,219.43455505371094,414.13329315185547,770.231819152832,453.9114418029785,468.6767632904588,0.14891844022671502,729.4505494505495,415.49450549450546,56.02653794283191,0.07763600927484,1.0,True
129,129,126,4300.0,VALID_TARGET,HUMAN_ACCEPTED_TARGET: operator reviewed the raw skeleton and confirmed that it belongs to the documented athlete.,False,,,,,True,,127.0,133.0,ACCEPTED,True,TARGET_IDENTITY_UNCERTAIN,TARGET_OVERLAP_AMBIGUOUS: another detected person overlaps or is too close to the selected pose for automated identity acceptance.,True,7,2,0,True,1,0.11473617686699653,0.2872392763018389,True,True,False,False,708.2793655395508,359.7188491821289,853.9727935791016,263.03857803344727,40.34533877720711,46.03929762562681,174.85322359996218,0.0005276530264104346,613.6176605224609,243.05797576904297,283.8509063720703,414.79969024658203,755.5431137084961,450.457820892334,502.6232386956519,0.2023502811529594,743.3516483516484,414.3406593406594,38.119302014818956,0.05303931634524618,1.0,True
130,130,127,4333.333333333333,VALID_TARGET,HUMAN_ACCEPTED_TARGET: operator reviewed the raw skeleton and confirmed that it belongs to the documented athlete.,False,,,,,True,,127.0,133.0,ACCEPTED,True,TARGET_IDENTITY_UNCERTAIN,TARGET_OVERLAP_AMBIGUOUS: another detected person overlaps or is too close to the selected pose for automated identity acceptance.,True,7,3,0,True,2,0.10997680855840411,0.28920836801388455,True,True,False,False,715.9181518554688,339.8823699951172,861.1710662841797,284.7337646484375,21.256456969989255,22.85817692196655,155.36980987861912,0.1161379553333563,647.1905517578125,247.41667938232422,272.30206298828125,386.94962310791016,783.3415832519531,440.8914909362793,473.15792747351026,0.1756386764426123,757.2527472527472,413.1868131868132,38.05491470224607,0.05316850338268517,1.0,True
131,131,128,4366.666666666666,VALID_TARGET,HUMAN_ACCEPTED_TARGET: operator reviewed the raw skeleton and confirmed that it belongs to the documented athlete.,False,,,,,True,,127.0,133.0,ACCEPTED,True,TARGET_IDENTITY_UNCERTAIN,TARGET_OVERLAP_AMBIGUOUS: another detected person overlaps or is too close to the selected pose for automated identity acceptance.,True,7,2,0,True,1,0.29401936296258246,0.2214225669278178,True,True,False,False,720.1499252319336,367.80797576904297,873.1228179931641,292.7931442260742,28.24442181653704,14.415199203952707,170.37585178410376,0.08944895640339114,639.1217422485352,215.0828857421875,300.88692474365234,438.08184814453125,789.5652046203613,434.1238098144531,531.4589797485978,0.34752457150743316,771.1538461538462,412.03296703296706,28.757320031234716,0.04034502586151371,1.0,True
132,132,129,4400.0,VALID_TARGET,HUMAN_ACCEPTED_TARGET: operator reviewed the raw skeleton and confirmed that it belongs to the documented athlete.,False,,,,,True,,127.0,133.0,ACCEPTED,True,TARGET_IDENTITY_UNCERTAIN,TARGET_OVERLAP_AMBIGUOUS: another detected person overlaps or is too close to the selected pose for automated identity acceptance.,True,7,2,0,True,1,0.17273398782713761,0.313065202612563,True,True,False,False,741.8233871459961,369.35337829589844,843.0701904296875,272.3259620666504,21.728488679849065,36.36022509578383,140.23278744748052,0.1796786697447349,683.7420883178711,232.35781860351562,254.2022476196289,434.2870178222656,810.8432121276855,449.50132751464844,503.2136688761822,0.16836642178798014,785.054945054945,410.8791208791209,46.44038720782139,0.06542482659960872,1.0,True
133,133,130,4433.333333333334,VALID_TARGET,HUMAN_ACCEPTED_TARGET: operator reviewed the raw skeleton and confirmed that it belongs to the documented athlete.,False,,,,,True,,127.0,133.0,ACCEPTED,True,TARGET_IDENTITY_UNCERTAIN,TARGET_OVERLAP_AMBIGUOUS: another detected person overlaps or is too close to the selected pose for automated identity acceptance.,True,7,3,0,True,2,0.09229540864918336,0.3110632396952276,True,True,False,False,776.2806701660156,369.49083709716797,864.4828720092773,280.9340057373047,34.4575571978597,23.078157384522658,124.98776256297552,0.09087350114384876,737.726806640625,234.237060546875,228.27426147460938,431.9083251953125,851.8639373779297,450.19122314453125,488.5221999303595,0.08757383016212711,798.9560439560439,409.72527472527474,66.60884451641202,0.09423041879758812,1.0,True
134,134,131,4466.666666666667,TARGET_IDENTITY_UNCERTAIN,TARGET_OVERLAP_AMBIGUOUS: another detected person overlaps or is too close to the selected pose for automated identity acceptance.,False,,,,,False,,,,NOT_REVIEWED,False,TARGET_IDENTITY_UNCERTAIN,TARGET_OVERLAP_AMBIGUOUS: another detected person overlaps or is too close to the selected pose for automated identity acceptance.,False,,3,0,True,2,0.1328192391184665,0.27805454032194704,True,True,False,False,824.4546279907227,368.39725494384766,921.4971618652344,279.8894500732422,48.186368761535796,57.023857676541056,131.34262409362364,0.0378804574573906,715.7152481079102,255.73567962646484,263.27413177490234,367.5059280395508,847.3523139953613,439.48864364624023,452.07728941635645,0.21724310995699994,812.8571428571429,408.57142857142856,46.32268364243528,0.06580710364007535,1.0,True
