source_frame_index,analysis_frame_index,timestamp_ms,frame_status,frame_rejection_reason,valid_segment_id,raw_pelvis_mid_x,raw_pelvis_mid_y,path_input_center_x,path_input_center_y,center_status,roi_center_x,roi_center_y,roi_x,roi_y,roi_width,roi_height,translation_camera_motion_status,translation_camera_motion_method,translation_background_dx_px,translation_background_dy_px,translation_background_feature_count,translation_camera_motion_residual_px,translation_affine_scale,translation_affine_inlier_fraction,affine_camera_motion_status,affine_camera_motion_method,affine_background_dx_px,affine_background_dy_px,affine_background_feature_count,affine_camera_motion_residual_px,affine_affine_scale,affine_affine_inlier_fraction,translation_raw_dx,translation_raw_dy,translation_compensated_dx,translation_compensated_dy,translation_compensated_x,translation_compensated_y,translation_projected_heading_deg,translation_normalized_projected_speed_per_s,translation_path_segment_id,translation_path_status,translation_path_rejection_reason,affine_raw_dx,affine_raw_dy,affine_compensated_dx,affine_compensated_dy,affine_compensated_x,affine_compensated_y,affine_projected_heading_deg,affine_normalized_projected_speed_per_s,affine_path_segment_id,affine_path_status,affine_path_rejection_reason,chosen_raw_dx,chosen_raw_dy,chosen_compensated_dx,chosen_compensated_dy,chosen_compensated_x,chosen_compensated_y,chosen_projected_heading_deg,chosen_normalized_projected_speed_per_s,chosen_path_segment_id,chosen_path_status,chosen_path_rejection_reason,chosen_path_validation_status,chosen_path_validation_reason
0,0,0.0,VALID_TARGET,HUMAN_ACCEPTED_TARGET: operator reviewed the raw skeleton and confirmed that it belongs to the documented athlete.,1.0,1337.3313026428225,383.278564453125,1331.7780494689941,386.87098693847656,SUPPORTED,1361.7857142857142,402.8571428571429,1196.7857142857142,171.42857142857142,330.0,462.8571428571429,INSUFFICIENT_EVIDENCE,translation_median_sparse_flow,0.0,0.0,0.0,,,,INSUFFICIENT_EVIDENCE,partial_affine_ransac_sparse_flow,0.0,0.0,0.0,,,,,,,,0.0,0.0,,,path_segment_001,SUPPORTED,,,,,,0.0,0.0,,,path_segment_001,SUPPORTED,,,,,,0.0,0.0,,,path_segment_001,SUPPORTED,,SUPPORTED,
1,1,33.333333333333336,VALID_TARGET,HUMAN_ACCEPTED_TARGET: operator reviewed the raw skeleton and confirmed that it belongs to the documented athlete.,1.0,1331.778049468994,386.87098693847656,1329.190595626831,389.53014755249023,SUPPORTED,1356.2499999999998,405.625,1192.3214285714284,174.4642857142857,327.85714285714283,462.3214285714286,SUPPORTED,translation_median_sparse_flow,0.0001220703125,5.340576171875e-05,203.0,0.01364460214972496,,,SUPPORTED,partial_affine_ransac_sparse_flow,-0.2209790409463811,0.09158344893498079,154.0,0.1960595929861884,1.0007941562012768,0.7586206896551724,-2.587453842163086,2.659160614013672,-2.587575912475586,2.659107208251953,-2.587575912475586,2.659107208251953,-134.21889937859552,1.0005124000808607,path_segment_001,SUPPORTED,,-2.587453842163086,2.659160614013672,-3.5574634824963596,2.719681417717993,-3.5574634824963596,2.719681417717993,-142.6020816054429,1.207517514784367,path_segment_001,SUPPORTED,,-2.587453842163086,2.659160614013672,-2.587575912475586,2.659107208251953,-2.587575912475586,2.659107208251953,-134.21889937859552,1.0005124000808607,path_segment_001,SUPPORTED,,SUPPORTED,
2,2,66.66666666666667,VALID_TARGET,HUMAN_ACCEPTED_TARGET: operator reviewed the raw skeleton and confirmed that it belongs to the documented athlete.,1.0,1326.603141784668,392.1893081665039,1326.603141784668,392.1893081665039,SUPPORTED,1350.7142857142858,408.39285714285717,1187.857142857143,177.5,325.7142857142857,461.78571428571433,SUPPORTED,translation_median_sparse_flow,0.00017547607421875,0.000125885009765625,212.0,0.016673555597662926,,,SUPPORTED,partial_affine_ransac_sparse_flow,0.059691058584910826,0.5103513428633734,174.0,0.4413395530898531,1.000299001629443,0.8207547169811321,-2.587453842163086,2.659160614013672,-2.5876293182373047,2.6590347290039062,-5.175205230712891,5.318141937255859,-134.22027100162447,1.000508436617194,path_segment_001,SUPPORTED,,-2.587453842163086,2.659160614013672,-3.515664021710336,3.643447801608147,-7.0731275042066954,6.36312921932614,-133.9774298698013,1.3652921642897247,path_segment_001,SUPPORTED,,-2.587453842163086,2.659160614013672,-2.5876293182373047,2.6590347290039062,-5.175205230712891,5.318141937255859,-134.22027100162447,1.000508436617194,path_segment_001,SUPPORTED,,SUPPORTED,
3,3,100.0,VALID_TARGET,HUMAN_ACCEPTED_TARGET: operator reviewed the raw skeleton and confirmed that it belongs to the documented athlete.,1.0,1323.0417175292969,394.14915466308594,1323.0417175292969,394.14915466308594,SUPPORTED,1345.1785714285713,411.1607142857143,1183.392857142857,180.53571428571428,323.57142857142856,461.25,SUPPORTED,translation_median_sparse_flow,0.0001068115234375,4.9591064453125e-05,214.0,0.011865880340337753,,,SUPPORTED,partial_affine_ransac_sparse_flow,0.010255740295520706,0.2993012757295956,163.0,0.2456821643106884,1.0002244676540701,0.7616822429906542,-3.5614242553710938,1.9598464965820312,-3.5615310668945312,1.9597969055175781,-8.736736297607422,7.2779388427734375,-151.17741446195507,1.0961930734492742,path_segment_001,SUPPORTED,,-3.5614242553710938,1.9598464965820312,-4.117588003140554,2.4127989836943016,-11.19071550734725,8.775928203020442,-149.63081171041497,1.286922058499662,path_segment_001,SUPPORTED,,-3.5614242553710938,1.9598464965820312,-3.5615310668945312,1.9597969055175781,-8.736736297607422,7.2779388427734375,-151.17741446195507,1.0961930734492742,path_segment_001,SUPPORTED,,SUPPORTED,
4,4,133.33333333333334,VALID_TARGET,HUMAN_ACCEPTED_TARGET: operator reviewed the raw skeleton and confirmed that it belongs to the documented athlete.,1.0,1316.1348114013672,398.38057708740234,1316.1348114013672,398.38057708740234,SUPPORTED,1339.642857142857,413.92857142857144,1178.9285714285713,183.57142857142856,321.4285714285714,460.7142857142857,SUPPORTED,translation_median_sparse_flow,3.0517578125e-05,0.0001220703125,209.0,0.011908643878996372,,,SUPPORTED,partial_affine_ransac_sparse_flow,-0.18617335523249795,0.4165285339063967,156.0,0.34705984806512735,1.0007238280979587,0.7464114832535885,-6.9069061279296875,4.231422424316406,-6.9069366455078125,4.231300354003906,-15.643672943115234,11.509239196777344,-148.50769501613752,2.184219236707724,path_segment_001,SUPPORTED,,-6.9069061279296875,4.231422424316406,-8.08741241013172,4.905183475234878,-19.27812791747897,13.68111167825532,-148.76231910222828,2.5506089144144624,path_segment_001,SUPPORTED,,-6.9069061279296875,4.231422424316406,-6.9069366455078125,4.231300354003906,-15.643672943115234,11.509239196777344,-148.50769501613752,2.184219236707724,path_segment_001,SUPPORTED,,SUPPORTED,
5,5,166.66666666666666,VALID_TARGET,HUMAN_ACCEPTED_TARGET: operator reviewed the raw skeleton and confirmed that it belongs to the documented athlete.,1.0,1310.6321907043457,402.5671157836914,1310.6321907043457,402.40921783447266,SUPPORTED,1334.107142857143,416.69642857142856,1174.4642857142858,186.60714285714286,319.2857142857143,460.17857142857144,SUPPORTED,translation_median_sparse_flow,0.00018310546875,5.340576171875e-05,218.0,0.014967959374189377,,,SUPPORTED,partial_affine_ransac_sparse_flow,0.09472814778531612,0.29826225196510514,176.0,0.38528686679969976,1.0003962244075135,0.8073394495412844,-5.502620697021484,4.0286407470703125,-5.502803802490234,4.028587341308594,-21.14647674560547,15.537826538085938,-143.79224570448255,1.8390229810872816,path_segment_001,SUPPORTED,,-5.502620697021484,4.0286407470703125,-6.308237267228606,4.198802751365577,-25.586365184707574,17.879914429620896,-146.3520121027596,2.0434228764420284,path_segment_001,SUPPORTED,,-5.502620697021484,4.0286407470703125,-5.502803802490234,4.028587341308594,-21.14647674560547,15.537826538085938,-143.79224570448255,1.8390229810872816,path_segment_001,SUPPORTED,,SUPPORTED,
6,6,200.0,VALID_TARGET,HUMAN_ACCEPTED_TARGET: operator reviewed the raw skeleton and confirmed that it belongs to the documented athlete.,1.0,1304.6473846435547,406.30995178222656,1304.6473846435547,405.20047760009766,SUPPORTED,1328.5714285714284,419.4642857142857,1170.0,189.64285714285714,317.1428571428571,459.64285714285717,SUPPORTED,translation_median_sparse_flow,9.1552734375e-05,0.000110626220703125,224.0,1.0043399333953857,,,SUPPORTED,partial_affine_ransac_sparse_flow,0.2418953480659278,0.41718552778312207,182.0,0.418241288096715,0.9999147679618847,0.8125,-5.984806060791016,2.791259765625,-5.984897613525391,2.791149139404297,-27.13137435913086,18.328975677490234,-154.99728282696694,1.7807497730154165,path_segment_001,SUPPORTED,,-5.984806060791016,2.791259765625,-6.35424443822285,3.188431073688662,-31.940609622930424,21.06834550330956,-153.3534299874212,1.917082064723416,path_segment_001,SUPPORTED,,-5.984806060791016,2.791259765625,-5.984897613525391,2.791149139404297,-27.13137435913086,18.328975677490234,-154.99728282696694,1.7807497730154165,path_segment_001,SUPPORTED,,SUPPORTED,
7,7,233.33333333333337,VALID_TARGET,HUMAN_ACCEPTED_TARGET: operator reviewed the raw skeleton and confirmed that it belongs to the documented athlete.,1.0,1299.4417915344238,405.0425796508789,1299.4417915344238,406.30995178222656,SUPPORTED,1323.0357142857142,422.2321428571429,1165.5357142857142,192.67857142857142,314.99999999999994,459.1071428571429,SUPPORTED,translation_median_sparse_flow,0.000213623046875,0.0,218.0,0.043157823383808136,,,SUPPORTED,partial_affine_ransac_sparse_flow,0.19034102976464237,0.4806738737421286,167.0,0.31576705215864975,0.999673038765903,0.7660550458715596,-5.205593109130859,1.1094741821289062,-5.205806732177734,1.1094741821289062,-32.337181091308594,19.43844985961914,-167.9689832009726,1.4353108419302112,path_segment_001,SUPPORTED,,-5.205593109130859,1.1094741821289062,-5.320151595318521,1.89246429276875,-37.260761218248945,22.96080979607831,-160.41870158405692,1.5226793092637296,path_segment_001,SUPPORTED,,-5.205593109130859,1.1094741821289062,-5.205806732177734,1.1094741821289062,-32.337181091308594,19.43844985961914,-167.9689832009726,1.4353108419302112,path_segment_001,SUPPORTED,,SUPPORTED,
8,8,266.6666666666667,VALID_TARGET,HUMAN_ACCEPTED_TARGET: operator reviewed the raw skeleton and confirmed that it belongs to the documented athlete.,1.0,1293.1019096374512,408.65731048583984,1293.1019096374512,408.65731048583984,SUPPORTED,1317.5,425.0,1161.0714285714287,195.71428571428572,312.85714285714283,458.5714285714286,SUPPORTED,translation_median_sparse_flow,0.0001373291015625,0.0,214.0,0.007346580270677805,,,SUPPORTED,partial_affine_ransac_sparse_flow,0.3440612981140024,0.5472398296504394,171.0,0.43212844399877876,0.9991684513018352,0.7990654205607477,-6.339881896972656,2.3473587036132812,-6.340019226074219,2.3473587036132812,-38.67720031738281,21.785808563232422,-159.68319376067865,1.8230500259728741,path_segment_001,SUPPORTED,,-6.339881896972656,2.3473587036132812,-6.1867500683511025,4.0083754552059645,-43.44751128660005,26.969185251284273,-147.06092780257293,1.9878512599904907,path_segment_001,SUPPORTED,,-6.339881896972656,2.3473587036132812,-6.340019226074219,2.3473587036132812,-38.67720031738281,21.785808563232422,-159.68319376067865,1.8230500259728741,path_segment_001,SUPPORTED,,SUPPORTED,
9,9,300.0,VALID_TARGET,HUMAN_ACCEPTED_TARGET: operator reviewed the raw skeleton and confirmed that it belongs to the documented athlete.,1.0,1287.1210479736328,409.6642227172851,1287.1210479736328,409.66422271728516,SUPPORTED,1311.9642857142858,427.76785714285717,1156.607142857143,198.75,310.71428571428567,458.03571428571433,SUPPORTED,translation_median_sparse_flow,0.000518798828125,3.4332275390625e-05,228.0,1.6730198860168457,,,SUPPORTED,partial_affine_ransac_sparse_flow,0.3949464376964578,0.510743449777488,175.0,0.39083420736860774,0.9991848366179787,0.7675438596491229,-5.980861663818359,1.0069122314453125,-5.981380462646484,1.0068778991699219,-44.6585807800293,22.792686462402344,-170.4446773714105,1.635616170359694,path_segment_001,SUPPORTED,,-5.980861663818359,1.0069122314453125,-5.811503730378718,2.382350180692015,-49.259015016978765,29.351535431976288,-157.70946297516196,1.693679392950683,path_segment_001,SUPPORTED,,-5.980861663818359,1.0069122314453125,-5.981380462646484,1.0068778991699219,-44.6585807800293,22.792686462402344,-170.4446773714105,1.635616170359694,path_segment_001,SUPPORTED,,SUPPORTED,
10,10,333.3333333333333,VALID_TARGET,HUMAN_ACCEPTED_TARGET: operator reviewed the raw skeleton and confirmed that it belongs to the documented athlete.,1.0,1277.3507118225098,412.8417053222656,1277.3507118225098,412.8417053222656,SUPPORTED,1306.4285714285713,430.5357142857143,1152.142857142857,201.78571428571428,308.5714285714285,457.5,SUPPORTED,translation_median_sparse_flow,0.0002288818359375,-5.340576171875e-05,215.0,0.04399872571229935,,,SUPPORTED,partial_affine_ransac_sparse_flow,0.46806172875069885,0.49617798913344574,166.0,0.45443872546007974,0.9990177156152088,0.772093023255814,-9.770336151123047,3.1774826049804688,-9.770565032958984,3.1775360107421875,-54.42914581298828,25.97022247314453,-161.98468831832756,2.7705332150219704,path_segment_001,SUPPORTED,,-9.770336151123047,3.1774826049804688,-9.53245327116747,4.842222420812618,-58.791468288146234,34.193757852788906,-153.07069102366248,2.8831250416289205,path_segment_001,SUPPORTED,,-9.770336151123047,3.1774826049804688,-9.770565032958984,3.1775360107421875,-54.42914581298828,25.97022247314453,-161.98468831832756,2.7705332150219704,path_segment_001,SUPPORTED,,SUPPORTED,
11,11,366.66666666666663,VALID_TARGET,HUMAN_ACCEPTED_TARGET: operator reviewed the raw skeleton and confirmed that it belongs to the documented athlete.,1.0,1274.6214981079102,418.0441207885742,1274.6214981079102,418.0441207885742,SUPPORTED,1300.8928571428573,433.30357142857144,1147.6785714285716,204.82142857142856,306.4285714285714,456.9642857142857,SUPPORTED,translation_median_sparse_flow,0.00030517578125,-3.814697265625e-05,209.0,0.008464519865810871,,,SUPPORTED,partial_affine_ransac_sparse_flow,0.40763190549145356,0.35682974336912543,173.0,0.34353937528312123,0.9992117827151719,0.8277511961722488,-2.7292137145996094,5.202415466308594,-2.7295188903808594,5.20245361328125,-57.15866470336914,31.17267608642578,-117.68419563507703,1.584240940547282,path_segment_001,SUPPORTED,,-2.7292137145996094,5.202415466308594,-2.4986268024526908,6.313240017448891,-61.290095090598925,40.5069978702378,-111.59245410418502,1.8308947526558748,path_segment_001,SUPPORTED,,-2.7292137145996094,5.202415466308594,-2.7295188903808594,5.20245361328125,-57.15866470336914,31.17267608642578,-117.68419563507703,1.584240940547282,path_segment_001,SUPPORTED,,SUPPORTED,
12,12,400.0,VALID_TARGET,HUMAN_ACCEPTED_TARGET: operator reviewed the raw skeleton and confirmed that it belongs to the documented athlete.,1.0,1267.91402053833,421.0204315185547,1267.91402053833,420.34127044677734,SUPPORTED,1295.357142857143,436.07142857142856,1143.2142857142858,207.85714285714286,304.2857142857142,456.42857142857144,SUPPORTED,translation_median_sparse_flow,5.340576171875e-05,-3.0517578125e-05,222.0,0.4326895475387573,,,SUPPORTED,partial_affine_ransac_sparse_flow,0.45750534752001193,0.35995438033459315,182.0,0.37928709234943,0.9989565553497167,0.8198198198198198,-6.707477569580078,2.297149658203125,-6.707530975341797,2.29718017578125,-63.86619567871094,33.46985626220703,-161.09480850567292,1.91186894791666,path_segment_001,SUPPORTED,,-6.707477569580078,2.297149658203125,-6.257357418442325,3.6634229424405476,-67.54745250904125,44.170420812678344,-149.65279872076573,1.9552518382617894,path_segment_001,SUPPORTED,,-6.707477569580078,2.297149658203125,-6.707530975341797,2.29718017578125,-63.86619567871094,33.46985626220703,-161.09480850567292,1.91186894791666,path_segment_001,SUPPORTED,,SUPPORTED,
13,13,433.33333333333337,VALID_TARGET,HUMAN_ACCEPTED_TARGET: operator reviewed the raw skeleton and confirmed that it belongs to the documented athlete.,1.0,1258.9536972045898,421.3256759643554,1258.9536972045898,422.0048370361328,SUPPORTED,1288.4693877551022,440.2040816326531,1141.9897959183675,211.22448979591837,292.95918367346934,457.9591836734694,SUPPORTED,translation_median_sparse_flow,0.0,-3.0517578125e-05,204.0,0.0030762169044464827,,,SUPPORTED,partial_affine_ransac_sparse_flow,0.5011263418102352,0.293194402751979,174.0,0.29455410863017994,0.998950463692002,0.8529411764705882,-8.960323333740234,1.6635665893554688,-8.960323333740234,1.6635971069335938,-72.82651901245117,35.133453369140625,-169.48207724172636,2.4575085580560674,path_segment_001,SUPPORTED,,-8.960323333740234,1.6635665893554688,-8.368908647091757,2.530665521842309,-75.91636115613301,46.70108633452065,-163.1752633300815,2.357658268934152,path_segment_001,SUPPORTED,,-8.960323333740234,1.6635665893554688,-8.960323333740234,1.6635971069335938,-72.82651901245117,35.133453369140625,-169.48207724172636,2.4575085580560674,path_segment_001,SUPPORTED,,SUPPORTED,
14,14,466.6666666666667,VALID_TARGET,HUMAN_ACCEPTED_TARGET: operator reviewed the raw skeleton and confirmed that it belongs to the documented athlete.,1.0,1253.680820465088,425.9532470703125,1253.680820465088,425.9532470703125,SUPPORTED,1281.5816326530612,444.3367346938776,1140.765306122449,214.59183673469389,281.63265306122446,459.48979591836735,SUPPORTED,translation_median_sparse_flow,0.0,-1.52587890625e-05,191.0,0.001648231758736074,,,SUPPORTED,partial_affine_ransac_sparse_flow,0.3774011802797704,0.36731776628653084,159.0,0.28379737593366017,0.9990506293282727,0.8324607329842932,-5.272876739501953,3.9484100341796875,-5.272876739501953,3.94842529296875,-78.09939575195312,39.081878662109375,-143.17346812225668,1.7763296944911378,path_segment_001,SUPPORTED,,-5.272876739501953,3.9484100341796875,-4.8046900362760425,5.026197715773151,-80.72105119240905,51.727284050293804,-133.70924087466125,1.8749955134434801,path_segment_001,SUPPORTED,,-5.272876739501953,3.9484100341796875,-5.272876739501953,3.94842529296875,-78.09939575195312,39.081878662109375,-143.17346812225668,1.7763296944911378,path_segment_001,SUPPORTED,,SUPPORTED,
15,15,500.0,VALID_TARGET,HUMAN_ACCEPTED_TARGET: operator reviewed the raw skeleton and confirmed that it belongs to the documented athlete.,1.0,1247.6849403381348,432.1300354003906,1247.6849403381348,432.1300354003906,SUPPORTED,1274.6938775510205,448.46938775510205,1139.5408163265306,217.9591836734694,270.3061224489796,461.0204081632653,SUPPORTED,translation_median_sparse_flow,0.0,-5.7220458984375e-05,214.0,0.04606328159570694,,,SUPPORTED,partial_affine_ransac_sparse_flow,0.4844837985375548,0.26991703276737006,176.0,0.30443922305749954,0.9988049836206386,0.822429906542056,-5.995880126953125,6.176788330078125,-5.995880126953125,6.176845550537109,-84.09527587890625,45.258724212646484,-134.14827693260136,2.3213097917977237,path_segment_001,SUPPORTED,,-5.995880126953125,6.176788330078125,-5.218623845239108,7.112394611845502,-85.93967503764816,58.839678662139306,-126.26885801771711,2.378802730296603,path_segment_001,SUPPORTED,,-5.995880126953125,6.176788330078125,-5.995880126953125,6.176845550537109,-84.09527587890625,45.258724212646484,-134.14827693260136,2.3213097917977237,path_segment_001,SUPPORTED,,SUPPORTED,
16,16,533.3333333333334,VALID_TARGET,HUMAN_ACCEPTED_TARGET: operator reviewed the raw skeleton and confirmed that it belongs to the documented athlete.,1.0,1239.3046836853027,436.605842590332,1239.3046836853027,436.60584259033203,SUPPORTED,1267.8061224489797,452.6020408163265,1138.3163265306123,221.32653061224488,258.9795918367347,462.55102040816325,SUPPORTED,translation_median_sparse_flow,0.0,-0.0001373291015625,199.0,0.009790817275643349,,,SUPPORTED,partial_affine_ransac_sparse_flow,0.3663987386513521,0.17465399629516304,165.0,0.2370636623523047,0.9990049451140698,0.8291457286432161,-8.380256652832031,4.475807189941406,-8.380256652832031,4.475944519042969,-92.47553253173828,49.73466873168945,-151.89306191263017,2.561926312761535,path_segment_001,SUPPORTED,,-8.380256652832031,4.475807189941406,-7.664490077812616,5.1915099935233116,-93.60416511546077,64.03118865566262,-145.88841676888885,2.496278415818289,path_segment_001,SUPPORTED,,-8.380256652832031,4.475807189941406,-8.380256652832031,4.475944519042969,-92.47553253173828,49.73466873168945,-151.89306191263017,2.561926312761535,path_segment_001,SUPPORTED,,SUPPORTED,
17,17,566.6666666666666,VALID_TARGET,HUMAN_ACCEPTED_TARGET: operator reviewed the raw skeleton and confirmed that it belongs to the documented athlete.,1.0,1233.4112510681152,443.6047592163086,1233.4112510681152,443.6047592163086,SUPPORTED,1260.9183673469388,456.73469387755097,1137.091836734694,224.6938775510204,247.65306122448976,464.0816326530612,SUPPORTED,translation_median_sparse_flow,-0.000213623046875,-2.6702880859375e-05,208.0,0.00693491380661726,,,SUPPORTED,partial_affine_ransac_sparse_flow,0.34225993258762605,0.14365178704698064,173.0,0.22091628051599488,0.9990584374653765,0.8317307692307693,-5.8934326171875,6.9989166259765625,-5.893218994140625,6.998943328857422,-98.3687515258789,56.733612060546875,-130.0978993606999,2.467257836985522,path_segment_001,SUPPORTED,,-5.8934326171875,6.9989166259765625,-5.201334223992717,7.64270961928969,-98.80549933945349,71.67389827495231,-124.23769709935738,2.4929073809065443,path_segment_001,SUPPORTED,,-5.8934326171875,6.9989166259765625,-5.893218994140625,6.998943328857422,-98.3687515258789,56.733612060546875,-130.0978993606999,2.467257836985522,path_segment_001,SUPPORTED,,SUPPORTED,
18,18,600.0,VALID_TARGET,HUMAN_ACCEPTED_TARGET: operator reviewed the raw skeleton and confirmed that it belongs to the documented athlete.,1.0,1225.5143203735352,447.64156341552734,1225.5143203735352,447.64156341552734,SUPPORTED,1254.0306122448978,460.8673469387755,1135.8673469387754,228.0612244897959,236.32653061224488,465.61224489795916,SUPPORTED,translation_median_sparse_flow,-9.918212890625e-05,0.0,176.0,0.0027047214098274708,,,SUPPORTED,partial_affine_ransac_sparse_flow,0.3492843001462825,0.18607152440684555,147.0,0.19627169003530698,0.9989531995803846,0.8352272727272727,-7.896930694580078,4.03680419921875,-7.896831512451172,4.03680419921875,-106.26558303833008,60.770416259765625,-152.92420436661592,2.3915390646618087,path_segment_001,SUPPORTED,,-7.896930694580078,4.03680419921875,-7.0267250071467515,4.51435389008293,-105.83222434660024,76.18825216503524,-147.28108433289182,2.252151661806405,path_segment_001,SUPPORTED,,-7.896930694580078,4.03680419921875,-7.896831512451172,4.03680419921875,-106.26558303833008,60.770416259765625,-152.92420436661592,2.3915390646618087,path_segment_001,SUPPORTED,,SUPPORTED,
19,19,633.3333333333333,VALID_TARGET,HUMAN_ACCEPTED_TARGET: operator reviewed the raw skeleton and confirmed that it belongs to the documented athlete.,1.0,1221.4644737243652,455.14839935302734,1221.4644737243652,455.14839935302734,SUPPORTED,1247.142857142857,465.0,1134.642857142857,231.42857142857142,225.0,467.1428571428571,SUPPORTED,translation_median_sparse_flow,-0.0001983642578125,-4.1961669921875e-05,220.0,0.7241092324256897,,,SUPPORTED,partial_affine_ransac_sparse_flow,0.29462149359670353,0.08272285808902809,193.0,0.18244358921130896,0.9991517558915051,0.8772727272727273,-4.049846649169922,7.5068359375,-4.049648284912109,7.506877899169922,-110.31523132324219,68.27729415893555,-118.34501497949316,2.3000503104313816,path_segment_001,SUPPORTED,,-4.049846649169922,7.5068359375,-3.3542701654876055,7.938916978913255,-109.18649451208785,84.12716914394849,-112.9045338870927,2.3240261449189696,path_segment_001,SUPPORTED,,-4.049846649169922,7.5068359375,-4.049648284912109,7.506877899169922,-110.31523132324219,68.27729415893555,-118.34501497949316,2.3000503104313816,path_segment_001,SUPPORTED,,SUPPORTED,
20,20,666.6666666666666,VALID_TARGET,HUMAN_ACCEPTED_TARGET: operator reviewed the raw skeleton and confirmed that it belongs to the documented athlete.,1.0,1213.870677947998,464.607048034668,1213.870677947998,464.60704803466797,SUPPORTED,1241.4285714285713,471.9047619047619,1129.8809523809523,242.38095238095238,223.0952380952381,459.04761904761904,SUPPORTED,translation_median_sparse_flow,-9.1552734375e-05,-3.0517578125e-05,189.0,0.0007987214485183358,,,SUPPORTED,partial_affine_ransac_sparse_flow,0.2867525733532573,0.07588051741669305,166.0,0.15231834760107815,0.9991311008117183,0.8783068783068783,-7.5937957763671875,9.458648681640625,-7.5937042236328125,9.45867919921875,-117.908935546875,77.7359733581543,-128.7585154989293,3.2708777150995094,path_segment_001,SUPPORTED,,-7.5937957763671875,9.458648681640625,-6.789927555509166,9.699646013611698,-115.97642206759701,93.82681515756019,-124.99271533908215,3.192750540730621,path_segment_001,SUPPORTED,,-7.5937957763671875,9.458648681640625,-7.5937042236328125,9.45867919921875,-117.908935546875,77.7359733581543,-128.7585154989293,3.2708777150995094,path_segment_001,SUPPORTED,,SUPPORTED,
21,21,700.0,VALID_TARGET,HUMAN_ACCEPTED_TARGET: operator reviewed the raw skeleton and confirmed that it belongs to the documented athlete.,1.0,1207.4413108825684,467.75418853759766,1207.4413108825684,467.75418853759766,SUPPORTED,1235.7142857142856,478.8095238095238,1125.1190476190475,253.33333333333331,221.1904761904762,450.95238095238096,SUPPORTED,translation_median_sparse_flow,-0.000152587890625,-7.62939453125e-05,219.0,0.4750634431838989,,,SUPPORTED,partial_affine_ransac_sparse_flow,0.2353167122594056,0.033003292078709674,198.0,0.14527217685722205,0.9993385082534595,0.9041095890410958,-6.4293670654296875,3.1471405029296875,-6.4292144775390625,3.147216796875,-124.33815002441406,80.8831901550293,-153.9174156596391,1.9302602854806459,path_segment_001,SUPPORTED,,-6.4293670654296875,3.1471405029296875,-5.850130692964967,3.3911972206270207,-121.82655276056198,97.21801237818721,-149.90003612522625,1.8234151711604754,path_segment_001,SUPPORTED,,-6.4293670654296875,3.1471405029296875,-6.4292144775390625,3.147216796875,-124.33815002441406,80.8831901550293,-153.9174156596391,1.9302602854806459,path_segment_001,SUPPORTED,,SUPPORTED,
22,22,733.3333333333333,VALID_TARGET,HUMAN_ACCEPTED_TARGET: operator reviewed the raw skeleton and confirmed that it belongs to the documented athlete.,1.0,1196.7286491394043,469.68641662597656,1196.7286491394043,469.68641662597656,SUPPORTED,1230.0,485.71428571428567,1120.357142857143,264.2857142857143,219.2857142857143,442.85714285714283,SUPPORTED,translation_median_sparse_flow,-6.103515625e-05,-3.0517578125e-05,182.0,0.0014224454062059522,,,SUPPORTED,partial_affine_ransac_sparse_flow,0.2772217361050548,-0.001932223258047105,160.0,0.12936488787715658,0.9994443293742937,0.8791208791208791,-10.712661743164062,1.9322280883789062,-10.712600708007812,1.9322586059570312,-135.05075073242188,82.81544876098633,-169.7753545650169,2.9353468636305844,path_segment_001,SUPPORTED,,-10.712661743164062,1.9322280883789062,-10.213129089403083,1.9210235487211094,-132.03968184996506,99.13903592690832,-169.3474961925935,2.802339923655223,path_segment_001,SUPPORTED,,-10.712661743164062,1.9322280883789062,-10.712600708007812,1.9322586059570312,-135.05075073242188,82.81544876098633,-169.7753545650169,2.9353468636305844,path_segment_001,SUPPORTED,,SUPPORTED,
23,23,766.6666666666667,VALID_TARGET,HUMAN_ACCEPTED_TARGET: operator reviewed the raw skeleton and confirmed that it belongs to the documented athlete.,1.0,1189.154203414917,472.6707305908203,1189.7327785491943,472.6707305908203,SUPPORTED,1224.2857142857142,492.6190476190476,1115.595238095238,275.23809523809524,217.3809523809524,434.76190476190476,SUPPORTED,translation_median_sparse_flow,-0.00018310546875,-0.0001068115234375,231.0,0.36114704608917236,,,SUPPORTED,partial_affine_ransac_sparse_flow,0.18397517929531196,0.008787430990434287,212.0,0.10918710759947385,0.999518595630262,0.9177489177489178,-6.995870590209961,2.98431396484375,-6.995687484741211,2.9844207763671875,-142.0464382171631,85.79986953735352,-156.89648549081429,2.0509283481102467,path_segment_001,SUPPORTED,,-6.995870590209961,2.98431396484375,-6.564245901537106,3.10103162510768,-138.60392775150217,102.240067552016,-154.71336550502022,1.957677549699075,path_segment_001,SUPPORTED,,-6.995870590209961,2.98431396484375,-6.995687484741211,2.9844207763671875,-142.0464382171631,85.79986953735352,-156.89648549081429,2.0509283481102467,path_segment_001,SUPPORTED,,SUPPORTED,
24,24,800.0,VALID_TARGET,HUMAN_ACCEPTED_TARGET: operator reviewed the raw skeleton and confirmed that it belongs to the documented athlete.,1.0,1187.453556060791,473.5669021606446,1187.453556060791,473.56690216064453,SUPPORTED,1218.5714285714284,499.5238095238095,1110.8333333333333,286.1904761904762,215.47619047619048,426.6666666666667,SUPPORTED,translation_median_sparse_flow,-0.0001068115234375,-9.1552734375e-05,200.0,0.0012216379400342703,,,SUPPORTED,partial_affine_ransac_sparse_flow,0.14932583174817168,-0.02303470359939232,184.0,0.09558709549882934,0.9996104934260529,0.92,-2.2792224884033203,0.8961715698242188,-2.279115676879883,0.8962631225585938,-144.32555389404297,86.69613265991211,-158.5327475053806,0.660393896187528,path_segment_001,SUPPORTED,,-2.2792224884033203,0.8961715698242188,-1.9144669133352181,0.9757892480449186,-140.5183946648374,103.21585680006092,-152.99240619441213,0.5794401619355789,path_segment_001,SUPPORTED,,-2.2792224884033203,0.8961715698242188,-2.279115676879883,0.8962631225585938,-144.32555389404297,86.69613265991211,-158.5327475053806,0.660393896187528,path_segment_001,SUPPORTED,,SUPPORTED,
25,25,833.3333333333334,VALID_TARGET,HUMAN_ACCEPTED_TARGET: operator reviewed the raw skeleton and confirmed that it belongs to the documented athlete.,1.0,1186.910623550415,476.64085388183594,1186.3320484161377,476.64085388183594,SUPPORTED,1212.8571428571427,506.42857142857144,1106.0714285714284,297.1428571428571,213.57142857142858,418.5714285714286,SUPPORTED,translation_median_sparse_flow,-0.00017547607421875,-0.00019073486328125,224.0,0.08300908654928207,,,SUPPORTED,partial_affine_ransac_sparse_flow,0.11401504864639272,-0.008325834095141113,211.0,0.07434720926258377,0.9997193901567483,0.9419642857142857,-1.1215076446533203,3.0739517211914062,-1.1213321685791016,3.0741424560546875,-145.44688606262207,89.7702751159668,-110.04007786515507,0.8823911443701083,path_segment_001,SUPPORTED,,-1.1215076446533203,3.0739517211914062,-0.8543912872999044,3.095024295630253,-141.3727859521373,106.31088109569117,-105.4323361203795,0.8658126295407695,path_segment_001,SUPPORTED,,-1.1215076446533203,3.0739517211914062,-1.1213321685791016,3.0741424560546875,-145.44688606262207,89.7702751159668,-110.04007786515507,0.8823911443701083,path_segment_001,SUPPORTED,,SUPPORTED,
26,26,866.6666666666667,VALID_TARGET,HUMAN_ACCEPTED_TARGET: operator reviewed the raw skeleton and confirmed that it belongs to the documented athlete.,1.0,1179.5295715332031,480.5754165649414,1179.5295715332031,480.5754165649414,SUPPORTED,1207.142857142857,513.3333333333333,1101.3095238095239,308.0952380952381,211.66666666666669,410.4761904761905,SUPPORTED,translation_median_sparse_flow,-4.57763671875e-05,-3.814697265625e-05,204.0,0.0032226713374257088,,,SUPPORTED,partial_affine_ransac_sparse_flow,0.1075076995351784,-0.006734989310356527,189.0,0.05478766773474954,0.9997712024719809,0.9264705882352942,-6.80247688293457,3.9345626831054688,-6.802431106567383,3.934600830078125,-152.24931716918945,93.70487594604492,-149.9544403255838,2.11907029172253,path_segment_001,SUPPORTED,,-6.80247688293457,3.9345626831054688,-6.5747466854661525,3.891568013273343,-147.94753263760344,110.20244910896452,-149.37886857485105,2.060217452615606,path_segment_001,SUPPORTED,,-6.80247688293457,3.9345626831054688,-6.802431106567383,3.934600830078125,-152.24931716918945,93.70487594604492,-149.9544403255838,2.11907029172253,path_segment_001,SUPPORTED,,SUPPORTED,
27,27,900.0,VALID_TARGET,,1.0,1174.8766059875488,484.3841781616211,1174.8766059875488,484.3841781616211,SUPPORTED,1201.4285714285713,520.2380952380952,1096.547619047619,319.04761904761904,209.7619047619048,402.3809523809524,SUPPORTED,translation_median_sparse_flow,-6.103515625e-05,-5.340576171875e-05,199.0,0.001697587431408465,,,SUPPORTED,partial_affine_ransac_sparse_flow,0.13382869136318548,-0.00023490887871328888,184.0,0.06738846255090253,0.9997446414754805,0.9246231155778895,-4.652965545654297,3.8087615966796875,-4.652904510498047,3.8088150024414062,-156.9022216796875,97.51369094848633,-140.69663182077971,1.6214591968923555,path_segment_001,SUPPORTED,,-4.652965545654297,3.8087615966796875,-4.409910578925519,3.7460057804026974,-152.35744321652896,113.94845488936721,-139.65370849355017,1.5602858320416468,path_segment_001,SUPPORTED,,-4.652965545654297,3.8087615966796875,-4.652904510498047,3.8088150024414062,-156.9022216796875,97.51369094848633,-140.69663182077971,1.6214591968923555,path_segment_001,SUPPORTED,,SUPPORTED,
28,28,933.3333333333334,VALID_TARGET,,1.0,1165.8188400268557,489.5452346801758,1165.8188400268555,489.5452346801758,SUPPORTED,1195.7142857142858,527.1428571428571,1091.7857142857142,330.0,207.8571428571429,394.28571428571433,SUPPORTED,translation_median_sparse_flow,-0.0002288818359375,0.000476837158203125,234.0,0.10575616359710693,,,SUPPORTED,partial_affine_ransac_sparse_flow,0.04821001374259776,0.016111400696688042,211.0,0.07918448120764583,0.9998862333835625,0.9017094017094017,-9.05776596069336,5.1610565185546875,-9.057537078857422,5.160579681396484,-165.95975875854492,102.67427062988281,-150.32744342936255,2.81104781669564,path_segment_001,SUPPORTED,,-9.05776596069336,5.1610565185546875,-8.91842828806466,5.069371812714792,-161.27587150459362,119.017826702082,-150.38543396197673,2.766280973486069,path_segment_001,SUPPORTED,,-9.05776596069336,5.1610565185546875,-9.057537078857422,5.160579681396484,-165.95975875854492,102.67427062988281,-150.32744342936255,2.81104781669564,path_segment_001,SUPPORTED,,SUPPORTED,
29,29,966.6666666666666,VALID_TARGET,,1.0,1160.3441467285156,495.5996856689453,1163.4622840881348,494.2516098022461,SUPPORTED,1196.4795918367345,528.5204081632653,1088.112244897959,333.0612244897959,216.73469387755105,390.9183673469388,SUPPORTED,translation_median_sparse_flow,-6.103515625e-05,0.0027008056640625,228.0,0.0868200808763504,,,SUPPORTED,partial_affine_ransac_sparse_flow,0.04500654559928258,-0.01108204234740988,206.0,0.08241214356239837,0.9999519926041447,0.9035087719298246,-2.356555938720703,4.7063751220703125,-2.356494903564453,4.70367431640625,-168.31625366210938,107.37794494628906,-116.61042224898047,1.4186545426011896,path_segment_001,SUPPORTED,,-2.356555938720703,4.7063751220703125,-2.262916913863819,4.544114302739956,-163.53878841845744,123.56194100482196,-116.472779154098,1.3688867875939599,path_segment_001,SUPPORTED,,-2.356555938720703,4.7063751220703125,-2.356494903564453,4.70367431640625,-168.31625366210938,107.37794494628906,-116.61042224898047,1.4186545426011896,path_segment_001,SUPPORTED,,SUPPORTED,
30,30,1000.0,VALID_TARGET,,1.0,1149.0773639678955,494.4336624145508,1160.3441467285156,495.78173828125,SUPPORTED,1197.2448979591836,529.8979591836735,1084.438775510204,336.12244897959187,225.61224489795921,387.5510204081633,SUPPORTED,translation_median_sparse_flow,-3.0517578125e-05,0.01544189453125,232.0,0.09425050020217896,,,SUPPORTED,partial_affine_ransac_sparse_flow,0.06812100695350896,0.01575178358546272,209.0,0.09923171397265593,0.9999503030426834,0.9008620689655172,-3.1181373596191406,1.5301284790039062,-3.1181068420410156,1.5146865844726562,-171.4343605041504,108.89263153076172,-154.09085235712928,0.9347767106861986,path_segment_001,SUPPORTED,,-3.1181373596191406,1.5301284790039062,-3.04079321272593,1.3326759427565662,-166.57958163118337,124.89461694757853,-156.33380031803443,0.8952644082872688,path_segment_001,SUPPORTED,,-3.1181373596191406,1.5301284790039062,-3.1181068420410156,1.5146865844726562,-171.4343605041504,108.89263153076172,-154.09085235712928,0.9347767106861986,path_segment_001,SUPPORTED,,SUPPORTED,
31,31,1033.3333333333337,VALID_TARGET,,1.0,1163.517328262329,506.8854675292969,1156.116771697998,501.0398712158203,SUPPORTED,1198.0102040816325,531.2755102040817,1080.765306122449,339.18367346938777,234.48979591836735,384.18367346938777,SUPPORTED,translation_median_sparse_flow,-3.0517578125e-05,0.0989990234375,241.0,0.0998629555106163,,,SUPPORTED,partial_affine_ransac_sparse_flow,0.049555998171938155,0.012153521656373394,216.0,0.10938172418542605,1.0000505500499957,0.8962655601659751,-4.227375030517578,5.2581329345703125,-4.227344512939453,5.1591339111328125,-175.66170501708984,114.05176544189453,-129.33085982053805,1.7985782975071123,path_segment_001,SUPPORTED,,-4.227375030517578,5.2581329345703125,-4.256776674307503,5.036509068464511,-170.83635830549088,129.93112601604304,-130.20395866605463,1.7782379020366645,path_segment_001,SUPPORTED,,-4.227375030517578,5.2581329345703125,-4.227344512939453,5.1591339111328125,-175.66170501708984,114.05176544189453,-129.33085982053805,1.7985782975071123,path_segment_001,SUPPORTED,,SUPPORTED,
32,32,1066.6666666666667,VALID_TARGET,,1.0,1152.282009124756,509.5888900756836,1152.2820091247559,506.8854675292969,SUPPORTED,1198.7755102040817,532.6530612244898,1077.091836734694,342.2448979591837,243.3673469387755,380.81632653061223,SUPPORTED,translation_median_sparse_flow,0.0,0.01656341552734375,232.0,0.09393610060214996,,,SUPPORTED,partial_affine_ransac_sparse_flow,0.05090993850262997,0.04031258339168558,214.0,0.1304686319731309,1.0000160601928139,0.9224137931034483,-3.8347625732421875,5.8455963134765625,-3.8347625732421875,5.829032897949219,-179.49646759033203,119.88079833984375,-123.33983273052846,1.8814863553317176,path_segment_001,SUPPORTED,,-3.8347625732421875,5.8455963134765625,-3.8180155028221634,5.598326509552578,-174.65437380831304,135.52945252559562,-124.29368623360197,1.8272843541938302,path_segment_001,SUPPORTED,,-3.8347625732421875,5.8455963134765625,-3.8347625732421875,5.829032897949219,-179.49646759033203,119.88079833984375,-123.33983273052846,1.8814863553317176,path_segment_001,SUPPORTED,,SUPPORTED,
33,33,1100.0,VALID_TARGET,,1.0,1147.8133926391602,501.0398712158203,1142.2375259399414,509.4878387451172,SUPPORTED,1199.5408163265306,534.030612244898,1073.4183673469388,345.3061224489796,252.24489795918367,377.4489795918367,SUPPORTED,translation_median_sparse_flow,0.0,0.003070831298828125,242.0,0.057784873992204666,,,SUPPORTED,partial_affine_ransac_sparse_flow,0.04611987395007117,0.04355784988882466,226.0,0.11381861633016746,1.0000886657490557,0.9338842975206612,-10.044483184814453,2.6023712158203125,-10.044483184814453,2.5993003845214844,-189.54095077514648,122.48009872436523,-165.49133665944962,2.7977910214781425,path_segment_001,SUPPORTED,,-10.044483184814453,2.6023712158203125,-10.167950945679422,2.4574513045662343,-184.82232475399246,137.98690383016185,-166.41296266921088,2.8208053824065766,path_segment_001,SUPPORTED,,-10.044483184814453,2.6023712158203125,-10.044483184814453,2.5993003845214844,-189.54095077514648,122.48009872436523,-165.49133665944962,2.7977910214781425,path_segment_001,SUPPORTED,,SUPPORTED,
34,34,1133.3333333333333,VALID_TARGET,,1.0,1125.391035079956,510.153434753418,1138.173044204712,510.2544860839844,SUPPORTED,1200.3061224489797,535.4081632653061,1069.7448979591838,348.36734693877554,261.1224489795918,374.0816326530612,SUPPORTED,translation_median_sparse_flow,0.0,0.0291748046875,231.0,0.052849818021059036,,,SUPPORTED,partial_affine_ransac_sparse_flow,0.05258811057843925,0.03868905297089151,206.0,0.07909969000004902,0.9999685579125872,0.8917748917748918,-4.064481735229492,0.7666473388671875,-4.064481735229492,0.7374725341796875,-193.60543251037598,123.21757125854492,-169.71595278388457,1.1139126653687348,path_segment_001,SUPPORTED,,-4.064481735229492,0.7666473388671875,-4.037365607048969,0.6458149552693726,-188.85969036104143,138.63271878543122,-170.9119860461424,1.1025457524890172,path_segment_001,SUPPORTED,,-4.064481735229492,0.7666473388671875,-4.064481735229492,0.7374725341796875,-193.60543251037598,123.21757125854492,-169.71595278388457,1.1139126653687348,path_segment_001,SUPPORTED,,SUPPORTED,
35,35,1166.6666666666667,VALID_TARGET,,1.0,1131.502553939819,513.2412796020508,1135.0449924468994,513.2412796020508,SUPPORTED,1201.0714285714287,536.7857142857142,1066.0714285714287,351.42857142857144,270.0,370.71428571428567,SUPPORTED,translation_median_sparse_flow,-3.0517578125e-05,0.0615234375,237.0,0.06280466914176941,,,SUPPORTED,partial_affine_ransac_sparse_flow,0.03182667036851967,0.03701153646113023,210.0,0.07919700735834795,0.9999882036190353,0.8860759493670886,-3.1280517578125,2.9867935180664062,-3.128021240234375,2.9252700805664062,-196.73345375061035,126.14284133911133,-136.9183686794859,1.154867957832859,path_segment_001,SUPPORTED,,-3.1280517578125,2.9867935180664062,-3.100771970500773,2.853919300141058,-191.9604623315422,141.48663808557228,-137.37384640069962,1.1363951857406207,path_segment_001,SUPPORTED,,-3.1280517578125,2.9867935180664062,-3.128021240234375,2.9252700805664062,-196.73345375061035,126.14284133911133,-136.9183686794859,1.154867957832859,path_segment_001,SUPPORTED,,SUPPORTED,
36,36,1200.0,VALID_TARGET,,1.0,1136.8152923583984,525.2396469116211,1134.158923149109,519.2404632568359,SUPPORTED,1180.7142857142858,564.2142922537668,1089.642857142857,367.0714351109096,182.1428571428571,394.2857142857143,SUPPORTED,translation_median_sparse_flow,0.0,-5.340576171875e-05,250.0,0.05823509395122528,,,SUPPORTED,partial_affine_ransac_sparse_flow,0.0887767014061139,0.07389133623546094,228.0,0.0824780158999602,0.9998802917799725,0.912,-0.8860692977905273,5.999183654785156,-0.8860692977905273,5.999237060546875,-197.61952304840088,132.1420783996582,-98.40167345635547,1.6352882374152102,path_segment_001,SUPPORTED,,-0.8860692977905273,5.999183654785156,-0.8676132641824097,6.050077526257155,-192.8280755957246,147.53671561182944,-98.16087969464981,1.6481379979715027,path_segment_001,SUPPORTED,,-0.8860692977905273,5.999183654785156,-0.8860692977905273,5.999237060546875,-197.61952304840088,132.1420783996582,-98.40167345635547,1.6352882374152102,path_segment_001,SUPPORTED,,SUPPORTED,
37,37,1233.3333333333337,VALID_TARGET,,1.0,1129.060251235962,539.3568344116211,1131.5025539398193,525.2396469116211,SUPPORTED,1168.125,567.9642922537668,1080.5357142857142,371.35714939662387,175.1785714285714,393.2142857142857,SUPPORTED,translation_median_sparse_flow,3.0517578125e-05,-3.0517578125e-05,245.0,0.031157147139310837,,,SUPPORTED,partial_affine_ransac_sparse_flow,0.07741983473349678,0.07101744828648926,215.0,0.07145973099681706,0.9998927476121064,0.8775510204081632,-2.656369209289551,5.999183654785156,-2.656399726867676,5.999214172363281,-200.27592277526855,138.14129257202148,-113.88334496634245,1.7692282972477213,path_segment_001,SUPPORTED,,-2.656369209289551,5.999183654785156,-2.6254044631077704,6.012813051068065,-195.45348005883238,153.5495286628975,-113.58776459786434,1.769220882548884,path_segment_001,SUPPORTED,,-2.656369209289551,5.999183654785156,-2.656399726867676,5.999214172363281,-200.27592277526855,138.14129257202148,-113.88334496634245,1.7692282972477213,path_segment_001,SUPPORTED,,SUPPORTED,
38,38,1266.6666666666663,TARGET_IDENTITY_UNCERTAIN,TARGET_OVERLAP_AMBIGUOUS: another detected person overlaps or is too close to the selected pose for automated identity acceptance.,,1122.872838973999,539.7441177368164,,,,1155.5357142857144,571.7142922537668,1071.4285714285716,375.6428636823382,168.21428571428567,392.1428571428571,,,,,,,,,,,,,,,,,,,,,,,,,,,,,,,,,,,,,,,,,,,,,,,,,,,
39,39,1300.0,INVALID_TRACK_SEGMENT,Valid-looking pose segment is too short to establish target identity continuity.,,1106.8750019073486,544.3749542236328,,,,1142.9464285714287,575.4642922537668,1062.3214285714287,379.9285779680525,161.24999999999994,391.07142857142856,,,,,,,,,,,,,,,,,,,,,,,,,,,,,,,,,,,,,,,,,,,,,,,,,,,
40,40,1333.3333333333333,TARGET_IDENTITY_UNCERTAIN,TARGET_OVERLAP_AMBIGUOUS: another detected person overlaps or is too close to the selected pose for automated identity acceptance.,,1101.6368293762207,540.8484802246094,,,,1130.357142857143,579.2142922537668,1053.2142857142858,384.21429225376676,154.28571428571422,390.0,,,,,,,,,,,,,,,,,,,,,,,,,,,,,,,,,,,,,,,,,,,,,,,,,,,
41,41,1366.6666666666667,INVALID_TRACK_SEGMENT,Valid-looking pose segment is too short to establish target identity continuity.,,1113.1771430969238,547.961311340332,,,,1127.5,583.2857186453683,1038.2142857142858,379.00000435965404,178.57142857142856,408.5714285714286,,,,,,,,,,,,,,,,,,,,,,,,,,,,,,,,,,,,,,,,,,,,,,,,,,,
42,42,1400.0,INVALID_TRACK_SEGMENT,Valid-looking pose segment is too short to establish target identity continuity.,,1103.741268157959,554.7658615112305,,,,1124.642857142857,587.3571450369699,1023.2142857142857,373.78571646554127,202.8571428571429,427.14285714285717,,,,,,,,,,,,,,,,,,,,,,,,,,,,,,,,,,,,,,,,,,,,,,,,,,,
43,43,1433.3333333333333,TARGET_IDENTITY_UNCERTAIN,TARGET_OVERLAP_AMBIGUOUS: another detected person overlaps or is too close to the selected pose for automated identity acceptance.,,1095.4086112976074,559.6662368774414,,,,1121.7857142857142,591.4285714285714,1008.2142857142857,368.57142857142856,227.14285714285722,445.7142857142858,,,,,,,,,,,,,,,,,,,,,,,,,,,,,,,,,,,,,,,,,,,,,,,,,,,
44,44,1466.6666666666663,TARGET_IDENTITY_UNCERTAIN,TARGET_OVERLAP_AMBIGUOUS: another detected person overlaps or is too close to the selected pose for automated identity acceptance.,,1096.8567848205566,562.0501174926758,,,,1129.2857142857142,618.8571493966239,1029.642857142857,386.35714939662387,199.28571428571422,465.0,,,,,,,,,,,,,,,,,,,,,,,,,,,,,,,,,,,,,,,,,,,,,,,,,,,
45,45,1500.0,TARGET_IDENTITY_UNCERTAIN,TARGET_OVERLAP_AMBIGUOUS: another detected person overlaps or is too close to the selected pose for automated identity acceptance.,,1082.4005603790283,569.7767333984375,,,,1119.642857142857,625.9285763331823,1017.8571428571429,392.62500490461076,203.5714285714285,466.6071428571429,,,,,,,,,,,,,,,,,,,,,,,,,,,,,,,,,,,,,,,,,,,,,,,,,,,
46,46,1533.3333333333337,TARGET_IDENTITY_UNCERTAIN,TARGET_OVERLAP_AMBIGUOUS: another detected person overlaps or is too close to the selected pose for automated identity acceptance.,,1087.214548110962,572.043586730957,,,,1110.0,633.0000032697405,1006.0714285714286,398.89286041259766,207.85714285714278,468.2142857142857,,,,,,,,,,,,,,,,,,,,,,,,,,,,,,,,,,,,,,,,,,,,,,,,,,,
47,47,1566.6666666666667,INVALID_TRACK_SEGMENT,Valid-looking pose segment is too short to establish target identity continuity.,,1084.3343505859375,577.8532867431641,,,,1100.3571428571427,640.0714302062988,994.2857142857142,405.16071592058455,212.14285714285705,469.82142857142856,,,,,,,,,,,,,,,,,,,,,,,,,,,,,,,,,,,,,,,,,,,,,,,,,,,
48,48,1600.0,INVALID_TRACK_SEGMENT,Valid-looking pose segment is too short to establish target identity continuity.,,1087.544704437256,593.572883605957,,,,1090.7142857142858,647.1428571428571,982.5,411.42857142857144,216.42857142857133,471.42857142857144,,,,,,,,,,,,,,,,,,,,,,,,,,,,,,,,,,,,,,,,,,,,,,,,,,,
49,49,1633.3333333333333,TARGET_IDENTITY_UNCERTAIN,TARGET_OVERLAP_AMBIGUOUS: another detected person overlaps or is too close to the selected pose for automated identity acceptance.,,1077.996322631836,598.4410858154297,,,,1098.2142857142858,670.2857208251953,1010.3571428571429,452.7857208251953,175.71428571428578,435.0,,,,,,,,,,,,,,,,,,,,,,,,,,,,,,,,,,,,,,,,,,,,,,,,,,,
50,50,1666.6666666666667,INVALID_TRACK_SEGMENT,Valid-looking pose segment is too short to establish target identity continuity.,,1075.932285308838,593.4050369262695,,,,1089.2857142857142,670.178576878139,996.4285714285714,450.5357197352818,185.71428571428575,439.2857142857143,,,,,,,,,,,,,,,,,,,,,,,,,,,,,,,,,,,,,,,,,,,,,,,,,,,
51,51,1700.0,TARGET_IDENTITY_UNCERTAIN,TARGET_OVERLAP_AMBIGUOUS: another detected person overlaps or is too close to the selected pose for automated identity acceptance.,,1076.4866561889648,593.4030914306641,,,,1080.357142857143,670.0714329310827,982.5,448.2857186453683,195.71428571428575,443.57142857142856,,,,,,,,,,,,,,,,,,,,,,,,,,,,,,,,,,,,,,,,,,,,,,,,,,,
52,52,1733.3333333333337,TARGET_IDENTITY_UNCERTAIN,TARGET_OVERLAP_AMBIGUOUS: another detected person overlaps or is too close to the selected pose for automated identity acceptance.,,1066.922218322754,584.9756088256836,,,,1071.4285714285716,669.9642889840262,968.5714285714287,446.03571755545477,205.71428571428572,447.8571428571429,,,,,,,,,,,,,,,,,,,,,,,,,,,,,,,,,,,,,,,,,,,,,,,,,,,
53,53,1766.6666666666663,INVALID_TRACK_SEGMENT,Valid-looking pose segment is too short to establish target identity continuity.,,1079.5981178283691,585.2474060058594,,,,1062.5,669.8571450369699,954.6428571428572,443.78571646554127,215.7142857142857,452.14285714285717,,,,,,,,,,,,,,,,,,,,,,,,,,,,,,,,,,,,,,,,,,,,,,,,,,,
54,54,1800.0,INVALID_TRACK_SEGMENT,Valid-looking pose segment is too short to establish target identity continuity.,,1069.2836990356443,600.2096176147461,,,,1053.5714285714287,669.7500010899134,940.7142857142858,441.5357153756278,225.7142857142857,456.42857142857144,,,,,,,,,,,,,,,,,,,,,,,,,,,,,,,,,,,,,,,,,,,,,,,,,,,
55,55,1833.3333333333333,INVALID_TRACK_SEGMENT,Valid-looking pose segment is too short to establish target identity continuity.,,1056.896125793457,613.3519668579102,,,,1044.642857142857,669.6428571428571,926.7857142857143,439.2857142857143,235.71428571428567,460.7142857142857,,,,,,,,,,,,,,,,,,,,,,,,,,,,,,,,,,,,,,,,,,,,,,,,,,,
56,56,1866.6666666666667,TARGET_IDENTITY_UNCERTAIN,TARGET_OVERLAP_AMBIGUOUS: another detected person overlaps or is too close to the selected pose for automated identity acceptance.,,1048.3001441955566,622.0288696289062,,,,1038.5204081632653,670.7142857142858,920.6632653061225,441.734693877551,235.71428571428567,457.9591836734694,,,,,,,,,,,,,,,,,,,,,,,,,,,,,,,,,,,,,,,,,,,,,,,,,,,
57,57,1900.0,TARGET_IDENTITY_UNCERTAIN,TARGET_OVERLAP_AMBIGUOUS: another detected person overlaps or is too close to the selected pose for automated identity acceptance.,,1046.598217010498,617.976203918457,,,,1032.3979591836735,671.7857142857143,914.5408163265306,444.18367346938777,235.71428571428567,455.2040816326531,,,,,,,,,,,,,,,,,,,,,,,,,,,,,,,,,,,,,,,,,,,,,,,,,,,
58,58,1933.3333333333333,VALID_TARGET,HUMAN_ACCEPTED_TARGET: operator reviewed the raw skeleton and confirmed that it belongs to the documented athlete.,2.0,1041.1704902648926,625.632209777832,1033.6443710327148,624.8777084350586,SUPPORTED,1026.2755102040817,672.8571428571429,908.4183673469388,446.6326530612245,235.71428571428567,452.44897959183675,SUPPORTED,translation_median_sparse_flow,0.010101318359375,-0.018402099609375,237.0,4.970043659210205,,,SUPPORTED,partial_affine_ransac_sparse_flow,0.00025735691309449865,2.6958727030872236,148.0,1.2430885445099342,0.9983656173106127,0.6244725738396625,,,,,0.0,0.0,,,path_segment_002,SUPPORTED,,,,,,0.0,0.0,,,path_segment_002,SUPPORTED,,,,,,0.0,0.0,,,path_segment_002,SUPPORTED,,SUPPORTED,
59,59,1966.6666666666663,VALID_TARGET,HUMAN_ACCEPTED_TARGET: operator reviewed the raw skeleton and confirmed that it belongs to the documented athlete.,2.0,1031.4194946289062,618.6632690429688,1032.7751541137695,621.9313507080078,SUPPORTED,1020.1530612244899,673.9285714285714,902.295918367347,449.0816326530612,235.71428571428567,449.6938775510204,SUPPORTED,translation_median_sparse_flow,0.002593994140625,-0.001007080078125,227.0,0.3390180170536041,,,SUPPORTED,partial_affine_ransac_sparse_flow,0.15743834826874697,0.17755930722993382,218.0,0.2359932093043628,1.0000107325655554,0.960352422907489,-0.8692169189453125,-2.9463577270507812,-0.8718109130859375,-2.9453506469726562,-0.8718109130859375,-2.9453506469726562,106.48852336392386,0.8282979032474153,path_segment_002,SUPPORTED,,-0.8692169189453125,-2.9463577270507812,-1.3049332654577483,-2.688445784957139,-1.3049332654577483,-2.688445784957139,115.89127534694192,0.8058466285540629,path_segment_002,SUPPORTED,,-0.8692169189453125,-2.9463577270507812,-0.8718109130859375,-2.9453506469726562,-0.8718109130859375,-2.9453506469726562,106.48852336392386,0.8282979032474153,path_segment_002,SUPPORTED,,SUPPORTED,
60,60,2000.0,VALID_TARGET,HUMAN_ACCEPTED_TARGET: operator reviewed the raw skeleton and confirmed that it belongs to the documented athlete.,2.0,1033.6443710327148,624.8777084350586,1031.9059371948242,619.938835144043,SUPPORTED,1014.0306122448981,675.0,896.1734693877552,451.53061224489795,235.71428571428567,446.9387755102041,SUPPORTED,translation_median_sparse_flow,6.103515625e-05,-0.000152587890625,171.0,0.0009316612267866731,,,SUPPORTED,partial_affine_ransac_sparse_flow,0.020896111262055962,0.13997213282310178,159.0,0.12534536774057742,1.0000773214790635,0.9298245614035088,-0.8692169189453125,-1.9925155639648438,-0.8692779541015625,-1.9923629760742188,-1.7410888671875,-4.937713623046875,113.5718845383141,0.586165537137821,path_segment_002,SUPPORTED,,-0.8692169189453125,-1.9925155639648438,-1.2049550828173778,-1.7901926436449003,-2.509888348275126,-4.478638428602039,123.94397747293235,0.5819044929235566,path_segment_002,SUPPORTED,,-0.8692169189453125,-1.9925155639648438,-0.8692779541015625,-1.9923629760742188,-1.7410888671875,-4.937713623046875,113.5718845383141,0.586165537137821,path_segment_002,SUPPORTED,,SUPPORTED,
61,61,2033.3333333333333,VALID_TARGET,HUMAN_ACCEPTED_TARGET: operator reviewed the raw skeleton and confirmed that it belongs to the documented athlete.,2.0,1025.0703163146973,618.456787109375,1024.5838737487793,619.938835144043,SUPPORTED,1007.908163265306,676.0714285714286,890.0510204081633,453.9795918367347,235.71428571428567,444.18367346938777,SUPPORTED,translation_median_sparse_flow,0.00494384765625,-0.0103607177734375,233.0,0.43510815501213074,,,SUPPORTED,partial_affine_ransac_sparse_flow,0.11444675957700959,0.07215562631130223,222.0,0.24219602780560945,1.0001260428394751,0.9527896995708155,-7.322063446044922,0.0,-7.327007293701172,0.0103607177734375,-9.068096160888672,-4.9273529052734375,-179.91898124545352,1.9757834236764442,path_segment_002,SUPPORTED,,-7.322063446044922,0.0,-7.8029366618459335,0.2433069937030723,-10.31282501012106,-4.235331434898967,-178.21401235531903,2.1051419576173593,path_segment_002,SUPPORTED,,-7.322063446044922,0.0,-7.327007293701172,0.0103607177734375,-9.068096160888672,-4.9273529052734375,-179.91898124545352,1.9757834236764442,path_segment_002,SUPPORTED,,SUPPORTED,
62,62,2066.666666666667,VALID_TARGET,HUMAN_ACCEPTED_TARGET: operator reviewed the raw skeleton and confirmed that it belongs to the documented athlete.,2.0,1020.3455085754396,619.938835144043,1020.3455085754395,624.7191162109375,SUPPORTED,1001.7857142857142,677.1428571428571,883.9285714285714,456.42857142857144,235.71428571428567,441.42857142857144,SUPPORTED,translation_median_sparse_flow,0.00016021728515625,-3.0517578125e-05,196.0,0.02935265749692917,,,SUPPORTED,partial_affine_ransac_sparse_flow,0.03660964337015504,0.23539485841448587,172.0,0.23133361573970362,1.0001953512031183,0.8775510204081632,-4.238365173339844,4.780281066894531,-4.238525390625,4.780311584472656,-13.306621551513672,-0.14704132080078125,-131.5622172577621,1.7227808444651667,path_segment_002,SUPPORTED,,-4.238365173339844,4.780281066894531,-4.859312332558147,5.059172378798735,-15.172137342679207,0.8238409438997678,-133.84563136334907,1.8916063397056997,path_segment_002,SUPPORTED,,-4.238365173339844,4.780281066894531,-4.238525390625,4.780311584472656,-13.306621551513672,-0.14704132080078125,-131.5622172577621,1.7227808444651667,path_segment_002,SUPPORTED,,SUPPORTED,
63,63,2100.0,VALID_TARGET,HUMAN_ACCEPTED_TARGET: operator reviewed the raw skeleton and confirmed that it belongs to the documented athlete.,2.0,1015.2229690551758,630.4697952270508,1015.2229690551758,621.2944030761719,SUPPORTED,997.3469387755101,680.8163265306123,879.030612244898,456.734693877551,236.63265306122443,448.16326530612247,SUPPORTED,translation_median_sparse_flow,0.0003662109375,-0.000141143798828125,192.0,0.0037183663807809353,,,SUPPORTED,partial_affine_ransac_sparse_flow,0.022753687467576895,0.022616568287421385,175.0,0.2688751707194462,1.0003938035191595,0.9114583333333334,-5.122539520263672,-3.424713134765625,-5.122905731201172,-3.424571990966797,-18.429527282714844,-3.571613311767578,146.23797190915639,1.6616639375515199,path_segment_002,SUPPORTED,,-5.122539520263672,-3.424713134765625,-5.76050067591143,-3.3446825558972932,-20.932638018590637,-2.5208416119975254,149.85953896845353,1.7962149735543032,path_segment_002,SUPPORTED,,-5.122539520263672,-3.424713134765625,-5.122905731201172,-3.424571990966797,-18.429527282714844,-3.571613311767578,146.23797190915639,1.6616639375515199,path_segment_002,SUPPORTED,,SUPPORTED,
64,64,2133.3333333333335,VALID_TARGET,HUMAN_ACCEPTED_TARGET: operator reviewed the raw skeleton and confirmed that it belongs to the documented athlete.,2.0,1013.7445182800292,624.8032379150391,1013.7445182800293,624.8032379150391,SUPPORTED,992.908163265306,684.4897959183673,874.1326530612245,457.0408163265306,237.55102040816323,454.8979591836735,SUPPORTED,translation_median_sparse_flow,0.459228515625,-0.000270843505859375,246.0,0.45954132080078125,,,SUPPORTED,partial_affine_ransac_sparse_flow,0.19727697109300543,0.2616712875187419,209.0,0.31350174844664364,0.9999771514168309,0.8495934959349594,-1.4784507751464844,3.5088348388671875,-1.9376792907714844,3.509105682373047,-20.367206573486328,-0.06250762939453125,-118.90686836459122,1.0809333522172104,path_segment_002,SUPPORTED,,-1.4784507751464844,3.5088348388671875,-2.0501294392856835,3.911519822952414,-22.98276745787632,1.3906782109548885,-117.66020454125768,1.190866807996062,path_segment_002,SUPPORTED,,-1.4784507751464844,3.5088348388671875,-1.9376792907714844,3.509105682373047,-20.367206573486328,-0.06250762939453125,-118.90686836459122,1.0809333522172104,path_segment_002,SUPPORTED,,SUPPORTED,
65,65,2166.6666666666665,VALID_TARGET,HUMAN_ACCEPTED_TARGET: operator reviewed the raw skeleton and confirmed that it belongs to the documented athlete.,2.0,1009.4708213806152,620.9481506347656,1011.2740097045898,628.4767227172852,SUPPORTED,988.4693877551019,688.1632653061224,869.234693877551,457.3469387755102,238.469387755102,461.6326530612245,SUPPORTED,translation_median_sparse_flow,0.002044677734375,-5.340576171875e-05,215.0,0.26571670174598694,,,SUPPORTED,partial_affine_ransac_sparse_flow,0.028655405716575648,0.23258274208025356,173.0,0.2236157952900147,1.0001566245512232,0.8046511627906977,-2.470508575439453,3.6734848022460938,-2.472553253173828,3.6735382080078125,-22.839759826660156,3.6110305786132812,-123.94336653496946,1.1940798963681858,path_segment_002,SUPPORTED,,-2.470508575439453,3.6734848022460938,-3.12661265819861,4.104102016143884,-26.10938011607493,5.494780227098772,-127.30110206480644,1.3912689247386658,path_segment_002,SUPPORTED,,-2.470508575439453,3.6734848022460938,-2.472553253173828,3.6735382080078125,-22.839759826660156,3.6110305786132812,-123.94336653496946,1.1940798963681858,path_segment_002,SUPPORTED,,SUPPORTED,
66,66,2200.0,VALID_TARGET,HUMAN_ACCEPTED_TARGET: operator reviewed the raw skeleton and confirmed that it belongs to the documented athlete.,2.0,1006.6247863769532,629.4089660644531,1004.8215980529785,628.4767227172852,SUPPORTED,984.030612244898,691.8367346938776,864.3367346938776,457.6530612244898,239.38775510204079,468.3673469387755,SUPPORTED,translation_median_sparse_flow,0.0012359619140625,-5.340576171875e-05,202.0,0.013943670317530632,,,SUPPORTED,partial_affine_ransac_sparse_flow,0.022459301388260206,0.21159471049743353,161.0,0.2121279350237041,1.0001325439140978,0.7970297029702971,-6.452411651611328,0.0,-6.453647613525391,5.340576171875e-05,-29.293407440185547,3.611083984375,-179.99952586119798,1.7402735821622444,path_segment_002,SUPPORTED,,-6.452411651611328,0.0,-7.02871911633963,0.3811191647085934,-33.13809923241456,5.875899391807366,-176.89628279700202,1.8981300994101709,path_segment_002,SUPPORTED,,-6.452411651611328,0.0,-6.453647613525391,5.340576171875e-05,-29.293407440185547,3.611083984375,-179.99952586119798,1.7402735821622444,path_segment_002,SUPPORTED,,SUPPORTED,
67,67,2233.3333333333335,VALID_TARGET,HUMAN_ACCEPTED_TARGET: operator reviewed the raw skeleton and confirmed that it belongs to the documented athlete.,2.0,999.7386207580566,628.964973449707,999.7386207580566,629.897216796875,SUPPORTED,979.5918367346939,695.5102040816327,859.4387755102041,457.9591836734694,240.30612244897955,475.1020408163265,SUPPORTED,translation_median_sparse_flow,0.8747406005859375,-0.00012969970703125,256.0,0.8747406005859375,,,SUPPORTED,partial_affine_ransac_sparse_flow,0.19931051084589435,0.18213730575967704,206.0,0.42596645077020134,1.0001558969974456,0.8046875,-5.082977294921875,1.4204940795898438,-5.9577178955078125,1.420623779296875,-35.25112533569336,5.031707763671875,-166.5882137777718,1.6515841812844974,path_segment_002,SUPPORTED,,-5.082977294921875,1.4204940795898438,-5.859737342632002,1.8136657215704872,-38.99783657504656,7.689565113377853,-162.8020165010183,1.6540771309210776,path_segment_002,SUPPORTED,,-5.082977294921875,1.4204940795898438,-5.9577178955078125,1.420623779296875,-35.25112533569336,5.031707763671875,-166.5882137777718,1.6515841812844974,path_segment_002,SUPPORTED,,SUPPORTED,
68,68,2266.6666666666665,VALID_TARGET,HUMAN_ACCEPTED_TARGET: operator reviewed the raw skeleton and confirmed that it belongs to the documented athlete.,2.0,997.13427734375,637.0150299072266,997.13427734375,636.3884048461914,SUPPORTED,975.1530612244898,699.1836734693877,854.5408163265306,458.265306122449,241.22448979591834,481.83673469387753,SUPPORTED,translation_median_sparse_flow,0.70062255859375,-7.62939453125e-05,231.0,0.7008056640625,,,SUPPORTED,partial_affine_ransac_sparse_flow,0.01522643233104168,0.26791857237311445,174.0,0.25992758932010085,1.000182824544112,0.7532467532467533,-2.6043434143066406,6.491188049316406,-3.3049659729003906,6.491264343261719,-38.55609130859375,11.522972106933594,-116.98248999316758,1.9642333935209904,path_segment_002,SUPPORTED,,-2.6043434143066406,6.491188049316406,-3.29379951856572,6.888791532118944,-42.29163609361228,14.578356645496797,-115.55427958647371,2.059034178337912,path_segment_002,SUPPORTED,,-2.6043434143066406,6.491188049316406,-3.3049659729003906,6.491264343261719,-38.55609130859375,11.522972106933594,-116.98248999316758,1.9642333935209904,path_segment_002,SUPPORTED,,SUPPORTED,
69,69,2300.0,VALID_TARGET,,2.0,992.7185668945312,637.7023849487305,992.7185668945312,637.6465301513672,SUPPORTED,970.7142857142857,702.8571428571429,849.6428571428571,458.57142857142856,242.1428571428571,488.57142857142856,SUPPORTED,translation_median_sparse_flow,0.96063232421875,-7.62939453125e-05,279.0,0.9606027603149414,,,SUPPORTED,partial_affine_ransac_sparse_flow,0.16007341414035303,0.20343235922661684,216.0,0.39825190272610433,1.000070546184077,0.7741935483870968,-4.41571044921875,1.2581253051757812,-5.3763427734375,1.2582015991210938,-43.93243408203125,12.781173706054688,-166.8283699508527,1.4889417020936975,path_segment_002,SUPPORTED,,-4.41571044921875,1.2581253051757812,-5.147080861504037,1.795405546056486,-47.43871695511632,16.373762191553283,-160.77019874119884,1.4699646393603159,path_segment_002,SUPPORTED,,-4.41571044921875,1.2581253051757812,-5.3763427734375,1.2582015991210938,-43.93243408203125,12.781173706054688,-166.8283699508527,1.4889417020936975,path_segment_002,SUPPORTED,,SUPPORTED,
70,70,2333.3333333333335,VALID_TARGET,,2.0,987.6792449951172,640.5163497924805,987.6792449951172,638.3097763061523,SUPPORTED,963.2142857142857,706.7857142857142,838.5714285714286,458.92857142857144,249.28571428571428,495.71428571428567,SUPPORTED,translation_median_sparse_flow,0.8221435546875,-3.0517578125e-05,235.0,0.8222351670265198,,,SUPPORTED,partial_affine_ransac_sparse_flow,0.09568200256595934,0.28803237429241696,180.0,0.2977726497806026,1.0001314856431578,0.7659574468085106,-5.0393218994140625,0.6632461547851562,-5.8614654541015625,0.6632766723632812,-49.79389953613281,13.444450378417969,-173.54393864392839,1.5906747650490807,path_segment_002,SUPPORTED,,-5.0393218994140625,0.6632461547851562,-5.8051740621205,1.1322954761919846,-53.24389101723682,17.506057667745267,-168.96306659075458,1.5949073505111961,path_segment_002,SUPPORTED,,-5.0393218994140625,0.6632461547851562,-5.8614654541015625,0.6632766723632812,-49.79389953613281,13.444450378417969,-173.54393864392839,1.5906747650490807,path_segment_002,SUPPORTED,,SUPPORTED,
71,71,2366.6666666666665,VALID_TARGET,,2.0,980.672508239746,637.6465301513672,980.6725082397461,640.5355834960938,SUPPORTED,955.7142857142858,710.7142857142857,827.5,459.2857142857143,256.42857142857144,502.85714285714283,SUPPORTED,translation_median_sparse_flow,1.24200439453125,-5.340576171875e-05,278.0,1.241943359375,,,SUPPORTED,partial_affine_ransac_sparse_flow,0.2908978803708011,0.25335891862110893,217.0,0.4670887027580119,1.0000622261069576,0.7805755395683454,-7.006736755371094,2.2258071899414062,-8.248741149902344,2.225860595703125,-58.042640686035156,15.670310974121094,-164.89883832821985,2.3038933110227178,path_segment_002,SUPPORTED,,-7.006736755371094,2.2258071899414062,-7.93906213916091,2.831029319208824,-61.18295315639773,20.33708698695409,-160.37402326470453,2.2728682096141233,path_segment_002,SUPPORTED,,-7.006736755371094,2.2258071899414062,-8.248741149902344,2.225860595703125,-58.042640686035156,15.670310974121094,-164.89883832821985,2.3038933110227178,path_segment_002,SUPPORTED,,SUPPORTED,
72,72,2400.0,VALID_TARGET,,2.0,969.3682556152344,645.5630645751953,975.9685668945312,645.5630645751953,SUPPORTED,948.2142857142857,714.6428571428571,816.4285714285713,459.6428571428571,263.5714285714286,509.99999999999994,SUPPORTED,translation_median_sparse_flow,0.9385986328125,0.0,248.0,0.93878173828125,,,SUPPORTED,partial_affine_ransac_sparse_flow,0.1638927562559112,0.18016833996528783,192.0,0.40723506089486045,1.0002238590714434,0.7741935483870968,-4.703941345214844,5.0274810791015625,-5.642539978027344,5.0274810791015625,-63.6851806640625,20.697792053222656,-138.2990867114827,2.03790012817037,path_segment_002,SUPPORTED,,-4.703941345214844,5.0274810791015625,-5.558231983955011,5.425406516340104,-66.74118514035274,25.762493503294195,-135.692845795718,2.0944754099183713,path_segment_002,SUPPORTED,,-4.703941345214844,5.0274810791015625,-5.642539978027344,5.0274810791015625,-63.6851806640625,20.697792053222656,-138.2990867114827,2.03790012817037,path_segment_002,SUPPORTED,,SUPPORTED,
73,73,2433.333333333333,VALID_TARGET,,2.0,975.5268707275392,647.5455780029297,975.4837036132812,647.5455780029297,SUPPORTED,940.7142857142857,718.5714285714286,805.3571428571428,460.0,270.7142857142858,517.1428571428571,SUPPORTED,translation_median_sparse_flow,1.037353515625,-5.340576171875e-05,245.0,1.0375977754592896,,,SUPPORTED,partial_affine_ransac_sparse_flow,0.14718645067482752,0.24098853901507278,194.0,0.3925166951398712,1.0002928466175558,0.7918367346938775,-0.48486328125,1.982513427734375,-1.522216796875,1.9825668334960938,-65.2073974609375,22.68035888671875,-127.51709014173974,0.6740201691633155,path_segment_002,SUPPORTED,,-0.48486328125,1.982513427734375,-1.476339272049131,2.3975846499813542,-68.21752441240187,28.16007815327555,-121.62314397219771,0.7592657696377217,path_segment_002,SUPPORTED,,-0.48486328125,1.982513427734375,-1.522216796875,1.9825668334960938,-65.2073974609375,22.68035888671875,-127.51709014173974,0.6740201691633155,path_segment_002,SUPPORTED,,SUPPORTED,
74,74,2466.666666666667,VALID_TARGET,,2.0,975.9253997802734,653.4179534912109,969.3682556152344,653.4179534912109,SUPPORTED,933.2142857142857,722.5,794.2857142857142,460.3571428571429,277.85714285714295,524.2857142857142,SUPPORTED,translation_median_sparse_flow,1.4068603515625,-9.1552734375e-05,283.0,1.406829833984375,,,SUPPORTED,partial_affine_ransac_sparse_flow,0.3801190451677074,0.2071348292021844,238.0,0.5741896727097006,1.0001030123864882,0.8409893992932862,-6.115447998046875,5.87237548828125,-7.522308349609375,5.872467041015625,-72.72970581054688,28.552825927734375,-142.02178377522446,2.573370470849804,path_segment_002,SUPPORTED,,-6.115447998046875,5.87237548828125,-7.173844186116412,6.4697812373045736,-75.39136859851828,34.62985939058012,-137.9540597637483,2.604980960539697,path_segment_002,SUPPORTED,,-6.115447998046875,5.87237548828125,-7.522308349609375,5.872467041015625,-72.72970581054688,28.552825927734375,-142.02178377522446,2.573370470849804,path_segment_002,SUPPORTED,,SUPPORTED,
75,75,2500.0,VALID_TARGET,,2.0,968.0930786132812,660.3261032104492,968.0930786132812,660.0253219604492,SUPPORTED,925.7142857142858,726.4285714285713,783.2142857142857,460.7142857142857,285.0000000000001,531.4285714285713,SUPPORTED,translation_median_sparse_flow,1.2801513671875,-0.0001068115234375,259.0,1.2803956270217896,,,SUPPORTED,partial_affine_ransac_sparse_flow,0.2183766276529791,0.29369554441658213,196.0,0.5150748191506641,1.0001116662018164,0.7567567567567568,-1.275177001953125,6.607368469238281,-2.555328369140625,6.607475280761719,-75.2850341796875,35.160301208496094,-111.14312824692497,1.9103550733266823,path_segment_002,SUPPORTED,,-1.275177001953125,6.607368469238281,-2.347839179287007,7.348849725851096,-77.73920777780529,41.97870911643122,-107.71784405330612,2.08034914679128,path_segment_002,SUPPORTED,,-1.275177001953125,6.607368469238281,-2.555328369140625,6.607475280761719,-75.2850341796875,35.160301208496094,-111.14312824692497,1.9103550733266823,path_segment_002,SUPPORTED,,SUPPORTED,
76,76,2533.333333333333,VALID_TARGET,,2.0,963.8057403564452,661.0656585693359,963.8057403564453,661.3664398193359,SUPPORTED,924.5238095238095,729.7619047619047,780.5952380952381,464.76190476190476,287.85714285714295,529.9999999999999,SUPPORTED,translation_median_sparse_flow,1.2845458984375,-9.1552734375e-05,253.0,1.28466796875,,,SUPPORTED,partial_affine_ransac_sparse_flow,0.27931732530964376,0.2507358442361788,198.0,0.5769839649638757,1.0002816913518602,0.782608695652174,-4.2873382568359375,1.3411178588867188,-5.5718841552734375,1.3412094116210938,-80.85691833496094,36.50151062011719,-166.46579703387232,1.5454151497973863,path_segment_002,SUPPORTED,,-4.2873382568359375,1.3411178588867188,-5.493866790181983,1.865482651267257,-83.23307456798727,43.844191767698476,-161.24470562230073,1.5645379201379812,path_segment_002,SUPPORTED,,-4.2873382568359375,1.3411178588867188,-5.5718841552734375,1.3412094116210938,-80.85691833496094,36.50151062011719,-166.46579703387232,1.5454151497973863,path_segment_002,SUPPORTED,,SUPPORTED,
77,77,2566.666666666667,VALID_TARGET,,2.0,956.8689727783204,664.9104766845703,956.8689727783203,664.9104766845703,SUPPORTED,923.3333333333334,733.0952380952381,777.9761904761905,468.8095238095238,290.71428571428584,528.5714285714284,SUPPORTED,translation_median_sparse_flow,1.64129638671875,-0.00016021728515625,254.0,1.6412353515625,,,SUPPORTED,partial_affine_ransac_sparse_flow,0.2839694809066251,0.19510706851457832,216.0,0.6614564501905023,1.0003816440633042,0.8503937007874016,-6.936767578125,3.544036865234375,-8.57806396484375,3.5441970825195312,-89.43498229980469,40.04570770263672,-157.55106341013115,2.5027996922566653,path_segment_002,SUPPORTED,,-6.936767578125,3.544036865234375,-8.293970057137699,4.125678596040984,-91.52704462512497,47.96987036373946,-153.55281977103704,2.4979524894146654,path_segment_002,SUPPORTED,,-6.936767578125,3.544036865234375,-8.57806396484375,3.5441970825195312,-89.43498229980469,40.04570770263672,-157.55106341013115,2.5027996922566653,path_segment_002,SUPPORTED,,SUPPORTED,
78,78,2600.0,VALID_TARGET,,2.0,955.2986755371094,670.2032318115234,955.2986755371094,670.2032318115234,SUPPORTED,922.1428571428571,736.4285714285713,775.3571428571428,472.8571428571429,293.57142857142867,527.142857142857,SUPPORTED,translation_median_sparse_flow,1.236083984375,-8.392333984375e-05,236.0,1.2363739013671875,,,SUPPORTED,partial_affine_ransac_sparse_flow,0.21366406618095063,0.272409698087927,189.0,0.49982215643706984,1.0001756196145102,0.8008474576271186,-1.5702972412109375,5.292755126953125,-2.8063812255859375,5.292839050292969,-92.24136352539062,45.33854675292969,-117.9335318896682,1.6154686311503297,path_segment_002,SUPPORTED,,-1.5702972412109375,5.292755126953125,-2.6829814763774493,5.956752139263131,-94.21002610150242,53.92662250300259,-114.24728363965006,1.7616962336307087,path_segment_002,SUPPORTED,,-1.5702972412109375,5.292755126953125,-2.8063812255859375,5.292839050292969,-92.24136352539062,45.33854675292969,-117.9335318896682,1.6154686311503297,path_segment_002,SUPPORTED,,SUPPORTED,
79,79,2633.3333333333335,VALID_TARGET,,2.0,949.962745666504,676.0707015991211,949.9627456665039,676.0707015991211,SUPPORTED,920.952380952381,739.7619047619047,772.7380952380952,476.9047619047619,296.4285714285715,525.7142857142856,SUPPORTED,translation_median_sparse_flow,0.1905517578125,-7.62939453125e-05,231.0,1.5106477737426758,,,SUPPORTED,partial_affine_ransac_sparse_flow,0.20608340499642672,0.3096317329178649,186.0,0.4583436732097479,1.0000627641989295,0.8051948051948052,-5.335929870605469,5.867469787597656,-5.526481628417969,5.867546081542969,-97.7678451538086,51.206092834472656,-133.28544209395506,2.173546993593385,path_segment_002,SUPPORTED,,-5.335929870605469,5.867469787597656,-6.317626857966047,6.537018438418158,-100.52765295946847,60.46364094142075,-134.0222218478308,2.4514363516522013,path_segment_002,SUPPORTED,,-5.335929870605469,5.867469787597656,-5.526481628417969,5.867546081542969,-97.7678451538086,51.206092834472656,-133.28544209395506,2.173546993593385,path_segment_002,SUPPORTED,,SUPPORTED,
80,80,2666.6666666666665,VALID_TARGET,,2.0,941.4404067993164,684.5815353393555,941.4404067993164,684.5815353393555,SUPPORTED,919.7619047619048,743.0952380952381,770.1190476190476,480.95238095238096,299.2857142857144,524.2857142857142,SUPPORTED,translation_median_sparse_flow,1.1558837890625,-0.001708984375,267.0,1.21246337890625,,,SUPPORTED,partial_affine_ransac_sparse_flow,0.5195288074415992,0.20927355243726298,219.0,0.6907534411296437,1.000094654463847,0.8202247191011236,-8.5223388671875,8.510833740234375,-9.67822265625,8.512542724609375,-107.4460678100586,59.71863555908203,-138.6665497210376,3.475666615161592,path_segment_002,SUPPORTED,,-8.5223388671875,8.510833740234375,-9.676381030521497,9.003443528815637,-110.20403398998997,69.46708447023639,-137.06317849474294,3.564114955025535,path_segment_002,SUPPORTED,,-8.5223388671875,8.510833740234375,-9.67822265625,8.512542724609375,-107.4460678100586,59.71863555908203,-138.6665497210376,3.475666615161592,path_segment_002,SUPPORTED,,SUPPORTED,
81,81,2700.0,VALID_TARGET,,2.0,932.8173370361328,690.1830215454102,932.8173370361328,690.1830215454102,SUPPORTED,918.5714285714287,746.4285714285713,767.5,485.0,302.1428571428572,522.8571428571428,SUPPORTED,translation_median_sparse_flow,0.00496673583984375,-0.00014495849609375,248.0,2.220806121826172,,,SUPPORTED,partial_affine_ransac_sparse_flow,0.2684915231547287,0.3326424687117251,180.0,0.5043252130533225,1.000087244180388,0.7258064516129032,-8.623069763183594,5.6014862060546875,-8.628036499023438,5.601631164550781,-116.07410430908203,65.32026672363281,-147.00691921072053,2.7739510683943656,path_segment_002,SUPPORTED,,-8.623069763183594,5.6014862060546875,-9.725851694269295,6.244682433964044,-119.92988568425926,75.71176690420043,-147.2966768668348,3.116710108651839,path_segment_002,SUPPORTED,,-8.623069763183594,5.6014862060546875,-8.628036499023438,5.601631164550781,-116.07410430908203,65.32026672363281,-147.00691921072053,2.7739510683943656,path_segment_002,SUPPORTED,,SUPPORTED,
82,82,2733.3333333333335,VALID_TARGET,,2.0,926.1640243530272,691.4679870605469,926.1640243530273,691.4679870605469,SUPPORTED,917.3809523809523,749.7619047619048,764.8809523809523,489.0476190476191,305.00000000000006,521.4285714285713,SUPPORTED,translation_median_sparse_flow,0.005401611328125,-0.00156402587890625,233.0,2.0562353134155273,,,SUPPORTED,partial_affine_ransac_sparse_flow,0.11138110435881916,0.30771761769532807,169.0,0.4968597152616535,1.0003353339509151,0.7253218884120172,-6.653312683105469,1.2849655151367188,-6.658714294433594,1.286529541015625,-122.73281860351562,66.60679626464844,-169.06463198814234,1.8287786519764206,path_segment_002,SUPPORTED,,-6.653312683105469,1.2849655151367188,-7.921882879094028,1.888495525189569,-127.85176856335329,77.60026242939,-166.5915353433117,2.196054905683799,path_segment_002,SUPPORTED,,-6.653312683105469,1.2849655151367188,-6.658714294433594,1.286529541015625,-122.73281860351562,66.60679626464844,-169.06463198814234,1.8287786519764206,path_segment_002,SUPPORTED,,SUPPORTED,
83,83,2766.6666666666665,VALID_TARGET,,2.0,914.484832763672,694.8156356811523,914.4848327636719,693.8290863037109,SUPPORTED,916.1904761904761,753.0952380952381,762.2619047619047,493.09523809523813,307.85714285714295,519.9999999999999,SUPPORTED,translation_median_sparse_flow,1.592041015625,-0.00014495849609375,259.0,1.592041015625,,,SUPPORTED,partial_affine_ransac_sparse_flow,0.2999326780876658,0.3124030513446035,194.0,0.572763024746644,0.9999862177437743,0.749034749034749,-11.679191589355469,2.3610992431640625,-13.271232604980469,2.3612442016601562,-136.0040512084961,68.9680404663086,-169.91139223969273,3.634888091067561,path_segment_002,SUPPORTED,,-11.679191589355469,2.3610992431640625,-12.823280132902937,3.2074861887837187,-140.67504869625623,80.80774861817372,-165.9567501013746,3.5644223570804923,path_segment_002,SUPPORTED,,-11.679191589355469,2.3610992431640625,-13.271232604980469,2.3612442016601562,-136.0040512084961,68.9680404663086,-169.91139223969273,3.634888091067561,path_segment_002,SUPPORTED,,SUPPORTED,
84,84,2800.0,VALID_TARGET,,2.0,911.2095642089844,697.5009994506836,911.2095642089844,695.92041015625,SUPPORTED,915.0,756.4285714285713,759.6428571428571,497.14285714285717,310.7142857142858,518.5714285714284,SUPPORTED,translation_median_sparse_flow,0.00146484375,-3.0517578125e-05,239.0,2.1752631664276123,,,SUPPORTED,partial_affine_ransac_sparse_flow,0.10605460954520432,0.38587922454509394,172.0,0.44318047364241486,1.0000063010262186,0.7196652719665272,-3.2752685546875,2.0913238525390625,-3.2767333984375,2.0913543701171875,-139.2807846069336,71.05939483642578,-147.45220286961197,1.0482266956674429,path_segment_002,SUPPORTED,,-3.2752685546875,2.0913238525390625,-4.289388870973653,2.8919410434826887,-144.96443756722988,83.69968966165641,-146.01182897347496,1.3949961923752878,path_segment_002,SUPPORTED,,-3.2752685546875,2.0913238525390625,-3.2767333984375,2.0913543701171875,-139.2807846069336,71.05939483642578,-147.45220286961197,1.0482266956674429,path_segment_002,SUPPORTED,,SUPPORTED,
85,85,2833.3333333333335,VALID_TARGET,,2.0,899.5329704284668,694.9338607788086,899.5329704284668,696.8867874145508,SUPPORTED,910.7142857142858,756.6071428571429,750.0,498.92857142857144,321.42857142857144,515.3571428571428,SUPPORTED,translation_median_sparse_flow,0.53814697265625,-5.340576171875e-05,264.0,1.8202297687530518,,,SUPPORTED,partial_affine_ransac_sparse_flow,0.33152319659033513,0.39846471942773964,196.0,0.5473660771404972,0.9998072970422498,0.7424242424242424,-11.676593780517578,0.9663772583007812,-12.214740753173828,0.9664306640625,-151.49552536010742,72.02582550048828,-175.47618012917977,3.3040882120173665,path_segment_002,SUPPORTED,,-11.676593780517578,0.9663772583007812,-12.701235937456431,1.8409483458058276,-157.6656735046863,85.54063800746223,-171.75284186786755,3.4607713168145633,path_segment_002,SUPPORTED,,-11.676593780517578,0.9663772583007812,-12.214740753173828,0.9664306640625,-151.49552536010742,72.02582550048828,-175.47618012917977,3.3040882120173665,path_segment_002,SUPPORTED,,SUPPORTED,
86,86,2866.6666666666665,VALID_TARGET,,2.0,892.0705108642578,697.2857894897461,892.0705108642578,697.9000015258789,SUPPORTED,906.4285714285714,756.7857142857142,740.3571428571429,500.7142857142857,332.14285714285717,512.1428571428571,SUPPORTED,translation_median_sparse_flow,0.0023193359375,-7.62939453125e-06,245.0,2.1344008445739746,,,SUPPORTED,partial_affine_ransac_sparse_flow,0.1308668746609531,0.6555251745042879,160.0,0.44715315968666636,0.9996282551977037,0.6530612244897959,-7.462459564208984,1.013214111328125,-7.464778900146484,1.0132217407226562,-158.9603042602539,73.03904724121094,-172.27027317226558,2.031390705911282,path_segment_002,SUPPORTED,,-7.462459564208984,1.013214111328125,-8.595084792468128,2.344870498786918,-166.26075829715444,87.88550850624915,-164.7401878347875,2.402432199123811,path_segment_002,SUPPORTED,,-7.462459564208984,1.013214111328125,-7.464778900146484,1.0132217407226562,-158.9603042602539,73.03904724121094,-172.27027317226558,2.031390705911282,path_segment_002,SUPPORTED,,SUPPORTED,
87,87,2900.0,VALID_TARGET,,2.0,885.6713180541992,702.0628128051758,885.6713180541992,700.8552398681641,SUPPORTED,902.1428571428572,756.9642857142857,730.7142857142858,502.5,342.85714285714283,508.92857142857133,SUPPORTED,translation_median_sparse_flow,0.00016021728515625,0.0,220.0,1.0560414791107178,,,SUPPORTED,partial_affine_ransac_sparse_flow,0.1175086187379856,0.3901818607983256,161.0,0.34642187881863706,0.999934833389721,0.7318181818181818,-6.399192810058594,2.9552383422851562,-6.39935302734375,2.9552383422851562,-165.35965728759766,75.9942855834961,-155.21238083523048,1.900752605374829,path_segment_002,SUPPORTED,,-6.399192810058594,2.9552383422851562,-7.350028343485519,3.7515215446024968,-173.61078664063996,91.63703005085165,-152.9598188335039,2.225234214447814,path_segment_002,SUPPORTED,,-6.399192810058594,2.9552383422851562,-6.39935302734375,2.9552383422851562,-165.35965728759766,75.9942855834961,-155.21238083523048,1.900752605374829,path_segment_002,SUPPORTED,,SUPPORTED,
88,88,2933.333333333333,VALID_TARGET,,2.0,884.4375,702.8711318969727,884.4375,700.8552398681641,SUPPORTED,897.8571428571428,757.1428571428571,721.0714285714286,504.2857142857143,353.5714285714285,505.71428571428567,SUPPORTED,translation_median_sparse_flow,0.0013427734375,-3.0517578125e-05,249.0,2.222365379333496,,,SUPPORTED,partial_affine_ransac_sparse_flow,0.19015406142660232,0.3407824376490081,185.0,0.5889951687706019,1.0001385135283543,0.7429718875502008,-1.2338180541992188,0.0,-1.2351608276367188,3.0517578125e-05,-166.59481811523438,75.99431610107422,-179.99858437185827,0.3330702088746605,path_segment_002,SUPPORTED,,-1.2338180541992188,0.0,-2.445152912645767,0.6990769206003051,-176.05593955328573,92.33610697145195,-164.0446001466473,0.6857721919738019,path_segment_002,SUPPORTED,,-1.2338180541992188,0.0,-1.2351608276367188,3.0517578125e-05,-166.59481811523438,75.99431610107422,-179.99858437185827,0.3330702088746605,path_segment_002,SUPPORTED,,SUPPORTED,
89,89,2966.666666666667,VALID_TARGET,,2.0,864.7878952026367,701.3262939453125,865.37109375,700.8552398681641,SUPPORTED,893.5714285714286,757.3214285714286,711.4285714285714,506.07142857142856,364.2857142857142,502.5,SUPPORTED,translation_median_sparse_flow,0.00067138671875,3.4332275390625e-05,246.0,2.0243701934814453,,,SUPPORTED,partial_affine_ransac_sparse_flow,0.11403397738730763,0.36143566977136016,173.0,0.44955993472756406,1.0001832130468709,0.7032520325203252,-19.06640625,0.0,-19.06707763671875,-3.4332275390625e-05,-185.66189575195312,75.99428176879883,179.99989683293273,5.14157783105379,path_segment_002,SUPPORTED,,-19.06640625,0.0,-20.20215794427338,0.5963886284005184,-196.2580974975591,92.93249559985247,-178.3090603395219,5.450033869061968,path_segment_002,SUPPORTED,,-19.06640625,0.0,-19.06707763671875,-3.4332275390625e-05,-185.66189575195312,75.99428176879883,179.99989683293273,5.14157783105379,path_segment_002,SUPPORTED,,SUPPORTED,
90,90,3000.0,VALID_TARGET,,2.0,859.0998687744141,694.8466415405273,860.1747970581055,698.6736831665039,SUPPORTED,889.2857142857142,757.5,701.7857142857143,507.85714285714283,374.9999999999999,499.2857142857143,SUPPORTED,translation_median_sparse_flow,0.00030517578125,6.103515625e-05,229.0,2.006627082824707,,,SUPPORTED,partial_affine_ransac_sparse_flow,0.08187362998109914,0.3080357334601418,164.0,0.4084418288807272,1.0003215055000674,0.7161572052401747,-5.196296691894531,-2.1815567016601562,-5.196601867675781,-2.1816177368164062,-190.8584976196289,73.81266403198242,157.22654589050606,1.5197800552673162,path_segment_002,SUPPORTED,,-5.196296691894531,-2.1815567016601562,-6.269765622250702,-1.8331756972878566,-202.5278631198098,91.09931990256462,163.70195376211066,1.761473505503574,path_segment_002,SUPPORTED,,-5.196296691894531,-2.1815567016601562,-5.196601867675781,-2.1816177368164062,-190.8584976196289,73.81266403198242,157.22654589050606,1.5197800552673162,path_segment_002,SUPPORTED,,SUPPORTED,
91,91,3033.333333333333,VALID_TARGET,,2.0,858.1401901245117,698.6736831665039,856.6107635498047,698.0313339233398,SUPPORTED,882.2142857142858,752.1428571428571,693.6428571428572,500.57142857142856,377.14285714285705,503.1428571428571,SUPPORTED,translation_median_sparse_flow,0.00372314453125,1.52587890625e-05,253.0,1.8911222219467163,,,SUPPORTED,partial_affine_ransac_sparse_flow,0.016581373122475596,0.3812105482527259,165.0,0.3297162767741494,1.0003357256628835,0.6521739130434783,-3.5640335083007812,-0.6423492431640625,-3.5677566528320312,-0.642364501953125,-194.42625427246094,73.1702995300293,169.79340826754282,0.9775412089333586,path_segment_002,SUPPORTED,,-3.5640335083007812,-0.6423492431640625,-4.616108144248187,-0.33780212800468234,-207.143971264058,90.76151777455993,175.81461327561712,1.248096055908526,path_segment_002,SUPPORTED,,-3.5640335083007812,-0.6423492431640625,-3.5677566528320312,-0.642364501953125,-194.42625427246094,73.1702995300293,169.79340826754282,0.9775412089333586,path_segment_002,SUPPORTED,,SUPPORTED,
92,92,3066.666666666667,VALID_TARGET,,2.0,851.6444931030273,697.3191070556641,851.5157928466797,697.8412551879883,SUPPORTED,875.1428571428571,746.7857142857142,685.5,493.2857142857143,379.2857142857142,507.0,SUPPORTED,translation_median_sparse_flow,0.00453948974609375,1.9073486328125e-05,246.0,2.35835862159729,,,SUPPORTED,partial_affine_ransac_sparse_flow,0.027627191521424472,0.3560619532374187,155.0,0.4200369017966493,1.0002809654179665,0.6300813008130082,-5.094970703125,-0.1900787353515625,-5.099510192871094,-0.19009780883789062,-199.52576446533203,72.9802017211914,177.8651359126732,1.3760755777463585,path_segment_002,SUPPORTED,,-5.094970703125,-0.1900787353515625,-6.288938188887755,0.39523193600484774,-213.43290945294575,91.15674971056478,-176.40394310943665,1.6992041258901882,path_segment_002,SUPPORTED,,-5.094970703125,-0.1900787353515625,-5.099510192871094,-0.19009780883789062,-199.52576446533203,72.9802017211914,177.8651359126732,1.3760755777463585,path_segment_002,SUPPORTED,,SUPPORTED,
93,93,3100.0,VALID_TARGET,,2.0,840.2793960571289,698.888069152832,840.2793960571289,698.888069152832,SUPPORTED,868.0714285714286,741.4285714285714,677.3571428571429,486.0,381.42857142857133,510.85714285714283,SUPPORTED,translation_median_sparse_flow,0.11297607421875,3.0517578125e-05,266.0,2.228210210800171,,,SUPPORTED,partial_affine_ransac_sparse_flow,0.1283974714425397,0.3714406972519962,166.0,0.418524194443312,1.0001689050315377,0.6240601503759399,-11.236396789550781,1.04681396484375,-11.349372863769531,1.046783447265625,-210.87513732910156,74.02698516845703,-174.7303637881262,3.073431760283922,path_segment_002,SUPPORTED,,-11.236396789550781,1.04681396484375,-12.33065251653909,1.5617672088187646,-225.76356196948484,92.71851691938355,-172.78150712540193,3.3516154570582364,path_segment_002,SUPPORTED,,-11.236396789550781,1.04681396484375,-11.349372863769531,1.046783447265625,-210.87513732910156,74.02698516845703,-174.7303637881262,3.073431760283922,path_segment_002,SUPPORTED,,SUPPORTED,
94,94,3133.3333333333335,VALID_TARGET,,2.0,830.8813934326172,701.7891235351562,830.8813934326172,701.9792022705078,SUPPORTED,860.9999999999999,736.0714285714286,669.2142857142857,478.7142857142857,383.5714285714285,514.7142857142857,SUPPORTED,translation_median_sparse_flow,0.00083160400390625,4.9591064453125e-05,246.0,2.1721725463867188,,,SUPPORTED,partial_affine_ransac_sparse_flow,0.06411987029123366,0.3337847988929432,150.0,0.34636416902537925,1.0002108796751508,0.6097560975609756,-9.398002624511719,3.0911331176757812,-9.398834228515625,3.091083526611328,-220.2739715576172,77.11806869506836,-161.79502655309983,2.668012359902488,path_segment_002,SUPPORTED,,-9.398002624511719,3.0911331176757812,-10.422049015710627,3.552121874082104,-236.18561098519547,96.27063879346565,-161.1794734222778,2.969130517778438,path_segment_002,SUPPORTED,,-9.398002624511719,3.0911331176757812,-9.398834228515625,3.091083526611328,-220.2739715576172,77.11806869506836,-161.79502655309983,2.668012359902488,path_segment_002,SUPPORTED,,SUPPORTED,
95,95,3166.6666666666665,VALID_TARGET,,2.0,822.8929748535156,706.1180267333984,822.8929748535156,706.1180267333984,SUPPORTED,853.9285714285713,730.7142857142858,661.0714285714286,471.42857142857144,385.71428571428567,518.5714285714286,SUPPORTED,translation_median_sparse_flow,0.76220703125,4.57763671875e-05,267.0,1.3915492296218872,,,SUPPORTED,partial_affine_ransac_sparse_flow,0.028135616794539315,0.3317890120885966,169.0,0.4192765230148337,1.0004055315451272,0.6329588014981273,-7.9884185791015625,4.138824462890625,-8.750625610351562,4.1387786865234375,-229.02459716796875,81.2568473815918,-154.6872805908371,2.610290739039358,path_segment_002,SUPPORTED,,-7.9884185791015625,4.138824462890625,-9.176394236088754,4.49751624463795,-245.36200522128422,100.7681550381036,-153.88969306352038,2.7557064452380007,path_segment_002,SUPPORTED,,-7.9884185791015625,4.138824462890625,-8.750625610351562,4.1387786865234375,-229.02459716796875,81.2568473815918,-154.6872805908371,2.610290739039358,path_segment_002,SUPPORTED,,SUPPORTED,
96,96,3200.0,VALID_TARGET,,2.0,810.9378890991211,710.7209243774414,810.9378890991211,710.7209243774414,SUPPORTED,839.4642857142858,732.6785714285714,651.4285714285714,475.7142857142857,376.07142857142856,513.9285714285714,SUPPORTED,translation_median_sparse_flow,0.00616455078125,3.814697265625e-05,243.0,1.7675126791000366,,,SUPPORTED,partial_affine_ransac_sparse_flow,0.10545626646903213,0.2968386522895318,150.0,0.33723572495350396,1.0002066454471306,0.6172839506172839,-11.955085754394531,4.602897644042969,-11.961250305175781,4.6028594970703125,-240.98584747314453,85.85970687866211,-158.95256409116345,3.4560125636352104,path_segment_002,SUPPORTED,,-11.955085754394531,4.602897644042969,-12.877734435776688,4.915010421509919,-258.2397396570609,105.68316545961352,-159.10977870696044,3.716905369864692,path_segment_002,SUPPORTED,,-11.955085754394531,4.602897644042969,-11.961250305175781,4.6028594970703125,-240.98584747314453,85.85970687866211,-158.95256409116345,3.4560125636352104,path_segment_002,SUPPORTED,,SUPPORTED,
97,97,3233.3333333333335,VALID_TARGET,,2.0,804.6864395141602,711.9577026367188,804.6864395141602,711.9577026367188,SUPPORTED,824.9999999999999,734.6428571428571,641.7857142857142,480.0,366.4285714285714,509.2857142857143,SUPPORTED,translation_median_sparse_flow,0.205657958984375,9.1552734375e-05,264.0,1.6914035081863403,,,SUPPORTED,partial_affine_ransac_sparse_flow,0.037893665746684214,0.29818725878535274,165.0,0.366111756607029,1.0003520132926051,0.625,-6.2514495849609375,1.2367782592773438,-6.4571075439453125,1.2366867065429688,-247.44295501708984,87.09639358520508,-169.15781743582943,1.7728537370566362,path_segment_002,SUPPORTED,,-6.2514495849609375,1.2367782592773438,-7.283863633914734,1.4982647660306156,-265.52360329097564,107.18143022564414,-168.37658564943524,2.005269513262031,path_segment_002,SUPPORTED,,-6.2514495849609375,1.2367782592773438,-6.4571075439453125,1.2366867065429688,-247.44295501708984,87.09639358520508,-169.15781743582943,1.7728537370566362,path_segment_002,SUPPORTED,,SUPPORTED,
98,98,3266.6666666666665,VALID_TARGET,,2.0,791.6999435424805,715.2678451538086,791.6999435424805,715.2678451538086,SUPPORTED,810.5357142857142,736.6071428571429,632.1428571428571,484.28571428571433,356.7857142857143,504.6428571428571,SUPPORTED,translation_median_sparse_flow,0.0009613037109375,6.103515625e-05,247.0,1.8736624717712402,,,SUPPORTED,partial_affine_ransac_sparse_flow,-0.2148757633815171,0.07910480275759146,186.0,0.7342220959789183,1.0013963664963177,0.7530364372469636,-12.986495971679688,3.3101425170898438,-12.987457275390625,3.3100814819335938,-260.43041229248047,90.40647506713867,-165.70157359923837,3.614119793197504,path_segment_002,SUPPORTED,,-12.986495971679688,3.3101425170898438,-14.475176963107174,2.8928725120734953,-279.9987802540828,110.07430273771763,-168.69829962190744,3.9805250002716357,path_segment_002,SUPPORTED,,-12.986495971679688,3.3101425170898438,-12.987457275390625,3.3100814819335938,-260.43041229248047,90.40647506713867,-165.70157359923837,3.614119793197504,path_segment_002,SUPPORTED,,SUPPORTED,
99,99,3300.0,VALID_TARGET,,2.0,777.5237503051758,722.2885437011719,777.5237503051758,716.8378067016602,SUPPORTED,796.0714285714286,738.5714285714287,622.5,488.5714285714286,347.14285714285717,500.0,SUPPORTED,translation_median_sparse_flow,9.1552734375e-05,9.5367431640625e-05,232.0,1.57948899269104,,,SUPPORTED,partial_affine_ransac_sparse_flow,-0.201730167812241,0.1654875109914971,186.0,0.48463457047903125,1.0010755246169696,0.8017241379310345,-14.176193237304688,1.5699615478515625,-14.176284790039062,1.5698661804199219,-274.60669708251953,91.9763412475586,-173.6808751780644,3.8461074441326235,path_segment_002,SUPPORTED,,-14.176193237304688,1.5699615478515625,-15.286962670483263,1.1457854128257168,-295.2857429245661,111.22008815054335,-175.71359272568307,4.133804699269432,path_segment_002,SUPPORTED,,-14.176193237304688,1.5699615478515625,-14.176284790039062,1.5698661804199219,-274.60669708251953,91.9763412475586,-173.6808751780644,3.8461074441326235,path_segment_002,SUPPORTED,,SUPPORTED,
100,100,3333.3333333333335,VALID_TARGET,,2.0,771.1098403930664,721.159309387207,771.1098403930664,720.1255416870117,SUPPORTED,781.6071428571428,740.5357142857143,612.8571428571428,492.8571428571429,337.5,495.3571428571429,SUPPORTED,translation_median_sparse_flow,0.000244140625,7.62939453125e-06,244.0,1.4316613674163818,,,SUPPORTED,partial_affine_ransac_sparse_flow,0.12401422537797341,0.2744529215418668,210.0,0.4771689715094877,1.000498291079473,0.860655737704918,-6.413909912109375,3.2877349853515625,-6.414154052734375,3.2877273559570312,-281.0208511352539,95.26406860351562,-152.86151136392968,1.943601578315768,path_segment_002,SUPPORTED,,-6.413909912109375,3.2877349853515625,-7.316289210079731,3.0803475886710885,-302.6020321346458,114.30043573921444,-157.1676445419292,2.1406214029006163,path_segment_002,SUPPORTED,,-6.413909912109375,3.2877349853515625,-6.414154052734375,3.2877273559570312,-281.0208511352539,95.26406860351562,-152.86151136392968,1.943601578315768,path_segment_002,SUPPORTED,,SUPPORTED,
101,101,3366.6666666666665,VALID_TARGET,,2.0,756.905403137207,716.8184814453125,757.37646484375,723.3223114013672,SUPPORTED,767.1428571428571,742.5,603.2142857142857,497.14285714285717,327.8571428571429,490.7142857142857,SUPPORTED,translation_median_sparse_flow,7.62939453125e-05,9.1552734375e-05,255.0,0.9239619374275208,,,SUPPORTED,partial_affine_ransac_sparse_flow,0.01993961815543309,0.26343406074895315,205.0,0.3070300105267244,1.0003569010607196,0.803921568627451,-13.733375549316406,3.1967697143554688,-13.733451843261719,3.1966781616210938,-294.7543029785156,98.46074676513672,-166.8968188397394,3.8023260898517726,path_segment_002,SUPPORTED,,-13.733375549316406,3.1967697143554688,-14.370664730922613,3.0428594310030803,-316.9726968655684,117.34329517021752,-168.04471376777025,3.9610729466681476,path_segment_002,SUPPORTED,,-13.733375549316406,3.1967697143554688,-13.733451843261719,3.1966781616210938,-294.7543029785156,98.46074676513672,-166.8968188397394,3.8023260898517726,path_segment_002,SUPPORTED,,SUPPORTED,
102,102,3400.0,VALID_TARGET,,2.0,754.917854309082,730.4867172241211,754.4467926025391,724.0135803222656,SUPPORTED,758.3928571428571,743.75,596.0714285714286,497.8571428571429,324.64285714285717,491.7857142857143,SUPPORTED,translation_median_sparse_flow,3.0517578125e-05,4.1961669921875e-05,238.0,0.5841547846794128,,,SUPPORTED,partial_affine_ransac_sparse_flow,0.13335416967101904,0.33357658069307533,224.0,0.41208074291719005,1.0000040390344738,0.9411764705882353,-2.9296722412109375,0.6912689208984375,-2.9297027587890625,0.6912269592285156,-297.6840057373047,99.15197372436523,-166.72455183179204,0.8117068620052804,path_segment_002,SUPPORTED,,-2.9296722412109375,0.6912689208984375,-3.193644755211494,0.4883591898985742,-320.1663416207799,117.83165436011609,-171.30591001987673,0.8712003572259388,path_segment_002,SUPPORTED,,-2.9296722412109375,0.6912689208984375,-2.9297027587890625,0.6912269592285156,-297.6840057373047,99.15197372436523,-166.72455183179204,0.8117068620052804,path_segment_002,SUPPORTED,,SUPPORTED,
103,103,3433.333333333333,VALID_TARGET,,2.0,747.2074127197266,724.0135803222656,747.2074127197266,728.6796417236328,SUPPORTED,749.6428571428571,745.0,588.9285714285714,498.5714285714286,321.42857142857144,492.85714285714283,SUPPORTED,translation_median_sparse_flow,0.0,0.0001068115234375,267.0,0.9800029397010803,,,SUPPORTED,partial_affine_ransac_sparse_flow,0.11448717884342118,0.3636428304425446,222.0,0.5193565721561011,1.0001233422804878,0.8314606741573034,-7.2393798828125,4.6660614013671875,-7.2393798828125,4.66595458984375,-304.9233856201172,103.81792831420898,-147.19724535234593,2.3224959847429427,path_segment_002,SUPPORTED,,-7.2393798828125,4.6660614013671875,-7.844211199122242,4.6273331552139325,-328.01055281990216,122.45898751533002,-149.46346680420123,2.455864517945042,path_segment_002,SUPPORTED,,-7.2393798828125,4.6660614013671875,-7.2393798828125,4.66595458984375,-304.9233856201172,103.81792831420898,-147.19724535234593,2.3224959847429427,path_segment_002,SUPPORTED,,SUPPORTED,
104,104,3466.666666666667,VALID_TARGET,,2.0,736.7818222045898,730.8845291137695,736.7818222045898,728.6796417236328,SUPPORTED,740.8928571428571,746.25,581.7857142857142,499.28571428571433,318.2142857142857,493.92857142857144,SUPPORTED,translation_median_sparse_flow,-1.52587890625e-05,9.1552734375e-05,253.0,1.4511516094207764,,,SUPPORTED,partial_affine_ransac_sparse_flow,0.17205245359854496,0.5253686064329878,230.0,0.6468106371810333,0.9995898062567149,0.9090909090909091,-10.425590515136719,0.0,-10.425575256347656,-9.1552734375e-05,-315.34896087646484,103.81783676147461,179.99949685411565,2.8113331071129313,path_segment_002,SUPPORTED,,-10.425590515136719,0.0,-10.584364154559466,0.07432892788756362,-338.5949169744616,122.53331644321759,-179.59764575406388,2.8542220787357757,path_segment_002,SUPPORTED,,-10.425590515136719,0.0,-10.425575256347656,-9.1552734375e-05,-315.34896087646484,103.81783676147461,179.99949685411565,2.8113331071129313,path_segment_002,SUPPORTED,,SUPPORTED,
105,105,3500.0,VALID_TARGET,,2.0,730.0128402709961,728.6796417236328,730.0933837890625,727.6443405151367,SUPPORTED,732.1428571428571,747.5,574.6428571428571,500.0,315.0,495.0,SUPPORTED,translation_median_sparse_flow,0.000213623046875,0.001300811767578125,254.0,1.4158692359924316,,,SUPPORTED,partial_affine_ransac_sparse_flow,0.05553580721943509,0.38822436061156806,202.0,0.3482095453052912,1.0000968712813179,0.7952755905511811,-6.688438415527344,-1.0353012084960938,-6.688652038574219,-1.0366020202636719,-322.03761291503906,102.78123474121094,171.19043015523525,1.8251761960612165,path_segment_002,SUPPORTED,,-6.688438415527344,-1.0353012084960938,-7.154044348154571,-1.1514913547938477,-345.7489613226162,121.38182508842374,170.85628455031926,1.9539701119046784,path_segment_002,SUPPORTED,,-6.688438415527344,-1.0353012084960938,-6.688652038574219,-1.0366020202636719,-322.03761291503906,102.78123474121094,171.19043015523525,1.8251761960612165,path_segment_002,SUPPORTED,,SUPPORTED,
106,106,3533.333333333333,VALID_TARGET,,2.0,726.1094589233398,723.1846466064453,726.0289154052734,730.6259002685547,SUPPORTED,723.3928571428571,748.75,567.5,500.7142857142857,311.7857142857143,496.07142857142856,SUPPORTED,translation_median_sparse_flow,-0.00018310546875,3.0517578125e-05,243.0,1.4293110370635986,,,SUPPORTED,partial_affine_ransac_sparse_flow,-0.030557916744054173,0.26956214086116576,174.0,0.3661767682550107,1.0005904702804398,0.7160493827160493,-4.0644683837890625,2.9815597534179688,-4.0642852783203125,2.9815292358398438,-326.1018981933594,105.76276397705078,-143.73650686626235,1.3592424632424824,path_segment_002,SUPPORTED,,-4.0644683837890625,2.9815597534179688,-4.909789405883657,2.7288955525610845,-350.65875072849985,124.11072064098482,-150.93438610793737,1.5147185367805733,path_segment_002,SUPPORTED,,-4.0644683837890625,2.9815597534179688,-4.0642852783203125,2.9815292358398438,-326.1018981933594,105.76276397705078,-143.73650686626235,1.3592424632424824,path_segment_002,SUPPORTED,,SUPPORTED,
107,107,3566.666666666667,VALID_TARGET,,2.0,719.4720840454102,732.2056579589844,719.4720840454102,733.2409591674805,SUPPORTED,714.6428571428571,750.0,560.3571428571429,501.42857142857144,308.57142857142856,497.1428571428571,SUPPORTED,translation_median_sparse_flow,-9.918212890625e-05,0.0001678466796875,246.0,1.351501226425171,,,SUPPORTED,partial_affine_ransac_sparse_flow,-0.0831033290972677,0.21475147079759463,172.0,0.3191059121983242,1.0006989667827935,0.6991869918699187,-6.556831359863281,2.6150588989257812,-6.556732177734375,2.6148910522460938,-332.65863037109375,108.37765502929688,-158.25738696832153,1.9034905098752393,path_segment_002,SUPPORTED,,-6.556831359863281,2.6150588989257812,-7.3547467865425915,2.2610122944587374,-358.01349751504245,126.37173293544356,-162.91141068590855,2.074863608352743,path_segment_002,SUPPORTED,,-6.556831359863281,2.6150588989257812,-6.556732177734375,2.6148910522460938,-332.65863037109375,108.37765502929688,-158.25738696832153,1.9034905098752393,path_segment_002,SUPPORTED,,SUPPORTED,
108,108,3600.0,VALID_TARGET,,2.0,698.0329818725586,740.5215606689453,698.0329818725586,740.5215606689453,SUPPORTED,705.7142857142858,751.7857142857142,548.9285714285714,502.5,313.57142857142856,498.57142857142856,SUPPORTED,translation_median_sparse_flow,-0.00031280517578125,0.00029754638671875,236.0,1.9123843908309937,,,SUPPORTED,partial_affine_ransac_sparse_flow,-0.1654433202181016,0.22662836565195726,168.0,0.3020485739815416,1.0007328185797757,0.711864406779661,-21.439102172851562,7.280601501464844,-21.43878936767578,7.280303955078125,-354.09741973876953,115.657958984375,-161.24325298402547,6.105369674955663,path_segment_002,SUPPORTED,,-21.439102172851562,7.280601501464844,-22.203306786871508,6.9117062414359225,-380.21680430191395,133.28343917687948,-162.70906558701824,6.2706702421618115,path_segment_002,SUPPORTED,,-21.439102172851562,7.280601501464844,-21.43878936767578,7.280303955078125,-354.09741973876953,115.657958984375,-161.24325298402547,6.105369674955663,path_segment_002,SUPPORTED,,SUPPORTED,
109,109,3633.3333333333335,VALID_TARGET,,2.0,689.7053985595703,742.6993713378906,692.0892791748047,740.5215606689453,SUPPORTED,696.7857142857142,753.5714285714286,537.5,503.57142857142856,318.57142857142856,500.0,SUPPORTED,translation_median_sparse_flow,-6.103515625e-05,0.00014495849609375,261.0,1.9265594482421875,,,SUPPORTED,partial_affine_ransac_sparse_flow,0.15473011319822047,0.645177911949038,187.0,0.4417406267643142,0.9993597840399466,0.7164750957854407,-5.943702697753906,0.0,-5.943641662597656,-0.00014495849609375,-360.0410614013672,115.6578140258789,179.99860262268479,1.602746723930494,path_segment_002,SUPPORTED,,-5.943702697753906,0.0,-6.2208714148605395,0.365993932637366,-386.4376757167745,133.64943310951685,-176.63298569036445,1.680404471365241,path_segment_002,SUPPORTED,,-5.943702697753906,0.0,-5.943641662597656,-0.00014495849609375,-360.0410614013672,115.6578140258789,179.99860262268479,1.602746723930494,path_segment_002,SUPPORTED,,SUPPORTED,
110,110,3666.6666666666665,VALID_TARGET,,2.0,689.0366058349609,743.7783279418945,686.6527252197266,741.4892272949219,SUPPORTED,687.8571428571429,755.3571428571429,526.0714285714286,504.6428571428571,323.57142857142856,501.42857142857144,SUPPORTED,translation_median_sparse_flow,-6.103515625e-05,0.0003509521484375,251.0,2.2773234844207764,,,SUPPORTED,partial_affine_ransac_sparse_flow,-0.1227754738319437,0.3708467020834783,177.0,0.4073444386940562,1.0007115843584726,0.7051792828685259,-5.436553955078125,0.9676666259765625,-5.436492919921875,0.967315673828125,-365.47755432128906,116.62512969970703,-169.91094275571945,1.489015492605173,path_segment_002,SUPPORTED,,-5.436553955078125,0.9676666259765625,-6.462303282879361,0.6835584994291821,-392.89997899965385,134.33299160894603,-173.9619171974003,1.7523292213424333,path_segment_002,SUPPORTED,,-5.436553955078125,0.9676666259765625,-5.436492919921875,0.967315673828125,-365.47755432128906,116.62512969970703,-169.91094275571945,1.489015492605173,path_segment_002,SUPPORTED,,SUPPORTED,
111,111,3700.0,VALID_TARGET,,2.0,680.3514862060547,732.2488708496094,680.3514862060547,740.2901992797852,SUPPORTED,678.9285714285714,757.1428571428571,514.6428571428571,505.7142857142857,328.5714285714286,502.85714285714283,SUPPORTED,translation_median_sparse_flow,-0.000274658203125,0.00011444091796875,226.0,1.9505321979522705,,,SUPPORTED,partial_affine_ransac_sparse_flow,-0.5165779822648805,0.14019449861113847,159.0,0.28287930128816824,1.00108224688131,0.7035398230088495,-6.301239013671875,-1.1990280151367188,-6.30096435546875,-1.1991424560546875,-371.7785186767578,115.42598724365234,169.22483901729166,1.7295969931010975,path_segment_002,SUPPORTED,,-6.301239013671875,-1.1990280151367188,-7.0430628791305026,-1.6641972772409872,-399.94304187878436,132.66879433170504,166.70548757883108,1.9515125230335453,path_segment_002,SUPPORTED,,-6.301239013671875,-1.1990280151367188,-6.30096435546875,-1.1991424560546875,-371.7785186767578,115.42598724365234,169.22483901729166,1.7295969931010975,path_segment_002,SUPPORTED,,SUPPORTED,
112,112,3733.3333333333335,VALID_TARGET,,2.0,664.5901412963867,742.8636093139648,665.7239303588867,742.3396377563477,SUPPORTED,670.0,758.9285714285714,503.2142857142857,506.7857142857143,333.5714285714286,504.2857142857143,SUPPORTED,translation_median_sparse_flow,0.0,0.0001220703125,238.0,2.3140740394592285,,,SUPPORTED,partial_affine_ransac_sparse_flow,-0.4984682691830802,0.20309062086823548,170.0,0.28860244120322714,1.0009680145184712,0.7142857142857143,-14.627555847167969,2.0494384765625,-14.627555847167969,2.04931640625,-386.4060745239258,117.47530364990234,-172.02478625730936,3.9829504723094113,path_segment_002,SUPPORTED,,-14.627555847167969,2.0494384765625,-15.410490667012255,1.7026053525908083,-415.3535325457966,134.37139968429585,-173.6953301393829,4.180837912677302,path_segment_002,SUPPORTED,,-14.627555847167969,2.0494384765625,-14.627555847167969,2.04931640625,-386.4060745239258,117.47530364990234,-172.02478625730936,3.9829504723094113,path_segment_002,SUPPORTED,,SUPPORTED,
113,113,3766.6666666666665,VALID_TARGET,,2.0,650.1580200195312,741.1307983398438,663.6127700805664,742.8636093139648,SUPPORTED,661.0714285714286,760.7142857142857,491.7857142857143,507.85714285714283,338.5714285714286,505.7142857142857,SUPPORTED,translation_median_sparse_flow,0.0,6.103515625e-05,226.0,1.9067895412445068,,,SUPPORTED,partial_affine_ransac_sparse_flow,0.04987202284757638,0.3578417091403139,161.0,0.19993635728983175,0.9993901575043805,0.7123893805309734,-2.1111602783203125,0.5239715576171875,-2.1111602783203125,0.5239105224609375,-388.5172348022461,117.99921417236328,-166.0628947044552,0.5865577559547605,path_segment_002,SUPPORTED,,-2.1111602783203125,0.5239715576171875,-2.3996487310606653,1.1974204470709537,-417.7531812768573,135.5688201313668,-153.48088540176064,0.7231710574160642,path_segment_002,SUPPORTED,,-2.1111602783203125,0.5239715576171875,-2.1111602783203125,0.5239105224609375,-388.5172348022461,117.99921417236328,-166.0628947044552,0.5865577559547605,path_segment_002,SUPPORTED,,SUPPORTED,
114,114,3800.0,VALID_TARGET,,2.0,641.5253601074219,745.9993209838867,643.7426223754883,744.9549713134766,SUPPORTED,648.6428571428571,762.4285714285714,475.07142857142856,513.8571428571429,347.14285714285717,497.1428571428571,SUPPORTED,translation_median_sparse_flow,0.0,-7.62939453125e-06,252.0,2.3650543689727783,,,SUPPORTED,partial_affine_ransac_sparse_flow,0.47787178852820694,1.1786537811114912,165.0,0.5465862941741293,0.9983447964027959,0.6547619047619048,-19.870147705078125,2.0913619995117188,-19.870147705078125,2.09136962890625,-408.3873825073242,120.09058380126953,-173.99163534198263,5.387728400906986,path_segment_002,SUPPORTED,,-19.870147705078125,2.0913619995117188,-20.654236586878824,3.399475650973841,-438.4074178637361,138.96829578234065,-170.65349898496515,5.644502009990992,path_segment_002,SUPPORTED,,-19.870147705078125,2.0913619995117188,-19.870147705078125,2.09136962890625,-408.3873825073242,120.09058380126953,-173.99163534198263,5.387728400906986,path_segment_002,SUPPORTED,,SUPPORTED,
115,115,3833.3333333333335,VALID_TARGET,,2.0,652.4841842651367,745.5092926025391,637.8956451416016,745.9993209838867,SUPPORTED,636.2142857142857,764.1428571428571,458.35714285714283,519.8571428571429,355.7142857142857,488.57142857142856,SUPPORTED,translation_median_sparse_flow,0.0,3.0517578125e-05,247.0,1.890824556350708,,,SUPPORTED,partial_affine_ransac_sparse_flow,-0.8581431500724703,0.2997895348759864,166.0,0.4752854064125346,1.0019324270429568,0.6720647773279352,-5.846977233886719,1.0443496704101562,-5.846977233886719,1.0443191528320312,-414.23435974121094,121.13490295410156,-169.8732764208309,1.6016318235528333,path_segment_002,SUPPORTED,,-5.846977233886719,1.0443496704101562,-7.372178342885945,0.2910710942115884,-445.77959620662205,139.25936687655224,-177.7390010398935,1.989511026008808,path_segment_002,SUPPORTED,,-5.846977233886719,1.0443496704101562,-5.846977233886719,1.0443191528320312,-414.23435974121094,121.13490295410156,-169.8732764208309,1.6016318235528333,path_segment_002,SUPPORTED,,SUPPORTED,
116,116,3866.6666666666665,VALID_TARGET,,2.0,621.3031158447266,753.7575225830078,629.2823028564453,746.6301116943359,SUPPORTED,623.7857142857143,765.8571428571429,441.64285714285717,525.8571428571429,364.2857142857143,479.99999999999994,SUPPORTED,translation_median_sparse_flow,3.0517578125e-05,-3.814697265625e-05,229.0,1.0729238986968994,,,SUPPORTED,partial_affine_ransac_sparse_flow,0.3234051749513425,0.4114465369887305,156.0,0.27591654440356694,0.9988495932478253,0.6812227074235808,-8.61334228515625,0.6307907104492188,-8.613372802734375,0.630828857421875,-422.8477325439453,121.76573181152344,-175.81123262922733,2.3288802436951825,path_segment_002,SUPPORTED,,-8.61334228515625,0.6307907104492188,-8.842556425108342,1.6249786508863053,-454.6221526317304,140.88434552743854,-169.58705094674616,2.4243885359692485,path_segment_002,SUPPORTED,,-8.61334228515625,0.6307907104492188,-8.613372802734375,0.630828857421875,-422.8477325439453,121.76573181152344,-175.81123262922733,2.3288802436951825,path_segment_002,SUPPORTED,,SUPPORTED,
117,117,3900.0,VALID_TARGET,,2.0,632.4495010375977,744.4577331542969,624.3862075805664,750.7505340576172,SUPPORTED,611.3571428571429,767.5714285714286,424.92857142857144,531.8571428571429,372.85714285714283,471.4285714285714,SUPPORTED,translation_median_sparse_flow,0.00018310546875,-1.1444091796875e-05,254.0,1.5659213066101074,,,SUPPORTED,partial_affine_ransac_sparse_flow,-1.049150764551076,0.5492462000687002,187.0,0.6815255818448047,1.0018798337433834,0.7362204724409449,-4.896095275878906,4.12042236328125,-4.896278381347656,4.120433807373047,-427.74401092529297,125.88616561889648,-139.91791218462046,1.7256283824804088,path_segment_002,SUPPORTED,,-4.896095275878906,4.12042236328125,-6.567889840880639,3.466616628949282,-461.190042472611,144.35096215638782,-152.1743321234793,2.002641353360156,path_segment_002,SUPPORTED,,-4.896095275878906,4.12042236328125,-4.896278381347656,4.120433807373047,-427.74401092529297,125.88616561889648,-139.91791218462046,1.7256283824804088,path_segment_002,SUPPORTED,,SUPPORTED,
118,118,3933.333333333333,VALID_TARGET,,2.0,622.4008865356445,750.7505340576172,622.4859313964844,751.8909072875977,SUPPORTED,598.9285714285714,769.2857142857142,408.2142857142857,537.8571428571429,381.4285714285714,462.8571428571428,SUPPORTED,translation_median_sparse_flow,0.0001220703125,7.62939453125e-06,249.0,1.2290195226669312,,,SUPPORTED,partial_affine_ransac_sparse_flow,0.03339461284978737,0.4233906428967766,162.0,0.22666146634472287,0.9995797721303339,0.6506024096385542,-1.9002761840820312,1.1403732299804688,-1.9003982543945312,1.1403656005859375,-429.6444091796875,127.02653121948242,-149.03343593735522,0.5976392686111183,path_segment_002,SUPPORTED,,-1.9002761840820312,1.1403732299804688,-2.5644224451443733,1.776174732994491,-463.7544649177554,146.1271368893823,-145.29268462402578,0.8411865807130079,path_segment_002,SUPPORTED,,-1.9002761840820312,1.1403732299804688,-1.9003982543945312,1.1403656005859375,-429.6444091796875,127.02653121948242,-149.03343593735522,0.5976392686111183,path_segment_002,SUPPORTED,,SUPPORTED,
119,119,3966.666666666667,VALID_TARGET,,2.0,624.7497482299805,752.4860610961914,622.4859313964844,752.4860610961914,SUPPORTED,592.1428571428571,773.2142857142858,398.92857142857144,540.7142857142858,386.4285714285714,464.99999999999994,SUPPORTED,translation_median_sparse_flow,9.1552734375e-05,-6.866455078125e-05,229.0,1.0048091411590576,,,SUPPORTED,partial_affine_ransac_sparse_flow,-1.2646970437311713,0.49221251302456237,153.0,0.6472769799809686,1.0028542529421511,0.6681222707423581,0.0,0.59515380859375,-9.1552734375e-05,0.5952224731445312,-429.6445007324219,127.62175369262695,-90.00881281449857,0.16050612301321684,path_segment_002,SUPPORTED,,0.0,0.59515380859375,-2.2672125160554515,-0.5865953533519814,-466.02167743381085,145.54054153603033,165.49397581851204,0.6315019998649594,path_segment_002,SUPPORTED,,0.0,0.59515380859375,-9.1552734375e-05,0.5952224731445312,-429.6445007324219,127.62175369262695,-90.00881281449857,0.16050612301321684,path_segment_002,SUPPORTED,,SUPPORTED,
120,120,4000.0,VALID_TARGET,,2.0,621.2128143310547,755.3600006103516,621.2128143310547,755.3600006103516,SUPPORTED,585.3571428571429,777.1428571428571,389.64285714285717,543.5714285714286,391.4285714285714,467.1428571428571,SUPPORTED,translation_median_sparse_flow,0.0008087158203125,-9.1552734375e-05,246.0,1.6073799133300781,,,SUPPORTED,partial_affine_ransac_sparse_flow,-1.3156551530995697,0.5986144914761816,178.0,0.8091074127605544,1.0026541434714085,0.7235772357723578,-1.2731170654296875,2.8739395141601562,-1.27392578125,2.8740310668945312,-430.9184265136719,130.49578475952148,-113.90550733301903,0.8477257809951723,path_segment_002,SUPPORTED,,-1.2731170654296875,2.8739395141601562,-3.5331050655964873,1.873432314785532,-469.55478249940734,147.41397385081586,-152.0651862711818,1.0783793078776225,path_segment_002,SUPPORTED,,-1.2731170654296875,2.8739395141601562,-1.27392578125,2.8740310668945312,-430.9184265136719,130.49578475952148,-113.90550733301903,0.8477257809951723,path_segment_002,SUPPORTED,,SUPPORTED,
121,121,4033.333333333333,VALID_TARGET,,2.0,609.9222946166992,773.8993911743164,618.0815505981445,765.7640914916992,SUPPORTED,578.5714285714287,781.0714285714286,380.3571428571429,546.4285714285714,396.42857142857144,469.2857142857143,SUPPORTED,translation_median_sparse_flow,0.0002288818359375,-6.4849853515625e-05,240.0,1.6020851135253906,,,SUPPORTED,partial_affine_ransac_sparse_flow,-0.7251654547220324,0.7620714552965925,162.0,0.5430762759478892,1.001225574760885,0.675,-3.1312637329101562,10.404090881347656,-3.1314926147460938,10.404155731201172,-434.04991912841797,140.89994049072266,-106.75099554939214,2.929882786068715,path_segment_002,SUPPORTED,,-3.1312637329101562,10.404090881347656,-5.016409531793215,10.240669101986555,-474.57119203120055,157.65464295280242,-116.09800340791347,3.0749887155129607,path_segment_002,SUPPORTED,,-3.1312637329101562,10.404090881347656,-3.1314926147460938,10.404155731201172,-434.04991912841797,140.89994049072266,-106.75099554939214,2.929882786068715,path_segment_002,SUPPORTED,,SUPPORTED,
122,122,4066.6666666666665,VALID_TARGET,,2.0,614.9312438964844,765.7640914916992,613.8855819702148,773.8993911743164,SUPPORTED,571.7857142857142,785.0,371.07142857142856,549.2857142857143,401.42857142857144,471.42857142857144,SUPPORTED,translation_median_sparse_flow,0.0004119873046875,3.814697265625e-06,218.0,1.1924751996994019,,,SUPPORTED,partial_affine_ransac_sparse_flow,-1.4582079670487886,0.6276768081989584,165.0,0.802633471217468,1.0031135159966083,0.7568807339449541,-4.1959686279296875,8.135299682617188,-4.196380615234375,8.135295867919922,-438.24629974365234,149.03523635864258,-117.28576845457698,2.4683983072986457,path_segment_002,SUPPORTED,,-4.1959686279296875,8.135299682617188,-6.838299229755307,6.88495714258454,-481.40949126095586,164.53960009538696,-134.8051999384888,2.616718280545917,path_segment_002,SUPPORTED,,-4.1959686279296875,8.135299682617188,-4.196380615234375,8.135295867919922,-438.24629974365234,149.03523635864258,-117.28576845457698,2.4683983072986457,path_segment_002,SUPPORTED,,SUPPORTED,
123,123,4100.0,VALID_TARGET,,2.0,611.0884246826172,779.3999176025391,604.7174758911133,779.3999176025391,SUPPORTED,565.0,788.9285714285714,361.7857142857143,552.1428571428571,406.42857142857144,473.5714285714286,SUPPORTED,translation_median_sparse_flow,0.0025634765625,-0.00018310546875,229.0,2.7262659072875977,,,SUPPORTED,partial_affine_ransac_sparse_flow,-1.190444858626168,0.8371571923170795,168.0,0.678636885951104,1.0022992579706629,0.7336244541484717,-9.168106079101562,5.500526428222656,-9.170669555664062,5.500709533691406,-447.4169692993164,154.53594589233398,-149.04401791744885,2.8836823971941064,path_segment_002,SUPPORTED,,-9.168106079101562,5.500526428222656,-11.748898552004562,4.761682636957289,-493.1583898129604,169.30128273234425,-157.93789875943844,3.4184879434388473,path_segment_002,SUPPORTED,,-9.168106079101562,5.500526428222656,-9.170669555664062,5.500709533691406,-447.4169692993164,154.53594589233398,-149.04401791744885,2.8836823971941064,path_segment_002,SUPPORTED,,SUPPORTED,
124,124,4133.333333333334,VALID_TARGET,,2.0,601.8435363769531,780.4823608398438,604.7174758911133,780.4823608398438,SUPPORTED,558.2142857142858,792.8571428571429,352.5,555.0,411.42857142857144,475.7142857142858,SUPPORTED,translation_median_sparse_flow,0.0006103515625,-6.103515625e-05,208.0,0.05931834876537323,,,SUPPORTED,partial_affine_ransac_sparse_flow,-1.6765474585729014,1.007377557828433,156.0,0.979611911722225,1.0034443255450016,0.75,0.0,1.0824432373046875,-0.0006103515625,1.0825042724609375,-447.4175796508789,155.61845016479492,-90.03230524417715,0.2919052914160531,path_segment_002,SUPPORTED,,0.0,1.0824432373046875,-3.3553820045427756,-0.31238388004180706,-496.5137718175032,168.98889885230244,174.68113194910472,0.9087161821644504,path_segment_002,SUPPORTED,,0.0,1.0824432373046875,-0.0006103515625,1.0825042724609375,-447.4175796508789,155.61845016479492,-90.03230524417715,0.2919052914160531,path_segment_002,SUPPORTED,,SUPPORTED,
125,125,4166.666666666667,VALID_TARGET,,2.0,592.2741088867188,789.5917434692383,594.8267974853516,789.5917434692383,SUPPORTED,557.6190476190476,793.452380952381,352.5,555.952380952381,410.23809523809524,475.00000000000006,SUPPORTED,translation_median_sparse_flow,0.0026702880859375,-0.0003509521484375,223.0,2.415891647338867,,,SUPPORTED,partial_affine_ransac_sparse_flow,-1.8600140817533732,0.6724908132198473,163.0,0.8909269630254888,1.004099833194316,0.7309417040358744,-9.890678405761719,9.109382629394531,-9.893348693847656,9.109733581542969,-457.31092834472656,164.7281837463379,-137.36132304797556,3.6265215232022725,path_segment_002,SUPPORTED,,-9.890678405761719,9.109382629394531,-13.033183825247988,7.1985969166725,-509.5469556427512,176.18749576897494,-151.08688498933788,4.014940733039586,path_segment_002,SUPPORTED,,-9.890678405761719,9.109382629394531,-9.893348693847656,9.109733581542969,-457.31092834472656,164.7281837463379,-137.36132304797556,3.6265215232022725,path_segment_002,SUPPORTED,,SUPPORTED,
126,126,4200.0,VALID_TARGET,,2.0,597.8356246948242,803.0315170288086,593.4206924438477,803.0315170288086,SUPPORTED,557.0238095238095,794.047619047619,352.5,556.9047619047619,409.04761904761904,474.28571428571433,SUPPORTED,translation_median_sparse_flow,0.0004425048828125,-9.1552734375e-05,222.0,2.510676383972168,,,SUPPORTED,partial_affine_ransac_sparse_flow,-1.8686402731518879,0.5475503545977007,175.0,0.9310527958671772,1.0042343657253123,0.7882882882882883,-1.4061050415039062,13.439773559570312,-1.4065475463867188,13.439865112304688,-458.7174758911133,178.16804885864258,-95.97453427936216,3.643951566155538,path_segment_002,SUPPORTED,,-1.4061050415039062,13.439773559570312,-4.451603872316241,11.3590440975629,-513.9985595150674,187.54653986653784,-111.40018875267565,3.2898712981050533,path_segment_002,SUPPORTED,,-1.4061050415039062,13.439773559570312,-1.4065475463867188,13.439865112304688,-458.7174758911133,178.16804885864258,-95.97453427936216,3.643951566155538,path_segment_002,SUPPORTED,,SUPPORTED,
127,127,4233.333333333333,VALID_TARGET,,2.0,592.0513916015625,804.7809143066406,594.5467910766602,804.7809143066406,SUPPORTED,556.4285714285714,794.6428571428572,352.5,557.8571428571429,407.85714285714283,473.5714285714286,SUPPORTED,translation_median_sparse_flow,0.0001220703125,-4.57763671875e-05,204.0,0.03568810224533081,,,SUPPORTED,partial_affine_ransac_sparse_flow,-1.2663795825445014,0.41185369025608276,133.0,0.6035291156417216,1.002956809625629,0.6519607843137255,1.1260986328125,1.7493972778320312,1.1259765625,1.7494430541992188,-457.5914993286133,179.9174919128418,-57.23385659398409,0.5610152673915265,path_segment_002,SUPPORTED,,1.1260986328125,1.7493972778320312,-1.107338276894211,0.25570898311525525,-515.1058977919616,187.8022488496531,-166.9970625336573,0.30646000186357863,path_segment_002,SUPPORTED,,1.1260986328125,1.7493972778320312,1.1259765625,1.7494430541992188,-457.5914993286133,179.9174919128418,-57.23385659398409,0.5610152673915265,path_segment_002,SUPPORTED,,SUPPORTED,
128,128,4266.666666666667,VALID_TARGET,,2.0,590.9440383911133,806.9836502075195,594.7108764648438,806.9836502075195,SUPPORTED,555.8333333333333,795.2380952380953,352.5,558.8095238095239,406.66666666666663,472.8571428571429,SUPPORTED,translation_median_sparse_flow,0.0015869140625,-6.103515625e-05,223.0,3.131593704223633,,,SUPPORTED,partial_affine_ransac_sparse_flow,-2.2918458953293164,0.5964567563344754,165.0,1.0985588682711955,1.0053663871439853,0.7399103139013453,0.16408538818359375,2.2027359008789062,0.16249847412109375,2.2027969360351562,-457.4290008544922,182.12028884887695,-85.78098068674986,0.5956144569784264,path_segment_002,SUPPORTED,,0.16408538818359375,2.2027359008789062,-3.5057596942510827,-0.6579145309433443,-518.6116574862127,187.14433431870975,169.37111536447048,0.9618569784473622,path_segment_002,SUPPORTED,,0.16408538818359375,2.2027359008789062,0.16249847412109375,2.2027969360351562,-457.4290008544922,182.12028884887695,-85.78098068674986,0.5956144569784264,path_segment_002,SUPPORTED,,SUPPORTED,
129,129,4300.0,VALID_TARGET,,2.0,595.8059463500977,810.2155227661133,594.5467910766602,810.2155227661133,SUPPORTED,555.2380952380952,795.8333333333333,352.5,559.7619047619047,405.4761904761905,472.1428571428572,SUPPORTED,translation_median_sparse_flow,0.00030517578125,1.52587890625e-05,185.0,0.003715162631124258,,,SUPPORTED,partial_affine_ransac_sparse_flow,-2.331297480471467,0.8538934595573012,144.0,1.0171768385499322,1.0053470920729628,0.7783783783783784,-0.16408538818359375,3.23187255859375,-0.16439056396484375,3.2318572998046875,-457.59339141845703,185.35214614868164,-92.91187822081675,0.8726207963767868,path_segment_002,SUPPORTED,,-0.16408538818359375,3.23187255859375,-4.226490516467493,0.4411885604736199,-522.8381480026802,187.58552287918337,-174.04067679975793,1.145896871415007,path_segment_002,SUPPORTED,,-0.16408538818359375,3.23187255859375,-0.16439056396484375,3.2318572998046875,-457.59339141845703,185.35214614868164,-92.91187822081675,0.8726207963767868,path_segment_002,SUPPORTED,,SUPPORTED,
130,130,4333.333333333333,VALID_TARGET,,2.0,597.6016235351562,820.2550277709961,594.2630157470703,820.2550277709961,SUPPORTED,554.6428571428571,796.4285714285714,352.5,560.7142857142857,404.2857142857143,471.4285714285715,SUPPORTED,translation_median_sparse_flow,0.0005950927734375,-7.62939453125e-06,219.0,2.714540481567383,,,SUPPORTED,partial_affine_ransac_sparse_flow,-1.392470262396358,0.015070473549565906,136.0,0.620427566138418,1.0035838212443788,0.6210045662100456,-0.28377532958984375,10.039505004882812,-0.28437042236328125,10.039512634277344,-457.8777618408203,195.39165878295898,-91.62247613902397,2.708314283232628,path_segment_002,SUPPORTED,,-0.28377532958984375,10.039505004882812,-2.031324389002748,7.862346973186959,-524.869472391683,195.44786985237033,-104.48622340666043,2.1897568884231253,path_segment_002,SUPPORTED,,-0.28377532958984375,10.039505004882812,-0.28437042236328125,10.039512634277344,-457.8777618408203,195.39165878295898,-91.62247613902397,2.708314283232628,path_segment_002,SUPPORTED,,SUPPORTED,
131,131,4366.666666666666,VALID_TARGET,,2.0,593.7364654541016,830.0059051513672,597.6016235351562,826.9648895263672,SUPPORTED,554.047619047619,797.0238095238095,352.5,561.6666666666666,403.0952380952381,470.7142857142858,SUPPORTED,translation_median_sparse_flow,0.00018310546875,0.0,196.0,0.007916931062936783,,,SUPPORTED,partial_affine_ransac_sparse_flow,-2.433108675849039,0.7369436148521727,156.0,1.165061025320227,1.005761206199849,0.7959183673469388,3.3386077880859375,6.709861755371094,3.3384246826171875,6.709861755371094,-454.5393371582031,202.10152053833008,-63.54781739037693,2.0209433814417617,path_segment_002,SUPPORTED,,3.3386077880859375,6.709861755371094,-0.7104807341886499,3.4717863876746833,-525.5799531258716,198.91965624004501,-101.56555779640753,0.9555952103121494,path_segment_002,SUPPORTED,,3.3386077880859375,6.709861755371094,3.3384246826171875,6.709861755371094,-454.5393371582031,202.10152053833008,-63.54781739037693,2.0209433814417617,path_segment_002,SUPPORTED,,SUPPORTED,
132,132,4400.0,VALID_TARGET,,2.0,595.4962997436523,826.9648895263672,597.4554138183594,827.8105545043945,SUPPORTED,553.452380952381,797.6190476190476,352.5,562.6190476190476,401.90476190476187,470.00000000000006,SUPPORTED,translation_median_sparse_flow,0.0004730224609375,0.0,207.0,0.02309551276266575,,,SUPPORTED,partial_affine_ransac_sparse_flow,-2.6313348725546484,0.646870248386975,146.0,1.107798861414461,1.0064076130713933,0.7053140096618358,-0.146209716796875,0.8456649780273438,-0.1466827392578125,0.8456649780273438,-454.68601989746094,202.94718551635742,-99.84019470535311,0.23144474342573984,path_segment_002,SUPPORTED,,-0.146209716796875,0.8456649780273438,-4.536675522243854,-2.783613772688227,-530.1166286481155,196.1360424673568,148.46755044048055,1.4352747130937016,path_segment_002,SUPPORTED,,-0.146209716796875,0.8456649780273438,-0.1466827392578125,0.8456649780273438,-454.68601989746094,202.94718551635742,-99.84019470535311,0.23144474342573984,path_segment_002,SUPPORTED,,SUPPORTED,
133,133,4433.333333333334,VALID_TARGET,,2.0,602.411376953125,828.6562194824219,597.3092041015625,828.6562194824219,SUPPORTED,552.8571428571429,798.2142857142858,352.5,563.5714285714286,400.71428571428567,469.28571428571433,SUPPORTED,translation_median_sparse_flow,8.392333984375e-05,7.62939453125e-06,182.0,0.0018639160552993417,,,SUPPORTED,partial_affine_ransac_sparse_flow,-2.1963247309637124,0.22457956860985398,139.0,1.0573740162770642,1.0054900995327414,0.7637362637362637,-0.146209716796875,0.8456649780273438,-0.14629364013671875,0.8456573486328125,-454.83231353759766,203.79284286499023,-99.81468714039164,0.23142480780880847,path_segment_002,SUPPORTED,,-0.146209716796875,0.8456649780273438,-3.1947084892556177,-2.502137581241982,-533.3113371373711,193.6339048861148,141.93148713189817,1.0942526512844475,path_segment_002,SUPPORTED,,-0.146209716796875,0.8456649780273438,-0.14629364013671875,0.8456573486328125,-454.83231353759766,203.79284286499023,-99.81468714039164,0.23142480780880847,path_segment_002,SUPPORTED,,SUPPORTED,
