source_frame_index,analysis_frame_index,timestamp_ms,frame_status,frame_rejection_reason,valid_segment_id,raw_pelvis_mid_x,raw_pelvis_mid_y,path_input_center_x,path_input_center_y,center_status,roi_center_x,roi_center_y,roi_x,roi_y,roi_width,roi_height,translation_camera_motion_status,translation_camera_motion_method,translation_background_dx_px,translation_background_dy_px,translation_background_feature_count,translation_camera_motion_residual_px,translation_affine_scale,translation_affine_inlier_fraction,affine_camera_motion_status,affine_camera_motion_method,affine_background_dx_px,affine_background_dy_px,affine_background_feature_count,affine_camera_motion_residual_px,affine_affine_scale,affine_affine_inlier_fraction,translation_raw_dx,translation_raw_dy,translation_compensated_dx,translation_compensated_dy,translation_compensated_x,translation_compensated_y,translation_projected_heading_deg,translation_normalized_projected_speed_per_s,translation_path_segment_id,translation_path_status,translation_path_rejection_reason,affine_raw_dx,affine_raw_dy,affine_compensated_dx,affine_compensated_dy,affine_compensated_x,affine_compensated_y,affine_projected_heading_deg,affine_normalized_projected_speed_per_s,affine_path_segment_id,affine_path_status,affine_path_rejection_reason,chosen_raw_dx,chosen_raw_dy,chosen_compensated_dx,chosen_compensated_dy,chosen_compensated_x,chosen_compensated_y,chosen_projected_heading_deg,chosen_normalized_projected_speed_per_s,chosen_path_segment_id,chosen_path_status,chosen_path_rejection_reason,chosen_path_validation_status,chosen_path_validation_reason
0,0,0.0,VALID_TARGET,,1.0,904.1113128662108,465.7619018554687,908.0262680053711,471.84727478027344,SUPPORTED,920.0,486.42857142857144,795.7142857142857,328.57142857142856,248.57142857142856,315.7142857142858,INSUFFICIENT_EVIDENCE,translation_median_sparse_flow,0.0,0.0,0.0,,,,INSUFFICIENT_EVIDENCE,partial_affine_ransac_sparse_flow,0.0,0.0,0.0,,,,,,,,0.0,0.0,,,path_segment_001,SUPPORTED,,,,,,0.0,0.0,,,path_segment_001,SUPPORTED,,,,,,0.0,0.0,,,path_segment_001,SUPPORTED,,SUPPORTED,
1,1,33.333333333333336,VALID_TARGET,,1.0,908.0700454711914,472.2603530883789,908.4868812561035,472.0455627441406,SUPPORTED,928.3116883116883,486.88311688311694,804.9350649350649,328.1818181818182,246.75324675324674,317.40259740259745,SUPPORTED,translation_median_sparse_flow,1.27203369140625,0.1679229736328125,349.0,3.3227334022521973,,,SUPPORTED,partial_affine_ransac_sparse_flow,0.4612291599875306,0.8211900550985884,181.0,0.5265625879026165,0.9991565921246389,0.5186246418338109,0.4606132507324219,0.1982879638671875,-0.8114204406738281,0.030364990234375,-0.8114204406738281,0.030364990234375,-177.85687635704122,0.2183400137485458,path_segment_001,SUPPORTED,,0.4606132507324219,0.1982879638671875,0.4446868149219654,0.3924082821925481,0.4446868149219654,0.3924082821925481,-41.426386739624164,0.15947352660781972,path_segment_001,SUPPORTED,,0.4606132507324219,0.1982879638671875,-0.8114204406738281,0.030364990234375,-0.8114204406738281,0.030364990234375,-177.85687635704122,0.2183400137485458,path_segment_001,SUPPORTED,,SUPPORTED,
2,2,66.66666666666667,VALID_TARGET,,1.0,908.9037170410156,471.84727478027344,908.9474945068359,472.2438507080078,SUPPORTED,936.6233766233765,487.3376623376623,814.1558441558441,327.79220779220776,244.93506493506493,319.0909090909091,SUPPORTED,translation_median_sparse_flow,8.392333984375e-05,7.62939453125e-06,350.0,0.00037057820009067655,,,SUPPORTED,partial_affine_ransac_sparse_flow,0.19847319436579333,0.226782690265823,350.0,0.18220508552011755,0.999746859629984,1.0,0.4606132507324219,0.1982879638671875,0.4605293273925781,0.19828033447265625,-0.35089111328125,0.22864532470703125,-23.294235166828315,0.1348243006109311,path_segment_001,SUPPORTED,,0.4606132507324219,0.1982879638671875,0.34543537398610624,0.37340177024088916,0.7901221889080716,0.7658100524334372,-47.22797162886792,0.13678152646385333,path_segment_001,SUPPORTED,,0.4606132507324219,0.1982879638671875,0.4605293273925781,0.19828033447265625,-0.35089111328125,0.22864532470703125,-23.294235166828315,0.1348243006109311,path_segment_001,SUPPORTED,,SUPPORTED,
3,3,100.0,VALID_TARGET,,1.0,914.5750312805176,474.1239318847656,914.5750312805176,474.1404342651367,SUPPORTED,944.9350649350649,487.7922077922078,823.3766233766233,327.4025974025974,243.11688311688314,320.77922077922085,SUPPORTED,translation_median_sparse_flow,3.2191848754882812,0.3138427734375,348.0,3.906022548675537,,,SUPPORTED,partial_affine_ransac_sparse_flow,0.02672458927689786,1.5131776643891144,155.0,0.6064050520341042,0.9994423158426707,0.4454022988505747,5.627536773681641,1.8965835571289062,2.4083518981933594,1.5827407836914062,2.0574607849121094,1.8113861083984375,-33.31245076936824,0.7749242787207208,path_segment_001,SUPPORTED,,5.627536773681641,1.8965835571289062,5.478092328002049,1.8606161540683956,6.26821451691012,2.626426206501833,-18.759887854217034,1.5556803595413222,path_segment_001,SUPPORTED,,5.627536773681641,1.8965835571289062,2.4083518981933594,1.5827407836914062,2.0574607849121094,1.8113861083984375,-33.31245076936824,0.7749242787207208,path_segment_001,SUPPORTED,,SUPPORTED,
4,4,133.33333333333334,VALID_TARGET,,1.0,926.343116760254,475.4170684814453,926.3431167602539,474.85162353515625,SUPPORTED,953.2467532467533,488.2467532467533,832.5974025974026,327.012987012987,241.29870129870133,322.4675324675325,SUPPORTED,translation_median_sparse_flow,4.26593017578125,0.412841796875,349.0,4.486668109893799,,,SUPPORTED,partial_affine_ransac_sparse_flow,1.6632131846354143,2.22559158198414,170.0,0.9764166081316769,0.9978113257952592,0.4871060171919771,11.768085479736328,0.7111892700195312,7.502155303955078,0.29834747314453125,9.559616088867188,2.1097335815429688,-2.27735196136078,2.0188902360565995,path_segment_001,SUPPORTED,,11.768085479736328,0.7111892700195312,11.309295785053791,1.064407410355102,17.577510301963912,3.690833616856935,-5.376721001436217,3.054457810571245,path_segment_001,SUPPORTED,,11.768085479736328,0.7111892700195312,7.502155303955078,0.29834747314453125,9.559616088867188,2.1097335815429688,-2.27735196136078,2.0188902360565995,path_segment_001,SUPPORTED,,SUPPORTED,
5,5,166.66666666666666,VALID_TARGET,,1.0,938.5449371337892,475.32173919677734,938.5449371337891,475.8871841430664,SUPPORTED,961.5584415584415,488.7012987012987,841.8181818181818,326.6233766233766,239.48051948051952,324.1558441558442,SUPPORTED,translation_median_sparse_flow,5.753082275390625,1.3541903495788574,349.0,5.910422325134277,,,SUPPORTED,partial_affine_ransac_sparse_flow,1.7449760841123223,2.147323373199348,138.0,0.834743607427407,0.9978403564366525,0.3954154727793696,12.201820373535156,1.0355606079101562,6.448738098144531,-0.31862974166870117,16.00835418701172,1.7911038398742676,2.828662687936995,1.7361519194535304,path_segment_001,SUPPORTED,,12.201820373535156,1.0355606079101562,11.789231713569052,1.2195138665849186,29.366742015532964,4.9103474834418535,-5.905843810912697,3.1869866412611754,path_segment_001,SUPPORTED,,12.201820373535156,1.0355606079101562,6.448738098144531,-0.31862974166870117,16.00835418701172,1.7911038398742676,2.828662687936995,1.7361519194535304,path_segment_001,SUPPORTED,,SUPPORTED,
6,6,200.0,VALID_TARGET,,1.0,949.4771118164062,478.5939178466797,949.4771118164062,478.5939178466797,SUPPORTED,969.8701298701299,489.1558441558442,851.038961038961,326.23376623376623,237.6623376623377,325.84415584415586,SUPPORTED,translation_median_sparse_flow,7.49468994140625,2.0814218521118164,350.0,7.778207302093506,,,SUPPORTED,partial_affine_ransac_sparse_flow,2.960930831017536,2.4661475440555005,140.0,1.1072826322656288,0.9968006509582137,0.4,10.932174682617188,2.7067337036132812,3.4374847412109375,0.6253118515014648,19.445838928222656,2.4164156913757324,-10.309922737243879,0.9394931232393855,path_segment_001,SUPPORTED,,10.932174682617188,2.7067337036132812,10.306336869328675,3.082138636748141,39.67307888486164,7.992486120189994,-16.64944042063877,2.892597569466875,path_segment_001,SUPPORTED,,10.932174682617188,2.7067337036132812,3.4374847412109375,0.6253118515014648,19.445838928222656,2.4164156913757324,-10.309922737243879,0.9394931232393855,path_segment_001,SUPPORTED,,SUPPORTED,
7,7,233.33333333333337,VALID_TARGET,,1.0,962.9033050537108,492.9088897705078,961.8786506652832,490.3623809814453,SUPPORTED,978.1818181818182,489.6103896103896,860.2597402597403,325.8441558441558,235.8441558441559,327.53246753246754,UNSTABLE_TRANSFORM,translation_median_sparse_flow,7.9816741943359375,2.2245254516601562,345.0,8.277752876281738,,,SUPPORTED,partial_affine_ransac_sparse_flow,6.1115185035397825,8.685497866385575,129.0,1.6805144167268662,0.9880386301853363,0.3739130434782609,,,,,,,,,,UNSTABLE_TRANSFORM,Camera compensation was not supported.,12.401538848876953,11.768463134765625,14.539846658970077,15.023041048441769,54.212925543831716,23.015527168631763,-45.93639479844051,5.621773783430025,path_segment_001,SUPPORTED,,,,,,,,,,,UNSTABLE_TRANSFORM,Camera compensation was not supported.,SUPPORTED,
8,8,266.6666666666667,VALID_TARGET,,1.0,961.8786506652832,490.3623809814453,961.9377059936523,492.9088897705078,SUPPORTED,986.4935064935065,490.06493506493507,869.4805194805194,325.45454545454544,234.02597402597408,329.2207792207792,SUPPORTED,translation_median_sparse_flow,0.0001220703125,3.0517578125e-05,350.0,0.0006592595018446445,,,SUPPORTED,partial_affine_ransac_sparse_flow,0.05866724370893578,0.032696342327309724,296.0,0.030034827538082835,0.9999272830231641,0.8457142857142858,,,,,0.0,0.0,,,path_segment_002,INSUFFICIENT_EVIDENCE,Continuous path run is shorter than the configured minimum sample count.,0.059055328369140625,2.5465087890625,0.05746690105547714,2.574708634467072,54.27039244488719,25.590235803098835,-88.72138375223842,0.6924999505612552,path_segment_001,SUPPORTED,,,,,,0.0,0.0,,,path_segment_002,INSUFFICIENT_EVIDENCE,Continuous path run is shorter than the configured minimum sample count.,SUPPORTED,
9,9,300.0,VALID_TARGET,,1.0,973.113437652588,500.6218872070313,968.3432579040527,499.7238006591797,SUPPORTED,994.8051948051948,490.51948051948057,878.7012987012987,325.06493506493507,232.2077922077923,330.90909090909093,SUPPORTED,translation_median_sparse_flow,8.182403564453125,2.86749267578125,350.0,7.884371757507324,,,SUPPORTED,partial_affine_ransac_sparse_flow,12.697067905960836,2.282069629807445,135.0,0.3406463463683778,1.0060823199176587,0.38571428571428573,6.405551910400391,6.814910888671875,-1.7768516540527344,3.947418212890625,-1.7768516540527344,3.947418212890625,,,path_segment_002,INSUFFICIENT_EVIDENCE,Continuous path run is shorter than the configured minimum sample count.,6.405551910400391,6.814910888671875,-11.847644346086668,0.9601398444188476,42.422748098800525,26.550375647517683,-175.36684256636696,3.19622234979115,path_segment_001,SUPPORTED,,6.405551910400391,6.814910888671875,-1.7768516540527344,3.947418212890625,-1.7768516540527344,3.947418212890625,,,path_segment_002,INSUFFICIENT_EVIDENCE,Continuous path run is shorter than the configured minimum sample count.,SUPPORTED,
10,10,333.3333333333333,VALID_TARGET,,1.0,987.537956237793,506.18418884277344,986.1136932373047,500.05823516845703,SUPPORTED,1003.1168831168831,490.97402597402595,887.9220779220778,324.67532467532465,230.38961038961048,332.5974025974026,UNSTABLE_TRANSFORM,translation_median_sparse_flow,9.378631591796875,2.5787315368652344,342.0,9.726869583129883,,,SUPPORTED,partial_affine_ransac_sparse_flow,8.514153300050472,14.655795807651486,111.0,1.2676028232269752,0.9818820443853926,0.32456140350877194,,,,,,,,,,UNSTABLE_TRANSFORM,Camera compensation was not supported.,17.770435333251953,0.33443450927734375,20.89764510476664,6.344163734281892,63.320393203567164,32.894539381799575,-16.88738296112343,5.872519665259063,path_segment_001,SUPPORTED,,,,,,,,,,,UNSTABLE_TRANSFORM,Camera compensation was not supported.,SUPPORTED,
11,11,366.66666666666663,VALID_TARGET,,1.0,1004.3081512451172,499.7238006591797,1002.6828231811523,500.5016174316406,SUPPORTED,1011.4285714285714,491.42857142857144,897.1428571428571,324.2857142857143,228.57142857142867,334.2857142857143,SUPPORTED,translation_median_sparse_flow,11.389633178710938,1.3711357116699219,350.0,5.921651363372803,,,SUPPORTED,partial_affine_ransac_sparse_flow,14.2958060286496,-3.1995396320480083,159.0,1.1592410095325367,1.0037439075986572,0.4542857142857143,,,,,0.0,0.0,,,path_segment_003,SUPPORTED,,16.569129943847656,0.44338226318359375,1.4322791354088622,-3.812022761041419,64.75267233897603,29.082516620758156,69.40745466203624,1.0950004206106245,path_segment_001,SUPPORTED,,,,,,0.0,0.0,,,path_segment_003,SUPPORTED,,SUPPORTED,
12,12,400.0,VALID_TARGET,,1.0,1013.8892059326172,498.7845458984375,1013.0791549682617,500.1030502319336,SUPPORTED,1015.9821428571428,491.69642857142856,900.9821428571428,324.10714285714283,230.00000000000009,335.17857142857144,SUPPORTED,translation_median_sparse_flow,11.055076599121094,0.2272205352783203,350.0,6.081561088562012,,,SUPPORTED,partial_affine_ransac_sparse_flow,14.817465723280547,-1.0847693218622612,147.0,1.212027237720401,1.0025691977508853,0.42,10.396331787109375,-0.39856719970703125,-0.6587448120117188,-0.6257877349853516,-0.6587448120117188,-0.6257877349853516,136.46970759623753,0.24431859257896105,path_segment_003,SUPPORTED,,10.396331787109375,-0.39856719970703125,-5.549900692243909,-3.4887853990891813,59.20277164673212,25.593731221668975,147.84565960113295,1.7627123675581287,path_segment_001,SUPPORTED,,10.396331787109375,-0.39856719970703125,-0.6587448120117188,-0.6257877349853516,-0.6587448120117188,-0.6257877349853516,136.46970759623753,0.24431859257896105,path_segment_003,SUPPORTED,,SUPPORTED,
13,13,433.33333333333337,VALID_TARGET,,1.0,1026.3165130615234,500.2188873291016,1017.7566909790039,499.87435150146484,SUPPORTED,1020.5357142857143,491.9642857142857,904.8214285714286,323.92857142857144,231.4285714285715,336.07142857142856,SUPPORTED,translation_median_sparse_flow,10.781600952148438,0.1683807373046875,349.0,6.201725482940674,,,SUPPORTED,partial_affine_ransac_sparse_flow,12.690619999103872,0.6594564738632316,138.0,0.48628856296481515,1.0044243353389763,0.3954154727793696,4.6775360107421875,-0.22869873046875,-6.10406494140625,-0.3970794677734375,-6.762809753417969,-1.022867202758789,176.2780594254307,1.6448247025189904,path_segment_003,SUPPORTED,,4.6775360107421875,-0.22869873046875,-12.27029854167722,-3.556287946292514,46.932473105054896,22.03744327537646,163.83688068522767,3.4352112098676195,path_segment_001,SUPPORTED,,4.6775360107421875,-0.22869873046875,-6.10406494140625,-0.3970794677734375,-6.762809753417969,-1.022867202758789,176.2780594254307,1.6448247025189904,path_segment_003,SUPPORTED,,SUPPORTED,
14,14,466.6666666666667,VALID_TARGET,,1.0,1021.4371032714844,500.1030502319336,1025.08984375,499.6583938598633,SUPPORTED,1025.0892857142858,492.2321428571429,908.6607142857142,323.75,232.85714285714295,336.9642857142857,SUPPORTED,translation_median_sparse_flow,9.918212890625e-05,3.4332275390625e-05,350.0,0.0005289181717671454,,,SUPPORTED,partial_affine_ransac_sparse_flow,0.05165721346510785,0.06753708452860764,299.0,0.0422736365218631,0.9999261709643991,0.8542857142857143,7.333152770996094,-0.2159576416015625,7.3330535888671875,-0.21599197387695312,0.5702438354492188,-1.2388591766357422,1.68713502028066,1.9726801542784853,path_segment_003,SUPPORTED,,7.333152770996094,-0.2159576416015625,7.320837150640841,-0.17369644558584696,54.25331025569574,21.863746829790614,1.3591623756078604,1.9690940494073217,path_segment_001,SUPPORTED,,7.333152770996094,-0.2159576416015625,7.3330535888671875,-0.21599197387695312,0.5702438354492188,-1.2388591766357422,1.68713502028066,1.9726801542784853,path_segment_003,SUPPORTED,,SUPPORTED,
15,15,500.0,VALID_TARGET,,1.0,1027.4811630249023,499.88549041748047,1033.0465927124023,499.0411376953125,SUPPORTED,1029.642857142857,492.5,912.5,323.57142857142856,234.28571428571436,337.85714285714283,SUPPORTED,translation_median_sparse_flow,7.51513671875,0.1065673828125,349.0,7.512805938720703,,,SUPPORTED,partial_affine_ransac_sparse_flow,11.708041523616723,-5.660494987406593,128.0,1.3677246850995717,1.00563700190911,0.3667621776504298,7.956748962402344,-0.6172561645507812,0.44161224365234375,-0.7238235473632812,1.0118560791015625,-1.9626827239990234,58.61220086790703,0.22799766827126478,path_segment_003,SUPPORTED,,7.956748962402344,-0.6172561645507812,-5.520802295296562,-5.916000837411218,48.732507960399175,15.947745992379396,133.02093274050003,2.175866693821484,path_segment_001,SUPPORTED,,7.956748962402344,-0.6172561645507812,0.44161224365234375,-0.7238235473632812,1.0118560791015625,-1.9626827239990234,58.61220086790703,0.22799766827126478,path_segment_003,SUPPORTED,,SUPPORTED,
16,16,533.3333333333334,VALID_TARGET,,1.0,1036.557716369629,490.49754333496094,1036.557716369629,490.49754333496094,SUPPORTED,1034.1964285714284,492.76785714285717,916.3392857142857,323.39285714285717,235.71428571428578,338.75,SUPPORTED,translation_median_sparse_flow,6.5197906494140625,0.06919479370117188,349.0,6.52026891708374,,,SUPPORTED,partial_affine_ransac_sparse_flow,10.210811853895777,-5.112958646598956,134.0,1.5593939539179238,1.005831388267015,0.3839541547277937,3.5111236572265625,-8.543594360351562,-3.0086669921875,-8.612789154052734,-1.9968109130859375,-10.575471878051758,109.25561114954851,2.4531789603241743,path_segment_003,SUPPORTED,,3.5111236572265625,-8.543594360351562,-9.277426139410636,-13.41325886704908,39.45508182098854,2.5344871253303154,124.67009280263107,4.385438435039068,path_segment_001,SUPPORTED,,3.5111236572265625,-8.543594360351562,-3.0086669921875,-8.612789154052734,-1.9968109130859375,-10.575471878051758,109.25561114954851,2.4531789603241743,path_segment_003,SUPPORTED,,SUPPORTED,
17,17,566.6666666666666,VALID_TARGET,,1.0,1038.6471557617188,483.485954284668,1038.6471557617188,483.5871124267578,SUPPORTED,1038.75,493.0357142857143,920.1785714285714,323.2142857142857,237.14285714285722,339.6428571428571,SUPPORTED,translation_median_sparse_flow,5.409423828125,0.01873779296875,349.0,5.4176812171936035,,,SUPPORTED,partial_affine_ransac_sparse_flow,-1.0110439314721187,0.5629583183317504,144.0,0.902669397844228,1.0006478110463704,0.41260744985673353,2.0894393920898438,-6.910430908203125,-3.3199844360351562,-6.929168701171875,-5.316795349121094,-17.504640579223633,115.60055856632158,2.0660497553244026,path_segment_003,SUPPORTED,,2.0894393920898438,-6.910430908203125,1.827403188537346,-6.517798758952324,41.282485009525885,-3.9833116336220087,74.33803240237958,1.820188128486065,path_segment_001,SUPPORTED,,2.0894393920898438,-6.910430908203125,-3.3199844360351562,-6.929168701171875,-5.316795349121094,-17.504640579223633,115.60055856632158,2.0660497553244026,path_segment_003,SUPPORTED,,SUPPORTED,
18,18,600.0,VALID_TARGET,,1.0,1045.4932403564453,482.3561325073242,1045.4932403564453,482.55167388916016,SUPPORTED,1043.3035714285713,493.30357142857144,924.0178571428571,323.0357142857143,238.57142857142864,340.5357142857143,SUPPORTED,translation_median_sparse_flow,4.3606414794921875,0.051971435546875,350.0,5.497988700866699,,,SUPPORTED,partial_affine_ransac_sparse_flow,-1.1259269042770352,0.7728359044418611,140.0,0.7577956837907938,1.0006256287840112,0.4,6.8460845947265625,-1.0354385375976562,2.485443115234375,-1.0874099731445312,-2.8313522338867188,-18.592050552368164,23.629931308164693,0.7294896057355237,path_segment_003,SUPPORTED,,6.8460845947265625,-1.0354385375976562,6.727683160338756,-0.8318548185943655,48.01016816986464,-4.815166452216374,7.0486497837088695,1.8228199148746453,path_segment_001,SUPPORTED,,6.8460845947265625,-1.0354385375976562,2.485443115234375,-1.0874099731445312,-2.8313522338867188,-18.592050552368164,23.629931308164693,0.7294896057355237,path_segment_003,SUPPORTED,,SUPPORTED,
19,19,633.3333333333333,VALID_TARGET,,1.0,1054.2605514526367,482.65283203125,1053.292381286621,482.3561325073242,SUPPORTED,1047.857142857143,493.5714285714286,927.8571428571429,322.8571428571429,240.00000000000006,341.42857142857144,SUPPORTED,translation_median_sparse_flow,3.23956298828125,0.0546112060546875,347.0,6.110696315765381,,,SUPPORTED,partial_affine_ransac_sparse_flow,-1.6862559037479228,0.49689563073097553,144.0,0.908338060804524,1.0011706030265144,0.414985590778098,7.799140930175781,-0.1955413818359375,4.559577941894531,-0.250152587890625,1.7282257080078125,-18.84220314025879,3.1402759961440125,1.2278937090048418,path_segment_003,SUPPORTED,,7.799140930175781,-0.1955413818359375,7.681654098826357,0.0010487429760246414,55.691822268691,-4.8141177092403495,-0.007822344663507688,2.0655621115720106,path_segment_001,SUPPORTED,,7.799140930175781,-0.1955413818359375,4.559577941894531,-0.250152587890625,1.7282257080078125,-18.84220314025879,3.1402759961440125,1.2278937090048418,path_segment_003,SUPPORTED,,SUPPORTED,
20,20,666.6666666666666,VALID_TARGET,,1.0,1053.7650680541992,479.53993225097656,1054.7332382202148,481.9241638183594,SUPPORTED,1052.4107142857142,493.8392857142857,931.6964285714286,322.67857142857144,241.42857142857147,342.32142857142856,SUPPORTED,translation_median_sparse_flow,0.0001220703125,6.103515625e-05,350.0,0.0033706268295645714,,,SUPPORTED,partial_affine_ransac_sparse_flow,0.23169374186609204,0.277563188468743,346.0,0.24820421006797222,0.9997818929469483,0.9885714285714285,1.44085693359375,-0.43196868896484375,1.44073486328125,-0.43202972412109375,3.1689605712890625,-19.274232864379883,16.692285055529734,0.40445014975614485,path_segment_003,SUPPORTED,,1.44085693359375,-0.43196868896484375,1.2602257832461419,-0.21398906146913532,56.95204805193714,-5.028106770709485,9.637028011797911,0.34371957287502325,path_segment_001,SUPPORTED,,1.44085693359375,-0.43196868896484375,1.44073486328125,-0.43202972412109375,3.1689605712890625,-19.274232864379883,16.692285055529734,0.40445014975614485,path_segment_003,SUPPORTED,,SUPPORTED,
21,21,700.0,VALID_TARGET,,1.0,1064.9094009399414,479.745849609375,1064.9094009399414,482.0828552246094,SUPPORTED,1056.9642857142858,494.1071428571429,935.5357142857142,322.5,242.8571428571429,343.2142857142857,SUPPORTED,translation_median_sparse_flow,0.0028076171875,0.26409912109375,349.0,7.604673385620117,,,SUPPORTED,partial_affine_ransac_sparse_flow,0.3820134459865699,0.3679542031256258,130.0,0.24321325648259956,0.999597628520747,0.37249283667621774,10.176162719726562,0.15869140625,10.173355102539062,-0.10540771484375,13.342315673828125,-19.379640579223633,0.593629242673671,2.7357160708243287,path_segment_003,SUPPORTED,,10.176162719726562,0.15869140625,10.100400639833651,0.2433004219719237,67.05244869177079,-4.784806348737561,-1.3798850722782783,2.716739952038133,path_segment_001,SUPPORTED,,10.176162719726562,0.15869140625,10.173355102539062,-0.10540771484375,13.342315673828125,-19.379640579223633,0.593629242673671,2.7357160708243287,path_segment_003,SUPPORTED,,SUPPORTED,
22,22,733.3333333333333,VALID_TARGET,,1.0,1071.5377731323242,482.3846054077149,1071.5377731323242,482.38460540771484,SUPPORTED,1061.517857142857,494.375,939.375,322.32142857142856,244.28571428571433,344.10714285714283,SUPPORTED,translation_median_sparse_flow,0.6177978515625,1.0016746520996094,346.0,4.385623931884766,,,SUPPORTED,partial_affine_ransac_sparse_flow,0.3527124121592397,0.2676120282966213,142.0,0.20763455815548432,0.9996312741299959,0.41040462427745666,6.6283721923828125,0.30175018310546875,6.0105743408203125,-0.6999244689941406,19.352890014648438,-20.079565048217773,6.64211233927145,1.6271376103480655,path_segment_003,SUPPORTED,,6.6283721923828125,0.30175018310546875,6.589689403675948,0.3856241271438421,73.64213809544674,-4.399182221593719,-3.349090405322793,1.7749691343762553,path_segment_001,SUPPORTED,,6.6283721923828125,0.30175018310546875,6.0105743408203125,-0.6999244689941406,19.352890014648438,-20.079565048217773,6.64211233927145,1.6271376103480655,path_segment_003,SUPPORTED,,SUPPORTED,
23,23,766.6666666666667,VALID_TARGET,,1.0,1074.5951309204102,488.4104766845703,1074.5951309204102,488.4104766845703,SUPPORTED,1066.0714285714284,494.64285714285717,943.2142857142857,322.14285714285717,245.71428571428575,345.0,SUPPORTED,translation_median_sparse_flow,0.19488525390625,0.9678821563720703,343.0,5.132040023803711,,,SUPPORTED,partial_affine_ransac_sparse_flow,0.021978211349953387,0.34844945211204925,135.0,0.1478431695000642,0.99985417290627,0.3935860058309038,3.0573577880859375,6.025871276855469,2.8624725341796875,5.057989120483398,22.215362548828125,-15.021575927734375,-60.49313585272126,1.5627663937014789,path_segment_003,SUPPORTED,,3.0573577880859375,6.025871276855469,3.0499368679852523,6.062657664494964,76.69207496343199,1.6634754429012446,-63.29443586649196,1.8248859549160936,path_segment_001,SUPPORTED,,3.0573577880859375,6.025871276855469,2.8624725341796875,5.057989120483398,22.215362548828125,-15.021575927734375,-60.49313585272126,1.5627663937014789,path_segment_003,SUPPORTED,,SUPPORTED,
24,24,800.0,VALID_TARGET,,1.0,1080.1057434082031,498.06529998779297,1080.1057434082031,493.6610641479492,SUPPORTED,1070.625,494.9107142857143,947.0535714285714,321.9642857142857,247.14285714285717,345.8928571428571,SUPPORTED,translation_median_sparse_flow,0.12103271484375,0.8716797828674316,346.0,5.2771172523498535,,,SUPPORTED,partial_affine_ransac_sparse_flow,0.215864380348298,0.26674044696530264,139.0,0.16422365929596028,0.9997485380039738,0.40173410404624277,5.510612487792969,5.250587463378906,5.389579772949219,4.378907680511475,27.604942321777344,-10.6426682472229,-39.09305276985001,1.8672734827956359,path_segment_003,SUPPORTED,,5.510612487792969,5.250587463378906,5.522936838980058,5.199150613083191,82.21501180241205,6.862626055984435,-43.270304344102776,2.039603676253378,path_segment_001,SUPPORTED,,5.510612487792969,5.250587463378906,5.389579772949219,4.378907680511475,27.604942321777344,-10.6426682472229,-39.09305276985001,1.8672734827956359,path_segment_003,SUPPORTED,,SUPPORTED,
25,25,833.3333333333334,VALID_TARGET,,1.0,1084.054328918457,494.2332229614258,1084.054328918457,494.2332229614258,SUPPORTED,1075.1785714285713,495.17857142857144,950.8928571428571,321.7857142857143,248.5714285714286,346.7857142857143,SUPPORTED,translation_median_sparse_flow,0.2161865234375,0.9074516296386719,347.0,6.231600284576416,,,SUPPORTED,partial_affine_ransac_sparse_flow,7.956139987216835,0.02177731301252928,139.0,0.5907954706549166,1.0044257248879471,0.40057636887608067,3.9485855102539062,0.5721588134765625,3.7323989868164062,-0.3352928161621094,31.33734130859375,-10.97796106338501,5.133276221940374,1.007666709528007,path_segment_003,SUPPORTED,,3.9485855102539062,0.5721588134765625,-8.322187899554592,-2.65191170360805,73.89282390285746,4.210714352376385,162.32522949542115,2.3486669359779246,path_segment_001,SUPPORTED,,3.9485855102539062,0.5721588134765625,3.7323989868164062,-0.3352928161621094,31.33734130859375,-10.97796106338501,5.133276221940374,1.007666709528007,path_segment_003,SUPPORTED,,SUPPORTED,
26,26,866.6666666666667,VALID_TARGET,,1.0,1084.4113388061523,493.86778259277344,1084.4113388061523,494.65819549560547,SUPPORTED,1079.732142857143,495.44642857142856,954.7321428571429,321.6071428571429,250.00000000000003,347.6785714285714,SUPPORTED,translation_median_sparse_flow,0.0,0.0,350.0,0.0003617050242610276,,,SUPPORTED,partial_affine_ransac_sparse_flow,-0.012224908108139037,-0.005180111177525503,346.0,0.008232526344713638,1.0000120396100423,0.9885714285714285,0.3570098876953125,0.4249725341796875,0.3570098876953125,0.4249725341796875,31.694351196289062,-10.552988529205322,-49.96713552363984,0.1492449181655815,path_segment_003,SUPPORTED,,0.3570098876953125,0.4249725341796875,0.35445672541663953,0.42798915774960733,74.2472806282741,4.638703510125993,-50.36875501968241,0.1494280748749067,path_segment_001,SUPPORTED,,0.3570098876953125,0.4249725341796875,0.3570098876953125,0.4249725341796875,31.694351196289062,-10.552988529205322,-49.96713552363984,0.1492449181655815,path_segment_003,SUPPORTED,,SUPPORTED,
27,27,900.0,VALID_TARGET,,1.0,1090.1251373291016,493.28177642822266,1089.1923904418945,492.85680389404297,SUPPORTED,1084.2857142857142,495.7142857142857,958.5714285714286,321.42857142857144,251.42857142857144,348.57142857142856,SUPPORTED,translation_median_sparse_flow,0.5537109375,0.20259475708007812,347.0,6.6176862716674805,,,SUPPORTED,partial_affine_ransac_sparse_flow,-0.2922508685979972,0.20100751483416027,141.0,0.16229674929871551,1.0001287397922374,0.40634005763688763,4.7810516357421875,-1.8013916015625,4.2273406982421875,-2.003986358642578,35.92169189453125,-12.5569748878479,25.363462497986376,1.2579702860924995,path_segment_003,SUPPORTED,,4.7810516357421875,-1.8013916015625,4.778460638639217,-1.725626904216199,79.02574126691331,2.9130766059097937,19.855974624019172,1.366123345697508,path_segment_001,SUPPORTED,,4.7810516357421875,-1.8013916015625,4.2273406982421875,-2.003986358642578,35.92169189453125,-12.5569748878479,25.363462497986376,1.2579702860924995,path_segment_003,SUPPORTED,,SUPPORTED,
28,28,933.3333333333334,VALID_TARGET,,1.0,1089.2779006958008,493.2848663330078,1090.1251373291016,492.0675582885742,SUPPORTED,1084.3478260869565,495.0621118012423,958.2608695652174,319.8136645962733,252.17391304347828,350.49689440993785,SUPPORTED,translation_median_sparse_flow,0.2718505859375,0.00531005859375,344.0,5.245120525360107,,,SUPPORTED,partial_affine_ransac_sparse_flow,-0.30551804500789814,0.045891648162549294,137.0,0.1522031241650406,1.0002603818610927,0.39825581395348836,0.9327468872070312,-0.78924560546875,0.6608963012695312,-0.7945556640625,36.58258819580078,-13.3515305519104,50.24695959619692,0.2779009289976641,path_segment_003,SUPPORTED,,0.9327468872070312,-0.78924560546875,0.8681514285551657,-0.7722455487381694,79.89389269546848,2.1408310571716243,41.65400869742501,0.312434114861638,path_segment_001,SUPPORTED,,0.9327468872070312,-0.78924560546875,0.6608963012695312,-0.7945556640625,36.58258819580078,-13.3515305519104,50.24695959619692,0.2779009289976641,path_segment_003,SUPPORTED,,SUPPORTED,
29,29,966.6666666666666,VALID_TARGET,,1.0,1091.7092590332031,488.25394439697266,1090.1251373291016,488.25394439697266,SUPPORTED,1084.4099378881988,494.4099378881988,957.9503105590062,318.19875776397515,252.9192546583851,352.4223602484472,SUPPORTED,translation_median_sparse_flow,0.5684356689453125,0.2904214859008789,346.0,6.1472063064575195,,,SUPPORTED,partial_affine_ransac_sparse_flow,-0.5829700656149494,0.39953392263106574,137.0,0.21686017169348906,1.000548126161215,0.3959537572254335,0.0,-3.8136138916015625,-0.5684356689453125,-4.104035377502441,36.01415252685547,-17.455565929412842,97.88566822162235,1.1140916365463642,path_segment_003,SUPPORTED,,0.0,-3.8136138916015625,-0.3145996126115733,-3.817606317839477,79.5792930828569,-1.6767752606678528,94.71096044233134,1.0300168081901053,path_segment_001,SUPPORTED,,0.0,-3.8136138916015625,-0.5684356689453125,-4.104035377502441,36.01415252685547,-17.455565929412842,97.88566822162235,1.1140916365463642,path_segment_003,SUPPORTED,,SUPPORTED,
30,30,1000.0,VALID_TARGET,,1.0,1092.729232788086,483.55316162109375,1089.5316696166992,483.55316162109375,SUPPORTED,1084.472049689441,493.7577639751553,957.639751552795,316.58385093167703,253.66459627329195,354.3478260869565,SUPPORTED,translation_median_sparse_flow,0.33242034912109375,0.01116943359375,345.0,5.7766594886779785,,,SUPPORTED,partial_affine_ransac_sparse_flow,0.10871177526892598,0.05980491581404263,135.0,0.09421563674606746,0.9999554135785051,0.391304347826087,-0.5934677124023438,-4.700782775878906,-0.9258880615234375,-4.711952209472656,35.08826446533203,-22.167518138885498,101.11685750916344,1.2912517434495168,path_segment_003,SUPPORTED,,-0.5934677124023438,-4.700782775878906,-0.6555602479884328,-4.734385055798043,78.92373283486847,-6.411160316465896,97.8834956612068,1.285201176910837,path_segment_001,SUPPORTED,,-0.5934677124023438,-4.700782775878906,-0.9258880615234375,-4.711952209472656,35.08826446533203,-22.167518138885498,101.11685750916344,1.2912517434495168,path_segment_003,SUPPORTED,,SUPPORTED,
31,31,1033.3333333333337,VALID_TARGET,,1.0,1088.220329284668,478.7417297363281,1088.3265380859375,480.1373977661133,SUPPORTED,1084.5341614906831,493.1055900621118,957.3291925465838,314.9689440993789,254.40993788819875,356.2732919254658,UNSTABLE_TRANSFORM,translation_median_sparse_flow,0.06201171875,0.2440204620361328,342.0,11.932689666748047,,,SUPPORTED,partial_affine_ransac_sparse_flow,-0.5150341291251264,0.5957179730381946,121.0,0.41340691475971586,1.0005168236587965,0.3538011695906433,,,,,,,,,,UNSTABLE_TRANSFORM,Camera compensation was not supported.,-1.2051315307617188,-3.4157638549804688,-1.5083471437171738,-3.686076642226112,77.4153856911513,-10.097236958692008,112.25443882201418,1.0709426276339549,path_segment_001,SUPPORTED,,,,,,,,,,,UNSTABLE_TRANSFORM,Camera compensation was not supported.,SUPPORTED,
32,32,1066.6666666666667,VALID_TARGET,,1.0,1088.3265380859375,479.46087646484375,1088.3265380859375,479.2034912109375,SUPPORTED,1084.5962732919254,492.4534161490683,957.0186335403727,313.35403726708074,255.1552795031056,358.19875776397515,SUPPORTED,translation_median_sparse_flow,-0.0001220703125,0.00048661231994628906,350.0,0.06294545531272888,,,SUPPORTED,partial_affine_ransac_sparse_flow,-0.35649376828527807,0.2861852234854053,348.0,0.2720342894244099,1.000397838229172,0.9942857142857143,,,,,0.0,0.0,,,path_segment_004,SUPPORTED,,0.0,-0.9339065551757812,-0.22264883047023432,-1.0796609526497036,77.19273686068107,-11.176897911341712,101.65225031715514,0.29642483347774706,path_segment_001,SUPPORTED,,,,,,0.0,0.0,,,path_segment_004,SUPPORTED,,SUPPORTED,
33,33,1100.0,VALID_TARGET,,1.0,1083.0718002319336,479.5745697021485,1088.3265380859375,479.2034912109375,SUPPORTED,1084.6583850931677,491.80124223602485,956.7080745341615,311.7391304347826,255.90062111801242,360.12422360248445,SUPPORTED,translation_median_sparse_flow,0.181732177734375,0.11295604705810547,346.0,6.202329158782959,,,SUPPORTED,partial_affine_ransac_sparse_flow,-1.3442734973809143,1.2275019575528112,143.0,0.762283392377315,1.0012562129637104,0.41329479768786126,0.0,0.0,-0.181732177734375,-0.11295604705810547,-0.181732177734375,-0.11295604705810547,148.13688858741833,0.05753713246658855,path_segment_004,SUPPORTED,,0.0,0.0,-0.6621692524265654,-0.37499058729201806,76.5305676082545,-11.55188849863373,150.4768511358353,0.2046232897460336,path_segment_001,SUPPORTED,,0.0,0.0,-0.181732177734375,-0.11295604705810547,-0.181732177734375,-0.11295604705810547,148.13688858741833,0.05753713246658855,path_segment_004,SUPPORTED,,SUPPORTED,
34,34,1133.3333333333333,VALID_TARGET,,1.0,1091.2905197143557,477.65579986572266,1088.6677780151367,480.1373977661133,SUPPORTED,1084.72049689441,491.1490683229814,956.3975155279503,310.1242236024845,256.64596273291926,362.04968944099375,SUPPORTED,translation_median_sparse_flow,0.118377685546875,0.29610252380371094,344.0,5.822784900665283,,,SUPPORTED,partial_affine_ransac_sparse_flow,1.1372516916463402,-6.2760388090396395,150.0,1.3677333244199985,1.0105258035230584,0.436046511627907,0.34123992919921875,0.9339065551757812,0.22286224365234375,0.6378040313720703,0.04113006591796875,0.5248479843139648,-70.73950331429415,0.18167100286311869,path_segment_004,SUPPORTED,,0.34123992919921875,0.9339065551757812,-9.278166228196142,-4.53145096065964,67.25240138005836,-16.08333945929337,153.9691438411705,2.7765124249701767,path_segment_001,SUPPORTED,,0.34123992919921875,0.9339065551757812,0.22286224365234375,0.6378040313720703,0.04113006591796875,0.5248479843139648,-70.73950331429415,0.18167100286311869,path_segment_004,SUPPORTED,,SUPPORTED,
35,35,1166.6666666666667,VALID_TARGET,,1.0,1090.9159317016602,486.7918243408203,1089.8343963623047,484.7454147338867,SUPPORTED,1084.7826086956522,490.4968944099379,956.0869565217391,308.50931677018633,257.39130434782606,363.9751552795031,SUPPORTED,translation_median_sparse_flow,0.64947509765625,0.47839784622192383,346.0,6.456335067749023,,,SUPPORTED,partial_affine_ransac_sparse_flow,1.9691383031286942,-2.2550764718371856,140.0,1.0296938003999712,1.0088623145235438,0.4046242774566474,1.1666183471679688,4.6080169677734375,0.5171432495117188,4.129619121551514,0.5582733154296875,4.6544671058654785,-82.86213102845242,1.1191089931376097,path_segment_004,SUPPORTED,,1.1666183471679688,4.6080169677734375,-9.367880434266453,0.16030896728227617,57.884520945791905,-15.923030492011094,-179.01961485536484,2.519349542267458,path_segment_001,SUPPORTED,,1.1666183471679688,4.6080169677734375,0.5171432495117188,4.129619121551514,0.5582733154296875,4.6544671058654785,-82.86213102845242,1.1191089931376097,path_segment_004,SUPPORTED,,SUPPORTED,
36,36,1200.0,VALID_TARGET,,1.0,1088.6677780151367,485.71959686279297,1089.8343963623047,485.3351287841797,SUPPORTED,1084.8447204968943,489.8447204968944,955.776397515528,306.8944099378882,258.1366459627329,365.9006211180124,SUPPORTED,translation_median_sparse_flow,1.92376708984375,0.6524200439453125,332.0,5.639568328857422,,,SUPPORTED,partial_affine_ransac_sparse_flow,3.708854247025756,-0.6418267423266717,148.0,0.7369700588222777,1.0068852354870195,0.4457831325301205,0.0,0.5897140502929688,-1.92376708984375,-0.06270599365234375,-1.3654937744140625,4.591761112213135,178.13308106983234,0.5175670101655577,path_segment_004,SUPPORTED,,0.0,0.5897140502929688,-10.639444070066475,-3.3926640812588857,47.24507687572543,-19.31569457326998,162.3137623419422,3.0028287110940792,path_segment_001,SUPPORTED,,0.0,0.5897140502929688,-1.92376708984375,-0.06270599365234375,-1.3654937744140625,4.591761112213135,178.13308106983234,0.5175670101655577,path_segment_004,SUPPORTED,,SUPPORTED,
37,37,1233.3333333333337,VALID_TARGET,,1.0,1087.8085708618164,486.0303726196289,1088.0022201538086,485.5003356933594,SUPPORTED,1084.9068322981366,489.1925465838509,955.4658385093168,305.27950310559004,258.88198757763973,367.82608695652175,SUPPORTED,translation_median_sparse_flow,0.1729278564453125,0.8285999298095703,346.0,6.621872425079346,,,SUPPORTED,partial_affine_ransac_sparse_flow,4.2709694452830576,0.5015492984961752,131.0,0.3110294870436926,1.0057503423451615,0.3786127167630058,-1.8321762084960938,0.1652069091796875,-2.0051040649414062,-0.6633930206298828,-3.3705978393554688,3.928368091583252,161.69309070465025,0.5679065359616847,path_segment_004,SUPPORTED,,-1.8321762084960938,0.1652069091796875,-12.273931864683618,-3.343001597370062,34.97114501104181,-22.65869617064004,164.7641499903209,3.4206323607976086,path_segment_001,SUPPORTED,,-1.8321762084960938,0.1652069091796875,-2.0051040649414062,-0.6633930206298828,-3.3705978393554688,3.928368091583252,161.69309070465025,0.5679065359616847,path_segment_004,SUPPORTED,,SUPPORTED,
38,38,1266.6666666666663,VALID_TARGET,,1.0,1087.6945419311523,485.24068450927734,1088.0022201538086,485.97364044189453,SUPPORTED,1084.9689440993789,488.5403726708074,955.1552795031056,303.6645962732919,259.6273291925466,369.75155279503105,SUPPORTED,translation_median_sparse_flow,-6.103515625e-05,0.0001220703125,350.0,0.04421641305088997,,,SUPPORTED,partial_affine_ransac_sparse_flow,-0.04399215787095556,0.053720043639977524,318.0,0.05951725947886193,0.9999978216061558,0.9085714285714286,0.0,0.47330474853515625,6.103515625e-05,0.47318267822265625,-3.3705368041992188,4.401550769805908,-89.99260949946691,0.12723668606221772,path_segment_004,SUPPORTED,,0.0,0.47330474853515625,0.025646561938856394,0.46706867415252873,34.99679157298067,-22.191627496487513,-86.85706688128938,0.1257818495002729,path_segment_001,SUPPORTED,,0.0,0.47330474853515625,6.103515625e-05,0.47318267822265625,-3.3705368041992188,4.401550769805908,-89.99260949946691,0.12723668606221772,path_segment_004,SUPPORTED,,SUPPORTED,
39,39,1300.0,VALID_TARGET,,1.0,1087.5713958740234,486.51568603515625,1088.1206436157227,486.51568603515625,SUPPORTED,1085.0310559006211,487.888198757764,954.8447204968944,302.0496894409938,260.3726708074534,371.67701863354034,SUPPORTED,translation_median_sparse_flow,0.118560791015625,1.0154657363891602,349.0,7.053104877471924,,,SUPPORTED,partial_affine_ransac_sparse_flow,4.333972294558427,0.23679741973578536,144.0,0.3873365982412468,1.0051436294027347,0.41260744985673353,0.1184234619140625,0.5420455932617188,-0.0001373291015625,-0.4734201431274414,-3.3706741333007812,3.928130626678467,90.01662028499925,0.12730054359999024,path_segment_004,SUPPORTED,,0.1184234619140625,0.5420455932617188,-9.50053211668478,-2.8907590076524343,25.49625945629589,-25.082386504139947,163.07639092209925,2.6702905331719466,path_segment_001,SUPPORTED,,0.1184234619140625,0.5420455932617188,-0.0001373291015625,-0.4734201431274414,-3.3706741333007812,3.928130626678467,90.01662028499925,0.12730054359999024,path_segment_004,SUPPORTED,,SUPPORTED,
40,40,1333.3333333333333,VALID_TARGET,,1.0,1089.0548553466797,485.8677062988281,1087.6945419311523,486.3127670288086,SUPPORTED,1085.0931677018634,487.2360248447205,954.5341614906832,300.4347826086956,261.11801242236027,373.6024844720497,SUPPORTED,translation_median_sparse_flow,1.3081817626953125,0.9111411571502686,348.0,5.0144805908203125,,,SUPPORTED,partial_affine_ransac_sparse_flow,4.1278066075577335,0.9739203839245092,141.0,0.23625254253572361,1.0049597570867754,0.4051724137931034,-0.4261016845703125,-0.20291900634765625,-1.734283447265625,-1.1140601634979248,-5.104957580566406,2.814070463180542,147.28432865083406,0.5542684831949098,path_segment_004,SUPPORTED,,-0.4261016845703125,-0.20291900634765625,-10.01989757000024,-3.4350952602683833,15.47636188629565,-28.51748176440833,161.07688136559182,2.848239493887444,path_segment_001,SUPPORTED,,-0.4261016845703125,-0.20291900634765625,-1.734283447265625,-1.1140601634979248,-5.104957580566406,2.814070463180542,147.28432865083406,0.5542684831949098,path_segment_004,SUPPORTED,,SUPPORTED,
41,41,1366.6666666666667,VALID_TARGET,,1.0,1088.8537139892578,487.98497009277344,1086.5189895629883,485.4698791503906,SUPPORTED,1085.1552795031057,486.58385093167703,954.223602484472,298.8198757763975,261.8633540372671,375.527950310559,SUPPORTED,translation_median_sparse_flow,1.7637288570404053,0.7412381172180176,346.0,5.036402702331543,,,SUPPORTED,partial_affine_ransac_sparse_flow,3.670713758219912,0.8593901982235898,152.0,0.2695832700540025,1.0053598725579098,0.4393063583815029,-1.1755523681640625,-0.8428878784179688,-2.9392812252044678,-1.5841259956359863,-8.044238805770874,1.2299444675445557,151.6775467512096,0.8978383263639935,path_segment_004,SUPPORTED,,-1.1755523681640625,-0.8428878784179688,-10.769406542400475,-4.100265441714214,4.706955343895174,-32.617747206122544,159.15653341488593,3.0986315905399517,path_segment_001,SUPPORTED,,-1.1755523681640625,-0.8428878784179688,-2.9392812252044678,-1.5841259956359863,-8.044238805770874,1.2299444675445557,151.6775467512096,0.8978383263639935,path_segment_004,SUPPORTED,,SUPPORTED,
42,42,1400.0,VALID_TARGET,,1.0,1078.068130493164,477.8156280517578,1078.068130493164,477.8156280517578,SUPPORTED,1085.2173913043478,485.93167701863354,953.9130434782609,297.2049689440994,262.60869565217394,377.4534161490683,UNSTABLE_TRANSFORM,translation_median_sparse_flow,3.52239990234375,1.1510238647460938,345.0,9.657560348510742,,,SUPPORTED,partial_affine_ransac_sparse_flow,7.0604197541952685,1.0822112251622247,152.0,0.3112978901045113,1.0107926407965298,0.4405797101449275,,,,,,,,,,UNSTABLE_TRANSFORM,Camera compensation was not supported.,-8.450859069824219,-7.6542510986328125,-27.33648879278053,-13.754780759666517,-22.629533448885354,-46.37252796578906,153.29003225873174,8.22871853564167,path_segment_001,SUPPORTED,,,,,,,,,,,UNSTABLE_TRANSFORM,Camera compensation was not supported.,SUPPORTED,
43,43,1433.3333333333333,VALID_TARGET,,1.0,1073.744285583496,471.0901107788086,1076.6297607421875,471.0901107788086,SUPPORTED,1085.27950310559,485.27950310559004,953.6024844720497,295.5900621118012,263.35403726708074,379.37888198757764,SUPPORTED,translation_median_sparse_flow,1.0487747192382812,0.4925403594970703,348.0,4.676796913146973,,,SUPPORTED,partial_affine_ransac_sparse_flow,3.4779787455979045,0.33760450198325137,154.0,0.2821467625890859,1.0053487040455757,0.4425287356321839,,,,,0.0,0.0,,,path_segment_005,SUPPORTED,,-1.4383697509765625,-6.725517272949219,-10.624448005789645,-9.750035540465092,-33.253981454675,-56.12256350625415,137.45745705894413,3.8775259080294924,path_segment_001,SUPPORTED,,,,,,0.0,0.0,,,path_segment_005,SUPPORTED,,SUPPORTED,
44,44,1466.6666666666663,VALID_TARGET,,1.0,1076.6297607421875,468.17818450927734,1073.744285583496,468.17818450927734,SUPPORTED,1085.3416149068323,484.62732919254654,953.2919254658385,293.9751552795031,264.09937888198755,381.30434782608694,SUPPORTED,translation_median_sparse_flow,0.0,2.002716064453125e-05,350.0,0.00038317235885187984,,,SUPPORTED,partial_affine_ransac_sparse_flow,-0.02174618838170195,0.020009330834750864,349.0,0.028696147104377873,1.000042274404929,0.9971428571428571,-2.8854751586914062,-2.91192626953125,-2.8854751586914062,-2.9119462966918945,-2.8854751586914062,-2.9119462966918945,134.7383881855191,1.1023205664151414,path_segment_005,SUPPORTED,,-2.8854751586914062,-2.91192626953125,-2.918371491136668,-2.930987505778262,-36.17235294581167,-59.053551012032415,134.87642350678718,1.1121869534892221,path_segment_001,SUPPORTED,,-2.8854751586914062,-2.91192626953125,-2.8854751586914062,-2.9119462966918945,-2.8854751586914062,-2.9119462966918945,134.7383881855191,1.1023205664151414,path_segment_005,SUPPORTED,,SUPPORTED,
45,45,1500.0,VALID_TARGET,,1.0,1071.3897094726562,466.6189270019531,1071.3897094726562,466.6189270019531,SUPPORTED,1085.4037267080746,483.9751552795031,952.9813664596273,292.360248447205,264.8447204968944,383.22981366459624,SUPPORTED,translation_median_sparse_flow,1.66796875,0.25740814208984375,345.0,4.178783893585205,,,SUPPORTED,partial_affine_ransac_sparse_flow,3.4961786084328534,0.27847736024404357,147.0,0.23494314868602964,1.0054163950029815,0.4260869565217391,-2.3545761108398438,-1.5592575073242188,-4.022544860839844,-1.8166656494140625,-6.90802001953125,-4.728611946105957,155.69506639656373,1.1868359831668123,path_segment_005,SUPPORTED,,-2.3545761108398438,-1.5592575073242188,-11.63435154775675,-4.447475545439545,-47.80670449356842,-63.50102655747196,159.07959294941915,3.349213600814489,path_segment_001,SUPPORTED,,-2.3545761108398438,-1.5592575073242188,-4.022544860839844,-1.8166656494140625,-6.90802001953125,-4.728611946105957,155.69506639656373,1.1868359831668123,path_segment_005,SUPPORTED,,SUPPORTED,
46,46,1533.3333333333337,VALID_TARGET,,1.0,1068.48291015625,459.2276840209961,1069.3107223510742,459.2276840209961,SUPPORTED,1085.4658385093167,483.3229813664596,952.6708074534162,290.7453416149068,265.5900621118012,385.1552795031056,SUPPORTED,translation_median_sparse_flow,2.4267578125,0.2093515396118164,345.0,3.891524314880371,,,SUPPORTED,partial_affine_ransac_sparse_flow,3.3353830492327288,-1.0046631399122816,158.0,0.6091244281836392,1.0060801760173779,0.4579710144927536,-2.0789871215820312,-7.391242980957031,-4.505744934082031,-7.600594520568848,-11.413764953613281,-12.329206466674805,120.6600897510599,2.3758977779137322,path_segment_005,SUPPORTED,,-2.0789871215820312,-7.391242980957031,-11.270173276035393,-10.732630944549555,-59.07687776960381,-74.23365750202152,136.39949350493904,4.184813528866961,path_segment_001,SUPPORTED,,-2.0789871215820312,-7.391242980957031,-4.505744934082031,-7.600594520568848,-11.413764953613281,-12.329206466674805,120.6600897510599,2.3758977779137322,path_segment_005,SUPPORTED,,SUPPORTED,
47,47,1566.6666666666667,VALID_TARGET,,1.0,1066.606346130371,456.1460189819336,1065.7785339355469,459.2276840209961,SUPPORTED,1085.527950310559,482.67080745341616,952.360248447205,289.1304347826087,266.3354037267081,387.0807453416149,SUPPORTED,translation_median_sparse_flow,2.982452392578125,0.13636398315429688,345.0,3.611969470977783,,,SUPPORTED,partial_affine_ransac_sparse_flow,4.060722759667723,-2.2035414506673328,164.0,1.0541555480729285,1.0054979952790073,0.4753623188405797,-3.5321884155273438,0.0,-6.514640808105469,-0.13636398315429688,-17.92840576171875,-12.465570449829102,178.80086406089373,1.7521412097112312,path_segment_005,SUPPORTED,,-3.5321884155273438,0.0,-12.090294918750715,-3.525349360617895,-71.16717268835453,-77.75900686263941,163.74410456545604,3.386410824246735,path_segment_001,SUPPORTED,,-3.5321884155273438,0.0,-6.514640808105469,-0.13636398315429688,-17.92840576171875,-12.465570449829102,178.80086406089373,1.7521412097112312,path_segment_005,SUPPORTED,,SUPPORTED,
48,48,1600.0,VALID_TARGET,,1.0,1061.1949310302734,456.5730895996094,1061.4162979125977,458.3878402709961,SUPPORTED,1085.5900621118012,482.01863354037266,952.0496894409938,287.51552795031057,267.0807453416149,389.0062111801242,SUPPORTED,translation_median_sparse_flow,3.46875,0.028850555419921875,343.0,3.544858455657959,,,SUPPORTED,partial_affine_ransac_sparse_flow,4.404623914458534,-0.8813841376097902,170.0,0.5348058379798425,1.0051872667603703,0.4956268221574344,-4.362236022949219,-0.83984375,-7.830986022949219,-0.8686943054199219,-25.75939178466797,-13.334264755249023,173.67003694246597,2.1186331601014765,path_segment_005,SUPPORTED,,-4.362236022949219,-0.83984375,-13.791297852561001,-3.5086216080206896,-84.95847054091553,-81.2676284706601,165.72628092366202,3.8265473322397545,path_segment_001,SUPPORTED,,-4.362236022949219,-0.83984375,-7.830986022949219,-0.8686943054199219,-25.75939178466797,-13.334264755249023,173.67003694246597,2.1186331601014765,path_segment_005,SUPPORTED,,SUPPORTED,
49,49,1633.3333333333333,VALID_TARGET,,1.0,1058.8288345336914,460.856201171875,1058.6074676513672,459.10803985595703,SUPPORTED,1085.6521739130435,481.36645962732916,951.7391304347826,285.9006211180124,267.82608695652175,390.93167701863354,SUPPORTED,translation_median_sparse_flow,2.377838134765625,0.01467132568359375,345.0,4.2450270652771,,,SUPPORTED,partial_affine_ransac_sparse_flow,3.2442941403199,-2.3080760549183683,168.0,1.0908864363428008,1.0071427380032756,0.48695652173913045,-2.8088302612304688,0.7201995849609375,-5.186668395996094,0.7055282592773438,-30.946060180664062,-12.62873649597168,-172.25375627812485,1.4075156575993446,path_segment_005,SUPPORTED,,-2.8088302612304688,0.7201995849609375,-12.518954690960754,-2.8205327628928103,-97.47742523187628,-84.08816123355291,167.3032036273318,3.4506701812209175,path_segment_001,SUPPORTED,,-2.8088302612304688,0.7201995849609375,-5.186668395996094,0.7055282592773438,-30.946060180664062,-12.62873649597168,-172.25375627812485,1.4075156575993446,path_segment_005,SUPPORTED,,SUPPORTED,
50,50,1666.6666666666667,VALID_TARGET,,1.0,1058.2293701171875,459.10803985595703,1058.2293701171875,460.856201171875,SUPPORTED,1085.7142857142858,480.71428571428567,951.4285714285714,284.2857142857143,268.57142857142856,392.85714285714283,SUPPORTED,translation_median_sparse_flow,0.0,0.0,350.0,0.00044900953071191907,,,SUPPORTED,partial_affine_ransac_sparse_flow,0.006303885431166111,0.0073849288940723455,350.0,0.009268063374073373,0.9999996962801629,1.0,-0.3780975341796875,1.7481613159179688,-0.3780975341796875,1.7481613159179688,-31.32415771484375,-10.880575180053711,-102.204122968294,0.48094163362522074,path_segment_005,SUPPORTED,,-0.3780975341796875,1.7481613159179688,-0.3860980394536,1.745569265386905,-97.86352327132988,-82.342591968166,-102.47229806814043,0.48072043441118034,path_segment_001,SUPPORTED,,-0.3780975341796875,1.7481613159179688,-0.3780975341796875,1.7481613159179688,-31.32415771484375,-10.880575180053711,-102.204122968294,0.48094163362522074,path_segment_005,SUPPORTED,,SUPPORTED,
51,51,1700.0,VALID_TARGET,,1.0,1055.3124465942385,465.5415344238281,1055.3124465942383,465.5415344238281,SUPPORTED,1069.047619047619,478.0952380952381,928.0952380952381,280.0,281.90476190476187,396.1904761904762,SUPPORTED,translation_median_sparse_flow,2.084808349609375,0.03146839141845703,344.0,4.0953545570373535,,,SUPPORTED,partial_affine_ransac_sparse_flow,4.652659295302323,-0.46966108394466927,150.0,0.3472165310941519,1.0055130306453848,0.436046511627907,-2.9169235229492188,4.685333251953125,-5.001731872558594,4.653864860534668,-36.325889587402344,-6.226710319519043,-137.06333128804155,1.837085202478658,path_segment_005,SUPPORTED,,-2.9169235229492188,4.685333251953125,-13.19248220443933,2.129729996806077,-111.05600547576921,-80.21286197135993,-170.82956700177007,3.5933264828834584,path_segment_001,SUPPORTED,,-2.9169235229492188,4.685333251953125,-5.001731872558594,4.653864860534668,-36.325889587402344,-6.226710319519043,-137.06333128804155,1.837085202478658,path_segment_005,SUPPORTED,,SUPPORTED,
52,52,1733.3333333333337,VALID_TARGET,,1.0,1051.9584045410156,467.7575378417969,1051.9584045410156,465.9956970214844,SUPPORTED,1052.3809523809525,475.4761904761905,904.7619047619048,275.7142857142857,295.23809523809524,399.5238095238095,SUPPORTED,translation_median_sparse_flow,6.5563812255859375,0.2857222557067871,342.0,7.786760330200195,,,SUPPORTED,partial_affine_ransac_sparse_flow,9.922409853254004,0.36507109870758864,139.0,0.28759532131510307,1.0093298279154899,0.4064327485380117,-3.3540420532226562,0.45416259765625,-9.910423278808594,0.1684403419494629,-46.23631286621094,-6.05826997756958,-179.02627856708696,2.6652529355836423,path_segment_005,SUPPORTED,,-3.3540420532226562,0.45416259765625,-23.157801416222583,-4.17392664586913,-134.2138068919918,-84.38678861722906,169.78279242254422,6.327365159410291,path_segment_001,SUPPORTED,,-3.3540420532226562,0.45416259765625,-9.910423278808594,0.1684403419494629,-46.23631286621094,-6.05826997756958,-179.02627856708696,2.6652529355836423,path_segment_005,SUPPORTED,,SUPPORTED,
53,53,1766.6666666666663,VALID_TARGET,,1.0,1049.9898147583008,465.9956970214844,1049.9898147583008,465.9956970214844,SUPPORTED,1035.7142857142858,472.8571428571429,881.4285714285714,271.42857142857144,308.57142857142856,402.8571428571429,SUPPORTED,translation_median_sparse_flow,1.918792724609375,0.0188446044921875,346.0,4.256687164306641,,,SUPPORTED,partial_affine_ransac_sparse_flow,4.55807965956357,0.151022966939528,144.0,0.33144816557011153,1.0050167090099191,0.4161849710982659,-1.9685897827148438,0.0,-3.8873825073242188,-0.0188446044921875,-50.123695373535156,-6.077114582061768,179.72225325280812,1.0453118804831054,path_segment_005,SUPPORTED,,-1.9685897827148438,0.0,-11.864629047272047,-2.3519845485622,-146.07843593926384,-86.73877316579126,168.78733888302895,3.252426803509301,path_segment_001,SUPPORTED,,-1.9685897827148438,0.0,-3.8873825073242188,-0.0188446044921875,-50.123695373535156,-6.077114582061768,179.72225325280812,1.0453118804831054,path_segment_005,SUPPORTED,,SUPPORTED,
54,54,1800.0,VALID_TARGET,,1.0,1043.1092224121094,467.78269958496094,1043.1092224121094,465.9956970214844,SUPPORTED,1030.873015873016,472.3809523809524,872.063492063492,269.6825396825397,317.6190476190476,405.3968253968254,SUPPORTED,translation_median_sparse_flow,1.1130561828613281,0.0038299560546875,348.0,4.992921829223633,,,SUPPORTED,partial_affine_ransac_sparse_flow,4.143814854120614,-0.13703041952176642,145.0,0.42475716827260496,1.0056762046119934,0.4166666666666667,-6.880592346191406,0.0,-7.993648529052734,-0.0038299560546875,-58.11734390258789,-6.080944538116455,179.9725481674526,2.149456232175131,path_segment_005,SUPPORTED,,-6.880592346191406,0.0,-16.955454615596636,-2.5731907443846467,-163.03389055486048,-89.3119639101759,171.37053611984095,4.61144976024362,path_segment_001,SUPPORTED,,-6.880592346191406,0.0,-7.993648529052734,-0.0038299560546875,-58.11734390258789,-6.080944538116455,179.9725481674526,2.149456232175131,path_segment_005,SUPPORTED,,SUPPORTED,
55,55,1833.3333333333333,VALID_TARGET,,1.0,1036.5541534423828,464.99468994140625,1038.445182800293,464.99468994140625,SUPPORTED,1026.031746031746,471.9047619047619,862.6984126984127,267.93650793650795,326.66666666666663,407.93650793650795,SUPPORTED,translation_median_sparse_flow,0.309326171875,-0.0019378662109375,341.0,4.923093795776367,,,SUPPORTED,partial_affine_ransac_sparse_flow,4.452473683950945,-0.6772091714515204,136.0,0.31022824345444266,1.0054436211802475,0.39882697947214074,-4.664039611816406,-1.001007080078125,-4.973365783691406,-0.9990692138671875,-63.0907096862793,-7.080013751983643,168.6413788127428,1.3640319820208848,path_segment_005,SUPPORTED,,-4.664039611816406,-1.001007080078125,-14.641711682367486,-3.203043289671143,-177.67560223722796,-92.51500719984705,167.66028212078584,4.030197102907982,path_segment_001,SUPPORTED,,-4.664039611816406,-1.001007080078125,-4.973365783691406,-0.9990692138671875,-63.0907096862793,-7.080013751983643,168.6413788127428,1.3640319820208848,path_segment_005,SUPPORTED,,SUPPORTED,
56,56,1866.6666666666667,VALID_TARGET,,1.0,1037.942283630371,463.27528381347656,1036.051254272461,463.27528381347656,SUPPORTED,1021.1904761904763,471.42857142857144,853.3333333333334,266.1904761904762,335.7142857142857,410.4761904761905,SUPPORTED,translation_median_sparse_flow,0.0,0.0,350.0,0.0003997860476374626,,,SUPPORTED,partial_affine_ransac_sparse_flow,-0.009348112806879229,-0.007010099160946134,350.0,0.01118476898577396,1.000020171891985,1.0,-2.3939285278320312,-1.7194061279296875,-2.3939285278320312,-1.7194061279296875,-65.48463821411133,-8.79941987991333,144.31272422209733,0.7925464009238403,path_segment_005,SUPPORTED,,-2.3939285278320312,-1.7194061279296875,-2.401012098815727,-1.7318604115700964,-180.0766143360437,-94.24686761141714,144.19692536789003,0.7960486992337537,path_segment_001,SUPPORTED,,-2.3939285278320312,-1.7194061279296875,-2.3939285278320312,-1.7194061279296875,-65.48463821411133,-8.79941987991333,144.31272422209733,0.7925464009238403,path_segment_005,SUPPORTED,,SUPPORTED,
57,57,1900.0,VALID_TARGET,,1.0,1022.7989501953124,451.76197814941406,1022.8825378417969,451.76197814941406,SUPPORTED,1016.3492063492064,470.95238095238096,843.968253968254,264.44444444444446,344.76190476190476,413.015873015873,SUPPORTED,translation_median_sparse_flow,0.375213623046875,-0.05006980895996094,338.0,5.14720344543457,,,SUPPORTED,partial_affine_ransac_sparse_flow,4.525867765767294,-0.8521353994113802,147.0,0.31307855771534154,1.0053127818085819,0.4349112426035503,-13.168716430664062,-11.5133056640625,-13.543930053710938,-11.463235855102539,-79.02856826782227,-20.26265573501587,139.7562778355943,4.77123812848203,path_segment_005,SUPPORTED,,-13.168716430664062,-11.5133056640625,-23.046196256597796,-13.463798035174023,-203.12281059264149,-107.71066564659117,149.70613794151745,7.1770467251012615,path_segment_001,SUPPORTED,,-13.168716430664062,-11.5133056640625,-13.543930053710938,-11.463235855102539,-79.02856826782227,-20.26265573501587,139.7562778355943,4.77123812848203,path_segment_005,SUPPORTED,,SUPPORTED,
58,58,1933.3333333333333,VALID_TARGET,,1.0,1017.0866088867188,449.5493469238281,1017.0030212402344,449.5711975097656,SUPPORTED,1011.5079365079365,470.4761904761905,834.6031746031746,262.6984126984127,353.8095238095238,415.5555555555556,SUPPORTED,translation_median_sparse_flow,0.04141044616699219,-0.010707855224609375,334.0,4.0914130210876465,,,SUPPORTED,partial_affine_ransac_sparse_flow,-0.29428101198873036,-0.8484877832350056,156.0,0.5196227083945308,1.0004399088121698,0.46706586826347307,-5.8795166015625,-2.1907806396484375,-5.920927047729492,-2.180072784423828,-84.94949531555176,-22.442728519439697,159.78640006782848,1.6966025347160734,path_segment_005,SUPPORTED,,-5.8795166015625,-2.1907806396484375,-5.750354408856879,-2.185451134265236,-208.87316500149836,-109.8961167808564,159.190453746569,1.6541503490224216,path_segment_001,SUPPORTED,,-5.8795166015625,-2.1907806396484375,-5.920927047729492,-2.180072784423828,-84.94949531555176,-22.442728519439697,159.78640006782848,1.6966025347160734,path_segment_005,SUPPORTED,,SUPPORTED,
59,59,1966.6666666666663,VALID_TARGET,,1.0,1000.9230651855468,447.2296600341797,1000.9230651855469,449.0809783935547,SUPPORTED,1006.6666666666666,470.0,825.2380952380952,260.95238095238096,362.85714285714283,418.09523809523813,SUPPORTED,translation_median_sparse_flow,0.0013427734375,-0.012969970703125,341.0,4.048192977905273,,,SUPPORTED,partial_affine_ransac_sparse_flow,1.9362903869908223,-4.078206574185227,172.0,1.329050674402393,1.0065063357480333,0.5043988269794721,-16.0799560546875,-0.4902191162109375,-16.081298828125,-0.4772491455078125,-101.03079414367676,-22.91997766494751,178.30011626664788,4.326092447703368,path_segment_005,SUPPORTED,,-16.0799560546875,-0.4902191162109375,-22.840973630895974,-3.369882027122628,-231.71413863239434,-113.26599880797903,171.60731464128625,6.208319699921784,path_segment_001,SUPPORTED,,-16.0799560546875,-0.4902191162109375,-16.081298828125,-0.4772491455078125,-101.03079414367676,-22.91997766494751,178.30011626664788,4.326092447703368,path_segment_005,SUPPORTED,,SUPPORTED,
60,60,2000.0,VALID_TARGET,,1.0,991.2368087768556,445.5406188964844,991.2368087768555,448.14654541015625,SUPPORTED,1001.8253968253969,469.5238095238095,815.8730158730159,259.2063492063492,371.9047619047619,420.63492063492066,SUPPORTED,translation_median_sparse_flow,0.010833740234375,-0.047695159912109375,342.0,3.694667339324951,,,SUPPORTED,partial_affine_ransac_sparse_flow,1.4643911357771007,-3.5046105934744487,183.0,1.2509092854877604,1.0060815937420795,0.5350877192982456,-9.686256408691406,-0.9344329833984375,-9.697090148925781,-0.8867378234863281,-110.72788429260254,-23.806715488433838,174.7751926640634,2.6183829566195174,path_segment_005,SUPPORTED,,-9.686256408691406,-0.9344329833984375,-15.741405458761506,-3.481594183444315,-247.45554409115584,-116.74759299142335,167.52842152909292,4.335086782058143,path_segment_001,SUPPORTED,,-9.686256408691406,-0.9344329833984375,-9.697090148925781,-0.8867378234863281,-110.72788429260254,-23.806715488433838,174.7751926640634,2.6183829566195174,path_segment_005,SUPPORTED,,SUPPORTED,
61,61,2033.3333333333333,VALID_TARGET,,1.0,978.5278549194336,449.9680480957031,979.0055999755859,447.21539306640625,SUPPORTED,996.984126984127,469.04761904761904,806.5079365079365,257.46031746031747,380.95238095238096,423.1746031746032,UNSTABLE_TRANSFORM,translation_median_sparse_flow,0.5084514617919922,-0.0196533203125,331.0,8.317937850952148,,,SUPPORTED,partial_affine_ransac_sparse_flow,4.004228208897829,-1.6932130127625118,132.0,0.35593691521625037,1.011602325109359,0.3987915407854985,,,,,,,,,,UNSTABLE_TRANSFORM,Camera compensation was not supported.,-12.231208801269531,-0.93115234375,-27.717569958557306,-4.478439914674823,-275.17311404971315,-121.22603290609817,170.82180969890365,7.549788924307609,path_segment_001,SUPPORTED,,,,,,,,,,,UNSTABLE_TRANSFORM,Camera compensation was not supported.,SUPPORTED,
62,62,2066.666666666667,VALID_TARGET,,1.0,979.005599975586,448.14654541015625,978.5278549194336,448.14654541015625,SUPPORTED,992.1428571428571,468.57142857142856,797.1428571428571,255.71428571428572,390.0,425.7142857142857,SUPPORTED,translation_median_sparse_flow,6.103515625e-05,0.0,350.0,0.00039827224100008607,,,SUPPORTED,partial_affine_ransac_sparse_flow,0.007700607209162423,-0.050165596101235034,350.0,0.043923582480601076,1.0000786992451707,1.0,,,,,0.0,0.0,,,path_segment_006,SUPPORTED,,-0.47774505615234375,0.93115234375,-0.539543717219658,0.8958879665383392,-275.7126577669328,-120.33014493955983,-121.05822748513984,0.28121411456257184,path_segment_001,SUPPORTED,,,,,,0.0,0.0,,,path_segment_006,SUPPORTED,,SUPPORTED,
63,63,2100.0,VALID_TARGET,,1.0,969.230224609375,440.5591125488281,969.230224609375,448.14654541015625,SUPPORTED,985.3571428571429,467.0,795.4285714285714,252.28571428571428,379.8571428571429,429.42857142857144,SUPPORTED,translation_median_sparse_flow,2.10296630859375,-0.0274658203125,343.0,3.175414800643921,,,SUPPORTED,partial_affine_ransac_sparse_flow,1.6828320495600408,-3.6726891686528216,195.0,1.315506414482533,1.0059571221023167,0.5685131195335277,-9.297630310058594,0.0,-11.400596618652344,0.0274658203125,-11.400596618652344,0.0274658203125,-179.86196577312006,3.06557783529974,path_segment_006,SUPPORTED,,-9.297630310058594,0.0,-15.204046296699971,-2.486493865864361,-290.9167040636328,-122.81663880542419,170.71198014645816,4.1426111440850475,path_segment_001,SUPPORTED,,-9.297630310058594,0.0,-11.400596618652344,0.0274658203125,-11.400596618652344,0.0274658203125,-179.86196577312006,3.06557783529974,path_segment_006,SUPPORTED,,SUPPORTED,
64,64,2133.3333333333335,VALID_TARGET,,1.0,963.3613891601562,449.6939849853515,963.3613891601562,444.93841552734375,SUPPORTED,978.5714285714286,465.42857142857144,793.7142857142857,248.85714285714286,369.7142857142857,433.14285714285717,SUPPORTED,translation_median_sparse_flow,1.59674072265625,-0.032665252685546875,337.0,3.595417022705078,,,SUPPORTED,partial_affine_ransac_sparse_flow,2.151607949539871,-0.8208010353213676,155.0,0.415556148747524,1.0063443577848614,0.4599406528189911,-5.86883544921875,-3.2081298828125,-7.465576171875,-3.175464630126953,-18.866172790527344,-3.147998809814453,156.95764286175796,2.1815098507286304,path_segment_006,SUPPORTED,,-5.86883544921875,-3.2081298828125,-13.96427133678253,-5.674312224286041,-304.8809754004153,-128.49095102971023,157.8858784134884,4.053091629161437,path_segment_001,SUPPORTED,,-5.86883544921875,-3.2081298828125,-7.465576171875,-3.175464630126953,-18.866172790527344,-3.147998809814453,156.95764286175796,2.1815098507286304,path_segment_006,SUPPORTED,,SUPPORTED,
65,65,2166.6666666666665,VALID_TARGET,,1.0,955.9486541748048,444.93841552734375,955.9486541748047,444.35960388183594,SUPPORTED,971.7857142857143,463.8571428571429,792.0,245.42857142857144,359.5714285714286,436.8571428571429,SUPPORTED,translation_median_sparse_flow,1.3999786376953125,-0.05129241943359375,330.0,3.7614874839782715,,,SUPPORTED,partial_affine_ransac_sparse_flow,1.9754661589094624,-4.2361125856328385,149.0,0.9969436269257285,1.0060393243913834,0.45151515151515154,-7.4127349853515625,-0.5788116455078125,-8.812713623046875,-0.5275192260742188,-27.67888641357422,-3.675518035888672,176.57442590102931,2.373940511560547,path_segment_006,SUPPORTED,,-7.4127349853515625,-0.5788116455078125,-13.458053699426273,-2.7956971627394296,-318.3390290998416,-131.28664819244966,168.26461836017498,3.69606728059793,path_segment_001,SUPPORTED,,-7.4127349853515625,-0.5788116455078125,-8.812713623046875,-0.5275192260742188,-27.67888641357422,-3.675518035888672,176.57442590102931,2.373940511560547,path_segment_006,SUPPORTED,,SUPPORTED,
66,66,2200.0,VALID_TARGET,,1.0,950.0936813354492,441.99114990234375,950.0936813354492,444.35960388183594,SUPPORTED,965.0,462.28571428571433,790.2857142857142,242.0,349.42857142857144,440.5714285714286,SUPPORTED,translation_median_sparse_flow,0.5702755451202393,-0.06833410263061523,330.0,4.680673599243164,,,SUPPORTED,partial_affine_ransac_sparse_flow,2.4413678139477026,-2.108407548047471,170.0,1.0791358351908722,1.0053516002779777,0.5151515151515151,-5.854972839355469,0.0,-6.425248384475708,0.06833410263061523,-34.10413479804993,-3.6071839332580566,-179.39066821434884,1.7278179775376707,path_segment_006,SUPPORTED,,-5.854972839355469,0.0,-12.54029542354408,-2.140573707080762,-330.87932452338566,-133.42722189953042,170.31322162998035,3.4208014805446236,path_segment_001,SUPPORTED,,-5.854972839355469,0.0,-6.425248384475708,0.06833410263061523,-34.10413479804993,-3.6071839332580566,-179.39066821434884,1.7278179775376707,path_segment_006,SUPPORTED,,SUPPORTED,
67,67,2233.3333333333335,VALID_TARGET,,1.0,939.4948806762696,444.35960388183594,941.7711715698242,441.99114990234375,SUPPORTED,958.2142857142858,460.7142857142857,788.5714285714286,238.57142857142856,339.28571428571433,444.28571428571433,SUPPORTED,translation_median_sparse_flow,0.2633857727050781,-0.05504608154296875,330.0,4.922340393066406,,,SUPPORTED,partial_affine_ransac_sparse_flow,2.3015882778200294,-0.4459738858339753,150.0,0.2869657387601099,1.0055234783328593,0.45454545454545453,-8.322509765625,-2.3684539794921875,-8.585895538330078,-2.3134078979492188,-42.690030336380005,-5.920591831207275,164.92018402641816,2.3910457682802777,path_segment_006,SUPPORTED,,-8.322509765625,-2.3684539794921875,-15.863728898799081,-4.394403668012728,-346.74305342218474,-137.82162556754315,164.5167627464604,4.426322506684875,path_segment_001,SUPPORTED,,-8.322509765625,-2.3684539794921875,-8.585895538330078,-2.3134078979492188,-42.690030336380005,-5.920591831207275,164.92018402641816,2.3910457682802777,path_segment_006,SUPPORTED,,SUPPORTED,
68,68,2266.6666666666665,VALID_TARGET,,1.0,941.7711715698242,440.2266998291016,939.4948806762695,441.1151123046875,SUPPORTED,951.4285714285716,459.1428571428571,786.8571428571429,235.14285714285714,329.1428571428572,448.0,SUPPORTED,translation_median_sparse_flow,0.0,0.0,331.0,0.00035589304752647877,,,SUPPORTED,partial_affine_ransac_sparse_flow,0.010096672257244976,-0.023591143240564882,331.0,0.014003651615138439,1.0000025500825986,1.0,-2.2762908935546875,-0.87603759765625,-2.2762908935546875,-0.87603759765625,-44.96632122993469,-6.796629428863525,158.9506251997816,0.6558482721300682,path_segment_006,SUPPORTED,,-2.2762908935546875,-0.87603759765625,-2.2766153177102524,-0.8795120137296522,-349.019668739895,-138.7011375812728,158.877237681027,0.6562657839605166,path_segment_001,SUPPORTED,,-2.2762908935546875,-0.87603759765625,-2.2762908935546875,-0.87603759765625,-44.96632122993469,-6.796629428863525,158.9506251997816,0.6558482721300682,path_segment_006,SUPPORTED,,SUPPORTED,
69,69,2300.0,VALID_TARGET,,1.0,929.896453857422,440.7789764404297,929.8964538574219,439.89056396484375,SUPPORTED,944.6428571428571,457.57142857142856,785.1428571428571,231.71428571428572,319.00000000000006,451.7142857142857,SUPPORTED,translation_median_sparse_flow,0.1900634765625,-0.001373291015625,327.0,5.440596103668213,,,SUPPORTED,partial_affine_ransac_sparse_flow,3.193805589681387,-0.30580419733287567,144.0,0.26291536337965105,1.0051780198106668,0.44036697247706424,-9.598426818847656,-1.22454833984375,-9.788490295410156,-1.223175048828125,-54.75481152534485,-8.01980447769165,172.87720967977074,2.6525513781440027,path_segment_006,SUPPORTED,,-9.598426818847656,-1.22454833984375,-17.6679942399104,-3.179335692769712,-366.6876629798054,-141.88047327404252,169.79886360300162,4.8271509940135005,path_segment_001,SUPPORTED,,-9.598426818847656,-1.22454833984375,-9.788490295410156,-1.223175048828125,-54.75481152534485,-8.01980447769165,172.87720967977074,2.6525513781440027,path_segment_006,SUPPORTED,,SUPPORTED,
70,70,2333.3333333333335,VALID_TARGET,,1.0,922.2650375366212,432.8784484863281,922.2650375366211,432.8784484863281,SUPPORTED,937.8571428571429,456.0,783.4285714285714,228.28571428571428,308.85714285714295,455.42857142857144,SUPPORTED,translation_median_sparse_flow,0.03814697265625,-0.014149188995361328,332.0,5.515027046203613,,,SUPPORTED,partial_affine_ransac_sparse_flow,3.007306482743817,-3.5902531359376137,157.0,1.4148770124116403,1.0060994995824182,0.47289156626506024,-7.631416320800781,-7.012115478515625,-7.669563293457031,-6.997966289520264,-62.42437481880188,-15.017770767211914,137.62162867999027,2.791774038059558,path_segment_006,SUPPORTED,,-7.631416320800781,-7.012115478515625,-14.779668257288677,-9.32693096435105,-381.4673312370941,-151.20740423839356,147.745411878432,4.699368707947167,path_segment_001,SUPPORTED,,-7.631416320800781,-7.012115478515625,-7.669563293457031,-6.997966289520264,-62.42437481880188,-15.017770767211914,137.62162867999027,2.791774038059558,path_segment_006,SUPPORTED,,SUPPORTED,
71,71,2366.6666666666665,VALID_TARGET,,1.0,919.5976486206056,423.2633819580078,919.5976486206055,423.2633819580078,SUPPORTED,931.0714285714286,454.42857142857144,781.7142857142857,224.85714285714283,298.7142857142858,459.14285714285717,SUPPORTED,translation_median_sparse_flow,0.101165771484375,-0.011143684387207031,346.0,5.906854152679443,,,SUPPORTED,partial_affine_ransac_sparse_flow,3.8390825314637853,-0.42052538942435536,150.0,0.3791226206052844,1.0058349110218245,0.43352601156069365,-2.667388916015625,-9.615066528320312,-2.7685546875,-9.603922843933105,-65.19292950630188,-24.62169361114502,106.08085994464315,2.6876131014970337,path_segment_006,SUPPORTED,,-2.667388916015625,-9.615066528320312,-11.86555053263237,-11.767761136358843,-393.33288176972644,-162.9751653747524,135.23707586097794,4.493624821915153,path_segment_001,SUPPORTED,,-2.667388916015625,-9.615066528320312,-2.7685546875,-9.603922843933105,-65.19292950630188,-24.62169361114502,106.08085994464315,2.6876131014970337,path_segment_006,SUPPORTED,,SUPPORTED,
72,72,2400.0,VALID_TARGET,,1.0,904.877471923828,412.322021484375,904.8774719238281,412.322021484375,SUPPORTED,924.2857142857143,452.8571428571429,780.0,221.42857142857142,288.57142857142867,462.8571428571429,UNSTABLE_TRANSFORM,translation_median_sparse_flow,2.522003173828125,0.0001983642578125,332.0,10.485429763793945,,,SUPPORTED,partial_affine_ransac_sparse_flow,10.681960706470031,0.065993293717383,128.0,0.3962773734652103,1.009443118921829,0.3855421686746988,,,,,,,,,,UNSTABLE_TRANSFORM,Camera compensation was not supported.,-14.720176696777344,-10.941360473632812,-34.22192923188834,-14.708847580975714,-427.5548110016148,-177.68401295572812,156.7415960666782,10.016097377991272,path_segment_001,SUPPORTED,,,,,,,,,,,UNSTABLE_TRANSFORM,Camera compensation was not supported.,SUPPORTED,
73,73,2433.333333333333,VALID_TARGET,,1.0,899.2207717895508,409.7054138183594,899.2207717895508,410.1465148925781,SUPPORTED,922.2678571428572,451.6607142857143,777.2857142857143,219.85714285714283,289.9642857142858,463.6071428571429,SUPPORTED,translation_median_sparse_flow,1.190460205078125,0.08632659912109375,344.0,5.270917892456055,,,SUPPORTED,partial_affine_ransac_sparse_flow,0.37886393850675987,0.21600617452489093,154.0,0.357153296445965,0.999762023709631,0.4476744186046512,,,,,0.0,0.0,,,path_segment_007,SUPPORTED,,-5.656700134277344,-2.175506591796875,-5.825707094547965,-2.2813580604483263,-433.38051809616275,-179.96537101617645,158.614593758707,1.6823374038267611,path_segment_001,SUPPORTED,,,,,,0.0,0.0,,,path_segment_007,SUPPORTED,,SUPPORTED,
74,74,2466.666666666667,VALID_TARGET,,1.0,898.5930099487305,409.73497009277344,898.5930099487305,410.1465148925781,SUPPORTED,920.25,450.4642857142857,774.5714285714286,218.28571428571428,291.35714285714295,464.3571428571429,SUPPORTED,translation_median_sparse_flow,6.103515625e-05,2.47955322265625e-05,350.0,0.00030522941960953176,,,SUPPORTED,partial_affine_ransac_sparse_flow,0.02817941577138377,0.017513492017761076,350.0,0.022548947754897047,0.9999786268295234,1.0,-0.6277618408203125,0.0,-0.6278228759765625,-2.47955322265625e-05,-0.6278228759765625,-2.47955322265625e-05,179.99773713351172,0.16881873586563786,path_segment_007,SUPPORTED,,-0.6277618408203125,0.0,-0.6361099554912926,-0.010089354163369535,-434.01662805165404,-179.97546037033982,179.09130656128815,0.17106860796526593,path_segment_001,SUPPORTED,,-0.6277618408203125,0.0,-0.6278228759765625,-2.47955322265625e-05,-0.6278228759765625,-2.47955322265625e-05,179.99773713351172,0.16881873586563786,path_segment_007,SUPPORTED,,SUPPORTED,
75,75,2500.0,VALID_TARGET,,1.0,890.3186264038086,410.3333740234375,890.3186264038086,410.8478088378906,SUPPORTED,918.2321428571429,449.2678571428571,771.8571428571429,216.7142857142857,292.7500000000001,465.1071428571429,SUPPORTED,translation_median_sparse_flow,0.97515869140625,0.3698863983154297,331.0,3.631190776824951,,,SUPPORTED,partial_affine_ransac_sparse_flow,0.07904419595525365,0.5697619507326243,149.0,0.5329291469482897,0.9999077802023761,0.4501510574018127,-8.274383544921875,0.7012939453125,-9.249542236328125,0.3314075469970703,-9.877365112304688,0.33138275146484375,-177.947992014371,2.488756079023415,path_segment_007,SUPPORTED,,-8.274383544921875,0.7012939453125,-8.41683240269208,0.4899770308562097,-442.4334604543461,-179.4854833394836,-176.66834667016613,2.267079893932731,path_segment_001,SUPPORTED,,-8.274383544921875,0.7012939453125,-9.249542236328125,0.3314075469970703,-9.877365112304688,0.33138275146484375,-177.947992014371,2.488756079023415,path_segment_007,SUPPORTED,,SUPPORTED,
76,76,2533.333333333333,VALID_TARGET,,1.0,887.0034637451172,414.47900390625,887.1259765625,414.47900390625,SUPPORTED,916.2142857142858,448.07142857142856,769.1428571428571,215.14285714285714,294.1428571428572,465.8571428571429,SUPPORTED,translation_median_sparse_flow,1.9618072509765625,0.49155282974243164,334.0,4.554515838623047,,,SUPPORTED,partial_affine_ransac_sparse_flow,0.350879807507739,0.2855605743207633,140.0,0.3794427756437329,0.999773581346431,0.41916167664670656,-3.1926498413085938,3.631195068359375,-5.154457092285156,3.1396422386169434,-15.031822204589844,3.471024990081787,-148.65389982297822,1.6228857445488398,path_segment_007,SUPPORTED,,-3.1926498413085938,3.631195068359375,-3.374885660800942,3.510049162237749,-445.80834611514706,-175.97543417724586,-133.8753265347846,1.3093387374069132,path_segment_001,SUPPORTED,,-3.1926498413085938,3.631195068359375,-5.154457092285156,3.1396422386169434,-15.031822204589844,3.471024990081787,-148.65389982297822,1.6228857445488398,path_segment_007,SUPPORTED,,SUPPORTED,
77,77,2566.666666666667,VALID_TARGET,,1.0,885.8905715942383,418.11866760253906,885.7680587768555,416.2627410888672,SUPPORTED,914.1964285714287,446.875,766.4285714285714,213.57142857142856,295.53571428571433,466.6071428571429,SUPPORTED,translation_median_sparse_flow,2.72509765625,0.17147064208984375,343.0,4.5536699295043945,,,SUPPORTED,partial_affine_ransac_sparse_flow,7.5772111903455635,0.574202270548237,122.0,0.36231960775009175,1.004412499490987,0.3556851311953353,-1.3579177856445312,1.7837371826171875,-4.083015441894531,1.6122665405273438,-19.114837646484375,5.083291530609131,-158.45234785595215,1.180399673488273,path_segment_007,SUPPORTED,,-1.3579177856445312,1.7837371826171875,-12.94460355423962,-0.415892860847066,-458.7529496693867,-176.39132703809292,178.15979597278235,3.482541468878075,path_segment_001,SUPPORTED,,-1.3579177856445312,1.7837371826171875,-4.083015441894531,1.6122665405273438,-19.114837646484375,5.083291530609131,-158.45234785595215,1.180399673488273,path_segment_007,SUPPORTED,,SUPPORTED,
78,78,2600.0,VALID_TARGET,,1.0,879.1716842651367,418.9715881347656,879.1716842651367,416.9539489746094,SUPPORTED,912.1785714285714,445.67857142857144,763.7142857142857,212.0,296.9285714285715,467.3571428571429,SUPPORTED,translation_median_sparse_flow,4.420654296875,0.032318115234375,343.0,4.585987091064453,,,SUPPORTED,partial_affine_ransac_sparse_flow,7.602552028350593,0.42310681719576226,136.0,0.4532928528114801,1.0051792925972822,0.3965014577259475,-6.59637451171875,0.6912078857421875,-11.01702880859375,0.6588897705078125,-30.131866455078125,5.742181301116943,-176.57741757381396,2.967722589956722,path_segment_007,SUPPORTED,,-6.59637451171875,0.6912078857421875,-18.831175138979575,-1.7929348385486037,-477.58412480836625,-178.18426187664153,174.56120699671254,5.086517347150005,path_segment_001,SUPPORTED,,-6.59637451171875,0.6912078857421875,-11.01702880859375,0.6588897705078125,-30.131866455078125,5.742181301116943,-176.57741757381396,2.967722589956722,path_segment_007,SUPPORTED,,SUPPORTED,
79,79,2633.3333333333335,VALID_TARGET,,1.0,877.7000274658203,416.4131317138672,877.7000274658203,417.1501770019531,SUPPORTED,910.1607142857143,444.4821428571429,761.0,210.42857142857142,298.32142857142867,468.1071428571429,SUPPORTED,translation_median_sparse_flow,4.086204528808594,0.00042724609375,343.0,4.735019207000732,,,SUPPORTED,partial_affine_ransac_sparse_flow,4.386715635254338,-7.474663760850672,124.0,1.6829180255866785,1.0096542211212431,0.36151603498542273,-1.4716567993164062,0.19622802734375,-5.557861328125,0.19580078125,-35.689727783203125,5.937982082366943,-177.9823316931908,1.495410937124804,path_segment_007,SUPPORTED,,-1.4716567993164062,0.19622802734375,-11.14997361009614,-3.028633648957907,-488.7340984184624,-181.21289552559944,164.80357539139706,3.1068139619147632,path_segment_001,SUPPORTED,,-1.4716567993164062,0.19622802734375,-5.557861328125,0.19580078125,-35.689727783203125,5.937982082366943,-177.9823316931908,1.495410937124804,path_segment_007,SUPPORTED,,SUPPORTED,
80,80,2666.6666666666665,VALID_TARGET,,1.0,876.1226272583008,417.3767700195313,876.1226272583008,417.1501770019531,SUPPORTED,908.1428571428572,443.28571428571433,758.2857142857143,208.85714285714286,299.7142857142858,468.8571428571429,SUPPORTED,translation_median_sparse_flow,3.814697265625e-05,6.103515625e-05,350.0,0.000645552237983793,,,SUPPORTED,partial_affine_ransac_sparse_flow,0.022411984744379658,-0.005222684728423328,350.0,0.027592561111931292,1.0000103855782327,1.0,-1.5774002075195312,0.0,-1.5774383544921875,-6.103515625e-05,-37.26716613769531,5.937921047210693,179.9977830785949,0.4241660492042081,path_segment_007,SUPPORTED,,-1.5774002075195312,0.0,-1.5982377777768306,-0.02160074581945537,-490.3323361962392,-181.2344962714189,179.22567452850777,0.4297981689726973,path_segment_001,SUPPORTED,,-1.5774002075195312,0.0,-1.5774383544921875,-6.103515625e-05,-37.26716613769531,5.937921047210693,179.9977830785949,0.4241660492042081,path_segment_007,SUPPORTED,,SUPPORTED,
81,81,2700.0,VALID_TARGET,,1.0,871.8950881958008,416.3738861083984,871.8950881958008,416.1776580810547,SUPPORTED,906.125,442.0892857142857,755.5714285714286,207.28571428571428,301.1071428571429,469.6071428571429,SUPPORTED,translation_median_sparse_flow,5.11328125,0.08259963989257812,346.0,5.118781089782715,,,SUPPORTED,partial_affine_ransac_sparse_flow,9.176936372877337,0.812247235104548,141.0,0.32652238193454103,1.0048176384851388,0.407514450867052,-4.2275390625,-0.9725189208984375,-9.3408203125,-1.0551185607910156,-46.60798645019531,4.882802486419678,173.5553121141619,2.527677605584172,path_segment_007,SUPPORTED,,-4.2275390625,-0.9725189208984375,-17.67456493960151,-3.6909970054944097,-508.00690113584074,-184.9254932769133,168.2043859036703,4.855136406050663,path_segment_001,SUPPORTED,,-4.2275390625,-0.9725189208984375,-9.3408203125,-1.0551185607910156,-46.60798645019531,4.882802486419678,173.5553121141619,2.527677605584172,path_segment_007,SUPPORTED,,SUPPORTED,
82,82,2733.3333333333335,VALID_TARGET,,1.0,866.9065780639648,417.8552551269531,866.9065780639648,415.9774475097656,SUPPORTED,904.1071428571429,440.89285714285717,752.8571428571429,205.71428571428572,302.50000000000006,470.3571428571429,SUPPORTED,translation_median_sparse_flow,4.83990478515625,0.06931304931640625,347.0,4.8875732421875,,,SUPPORTED,partial_affine_ransac_sparse_flow,9.434778404164907,0.9426637595436942,133.0,0.36108334837609085,1.0049234435854928,0.38328530259365995,-4.9885101318359375,-0.2002105712890625,-9.828414916992188,-0.26952362060546875,-56.4364013671875,4.613278865814209,178.42917735968817,2.6438099127720487,path_segment_007,SUPPORTED,,-4.9885101318359375,-0.2002105712890625,-18.823330864078684,-2.9669994438798994,-526.8302319999194,-187.8924927207932,171.04253627723975,5.123999904323104,path_segment_001,SUPPORTED,,-4.9885101318359375,-0.2002105712890625,-9.828414916992188,-0.26952362060546875,-56.4364013671875,4.613278865814209,178.42917735968817,2.6438099127720487,path_segment_007,SUPPORTED,,SUPPORTED,
83,83,2766.6666666666665,VALID_TARGET,,1.0,857.760612487793,408.5813446044922,857.760612487793,408.5813446044922,SUPPORTED,902.0892857142858,439.69642857142856,750.1428571428571,204.14285714285714,303.8928571428572,471.1071428571429,SUPPORTED,translation_median_sparse_flow,5.26690673828125,0.0016632080078125,340.0,5.26763916015625,,,SUPPORTED,partial_affine_ransac_sparse_flow,4.341371605230822,-8.195095947235137,136.0,1.4794553016662855,1.010943204226387,0.4,-9.145965576171875,-7.3961029052734375,-14.412872314453125,-7.39776611328125,-70.84927368164062,-2.784487247467041,152.82970703404104,4.35625481939943,path_segment_007,SUPPORTED,,-9.145965576171875,-7.3961029052734375,-19.414622406766625,-11.092008727529674,-546.244854406686,-198.98450144832287,150.25970455941217,6.012446613025311,path_segment_001,SUPPORTED,,-9.145965576171875,-7.3961029052734375,-14.412872314453125,-7.39776611328125,-70.84927368164062,-2.784487247467041,152.82970703404104,4.35625481939943,path_segment_007,SUPPORTED,,SUPPORTED,
84,84,2800.0,VALID_TARGET,,1.0,846.9287109375,406.71067810058594,846.9287109375,406.71067810058594,SUPPORTED,900.0714285714287,438.5,747.4285714285714,202.57142857142856,305.28571428571433,471.8571428571429,SUPPORTED,translation_median_sparse_flow,7.078704833984375,0.4095649719238281,336.0,7.047321796417236,,,SUPPORTED,partial_affine_ransac_sparse_flow,9.843415863898276,1.1086846351432351,131.0,0.44418143205795163,1.0055869378856679,0.3898809523809524,-10.831901550292969,-1.87066650390625,-17.910606384277344,-2.280231475830078,-88.75988006591797,-5.064718723297119,172.74460257623727,4.8549545060301,path_segment_007,SUPPORTED,,-10.831901550292969,-1.87066650390625,-25.60840049358592,-4.966290405709742,-571.853254900272,-203.95079185403262,169.02474862502757,7.014277802136809,path_segment_001,SUPPORTED,,-10.831901550292969,-1.87066650390625,-17.910606384277344,-2.280231475830078,-88.75988006591797,-5.064718723297119,172.74460257623727,4.8549545060301,path_segment_007,SUPPORTED,,SUPPORTED,
85,85,2833.3333333333335,VALID_TARGET,,1.0,840.3935623168945,401.2726440429687,843.1168441772461,403.17803955078125,SUPPORTED,898.0535714285713,437.30357142857144,744.7142857142857,201.0,306.67857142857144,472.6071428571429,SUPPORTED,translation_median_sparse_flow,8.029342651367188,1.283390998840332,342.0,6.636807441711426,,,SUPPORTED,partial_affine_ransac_sparse_flow,11.131859741742316,1.4359777938904417,139.0,0.39780560833820694,1.0048916608453646,0.4064327485380117,-3.8118667602539062,-3.5326385498046875,-11.841209411621094,-4.8160295486450195,-100.60108947753906,-9.880748271942139,157.86755387988674,3.4373255879719977,path_segment_007,SUPPORTED,,-3.8118667602539062,-3.5326385498046875,-19.136251756380602,-6.854727048929931,-590.9895066566526,-210.80551890296255,160.29215304019087,5.465815243550745,path_segment_001,SUPPORTED,,-3.8118667602539062,-3.5326385498046875,-11.841209411621094,-4.8160295486450195,-100.60108947753906,-9.880748271942139,157.86755387988674,3.4373255879719977,path_segment_007,SUPPORTED,,SUPPORTED,
86,86,2866.6666666666665,VALID_TARGET,,1.0,843.1168441772461,403.1780395507813,840.3935623168945,401.27264404296875,SUPPORTED,896.0357142857143,436.1071428571429,742.0,199.42857142857142,308.0714285714286,473.3571428571429,SUPPORTED,translation_median_sparse_flow,-8.0108642578125e-05,0.0,350.0,0.002011542208492756,,,SUPPORTED,partial_affine_ransac_sparse_flow,-0.06328399952431372,0.031858241390324636,349.0,0.0538618128940798,1.0000153539004382,0.9971428571428571,-2.7232818603515625,-1.9053955078125,-2.7232017517089844,-1.9053955078125,-103.32429122924805,-11.786143779754639,145.01992368826888,0.8937027625331505,path_segment_007,SUPPORTED,,-2.7232818603515625,-1.9053955078125,-2.6965814237697714,-1.8940082262606666,-593.6860880804223,-212.6995271292232,144.9167993370056,0.8860837974931685,path_segment_001,SUPPORTED,,-2.7232818603515625,-1.9053955078125,-2.7232017517089844,-1.9053955078125,-103.32429122924805,-11.786143779754639,145.01992368826888,0.8937027625331505,path_segment_007,SUPPORTED,,SUPPORTED,
87,87,2900.0,VALID_TARGET,,1.0,838.2024612426758,399.6601104736328,838.2024612426758,401.27264404296875,SUPPORTED,894.0178571428572,434.91071428571433,739.2857142857143,197.85714285714286,309.4642857142858,474.1071428571429,SUPPORTED,translation_median_sparse_flow,11.765156745910645,1.5914592742919922,344.0,5.204602241516113,,,SUPPORTED,partial_affine_ransac_sparse_flow,11.657748903818671,1.286317578447235,153.0,0.40563884474962836,1.0045059282070923,0.44476744186046513,-2.19110107421875,0.0,-13.956257820129395,-1.5914592742919922,-117.28054904937744,-13.37760305404663,173.49455090422393,3.7770950872932167,path_segment_007,SUPPORTED,,-2.19110107421875,0.0,-17.59856727418719,-3.171978899120063,-611.2846553546095,-215.87150602834328,169.78266598468562,4.808427350886542,path_segment_001,SUPPORTED,,-2.19110107421875,0.0,-13.956257820129395,-1.5914592742919922,-117.28054904937744,-13.37760305404663,173.49455090422393,3.7770950872932167,path_segment_007,SUPPORTED,,SUPPORTED,
88,88,2933.333333333333,VALID_TARGET,,1.0,835.8477172851562,398.5198822021485,836.8143081665039,403.17803955078125,SUPPORTED,892.0,433.7142857142857,736.5714285714286,196.28571428571428,310.8571428571429,474.8571428571429,SUPPORTED,translation_median_sparse_flow,10.16259765625,1.2402420043945312,347.0,5.8191022872924805,,,SUPPORTED,partial_affine_ransac_sparse_flow,11.879759214706207,1.5321100787646422,144.0,0.42663102950515736,1.0045580244398156,0.414985590778098,-1.388153076171875,1.9053955078125,-11.550750732421875,0.6651535034179688,-128.83129978179932,-12.712449550628662,-176.7042448301295,3.1110902007167067,path_segment_007,SUPPORTED,,-1.388153076171875,1.9053955078125,-17.239949354162945,-1.1391313670305294,-628.5246047087725,-217.0106373953738,176.21967082029042,4.645853136251787,path_segment_001,SUPPORTED,,-1.388153076171875,1.9053955078125,-11.550750732421875,0.6651535034179688,-128.83129978179932,-12.712449550628662,-176.7042448301295,3.1110902007167067,path_segment_007,SUPPORTED,,SUPPORTED,
89,89,2966.666666666667,VALID_TARGET,,1.0,834.891975402832,404.7831268310547,835.7802581787109,404.7831268310547,SUPPORTED,889.9821428571429,432.51785714285717,733.8571428571429,194.71428571428572,312.25,475.6071428571429,SUPPORTED,translation_median_sparse_flow,8.902679443359375,0.6506075859069824,345.0,7.193133354187012,,,SUPPORTED,partial_affine_ransac_sparse_flow,12.720528672966497,1.3543978968147896,137.0,0.3394772751374767,1.004021371776206,0.39710144927536234,-1.0340499877929688,1.6050872802734375,-9.936729431152344,0.9544796943664551,-138.76802921295166,-11.757969856262207,-174.51324623699003,2.6842399646191275,path_segment_007,SUPPORTED,,-1.0340499877929688,1.6050872802734375,-17.28459173474107,-1.0282624870870336,-645.8091964435135,-218.03889988246084,176.5954795341628,4.655965751201849,path_segment_001,SUPPORTED,,-1.0340499877929688,1.6050872802734375,-9.936729431152344,0.9544796943664551,-138.76802921295166,-11.757969856262207,-174.51324623699003,2.6842399646191275,path_segment_007,SUPPORTED,,SUPPORTED,
90,90,3000.0,VALID_TARGET,,1.0,838.7868499755859,411.5451965332031,838.6449584960938,410.21636962890625,SUPPORTED,887.9642857142857,431.32142857142856,731.1428571428571,193.14285714285714,313.64285714285717,476.3571428571429,SUPPORTED,translation_median_sparse_flow,9.490966796875,0.5674591064453125,323.0,7.479304313659668,,,SUPPORTED,partial_affine_ransac_sparse_flow,13.104752917039667,0.9450617838124922,131.0,0.35530882894981486,1.0041690339752567,0.4055727554179567,2.8647003173828125,5.4332427978515625,-6.6262664794921875,4.86578369140625,-145.39429569244385,-6.892186164855957,-143.70950914703747,2.210563886679723,path_segment_007,SUPPORTED,,2.8647003173828125,5.4332427978515625,-13.743136482612954,2.8392140682872196,-659.5523329261265,-215.19968581417362,-168.32739700034415,3.773504668641092,path_segment_001,SUPPORTED,,2.8647003173828125,5.4332427978515625,-6.6262664794921875,4.86578369140625,-145.39429569244385,-6.892186164855957,-143.70950914703747,2.210563886679723,path_segment_007,SUPPORTED,,SUPPORTED,
91,91,3033.333333333333,VALID_TARGET,,1.0,838.9818801879883,410.7614440917969,838.6278991699219,411.0548858642578,SUPPORTED,885.9464285714287,430.125,728.4285714285714,191.57142857142858,315.03571428571433,477.1071428571429,SUPPORTED,translation_median_sparse_flow,9.899658203125,0.7820966243743896,336.0,7.532272815704346,,,SUPPORTED,partial_affine_ransac_sparse_flow,13.41716671476672,1.183678389015351,135.0,0.42212857438323953,1.004536114580049,0.4017857142857143,-0.017059326171875,0.8385162353515625,-9.916717529296875,0.05641961097717285,-155.31101322174072,-6.835766553878784,-179.6740281546234,2.666603710022525,path_segment_007,SUPPORTED,,-0.017059326171875,0.8385162353515625,-17.389219151706584,-1.8975054384825398,-676.9415520778331,-217.09719125265616,173.77254379990464,4.703638205513794,path_segment_001,SUPPORTED,,-0.017059326171875,0.8385162353515625,-9.916717529296875,0.05641961097717285,-155.31101322174072,-6.835766553878784,-179.6740281546234,2.666603710022525,path_segment_007,SUPPORTED,,SUPPORTED,
92,92,3066.666666666667,VALID_TARGET,,1.0,838.9634094238281,411.2038116455078,838.8527221679688,411.2038116455078,SUPPORTED,883.9285714285716,428.92857142857144,725.7142857142858,190.0,316.42857142857144,477.8571428571429,SUPPORTED,translation_median_sparse_flow,-2.6702880859375e-05,0.0,297.0,0.000485426775412634,,,SUPPORTED,partial_affine_ransac_sparse_flow,0.010228125455031238,0.03160996258184452,297.0,0.026476853892432768,0.9999381957181237,1.0,0.224822998046875,0.14892578125,0.22484970092773438,0.14892578125,-155.086163520813,-6.686840772628784,-33.5178945740506,0.07252020774027597,path_segment_007,SUPPORTED,,0.224822998046875,0.14892578125,0.2567772201880416,0.16240597048260952,-676.684774857645,-216.93478528217355,-32.31245717483518,0.0816974399313203,path_segment_001,SUPPORTED,,0.224822998046875,0.14892578125,0.22484970092773438,0.14892578125,-155.086163520813,-6.686840772628784,-33.5178945740506,0.07252020774027597,path_segment_007,SUPPORTED,,SUPPORTED,
93,93,3100.0,VALID_TARGET,,1.0,838.5173263549805,412.2833404541016,839.118896484375,411.31663513183594,SUPPORTED,881.9107142857142,427.7321428571429,723.0,188.42857142857144,317.82142857142856,478.6071428571429,SUPPORTED,translation_median_sparse_flow,0.0,0.0,299.0,0.0008803937816992402,,,SUPPORTED,partial_affine_ransac_sparse_flow,0.008589673920316761,-0.01455011333298093,299.0,0.014532935615620324,0.9999903617283551,1.0,0.26617431640625,0.112823486328125,0.26617431640625,0.112823486328125,-154.81998920440674,-6.574017286300659,-22.970663394956006,0.07773726374143075,path_segment_007,SUPPORTED,,0.26617431640625,0.112823486328125,0.27246181293196514,0.11748139038331828,-676.4123130447131,-216.81730389179023,-23.32497076973446,0.07978420204579986,path_segment_001,SUPPORTED,,0.26617431640625,0.112823486328125,0.26617431640625,0.112823486328125,-154.81998920440674,-6.574017286300659,-22.970663394956006,0.07773726374143075,path_segment_007,SUPPORTED,,SUPPORTED,
94,94,3133.3333333333335,VALID_TARGET,,1.0,841.3059844970703,411.5176696777344,841.3059844970703,411.2374267578125,SUPPORTED,879.8928571428572,426.53571428571433,720.2857142857143,186.85714285714286,319.2142857142857,479.3571428571429,SUPPORTED,translation_median_sparse_flow,9.6474609375,1.0409412384033203,287.0,7.14205265045166,,,SUPPORTED,partial_affine_ransac_sparse_flow,13.704813871421193,1.4084437250917128,113.0,0.4488949024165912,1.0040900498271375,0.39372822299651566,2.1870880126953125,-0.0792083740234375,-7.4603729248046875,-1.1201496124267578,-162.28036212921143,-7.694166898727417,171.46101996433322,2.0285468733725733,path_segment_007,SUPPORTED,,2.1870880126953125,-0.0792083740234375,-15.06230231334007,-2.94029117384207,-691.4746153580531,-219.7575950656323,168.9542765413725,4.126632578720832,path_segment_001,SUPPORTED,,2.1870880126953125,-0.0792083740234375,-7.4603729248046875,-1.1201496124267578,-162.28036212921143,-7.694166898727417,171.46101996433322,2.0285468733725733,path_segment_007,SUPPORTED,,SUPPORTED,
95,95,3166.6666666666665,VALID_TARGET,,1.0,845.1662902832031,410.5993041992187,842.0772018432617,410.9610900878906,SUPPORTED,877.875,425.3392857142857,717.5714285714286,185.28571428571428,320.6071428571429,480.1071428571429,SUPPORTED,translation_median_sparse_flow,10.6832275390625,1.5243377685546875,287.0,6.084980010986328,,,SUPPORTED,partial_affine_ransac_sparse_flow,13.716224904967484,1.5901250773975641,120.0,0.36662716689816366,1.0039261516522038,0.4181184668989547,0.7712173461914062,-0.276336669921875,-9.912010192871094,-1.8006744384765625,-172.19237232208252,-9.49484133720398,169.70359861894815,2.708918474529504,path_segment_007,SUPPORTED,,0.7712173461914062,-0.276336669921875,-16.35839593308276,-3.2553283381132587,-707.8330112911359,-223.01292340374556,168.74514477322754,4.48494999945761,path_segment_001,SUPPORTED,,0.7712173461914062,-0.276336669921875,-9.912010192871094,-1.8006744384765625,-172.19237232208252,-9.49484133720398,169.70359861894815,2.708918474529504,path_segment_007,SUPPORTED,,SUPPORTED,
96,96,3200.0,VALID_TARGET,,1.0,842.8391571044922,410.9106750488281,841.853645324707,410.5167694091797,SUPPORTED,875.8571428571429,424.14285714285717,714.8571428571429,183.71428571428572,322.0,480.8571428571429,SUPPORTED,translation_median_sparse_flow,10.223983764648438,1.6737761497497559,288.0,6.25777530670166,,,SUPPORTED,partial_affine_ransac_sparse_flow,12.864222239712564,1.1149125167881313,130.0,0.6844197526233557,1.0044110311278176,0.4513888888888889,-0.2235565185546875,-0.4443206787109375,-10.447540283203125,-2.1180968284606934,-182.63991260528564,-11.612938165664673,168.53939250660423,2.8664489607538086,path_segment_007,SUPPORTED,,-0.2235565185546875,-0.4443206787109375,-16.596491663647384,-3.7932498784450672,-724.4295029547833,-226.80617328219063,167.1257659387961,4.5778007323803225,path_segment_001,SUPPORTED,,-0.2235565185546875,-0.4443206787109375,-10.447540283203125,-2.1180968284606934,-182.63991260528564,-11.612938165664673,168.53939250660423,2.8664489607538086,path_segment_007,SUPPORTED,,SUPPORTED,
97,97,3233.3333333333335,VALID_TARGET,,1.0,841.3900604248047,401.7365417480469,841.8329849243164,401.7365417480469,SUPPORTED,873.8392857142857,422.94642857142856,712.1428571428571,182.14285714285714,323.3928571428571,481.6071428571429,SUPPORTED,translation_median_sparse_flow,12.110565185546875,1.7634668350219727,298.0,5.604611396789551,,,SUPPORTED,partial_affine_ransac_sparse_flow,13.38786410721524,1.7623312783935101,136.0,0.43010321408709373,1.004339722156607,0.4563758389261745,-0.020660400390625,-8.780227661132812,-12.1312255859375,-10.543694496154785,-194.77113819122314,-22.156632661819458,139.00489381103603,4.321913597970638,path_segment_007,SUPPORTED,,-0.020660400390625,-8.780227661132812,-17.112679612289412,-12.22000944134021,-741.5421825670727,-239.02618272353084,144.46971251348654,5.654306414009919,path_segment_001,SUPPORTED,,-0.020660400390625,-8.780227661132812,-12.1312255859375,-10.543694496154785,-194.77113819122314,-22.156632661819458,139.00489381103603,4.321913597970638,path_segment_007,SUPPORTED,,SUPPORTED,
98,98,3266.6666666666665,VALID_TARGET,,1.0,841.853645324707,401.0391845703125,841.3900604248047,401.0391845703125,SUPPORTED,871.8214285714286,421.75,709.4285714285714,180.57142857142858,324.7857142857143,482.3571428571429,SUPPORTED,translation_median_sparse_flow,0.0,0.0,280.0,0.0007898531621322036,,,SUPPORTED,partial_affine_ransac_sparse_flow,-0.015226575686220016,0.018870555962738345,280.0,0.03168865718752849,0.9999874998810185,1.0,-0.44292449951171875,-0.697357177734375,-0.44292449951171875,-0.697357177734375,-195.21406269073486,-22.853989839553833,122.42155970728692,0.22214236022901385,path_segment_007,SUPPORTED,,-0.44292449951171875,-0.697357177734375,-0.4290425969770695,-0.6863364742441149,-741.9712251640498,-239.71251919777495,122.01032352695348,0.21764515804080262,path_segment_001,SUPPORTED,,-0.44292449951171875,-0.697357177734375,-0.44292449951171875,-0.697357177734375,-195.21406269073486,-22.853989839553833,122.42155970728692,0.22214236022901385,path_segment_007,SUPPORTED,,SUPPORTED,
99,99,3300.0,VALID_TARGET,,1.0,836.9983291625977,392.10296630859375,839.8019943237305,392.10296630859375,SUPPORTED,869.8035714285716,420.55357142857144,706.7142857142858,179.0,326.17857142857144,483.1071428571429,SUPPORTED,translation_median_sparse_flow,11.460296630859375,2.103527069091797,271.0,5.961949825286865,,,SUPPORTED,partial_affine_ransac_sparse_flow,14.243653522855608,1.9944870431691706,117.0,0.42848712398390204,1.0033336074480972,0.4317343173431734,-1.5880661010742188,-8.93621826171875,-13.048362731933594,-11.039745330810547,-208.26242542266846,-33.89373517036438,139.76665361481938,4.595955962129248,path_segment_007,SUPPORTED,,-1.5880661010742188,-8.93621826171875,-18.672089391626287,-12.193112442645202,-760.643314555676,-251.90563164042015,146.85495121606633,5.996543597157836,path_segment_001,SUPPORTED,,-1.5880661010742188,-8.93621826171875,-13.048362731933594,-11.039745330810547,-208.26242542266846,-33.89373517036438,139.76665361481938,4.595955962129248,path_segment_007,SUPPORTED,,SUPPORTED,
100,100,3333.3333333333335,VALID_TARGET,,1.0,840.6956100463867,384.1175384521485,839.8010025024414,384.60223388671875,SUPPORTED,867.7857142857142,419.3571428571429,704.0,177.42857142857144,327.57142857142856,483.8571428571429,SUPPORTED,translation_median_sparse_flow,12.378021240234375,2.3067965507507324,254.0,5.0590972900390625,,,SUPPORTED,partial_affine_ransac_sparse_flow,14.945335727804542,2.2918263969446406,102.0,0.40113996886865505,1.0033511531031023,0.4015748031496063,-0.0009918212890625,-7.500732421875,-12.379013061523438,-9.807528972625732,-220.6414384841919,-43.70126414299011,141.61124707671638,4.246740772964619,path_segment_007,SUPPORTED,,-0.0009918212890625,-7.500732421875,-17.80620524233302,-11.008934153355995,-778.4495197980091,-262.91456579377615,148.2729939405528,5.629220023940004,path_segment_001,SUPPORTED,,-0.0009918212890625,-7.500732421875,-12.379013061523438,-9.807528972625732,-220.6414384841919,-43.70126414299011,141.61124707671638,4.246740772964619,path_segment_007,SUPPORTED,,SUPPORTED,
101,101,3366.6666666666665,VALID_TARGET,,1.0,839.7977523803711,384.4593963623047,839.9929885864258,383.9747009277344,SUPPORTED,865.7678571428571,418.16071428571433,701.2857142857143,175.85714285714286,328.96428571428567,484.6071428571429,SUPPORTED,translation_median_sparse_flow,0.000244140625,5.1021575927734375e-05,261.0,0.04995280131697655,,,SUPPORTED,partial_affine_ransac_sparse_flow,0.06445152717462325,-0.02862486835907596,261.0,0.07358640318315444,0.9999979249656783,1.0,0.191986083984375,-0.627532958984375,0.191741943359375,-0.6275839805603027,-220.44969654083252,-44.328848123550415,73.01083239852353,0.17645499100234827,path_segment_007,SUPPORTED,,0.191986083984375,-0.627532958984375,0.15333879748141044,-0.6506456226019282,-778.2961810005277,-263.5652114163781,76.73897969884283,0.17974863864204055,path_segment_001,SUPPORTED,,0.191986083984375,-0.627532958984375,0.191741943359375,-0.6275839805603027,-220.44969654083252,-44.328848123550415,73.01083239852353,0.17645499100234827,path_segment_007,SUPPORTED,,SUPPORTED,
102,102,3400.0,VALID_TARGET,,1.0,839.8549346923828,382.4471893310547,840.5397567749023,382.4471893310547,SUPPORTED,863.75,416.9642857142857,698.5714285714286,174.28571428571428,330.35714285714283,485.3571428571429,SUPPORTED,translation_median_sparse_flow,12.456787109375,2.504589080810547,262.0,5.577002048492432,,,SUPPORTED,partial_affine_ransac_sparse_flow,15.247776655225925,2.2340740024389794,101.0,0.4937480542301889,1.0030614580559176,0.38549618320610685,0.5467681884765625,-1.5275115966796875,-11.910018920898438,-4.032100677490234,-232.35971546173096,-48.36094880104065,161.29662615468925,3.381101544714507,path_segment_007,SUPPORTED,,0.5467681884765625,-1.5275115966796875,-17.163184931980595,-5.176403136674082,-795.4593659325083,-268.74161455305216,163.2167300722294,4.820434863600152,path_segment_001,SUPPORTED,,0.5467681884765625,-1.5275115966796875,-11.910018920898438,-4.032100677490234,-232.35971546173096,-48.36094880104065,161.29662615468925,3.381101544714507,path_segment_007,SUPPORTED,,SUPPORTED,
103,103,3433.333333333333,VALID_TARGET,,1.0,840.9668045043945,377.6359405517578,840.821418762207,378.7349853515625,SUPPORTED,861.7321428571429,415.76785714285717,695.8571428571429,172.71428571428572,331.75,486.1071428571429,SUPPORTED,translation_median_sparse_flow,14.156661987304688,2.1213340759277344,252.0,4.400093078613281,,,SUPPORTED,partial_affine_ransac_sparse_flow,15.84041520257571,2.0802584471378713,110.0,0.45095422860717144,1.0031572561786264,0.4365079365079365,0.2816619873046875,-3.7122039794921875,-13.875,-5.833538055419922,-246.23471546173096,-54.19448685646057,157.19640264598834,4.047263745106388,path_segment_007,SUPPORTED,,0.2816619873046875,-3.7122039794921875,-18.309142995503066,-6.7875894556519825,-813.7685089280113,-275.52920400870414,159.6591833845018,5.250669493327636,path_segment_001,SUPPORTED,,0.2816619873046875,-3.7122039794921875,-13.875,-5.833538055419922,-246.23471546173096,-54.19448685646057,157.19640264598834,4.047263745106388,path_segment_007,SUPPORTED,,SUPPORTED,
104,104,3466.666666666667,VALID_TARGET,,1.0,844.4113235473633,377.07286071777344,841.5983810424805,378.7349853515625,SUPPORTED,859.7142857142857,414.57142857142856,693.1428571428571,171.14285714285714,333.1428571428571,486.8571428571429,SUPPORTED,translation_median_sparse_flow,0.0,0.0,267.0,0.002716964343562722,,,SUPPORTED,partial_affine_ransac_sparse_flow,0.012173183164469314,-0.0009591273031724781,267.0,0.021189515878993457,0.9999736238120094,1.0,0.7769622802734375,0.0,0.7769622802734375,0.0,-245.45775318145752,-54.19448685646057,-0.0,0.20892164794843296,path_segment_007,SUPPORTED,,0.7769622802734375,0.0,0.790043155660328,0.0041189485576751395,-812.978465772351,-275.52508506014647,-0.2987130873529053,0.21244192342989973,path_segment_001,SUPPORTED,,0.7769622802734375,0.0,0.7769622802734375,0.0,-245.45775318145752,-54.19448685646057,-0.0,0.20892164794843296,path_segment_007,SUPPORTED,,SUPPORTED,
105,105,3500.0,VALID_TARGET,,1.0,841.529541015625,377.75901794433594,841.8726348876953,378.7349853515625,SUPPORTED,857.6964285714286,413.375,690.4285714285714,169.57142857142858,334.5357142857142,487.6071428571429,SUPPORTED,translation_median_sparse_flow,12.6571044921875,1.9284725189208984,264.0,4.9984002113342285,,,SUPPORTED,partial_affine_ransac_sparse_flow,15.824747391747437,1.9176173035891655,99.0,0.5384203238517647,1.003184736828743,0.375,0.27425384521484375,0.0,-12.382850646972656,-1.9284725189208984,-257.8406038284302,-56.12295937538147,171.14801496962593,3.3698300869686126,path_segment_007,SUPPORTED,,0.27425384521484375,0.0,-18.484737011842526,-2.5589202863881724,-831.4632027841935,-278.08400534653464,172.11839606361102,5.017863330977693,path_segment_001,SUPPORTED,,0.27425384521484375,0.0,-12.382850646972656,-1.9284725189208984,-257.8406038284302,-56.12295937538147,171.14801496962593,3.3698300869686126,path_segment_007,SUPPORTED,,SUPPORTED,
106,106,3533.333333333333,VALID_TARGET,,1.0,842.0601272583008,379.53753662109375,841.8037948608398,379.28395080566406,SUPPORTED,855.6785714285714,412.17857142857144,687.7142857142858,168.0,335.9285714285714,488.3571428571429,SUPPORTED,translation_median_sparse_flow,15.040283203125,1.8455543518066406,253.0,4.719243049621582,,,SUPPORTED,partial_affine_ransac_sparse_flow,16.939872608765565,1.862762744484357,97.0,0.4577682624798999,1.0018860428303116,0.383399209486166,-0.06884002685546875,0.5489654541015625,-15.109123229980469,-1.2965888977050781,-272.94972705841064,-57.41954827308655,175.09518110655932,4.07770711538369,path_segment_007,SUPPORTED,,-0.06884002685546875,0.5489654541015625,-18.719523233413497,-1.7545719899135293,-850.182726017607,-279.83857733644817,174.6453379635512,5.055657529320548,path_segment_001,SUPPORTED,,-0.06884002685546875,0.5489654541015625,-15.109123229980469,-1.2965888977050781,-272.94972705841064,-57.41954827308655,175.09518110655932,4.07770711538369,path_segment_007,SUPPORTED,,SUPPORTED,
107,107,3566.666666666667,VALID_TARGET,,1.0,841.7380981445312,379.4174346923828,840.9523849487305,379.6710205078125,SUPPORTED,853.6607142857142,410.9821428571429,685.0,166.42857142857144,337.32142857142856,489.1071428571429,SUPPORTED,translation_median_sparse_flow,3.0517578125e-05,1.52587890625e-05,241.0,0.0007811844116076827,,,SUPPORTED,partial_affine_ransac_sparse_flow,0.012523645357379272,-0.001526582412162239,241.0,0.023909823455885562,1.0000194206104618,1.0,-0.851409912109375,0.3870697021484375,-0.8514404296875,0.387054443359375,-273.80116748809814,-57.03249382972717,-155.5540338370217,0.25149447516082307,path_segment_007,SUPPORTED,,-0.851409912109375,0.3870697021484375,-0.8742991787303254,0.3679522532177657,-851.0570251963373,-279.4706250832304,-157.1760164227057,0.25506659544170596,path_segment_001,SUPPORTED,,-0.851409912109375,0.3870697021484375,-0.8514404296875,0.387054443359375,-273.80116748809814,-57.03249382972717,-155.5540338370217,0.25149447516082307,path_segment_007,SUPPORTED,,SUPPORTED,
108,108,3600.0,VALID_TARGET,,1.0,838.3861541748047,381.7449798583984,838.4613571166992,381.74497985839844,SUPPORTED,851.6428571428571,409.78571428571433,682.2857142857143,164.85714285714286,338.71428571428567,489.8571428571429,SUPPORTED,translation_median_sparse_flow,16.4766845703125,1.3683509826660156,241.0,2.5115792751312256,,,SUPPORTED,partial_affine_ransac_sparse_flow,16.642441437657133,1.5035276740260042,125.0,0.6410646850038815,1.001678862610704,0.5186721991701245,-2.49102783203125,2.0739593505859375,-18.96771240234375,0.7056083679199219,-292.7688798904419,-56.32688546180725,-177.86955080405775,5.103860092107493,path_segment_007,SUPPORTED,,-2.49102783203125,2.0739593505859375,-20.725021997799445,0.33131417038475774,-871.7820471941368,-279.13931091284564,-179.08413671038787,5.573576859350758,path_segment_001,SUPPORTED,,-2.49102783203125,2.0739593505859375,-18.96771240234375,0.7056083679199219,-292.7688798904419,-56.32688546180725,-177.86955080405775,5.103860092107493,path_segment_007,SUPPORTED,,SUPPORTED,
109,109,3633.3333333333335,VALID_TARGET,,1.0,836.8892822265625,383.6289978027344,837.1247329711914,382.85687255859375,SUPPORTED,849.625,408.5892857142857,679.5714285714286,163.28571428571428,340.1071428571428,490.6071428571429,SUPPORTED,translation_median_sparse_flow,17.39599609375,0.91326904296875,205.0,2.4635114669799805,,,SUPPORTED,partial_affine_ransac_sparse_flow,17.225889432268215,0.8780317858573456,113.0,0.6577426160255327,1.0016853656781204,0.551219512195122,-1.3366241455078125,1.1118927001953125,-18.732620239257812,0.1986236572265625,-311.5015001296997,-56.12826180458069,-179.3925104616783,5.03740011712327,path_segment_007,SUPPORTED,,-1.3366241455078125,1.1118927001953125,-20.059082932701244,-0.22616527656509788,-891.841130126838,-279.36547618941074,179.35401998197526,5.394139633347729,path_segment_001,SUPPORTED,,-1.3366241455078125,1.1118927001953125,-18.732620239257812,0.1986236572265625,-311.5015001296997,-56.12826180458069,-179.3925104616783,5.03740011712327,path_segment_007,SUPPORTED,,SUPPORTED,
110,110,3666.6666666666665,VALID_TARGET,,1.0,837.0542297363281,383.5232543945313,836.7435760498047,382.85687255859375,SUPPORTED,847.6071428571429,407.39285714285717,676.8571428571429,161.71428571428572,341.49999999999994,491.3571428571429,SUPPORTED,translation_median_sparse_flow,-4.57763671875e-05,0.0,222.0,0.0006239815847948194,,,SUPPORTED,partial_affine_ransac_sparse_flow,-0.06092357030281268,0.01481994670223133,222.0,0.054229335266565995,1.0000067492816598,1.0,-0.38115692138671875,0.0,-0.38111114501953125,0.0,-311.88261127471924,-56.12826180458069,-180.0,0.10247906557442561,path_segment_007,SUPPORTED,,-0.38115692138671875,0.0,-0.33583450142555193,0.0043552154780854835,-892.1769646282636,-279.36112097393266,-179.25701058902175,0.09031197388475425,path_segment_001,SUPPORTED,,-0.38115692138671875,0.0,-0.38111114501953125,0.0,-311.88261127471924,-56.12826180458069,-180.0,0.10247906557442561,path_segment_007,SUPPORTED,,SUPPORTED,
111,111,3700.0,VALID_TARGET,,1.0,833.2209014892578,382.6630401611328,834.6443405151367,382.22007751464844,SUPPORTED,845.5892857142857,406.1964285714286,674.1428571428571,160.14285714285717,342.8928571428571,492.1071428571429,SUPPORTED,translation_median_sparse_flow,17.477706909179688,0.46547842025756836,220.0,2.1197056770324707,,,SUPPORTED,partial_affine_ransac_sparse_flow,16.99810890196006,0.23915203843336555,121.0,0.5697205534855591,1.0017371896462564,0.55,-2.0992355346679688,-0.6367950439453125,-19.576942443847656,-1.1022734642028809,-331.4595537185669,-57.23053526878357,176.77738210618418,5.2724890502658655,path_segment_007,SUPPORTED,,-2.0992355346679688,-0.6367950439453125,-20.399867015421705,-1.8710152463880831,-912.5768316436853,-281.23213622032074,174.75966229762813,5.508455551171464,path_segment_001,SUPPORTED,,-2.0992355346679688,-0.6367950439453125,-19.576942443847656,-1.1022734642028809,-331.4595537185669,-57.23053526878357,176.77738210618418,5.2724890502658655,path_segment_007,SUPPORTED,,SUPPORTED,
112,112,3733.3333333333335,VALID_TARGET,,1.0,834.1300430297852,373.1934814453125,834.1300430297852,373.4253692626953,SUPPORTED,843.5714285714286,405.0,671.4285714285714,158.57142857142858,344.2857142857142,492.8571428571429,SUPPORTED,translation_median_sparse_flow,17.43370819091797,0.05902862548828125,190.0,2.4536054134368896,,,SUPPORTED,partial_affine_ransac_sparse_flow,16.914084388491577,0.3554485323518346,99.0,0.403001527069885,1.0018761512197667,0.5210526315789473,-0.5142974853515625,-8.794708251953125,-17.94800567626953,-8.853736877441406,-349.4075593948364,-66.08427214622498,153.74291326429727,5.381401248182664,path_segment_007,SUPPORTED,,-0.5142974853515625,-8.794708251953125,-19.082546573877835,-9.674500852493793,-931.6593782175631,-290.90663707281453,153.1158282932747,5.752978181195998,path_segment_001,SUPPORTED,,-0.5142974853515625,-8.794708251953125,-17.94800567626953,-8.853736877441406,-349.4075593948364,-66.08427214622498,153.74291326429727,5.381401248182664,path_segment_007,SUPPORTED,,SUPPORTED,
113,113,3766.6666666666665,VALID_TARGET,,1.0,834.1127319335938,373.4253692626953,832.6313552856445,373.1934814453125,SUPPORTED,844.2857142857142,398.0952380952381,678.0952380952381,157.14285714285714,332.38095238095235,481.9047619047619,SUPPORTED,translation_median_sparse_flow,0.0001220703125,5.7220458984375e-06,182.0,0.0017655380070209503,,,SUPPORTED,partial_affine_ransac_sparse_flow,0.07277721253589335,-0.012229193329402428,182.0,0.06008626310191337,0.9999826101259275,1.0,-1.498687744140625,-0.2318878173828125,-1.498809814453125,-0.23189353942871094,-350.90636920928955,-66.31616568565369,171.205020540016,0.40781840691586735,path_segment_007,SUPPORTED,,-1.498687744140625,-0.2318878173828125,-1.5426733532488015,-0.24507459793289854,-933.2020515708119,-291.15171167074743,170.9732216157092,0.42001979187704874,path_segment_001,SUPPORTED,,-1.498687744140625,-0.2318878173828125,-1.498809814453125,-0.23189353942871094,-350.90636920928955,-66.31616568565369,171.205020540016,0.40781840691586735,path_segment_007,SUPPORTED,,SUPPORTED,
114,114,3800.0,VALID_TARGET,,1.0,831.0219573974609,366.5779571533203,831.0219573974609,366.5779571533203,SUPPORTED,845.0,391.19047619047626,684.7619047619048,155.71428571428572,320.4761904761904,470.952380952381,SUPPORTED,translation_median_sparse_flow,17.000244140625,0.00018310546875,166.0,2.2794456481933594,,,SUPPORTED,partial_affine_ransac_sparse_flow,15.948455250883383,-0.19825050103459585,91.0,0.41435550730670906,1.002625125711387,0.5481927710843374,-1.6093978881835938,-6.6155242919921875,-18.609642028808594,-6.6157073974609375,-369.51601123809814,-72.93187308311462,160.42975568136427,5.310848226934791,path_segment_007,SUPPORTED,,-1.6093978881835938,-6.6155242919921875,-19.705250422015297,-7.482537249163272,-952.9073019928272,-298.6342489199107,159.20707747884032,5.667799244209372,path_segment_001,SUPPORTED,,-1.6093978881835938,-6.6155242919921875,-18.609642028808594,-6.6157073974609375,-369.51601123809814,-72.93187308311462,160.42975568136427,5.310848226934791,path_segment_007,SUPPORTED,,SUPPORTED,
115,115,3833.3333333333335,VALID_TARGET,,1.0,825.1380386352539,361.1852264404297,825.4871215820312,363.93568420410156,SUPPORTED,845.7142857142858,384.28571428571433,691.4285714285714,154.28571428571428,308.57142857142856,460.00000000000006,SUPPORTED,translation_median_sparse_flow,15.525604248046875,0.01369476318359375,191.0,2.6659035682678223,,,SUPPORTED,partial_affine_ransac_sparse_flow,15.388488311450415,0.05393328387587182,97.0,0.4343098009013463,1.0019010290303276,0.5078534031413613,-5.5348358154296875,-2.64227294921875,-21.060440063476562,-2.6559677124023438,-390.5764513015747,-75.58784079551697,172.81227697217344,5.707912648455173,path_segment_007,SUPPORTED,,-5.5348358154296875,-2.64227294921875,-22.46428678280938,-3.481105036060683,-975.3715887756366,-302.1153539559714,171.19140756226292,6.112641243654232,path_segment_001,SUPPORTED,,-5.5348358154296875,-2.64227294921875,-21.060440063476562,-2.6559677124023438,-390.5764513015747,-75.58784079551697,172.81227697217344,5.707912648455173,path_segment_007,SUPPORTED,,SUPPORTED,
116,116,3866.6666666666665,VALID_TARGET,,1.0,824.544921875,363.68870544433594,824.1958389282227,362.98028564453125,SUPPORTED,840.7142857142857,384.2857142857143,703.5714285714286,153.57142857142856,274.2857142857143,461.42857142857144,SUPPORTED,translation_median_sparse_flow,7.62939453125e-06,0.0,200.0,0.0004371404356788844,,,SUPPORTED,partial_affine_ransac_sparse_flow,-0.0012000687064690064,0.001700497932156702,200.0,0.016861390490736254,1.000017610787134,1.0,-1.2912826538085938,-0.9553985595703125,-1.291290283203125,-0.9553985595703125,-391.86774158477783,-76.54323935508728,143.5030389534357,0.4319282641183243,path_segment_007,SUPPORTED,,-1.2912826538085938,-0.9553985595703125,-1.3004373108942673,-0.9729955164606281,-976.6720260865309,-303.088349472432,143.195929118109,0.4367261235745358,path_segment_001,SUPPORTED,,-1.2912826538085938,-0.9553985595703125,-1.291290283203125,-0.9553985595703125,-391.86774158477783,-76.54323935508728,143.5030389534357,0.4319282641183243,path_segment_007,SUPPORTED,,SUPPORTED,
117,117,3900.0,VALID_TARGET,,1.0,818.5798377990723,362.9802856445313,819.389347076416,362.9145202636719,SUPPORTED,835.7142857142857,384.2857142857142,715.7142857142857,152.85714285714286,240.0,462.8571428571428,SUPPORTED,translation_median_sparse_flow,14.316004753112793,0.08341026306152344,210.0,3.5302019119262695,,,SUPPORTED,partial_affine_ransac_sparse_flow,14.181637724514339,0.22813318008777592,105.0,0.37326719874492453,1.0018799306684658,0.5,-4.806491851806641,-0.065765380859375,-19.122496604919434,-0.14917564392089844,-410.99023818969727,-76.69241499900818,179.55304155085233,5.142109426796014,path_segment_007,SUPPORTED,,-4.806491851806641,-0.065765380859375,-20.528712402507722,-0.9963667230923647,-997.2007384890386,-304.0847161955244,177.22131404862114,5.526575970299303,path_segment_001,SUPPORTED,,-4.806491851806641,-0.065765380859375,-19.122496604919434,-0.14917564392089844,-410.99023818969727,-76.69241499900818,179.55304155085233,5.142109426796014,path_segment_007,SUPPORTED,,SUPPORTED,
118,118,3933.333333333333,VALID_TARGET,,1.0,819.0960960388184,363.0701599121094,818.2865867614746,363.03504943847656,SUPPORTED,839.7619047619048,385.4761904761905,719.5238095238095,150.95238095238096,240.47619047619048,469.047619047619,SUPPORTED,translation_median_sparse_flow,0.0,0.0,234.0,0.000492081162519753,,,SUPPORTED,partial_affine_ransac_sparse_flow,0.00967798564272218,0.008773513411778512,234.0,0.007999578692271567,0.9999890673755613,1.0,-1.1027603149414062,0.1205291748046875,-1.1027603149414062,0.1205291748046875,-412.0929985046387,-76.57188582420349,-173.7624618477854,0.2982931655187499,path_segment_007,SUPPORTED,,-1.1027603149414062,0.1205291748046875,-1.1040371884306523,0.11698078657434507,-998.3047756774693,-303.96773540895003,-173.95166199697198,0.2985324375166066,path_segment_001,SUPPORTED,,-1.1027603149414062,0.1205291748046875,-1.1027603149414062,0.1205291748046875,-412.0929985046387,-76.57188582420349,-173.7624618477854,0.2982931655187499,path_segment_007,SUPPORTED,,SUPPORTED,
119,119,3966.666666666667,VALID_TARGET,,1.0,808.7033233642578,363.7451934814453,808.7033233642578,363.0701599121094,SUPPORTED,843.8095238095237,386.66666666666663,723.3333333333333,149.04761904761904,240.95238095238096,475.23809523809524,SUPPORTED,translation_median_sparse_flow,13.56634521484375,0.36707115173339844,234.0,2.560375690460205,,,SUPPORTED,partial_affine_ransac_sparse_flow,13.381387977190204,0.620284279243533,122.0,0.5135943937554819,1.0015378582872883,0.5213675213675214,-9.583263397216797,0.0351104736328125,-23.149608612060547,-0.33196067810058594,-435.2426071166992,-76.90384650230408,179.17844648650438,6.225465170356404,path_segment_007,SUPPORTED,,-9.583263397216797,0.0351104736328125,-24.292263033435006,-0.9874459138134171,-1022.5970387109043,-304.95518132276345,177.67228958587148,6.537474084131779,path_segment_001,SUPPORTED,,-9.583263397216797,0.0351104736328125,-23.149608612060547,-0.33196067810058594,-435.2426071166992,-76.90384650230408,179.17844648650438,6.225465170356404,path_segment_007,SUPPORTED,,SUPPORTED,
120,120,4000.0,VALID_TARGET,,1.0,803.4633522033691,361.6475982666016,804.3992118835449,364.7478942871094,SUPPORTED,847.8571428571429,387.8571428571429,727.1428571428571,147.14285714285714,241.42857142857144,481.42857142857144,SUPPORTED,translation_median_sparse_flow,12.560226440429688,0.62982177734375,219.0,3.4321346282958984,,,SUPPORTED,partial_affine_ransac_sparse_flow,12.051857814594861,0.6876068433206478,109.0,0.32106818873075443,1.001929551300115,0.4977168949771689,-4.304111480712891,1.677734375,-16.864337921142578,1.04791259765625,-452.1069450378418,-75.85593390464783,-176.44433874974382,4.54349042377252,path_segment_007,SUPPORTED,,-4.304111480712891,1.677734375,-17.91684442310725,0.29054638041588987,-1040.5138831340114,-304.66463494234756,-179.0709512258736,4.818391966204562,path_segment_001,SUPPORTED,,-4.304111480712891,1.677734375,-16.864337921142578,1.04791259765625,-452.1069450378418,-75.85593390464783,-176.44433874974382,4.54349042377252,path_segment_007,SUPPORTED,,SUPPORTED,
121,121,4033.333333333333,VALID_TARGET,,1.0,804.2210464477539,365.2185516357422,804.3964004516602,364.54209899902344,SUPPORTED,847.3809523809524,388.57142857142856,729.5238095238095,148.0952380952381,235.7142857142857,480.95238095238096,SUPPORTED,translation_median_sparse_flow,0.0,9.1552734375e-05,251.0,0.0018170136027038097,,,SUPPORTED,partial_affine_ransac_sparse_flow,-0.01603204402934063,0.010122357178158759,251.0,0.0194586099563968,1.000015259316016,1.0,-0.002811431884765625,-0.2057952880859375,-0.002811431884765625,-0.2058868408203125,-452.10975646972656,-76.06182074546814,90.78233834529799,0.05536720289932692,path_segment_007,SUPPORTED,,-0.002811431884765625,-0.2057952880859375,-0.0025531336492576884,-0.213766445428746,-1040.5164362676605,-304.8784013877763,90.68428338789731,0.05748493131995552,path_segment_001,SUPPORTED,,-0.002811431884765625,-0.2057952880859375,-0.002811431884765625,-0.2058868408203125,-452.10975646972656,-76.06182074546814,90.78233834529799,0.05536720289932692,path_segment_007,SUPPORTED,,SUPPORTED,
122,122,4066.6666666666665,VALID_TARGET,,1.0,804.3992118835449,366.79884338378906,804.3964004516602,365.3309631347656,SUPPORTED,846.9047619047619,389.2857142857143,731.9047619047619,149.04761904761904,229.99999999999997,480.4761904761905,SUPPORTED,translation_median_sparse_flow,0.0,0.0001220703125,249.0,0.0008449899032711983,,,SUPPORTED,partial_affine_ransac_sparse_flow,0.003216285179282902,0.009228838211992907,249.0,0.008597609538874817,0.9999978074804421,1.0,0.0,0.7888641357421875,0.0,0.7887420654296875,-452.10975646972656,-75.27307868003845,-90.0,0.21208917897253665,path_segment_007,SUPPORTED,,0.0,0.7888641357421875,-0.002360348007528046,0.7824375341861582,-1040.5187966156682,-304.09596385359015,-90.17284136160953,0.21039487631125034,path_segment_001,SUPPORTED,,0.0,0.7888641357421875,0.0,0.7887420654296875,-452.10975646972656,-75.27307868003845,-90.0,0.21208917897253665,path_segment_007,SUPPORTED,,SUPPORTED,
123,123,4100.0,VALID_TARGET,,1.0,803.2673721313477,364.54209899902344,804.3992118835449,366.79884338378906,SUPPORTED,846.4285714285714,390.0,734.2857142857143,150.0,224.28571428571422,480.0,SUPPORTED,translation_median_sparse_flow,11.89361572265625,0.9264297485351562,251.0,1.8543589115142822,,,SUPPORTED,partial_affine_ransac_sparse_flow,11.631797368079278,1.0997238256153823,139.0,0.4470205704648915,1.0013506589991585,0.5537848605577689,0.002811431884765625,1.4678802490234375,-11.890804290771484,0.5414505004882812,-464.00056076049805,-74.73162817955017,-177.39282449958338,3.2006966702903425,path_segment_007,SUPPORTED,,0.002811431884765625,1.4678802490234375,-12.828294376612803,0.12328218440904948,-1053.347090992281,-303.9726816691811,-179.44939434597262,3.4496297028950518,path_segment_001,SUPPORTED,,0.002811431884765625,1.4678802490234375,-11.890804290771484,0.5414505004882812,-464.00056076049805,-74.73162817955017,-177.39282449958338,3.2006966702903425,path_segment_007,SUPPORTED,,SUPPORTED,
124,124,4133.333333333334,VALID_TARGET,,1.0,806.5383911132812,368.2886962890625,804.3992118835449,368.2886962890625,SUPPORTED,855.0,387.1428571428571,739.2857142857143,145.0,231.4285714285714,484.2857142857143,SUPPORTED,translation_median_sparse_flow,10.655071258544922,1.13153076171875,256.0,2.5904951095581055,,,SUPPORTED,partial_affine_ransac_sparse_flow,10.540430750638741,1.1479003592841934,129.0,0.6355631539565122,1.0012988056838275,0.50390625,0.0,1.4898529052734375,-10.655071258544922,0.3583221435546875,-474.65563201904297,-74.37330603599548,-178.07391130101095,2.8667201888747056,path_segment_007,SUPPORTED,,0.0,1.4898529052734375,-11.612601552733508,-0.07432554775198241,-1064.9596925450146,-304.0470072169331,179.63328785308397,3.1226400663471643,path_segment_001,SUPPORTED,,0.0,1.4898529052734375,-10.655071258544922,0.3583221435546875,-474.65563201904297,-74.37330603599548,-178.07391130101095,2.8667201888747056,path_segment_007,SUPPORTED,,SUPPORTED,
125,125,4166.666666666667,VALID_TARGET,,1.0,803.4079322814941,373.0852966308594,802.4451141357422,372.2286376953125,SUPPORTED,863.5714285714287,384.2857142857143,744.2857142857143,140.0,238.57142857142856,488.57142857142856,SUPPORTED,translation_median_sparse_flow,9.995086669921875,1.7177658081054688,242.0,1.5721187591552734,,,SUPPORTED,partial_affine_ransac_sparse_flow,9.832783476278069,1.7260692954317591,142.0,0.4902639609604744,1.0008386089273333,0.5867768595041323,-1.9540977478027344,3.93994140625,-11.94918441772461,2.2221755981445312,-486.6048164367676,-72.15113043785095,-169.46511940398202,3.268170712526012,path_segment_007,SUPPORTED,,-1.9540977478027344,3.93994140625,-12.490571720327807,1.9686183137021658,-1077.4502642653424,-302.0783889032309,-171.04338410003965,3.4001176248626988,path_segment_001,SUPPORTED,,-1.9540977478027344,3.93994140625,-11.94918441772461,2.2221755981445312,-486.6048164367676,-72.15113043785095,-169.46511940398202,3.268170712526012,path_segment_007,SUPPORTED,,SUPPORTED,
126,126,4200.0,VALID_TARGET,,1.0,802.2152709960938,372.2286376953125,802.2152709960938,373.0852966308594,SUPPORTED,861.6666666666666,384.04761904761904,745.952380952381,140.47619047619048,231.42857142857142,487.1428571428571,SUPPORTED,translation_median_sparse_flow,0.0,1.9073486328125e-05,243.0,0.0003825553576461971,,,SUPPORTED,partial_affine_ransac_sparse_flow,0.0064274258541331545,0.009110689966488351,243.0,0.007226418307036049,0.9999899591055424,1.0,-0.2298431396484375,0.856658935546875,-0.2298431396484375,0.8566398620605469,-486.834659576416,-71.2944905757904,-105.01916754405383,0.23849372932908744,path_segment_007,SUPPORTED,,-0.2298431396484375,0.856658935546875,-0.22929799905000436,0.8536241440763774,-1077.6795622643924,-301.22476475915454,-105.03569613698764,0.23767254114463787,path_segment_001,SUPPORTED,,-0.2298431396484375,0.856658935546875,-0.2298431396484375,0.8566398620605469,-486.834659576416,-71.2944905757904,-105.01916754405383,0.23849372932908744,path_segment_007,SUPPORTED,,SUPPORTED,
127,127,4233.333333333333,VALID_TARGET,,1.0,794.0787773132324,381.01295471191406,800.0709495544434,376.7748565673828,SUPPORTED,859.7619047619048,383.80952380952385,747.6190476190477,140.95238095238096,224.28571428571425,485.7142857142857,SUPPORTED,translation_median_sparse_flow,8.81689453125,1.9321212768554688,245.0,1.8233543634414673,,,SUPPORTED,partial_affine_ransac_sparse_flow,9.002962208287991,1.882444644390447,138.0,0.5091256559967112,1.000480886828309,0.563265306122449,-2.1443214416503906,3.6895599365234375,-10.96121597290039,1.7574386596679688,-497.7958755493164,-69.53705191612244,-170.8911512744167,2.9850650209113745,path_segment_007,SUPPORTED,,-2.1443214416503906,3.6895599365234375,-11.520995107386284,1.6017658410009972,-1089.2005573717788,-299.62299891815354,-172.08489616192895,3.127740920923384,path_segment_001,SUPPORTED,,-2.1443214416503906,3.6895599365234375,-10.96121597290039,1.7574386596679688,-497.7958755493164,-69.53705191612244,-170.8911512744167,2.9850650209113745,path_segment_007,SUPPORTED,,SUPPORTED,
128,128,4266.666666666667,VALID_TARGET,,1.0,800.0709495544434,377.3897399902344,796.4880790710449,377.27857971191406,SUPPORTED,857.8571428571429,383.57142857142856,749.2857142857143,141.42857142857144,217.1428571428571,484.2857142857143,SUPPORTED,translation_median_sparse_flow,0.0004100799560546875,-0.000152587890625,274.0,0.11685958504676819,,,SUPPORTED,partial_affine_ransac_sparse_flow,0.04235805164390945,0.018368091309513092,273.0,0.1136270820592732,0.9999675372612133,0.9963503649635036,-3.5828704833984375,0.50372314453125,-3.583280563354492,0.503875732421875,-501.3791561126709,-69.03317618370056,-171.9956332935399,0.9730075249866506,path_segment_007,SUPPORTED,,-3.5828704833984375,0.50372314453125,-3.598984786846586,0.4970101972772909,-1092.7995421586254,-299.12598872087625,-172.13733664629032,0.9769350984204155,path_segment_001,SUPPORTED,,-3.5828704833984375,0.50372314453125,-3.583280563354492,0.503875732421875,-501.3791561126709,-69.03317618370056,-171.9956332935399,0.9730075249866506,path_segment_007,SUPPORTED,,SUPPORTED,
129,129,4300.0,VALID_TARGET,,1.0,786.1548480987549,377.8760528564453,792.0966567993164,378.0475311279297,SUPPORTED,855.952380952381,383.3333333333333,750.952380952381,141.9047619047619,209.99999999999997,482.85714285714283,SUPPORTED,translation_median_sparse_flow,8.073486328125,1.7686614990234375,297.0,0.8905465006828308,,,SUPPORTED,partial_affine_ransac_sparse_flow,8.180819442468554,1.755385224081058,187.0,0.35786329366888414,1.0001230112045592,0.6296296296296297,-4.391422271728516,0.768951416015625,-12.464908599853516,-0.9997100830078125,-513.8440647125244,-70.03288626670837,175.4145811374207,3.362520190291382,path_segment_007,SUPPORTED,,-4.391422271728516,0.768951416015625,-12.68675314465247,-0.9979347295943626,-1105.486295303278,-300.1239234504706,175.50239858901716,3.42194810719366,path_segment_001,SUPPORTED,,-4.391422271728516,0.768951416015625,-12.464908599853516,-0.9997100830078125,-513.8440647125244,-70.03288626670837,175.4145811374207,3.362520190291382,path_segment_007,SUPPORTED,,SUPPORTED,
130,130,4333.333333333333,VALID_TARGET,,1.0,793.925952911377,376.21681213378906,788.1468658447266,378.0475311279297,SUPPORTED,854.0476190476192,383.0952380952381,752.6190476190477,142.38095238095238,202.8571428571428,481.42857142857144,SUPPORTED,translation_median_sparse_flow,0.0,0.0,297.0,0.00033009808976203203,,,SUPPORTED,partial_affine_ransac_sparse_flow,-0.0010508372206278133,0.0027960047167973887,297.0,0.0029489322230202204,0.9999990036836773,1.0,-3.9497909545898438,0.0,-3.9497909545898438,0.0,-517.7938556671143,-70.03288626670837,-180.0,1.0620809481180142,path_segment_007,SUPPORTED,,-3.9497909545898438,0.0,-3.949892504426998,0.0016487048321778275,-1109.436187807705,-300.12227474563844,-179.9760844572467,1.0621083469344892,path_segment_001,SUPPORTED,,-3.9497909545898438,0.0,-3.9497909545898438,0.0,-517.7938556671143,-70.03288626670837,-180.0,1.0620809481180142,path_segment_007,SUPPORTED,,SUPPORTED,
131,131,4366.666666666666,VALID_TARGET,,1.0,788.1468658447266,378.08457946777344,786.3922004699707,377.8760528564453,SUPPORTED,852.1428571428571,382.8571428571429,754.2857142857143,142.85714285714286,195.71428571428567,480.0,SUPPORTED,translation_median_sparse_flow,7.53857421875,1.9853477478027344,303.0,1.1468802690505981,,,SUPPORTED,partial_affine_ransac_sparse_flow,7.493721933919051,2.127178905128911,171.0,0.2765601535635669,1.0003408530493656,0.5643564356435643,-1.7546653747558594,-0.171478271484375,-9.29323959350586,-2.1568260192871094,-527.0870952606201,-72.18971228599548,166.93380123002348,2.5653277477347327,path_segment_007,SUPPORTED,,-1.7546653747558594,-0.171478271484375,-9.589134416564548,-2.277156148078916,-1119.0253222242695,-302.39943089371735,166.64127066248093,2.6501820881055034,path_segment_001,SUPPORTED,,-1.7546653747558594,-0.171478271484375,-9.29323959350586,-2.1568260192871094,-527.0870952606201,-72.18971228599548,166.93380123002348,2.5653277477347327,path_segment_007,SUPPORTED,,SUPPORTED,
132,132,4400.0,VALID_TARGET,,1.0,781.4696578979492,378.2278594970703,786.0747060775757,377.1453628540039,SUPPORTED,846.4906832298136,383.88198757763973,749.5652173913044,145.40372670807454,193.8509316770186,476.95652173913044,SUPPORTED,translation_median_sparse_flow,7.177371978759766,2.5021257400512695,276.0,0.9934209585189819,,,SUPPORTED,partial_affine_ransac_sparse_flow,7.301162624622826,2.642222441173193,166.0,0.3616484587399863,1.0000399559705753,0.6014492753623188,-0.31749439239501953,-0.7306900024414062,-7.494866371154785,-3.232815742492676,-534.5819616317749,-75.42252802848816,156.66765946039,2.194821717849101,path_segment_007,SUPPORTED,,-0.31749439239501953,-0.7306900024414062,-7.704546146486223,-3.274637238678679,-1126.7298683707559,-305.67406813239603,156.97321593635945,2.2510789055061284,path_segment_001,SUPPORTED,,-0.31749439239501953,-0.7306900024414062,-7.494866371154785,-3.232815742492676,-534.5819616317749,-75.42252802848816,156.66765946039,2.194821717849101,path_segment_007,SUPPORTED,,SUPPORTED,
133,133,4433.333333333334,VALID_TARGET,,1.0,778.5106525421143,372.7063598632813,782.5211029052734,378.07391357421875,SUPPORTED,840.8385093167701,384.9068322981367,744.8447204968944,147.95031055900623,191.98757763975152,473.9130434782609,SUPPORTED,translation_median_sparse_flow,6.705078125,2.6808414459228516,279.0,0.5749419331550598,,,SUPPORTED,partial_affine_ransac_sparse_flow,6.998012178683865,2.790879182624216,181.0,0.26650985989200504,0.9997939531570363,0.6487455197132617,-3.553603172302246,0.9285507202148438,-10.258681297302246,-1.7522907257080078,-544.8406429290771,-77.17481875419617,170.30682555180164,2.798465260897219,path_segment_007,SUPPORTED,,-3.553603172302246,0.9285507202148438,-10.442390401511375,-1.6746676614473586,-1137.1722587722672,-307.3487357938434,170.88893891636712,2.8437909992662482,path_segment_001,SUPPORTED,,-3.553603172302246,0.9285507202148438,-10.258681297302246,-1.7522907257080078,-544.8406429290771,-77.17481875419617,170.30682555180164,2.798465260897219,path_segment_007,SUPPORTED,,SUPPORTED,
134,134,4466.666666666667,TARGET_NOT_FOUND,HUMAN_TARGET_UNAVAILABLE: operator excluded this frame because TARGET_PARTIALLY_OCCLUDED.,,,,,,,835.1863354037267,385.93167701863354,740.1242236024846,150.49689440993788,190.12422360248442,470.8695652173913,,,,,,,,,,,,,,,,,,,,,,,,,,,,,,,,,,,,,,,,,,,,,,,,,,,
135,135,4500.0,TARGET_NOT_FOUND,HUMAN_TARGET_UNAVAILABLE: operator excluded this frame because TARGET_PARTIALLY_OCCLUDED.,,,,,,,829.5341614906832,386.95652173913044,735.4037267080746,153.04347826086956,188.26086956521735,467.82608695652175,,,,,,,,,,,,,,,,,,,,,,,,,,,,,,,,,,,,,,,,,,,,,,,,,,,
136,136,4533.333333333333,TARGET_NOT_FOUND,HUMAN_TARGET_UNAVAILABLE: operator excluded this frame because TARGET_PARTIALLY_OCCLUDED.,,,,,,,823.8819875776397,387.98136645962734,730.6832298136646,155.59006211180125,186.39751552795028,464.7826086956522,,,,,,,,,,,,,,,,,,,,,,,,,,,,,,,,,,,,,,,,,,,,,,,,,,,
137,137,4566.666666666666,TARGET_NOT_FOUND,HUMAN_TARGET_UNAVAILABLE: operator excluded this frame because TARGET_PARTIALLY_OCCLUDED.,,,,,,,818.2298136645962,389.00621118012424,725.9627329192547,158.13664596273293,184.5341614906832,461.7391304347826,,,,,,,,,,,,,,,,,,,,,,,,,,,,,,,,,,,,,,,,,,,,,,,,,,,
138,138,4600.0,TARGET_NOT_FOUND,HUMAN_TARGET_UNAVAILABLE: operator excluded this frame because TARGET_PARTIALLY_OCCLUDED.,,,,,,,812.5776397515527,390.03105590062114,721.2422360248447,160.68322981366458,182.67080745341613,458.69565217391306,,,,,,,,,,,,,,,,,,,,,,,,,,,,,,,,,,,,,,,,,,,,,,,,,,,
139,139,4633.333333333334,TARGET_NOT_FOUND,HUMAN_TARGET_UNAVAILABLE: operator excluded this frame because TARGET_PARTIALLY_OCCLUDED.,,,,,,,806.9254658385092,391.055900621118,716.5217391304348,163.22981366459626,180.80745341614906,455.6521739130435,,,,,,,,,,,,,,,,,,,,,,,,,,,,,,,,,,,,,,,,,,,,,,,,,,,
140,140,4666.666666666667,TARGET_NOT_FOUND,HUMAN_TARGET_UNAVAILABLE: operator excluded this frame because TARGET_PARTIALLY_OCCLUDED.,,,,,,,801.2732919254659,392.08074534161494,711.8012422360249,165.77639751552795,178.94409937888196,452.60869565217394,,,,,,,,,,,,,,,,,,,,,,,,,,,,,,,,,,,,,,,,,,,,,,,,,,,
141,141,4700.0,TARGET_NOT_FOUND,HUMAN_TARGET_UNAVAILABLE: operator excluded this frame because TARGET_PARTIALLY_OCCLUDED.,,,,,,,795.6211180124224,393.1055900621118,707.0807453416149,168.32298136645963,177.0807453416149,449.5652173913044,,,,,,,,,,,,,,,,,,,,,,,,,,,,,,,,,,,,,,,,,,,,,,,,,,,
142,142,4733.333333333333,TARGET_NOT_FOUND,HUMAN_TARGET_UNAVAILABLE: operator excluded this frame because TARGET_PARTIALLY_OCCLUDED.,,,,,,,789.9689440993789,394.1304347826087,702.360248447205,170.8695652173913,175.2173913043478,446.52173913043475,,,,,,,,,,,,,,,,,,,,,,,,,,,,,,,,,,,,,,,,,,,,,,,,,,,
143,143,4766.666666666667,TARGET_NOT_FOUND,HUMAN_TARGET_UNAVAILABLE: operator excluded this frame because TARGET_PARTIALLY_OCCLUDED.,,,,,,,784.3167701863354,395.1552795031056,697.639751552795,173.41614906832297,173.35403726708074,443.47826086956525,,,,,,,,,,,,,,,,,,,,,,,,,,,,,,,,,,,,,,,,,,,,,,,,,,,
144,144,4800.0,TARGET_NOT_FOUND,HUMAN_TARGET_UNAVAILABLE: operator excluded this frame because TARGET_PARTIALLY_OCCLUDED.,,,,,,,778.6645962732919,396.18012422360243,692.9192546583851,175.96273291925465,171.49068322981367,440.4347826086956,,,,,,,,,,,,,,,,,,,,,,,,,,,,,,,,,,,,,,,,,,,,,,,,,,,
145,145,4833.333333333333,TARGET_NOT_FOUND,HUMAN_TARGET_UNAVAILABLE: operator excluded this frame because TARGET_PARTIALLY_OCCLUDED.,,,,,,,773.0124223602484,397.2049689440994,688.1987577639751,178.50931677018633,169.6273291925466,437.39130434782606,,,,,,,,,,,,,,,,,,,,,,,,,,,,,,,,,,,,,,,,,,,,,,,,,,,
146,146,4866.666666666666,TARGET_NOT_FOUND,HUMAN_TARGET_UNAVAILABLE: operator excluded this frame because TARGET_PARTIALLY_OCCLUDED.,,,,,,,767.360248447205,398.22981366459624,683.4782608695652,181.055900621118,167.7639751552795,434.3478260869565,,,,,,,,,,,,,,,,,,,,,,,,,,,,,,,,,,,,,,,,,,,,,,,,,,,
147,147,4900.0,TARGET_NOT_FOUND,HUMAN_TARGET_UNAVAILABLE: operator excluded this frame because TARGET_PARTIALLY_OCCLUDED.,,,,,,,761.7080745341615,399.2546583850932,678.7577639751553,183.6024844720497,165.90062111801242,431.30434782608694,,,,,,,,,,,,,,,,,,,,,,,,,,,,,,,,,,,,,,,,,,,,,,,,,,,
148,148,4933.333333333334,TARGET_NOT_FOUND,HUMAN_TARGET_UNAVAILABLE: operator excluded this frame because TARGET_PARTIALLY_OCCLUDED.,,,,,,,756.055900621118,400.27950310559004,674.0372670807453,186.14906832298135,164.03726708074535,428.2608695652174,,,,,,,,,,,,,,,,,,,,,,,,,,,,,,,,,,,,,,,,,,,,,,,,,,,
149,149,4966.666666666667,TARGET_NOT_FOUND,HUMAN_TARGET_UNAVAILABLE: operator excluded this frame because TARGET_PARTIALLY_OCCLUDED.,,,,,,,750.4037267080745,401.30434782608694,669.3167701863354,188.69565217391303,162.17391304347828,425.2173913043478,,,,,,,,,,,,,,,,,,,,,,,,,,,,,,,,,,,,,,,,,,,,,,,,,,,
150,150,5000.0,TARGET_NOT_FOUND,HUMAN_TARGET_UNAVAILABLE: operator excluded this frame because TARGET_PARTIALLY_OCCLUDED.,,,,,,,744.751552795031,402.32919254658384,664.5962732919254,191.24223602484471,160.3105590062112,422.17391304347825,,,,,,,,,,,,,,,,,,,,,,,,,,,,,,,,,,,,,,,,,,,,,,,,,,,
151,151,5033.333333333333,TARGET_NOT_FOUND,HUMAN_TARGET_UNAVAILABLE: operator excluded this frame because TARGET_PARTIALLY_OCCLUDED.,,,,,,,739.0993788819875,403.3540372670807,659.8757763975154,193.78881987577637,158.4472049689441,419.1304347826087,,,,,,,,,,,,,,,,,,,,,,,,,,,,,,,,,,,,,,,,,,,,,,,,,,,
152,152,5066.666666666666,TARGET_NOT_FOUND,HUMAN_TARGET_UNAVAILABLE: operator excluded this frame because TARGET_PARTIALLY_OCCLUDED.,,,,,,,733.4472049689441,404.37888198757764,655.1552795031056,196.33540372670805,156.58385093167703,416.0869565217391,,,,,,,,,,,,,,,,,,,,,,,,,,,,,,,,,,,,,,,,,,,,,,,,,,,
153,153,5100.0,VALID_TARGET,,2.0,743.2529067993164,387.1263427734375,741.4943237304688,387.1263427734375,SUPPORTED,727.7950310559006,405.4037267080745,650.4347826086956,198.88198757763973,154.72049689440996,413.04347826086956,UNSTABLE_TRANSFORM,translation_median_sparse_flow,17.7987060546875,21.810211181640625,217.0,69.30859375,,,CAMERA_CUT,partial_affine_ransac_sparse_flow,84.92209706687409,20.911673334696896,46.0,1.136733791298255,1.0027438534506778,0.2119815668202765,,,,,0.0,0.0,,,path_segment_008,SUPPORTED,,,,,,0.0,0.0,,,path_segment_002,SUPPORTED,,,,,,0.0,0.0,,,path_segment_008,SUPPORTED,,SUPPORTED,
154,154,5133.333333333334,VALID_TARGET,,2.0,743.2494773864746,390.58489990234375,742.3398380279541,388.8556213378906,SUPPORTED,722.1428571428571,406.42857142857144,645.7142857142857,201.42857142857142,152.8571428571429,410.0,SUPPORTED,translation_median_sparse_flow,12.36566162109375,3.20037841796875,297.0,0.7862867712974548,,,SUPPORTED,partial_affine_ransac_sparse_flow,12.630563781274454,3.507080559173529,200.0,0.41475563742562255,0.9999153487420169,0.6734006734006734,0.8455142974853516,1.729278564453125,-11.520147323608398,-1.471099853515625,-11.520147323608398,-1.471099853515625,172.72282834178736,3.1228703348053286,path_segment_008,SUPPORTED,,0.8455142974853516,1.729278564453125,-11.898878880776351,-1.4065909649208947,-11.898878880776351,-1.4065909649208947,173.25823513858523,3.221832664957649,path_segment_002,SUPPORTED,,0.8455142974853516,1.729278564453125,-11.520147323608398,-1.471099853515625,-11.520147323608398,-1.471099853515625,172.72282834178736,3.1228703348053286,path_segment_008,SUPPORTED,,SUPPORTED,
155,155,5166.666666666667,VALID_TARGET,,2.0,736.0723762512207,385.9881896972656,743.2494773864746,390.58489990234375,SUPPORTED,726.2499999999999,404.6428571428571,641.4285714285713,200.35714285714283,169.64285714285717,408.57142857142856,SUPPORTED,translation_median_sparse_flow,9.1552734375e-05,-3.0517578125e-05,308.0,0.006176244467496872,,,SUPPORTED,partial_affine_ransac_sparse_flow,0.014218052108699895,-0.0029270746756359664,307.0,0.04006836076136458,1.0000213385772667,0.9967532467532467,0.9096393585205078,1.729278564453125,0.9095478057861328,1.72930908203125,-10.610599517822266,0.258209228515625,-62.25741460792168,0.5253991445121069,path_segment_008,SUPPORTED,,0.9096393585205078,1.729278564453125,0.877798032499868,1.7273114598982602,-11.021080848276483,0.32072049497736543,-63.06089341800431,0.5210008214029432,path_segment_002,SUPPORTED,,0.9096393585205078,1.729278564453125,0.9095478057861328,1.72930908203125,-10.610599517822266,0.258209228515625,-62.25741460792168,0.5253991445121069,path_segment_008,SUPPORTED,,SUPPORTED,
156,156,5200.0,VALID_TARGET,,2.0,770.1185684204102,397.4611053466797,770.1826934814453,397.4611053466797,SUPPORTED,730.3571428571429,402.8571428571429,637.1428571428571,199.28571428571428,186.42857142857144,407.14285714285717,SUPPORTED,translation_median_sparse_flow,12.7276611328125,3.1562118530273438,319.0,0.5525071024894714,,,SUPPORTED,partial_affine_ransac_sparse_flow,12.615358548258607,3.376112530626124,215.0,0.3740854809716119,1.0003074324341803,0.6739811912225705,26.933216094970703,6.8762054443359375,14.205554962158203,3.7199935913085938,3.5949554443359375,3.9782028198242188,-14.674472316530066,3.948610410647853,path_segment_008,SUPPORTED,,26.933216094970703,6.8762054443359375,13.893715674490636,3.752532589226007,2.872634826214153,4.0732530842033725,-15.11430024805055,3.869823959047666,path_segment_002,SUPPORTED,,26.933216094970703,6.8762054443359375,14.205554962158203,3.7199935913085938,3.5949554443359375,3.9782028198242188,-14.674472316530066,3.948610410647853,path_segment_008,SUPPORTED,,SUPPORTED,
157,157,5233.333333333333,VALID_TARGET,,2.0,800.627082824707,403.6620788574219,778.1128540039062,402.6641540527344,SUPPORTED,734.4642857142858,401.0714285714286,632.8571428571429,198.21428571428572,203.21428571428572,405.7142857142858,SUPPORTED,translation_median_sparse_flow,12.7423095703125,3.2300186157226562,313.0,0.829839825630188,,,SUPPORTED,partial_affine_ransac_sparse_flow,12.920108050297868,3.7287018259920277,212.0,0.5674576005247935,0.999836500965721,0.6773162939297125,7.9301605224609375,5.2030487060546875,-4.8121490478515625,1.9730300903320312,-1.217193603515625,5.95123291015625,-157.70587157994277,1.398505380129139,path_segment_008,SUPPORTED,,7.9301605224609375,5.2030487060546875,-5.239257936535751,2.2672883043668435,-2.366623110321598,6.340541388570216,-156.59945712041713,1.5350710665673255,path_segment_002,SUPPORTED,,7.9301605224609375,5.2030487060546875,-4.8121490478515625,1.9730300903320312,-1.217193603515625,5.95123291015625,-157.70587157994277,1.398505380129139,path_segment_008,SUPPORTED,,SUPPORTED,
158,158,5266.666666666667,VALID_TARGET,,2.0,784.2800521850586,402.842529296875,781.1964530944824,403.0689926147461,SUPPORTED,738.5714285714286,399.28571428571433,628.5714285714286,197.14285714285714,220.0,404.28571428571433,SUPPORTED,translation_median_sparse_flow,0.0,-1.430511474609375e-05,328.0,0.00038047711132094264,,,SUPPORTED,partial_affine_ransac_sparse_flow,3.27571589712505e-05,-0.0005687164712727925,328.0,0.003648173693917756,1.0000017832119001,1.0,3.083599090576172,0.40483856201171875,3.083599090576172,0.40485286712646484,1.8664054870605469,6.356085777282715,-7.479713779478131,0.8362817784714254,path_segment_008,SUPPORTED,,3.083599090576172,0.40483856201171875,3.081027217838482,0.40691456849873475,0.7144041075168843,6.747455957068951,-7.5235726941790295,0.8356685096461863,path_segment_002,SUPPORTED,,3.083599090576172,0.40483856201171875,3.083599090576172,0.40485286712646484,1.8664054870605469,6.356085777282715,-7.479713779478131,0.8362817784714254,path_segment_008,SUPPORTED,,SUPPORTED,
159,159,5300.0,VALID_TARGET,,2.0,773.6548233032227,403.648193359375,784.2800521850586,403.4738311767578,SUPPORTED,745.0,404.04761904761904,634.2857142857142,207.61904761904762,221.42857142857144,392.8571428571429,SUPPORTED,translation_median_sparse_flow,1.52587890625e-05,0.0,316.0,0.0004075121250934899,,,SUPPORTED,partial_affine_ransac_sparse_flow,-0.0019359350462227266,-0.0008156160801481064,315.0,0.0031646956340256366,1.0000040702375668,0.9968354430379747,3.083599090576172,0.40483856201171875,3.0835838317871094,0.40483856201171875,4.949989318847656,6.760924339294434,-7.479489075033365,0.8362772096417231,path_segment_008,SUPPORTED,,3.083599090576172,0.40483856201171875,3.0813629823331894,0.40593696557493786,3.7957670898500737,7.153392922643889,-7.5048952634239345,0.8357236433083289,path_segment_002,SUPPORTED,,3.083599090576172,0.40483856201171875,3.0835838317871094,0.40483856201171875,4.949989318847656,6.760924339294434,-7.479489075033365,0.8362772096417231,path_segment_008,SUPPORTED,,SUPPORTED,
160,160,5333.333333333333,TARGET_IDENTITY_UNCERTAIN,Temporal/body-scale discontinuity suggests target identity uncertainty.,,772.1971282958984,404.24957275390625,,,,751.4285714285714,408.80952380952385,640.0,218.0952380952381,222.8571428571429,381.42857142857144,,,,,,,,,,,,,,,,,,,,,,,,,,,,,,,,,,,,,,,,,,,,,,,,,,,
161,161,5366.666666666666,TARGET_IDENTITY_UNCERTAIN,TARGET_OVERLAP_AMBIGUOUS: multiple pose candidates plus a target-continuity jump.,,889.4854583740234,366.1769561767578,,,,757.8571428571429,413.57142857142856,645.7142857142857,228.57142857142858,224.28571428571433,370.0,,,,,,,,,,,,,,,,,,,,,,,,,,,,,,,,,,,,,,,,,,,,,,,,,,,
162,162,5400.0,TARGET_IDENTITY_UNCERTAIN,Temporal/body-scale discontinuity suggests target identity uncertainty.,,891.1630554199219,365.1641082763672,,,,762.8571428571428,418.80952380952385,652.3809523809523,235.23809523809524,220.952380952381,367.14285714285717,,,,,,,,,,,,,,,,,,,,,,,,,,,,,,,,,,,,,,,,,,,,,,,,,,,
163,163,5433.333333333334,INVALID_TRACK_SEGMENT,Valid-looking pose segment is too short to establish target identity continuity.,,896.049072265625,364.9108200073242,,,,767.8571428571429,424.04761904761904,659.047619047619,241.90476190476193,217.61904761904768,364.2857142857143,,,,,,,,,,,,,,,,,,,,,,,,,,,,,,,,,,,,,,,,,,,,,,,,,,,
164,164,5466.666666666667,INVALID_TRACK_SEGMENT,Valid-looking pose segment is too short to establish target identity continuity.,,901.4395141601562,369.3892517089844,,,,772.8571428571429,429.28571428571433,665.7142857142857,248.57142857142858,214.28571428571433,361.42857142857144,,,,,,,,,,,,,,,,,,,,,,,,,,,,,,,,,,,,,,,,,,,,,,,,,,,
165,165,5500.0,TARGET_IDENTITY_UNCERTAIN,Temporal/body-scale discontinuity suggests target identity uncertainty.,,906.6860809326172,364.3522033691406,,,,775.7142857142858,426.9047619047619,669.047619047619,250.47619047619048,213.33333333333337,352.8571428571429,,,,,,,,,,,,,,,,,,,,,,,,,,,,,,,,,,,,,,,,,,,,,,,,,,,
166,166,5533.333333333333,TARGET_IDENTITY_UNCERTAIN,TARGET_OVERLAP_AMBIGUOUS: multiple pose candidates plus a target-continuity jump.,,762.6323852539062,409.5840377807617,,,,778.5714285714284,424.5238095238095,672.3809523809523,252.38095238095238,212.3809523809524,344.2857142857143,,,,,,,,,,,,,,,,,,,,,,,,,,,,,,,,,,,,,,,,,,,,,,,,,,,
167,167,5566.666666666666,TARGET_IDENTITY_UNCERTAIN,Temporal/body-scale discontinuity suggests target identity uncertainty.,,768.1387405395508,409.0696029663086,,,,781.4285714285713,422.1428571428571,675.7142857142857,254.28571428571428,211.42857142857144,335.7142857142857,,,,,,,,,,,,,,,,,,,,,,,,,,,,,,,,,,,,,,,,,,,,,,,,,,,
