source_frame_index,analysis_frame_index,timestamp_ms,frame_status,frame_rejection_reason,valid_segment_id,raw_pelvis_mid_x,raw_pelvis_mid_y,path_input_center_x,path_input_center_y,center_status,roi_center_x,roi_center_y,roi_x,roi_y,roi_width,roi_height,translation_camera_motion_status,translation_camera_motion_method,translation_background_dx_px,translation_background_dy_px,translation_background_feature_count,translation_camera_motion_residual_px,translation_affine_scale,translation_affine_inlier_fraction,affine_camera_motion_status,affine_camera_motion_method,affine_background_dx_px,affine_background_dy_px,affine_background_feature_count,affine_camera_motion_residual_px,affine_affine_scale,affine_affine_inlier_fraction,translation_raw_dx,translation_raw_dy,translation_compensated_dx,translation_compensated_dy,translation_compensated_x,translation_compensated_y,translation_projected_heading_deg,translation_normalized_projected_speed_per_s,translation_path_segment_id,translation_path_status,translation_path_rejection_reason,affine_raw_dx,affine_raw_dy,affine_compensated_dx,affine_compensated_dy,affine_compensated_x,affine_compensated_y,affine_projected_heading_deg,affine_normalized_projected_speed_per_s,affine_path_segment_id,affine_path_status,affine_path_rejection_reason,chosen_raw_dx,chosen_raw_dy,chosen_compensated_dx,chosen_compensated_dy,chosen_compensated_x,chosen_compensated_y,chosen_projected_heading_deg,chosen_normalized_projected_speed_per_s,chosen_path_segment_id,chosen_path_status,chosen_path_rejection_reason,chosen_path_validation_status,chosen_path_validation_reason
0,0,0.0,TARGET_NOT_FOUND,No observed landmarks returned by pose backend.,,,,,,,89.0,283.0,47.5,219.0,83.0,128.0,,,,,,,,,,,,,,,,,,,,,,,,,,,,,,,,,,,,,,,,,,,,,,,,,,,
1,1,33.333333333333336,INVALID_TRACK_SEGMENT,Valid-looking pose segment is too short to establish target identity continuity.,,84.20987129211426,286.342960357666,,,,92.0625,283.5,50.0,219.5,84.125,128.0,,,,,,,,,,,,,,,,,,,,,,,,,,,,,,,,,,,,,,,,,,,,,,,,,,,
2,2,66.66666666666667,INVALID_TRACK_SEGMENT,Valid-looking pose segment is too short to establish target identity continuity.,,88.39381980895996,287.06261825561523,,,,95.125,284.0,52.5,220.0,85.25,128.0,,,,,,,,,,,,,,,,,,,,,,,,,,,,,,,,,,,,,,,,,,,,,,,,,,,
3,3,100.0,INVALID_TRACK_SEGMENT,Valid-looking pose segment is too short to establish target identity continuity.,,96.78886795043944,297.18019104003906,,,,98.1875,284.5,55.0,220.5,86.375,128.0,,,,,,,,,,,,,,,,,,,,,,,,,,,,,,,,,,,,,,,,,,,,,,,,,,,
4,4,133.33333333333334,TARGET_NOT_FOUND,No observed landmarks returned by pose backend.,,,,,,,101.25,285.0,57.5,221.0,87.5,128.0,,,,,,,,,,,,,,,,,,,,,,,,,,,,,,,,,,,,,,,,,,,,,,,,,,,
5,5,166.66666666666666,VALID_TARGET,,1.0,99.8526611328125,289.7189178466797,105.00421905517578,290.40434646606445,SUPPORTED,104.3125,285.5,60.0,221.5,88.625,128.0,INSUFFICIENT_EVIDENCE,translation_median_sparse_flow,0.0,0.0,0.0,,,,INSUFFICIENT_EVIDENCE,partial_affine_ransac_sparse_flow,0.0,0.0,0.0,,,,,,,,0.0,0.0,,,path_segment_001,SUPPORTED,,,,,,0.0,0.0,,,path_segment_001,SUPPORTED,,,,,,0.0,0.0,,,path_segment_001,SUPPORTED,,SUPPORTED,
6,6,200.0,VALID_TARGET,,1.0,105.00421905517578,290.40434646606445,105.3157901763916,290.06163215637207,SUPPORTED,107.375,286.0,62.5,222.0,89.75,128.0,SUPPORTED,translation_median_sparse_flow,11.0743408203125,0.6711883544921875,342.0,0.19092917442321777,,,SUPPORTED,partial_affine_ransac_sparse_flow,11.063411006161365,0.755302342720753,301.0,0.16372806846491553,1.0000419351734946,0.8801169590643275,0.3115711212158203,-0.3427143096923828,-10.76276969909668,-1.0139026641845703,-10.76276969909668,-1.0139026641845703,174.61835500146006,8.85815170180668,path_segment_001,SUPPORTED,,0.3115711212158203,-0.3427143096923828,-10.850296343769614,-1.0761699300477972,-10.850296343769614,-1.0761699300477972,174.3357317000476,8.934449692073956,path_segment_001,SUPPORTED,,0.3115711212158203,-0.3427143096923828,-10.76276969909668,-1.0139026641845703,-10.76276969909668,-1.0139026641845703,174.61835500146006,8.85815170180668,path_segment_001,SUPPORTED,,SUPPORTED,
7,7,233.33333333333337,VALID_TARGET,,1.0,105.62736129760742,290.61470794677734,105.62736129760742,290.40434646606445,SUPPORTED,110.4375,286.5,65.0,222.5,90.875,128.0,SUPPORTED,translation_median_sparse_flow,0.00015282630920410156,0.0,350.0,0.019376927986741066,,,SUPPORTED,partial_affine_ransac_sparse_flow,-0.0904812141262733,-0.07248392661749081,350.0,0.0856296980084073,1.0004339537552989,1.0,0.3115711212158203,0.3427143096923828,0.3114182949066162,0.3427143096923828,-10.451351404190063,-0.6711883544921875,-47.73914381601121,0.37944407256801105,path_segment_001,SUPPORTED,,0.3115711212158203,0.3427143096923828,0.3537436581551958,0.2902712829689449,-10.496552685614418,-0.7858986470788523,-39.371260572120526,0.3749561894917055,path_segment_001,SUPPORTED,,0.3115711212158203,0.3427143096923828,0.3114182949066162,0.3427143096923828,-10.451351404190063,-0.6711883544921875,-47.73914381601121,0.37944407256801105,path_segment_001,SUPPORTED,,SUPPORTED,
8,8,266.6666666666667,VALID_TARGET,,1.0,109.74610137939452,288.69322204589844,109.74610137939453,290.61470794677734,SUPPORTED,113.5,287.0,67.5,223.0,92.0,128.0,SUPPORTED,translation_median_sparse_flow,10.993850708007812,0.5718460083007812,346.0,0.208356112241745,,,SUPPORTED,partial_affine_ransac_sparse_flow,11.15131299200284,0.7741995240557257,301.0,0.17755618117214134,0.9994760848072168,0.869942196531792,4.118740081787109,0.21036148071289062,-6.875110626220703,-0.3614845275878906,-17.326462030410767,-1.0326728820800781,176.99023264106103,5.6413060570081415,path_segment_001,SUPPORTED,,4.118740081787109,0.21036148071289062,-7.0585792434513905,-0.3820902596675637,-17.55513192906581,-1.167988906746416,176.90152745657653,5.792327920657325,path_segment_001,SUPPORTED,,4.118740081787109,0.21036148071289062,-6.875110626220703,-0.3614845275878906,-17.326462030410767,-1.0326728820800781,176.99023264106103,5.6413060570081415,path_segment_001,SUPPORTED,,SUPPORTED,
9,9,300.0,VALID_TARGET,,1.0,111.85146141052246,291.92595291137695,111.85146141052246,290.61470794677734,SUPPORTED,116.94444444444444,287.0,70.5,222.66666666666666,92.88888888888889,128.66666666666666,SUPPORTED,translation_median_sparse_flow,5.88232421875,0.26654052734375,348.0,0.15017032623291016,,,SUPPORTED,partial_affine_ransac_sparse_flow,5.9970944141587275,0.3081411831153609,312.0,0.1313351530070815,0.9997424882278023,0.896551724137931,2.1053600311279297,0.0,-3.7769641876220703,-0.26654052734375,-21.103426218032837,-1.2992134094238281,175.96332652067963,3.102573623914064,path_segment_001,SUPPORTED,,2.1053600311279297,0.0,-3.8642007365918403,-0.2330298327356104,-21.41933266565765,-1.4010187394820264,176.5489691387411,3.1721113969536825,path_segment_001,SUPPORTED,,2.1053600311279297,0.0,-3.7769641876220703,-0.26654052734375,-21.103426218032837,-1.2992134094238281,175.96332652067963,3.102573623914064,path_segment_001,SUPPORTED,,SUPPORTED,
10,10,333.3333333333333,VALID_TARGET,,1.0,116.02881622314452,297.1151351928711,113.9401388168335,290.3095874786377,SUPPORTED,120.38888888888889,287.0,73.5,222.33333333333334,93.77777777777777,129.33333333333334,SUPPORTED,translation_median_sparse_flow,6.24554443359375,0.274627685546875,348.0,0.11241818219423294,,,SUPPORTED,partial_affine_ransac_sparse_flow,6.158733492012235,0.2306552498273269,314.0,0.11587693187768883,1.0003298030027086,0.9022988505747126,2.088677406311035,-0.30512046813964844,-4.156867027282715,-0.5797481536865234,-25.26029324531555,-1.8789615631103516,172.06031121578098,3.4391399181476183,path_segment_001,SUPPORTED,,2.088677406311035,-0.30512046813964844,-4.124798846027758,-0.6247491365710971,-25.544131511685407,-2.0257678760531235,171.38734441884247,3.4184441174760316,path_segment_001,SUPPORTED,,2.088677406311035,-0.30512046813964844,-4.156867027282715,-0.5797481536865234,-25.26029324531555,-1.8789615631103516,172.06031121578098,3.4391399181476183,path_segment_001,SUPPORTED,,SUPPORTED,
11,11,366.66666666666663,VALID_TARGET,,1.0,117.94136428833008,288.45652770996094,116.02881622314453,291.92595291137695,SUPPORTED,123.83333333333334,287.0,76.5,222.0,94.66666666666667,130.0,SUPPORTED,translation_median_sparse_flow,6.56103515625,0.2731170654296875,347.0,0.1551356315612793,,,SUPPORTED,partial_affine_ransac_sparse_flow,6.586992159597333,0.35625112867099934,313.0,0.13276933893950119,0.9998620925606515,0.9020172910662824,2.088677406311035,1.6163654327392578,-4.472357749938965,1.3432483673095703,-29.732650995254517,-0.5357131958007812,-163.28264516065954,3.8264098232837656,path_segment_001,SUPPORTED,,2.088677406311035,1.6163654327392578,-4.543131334428196,1.3239140469995618,-30.087262846113603,-0.7018538290535616,-163.75334751581232,3.8775249591278413,path_segment_001,SUPPORTED,,2.088677406311035,1.6163654327392578,-4.472357749938965,1.3432483673095703,-29.732650995254517,-0.5357131958007812,-163.28264516065954,3.8264098232837656,path_segment_001,SUPPORTED,,SUPPORTED,
12,12,400.0,TARGET_NOT_FOUND,No observed landmarks returned by pose backend.,,,,,,,127.27777777777777,287.0,79.5,221.66666666666666,95.55555555555556,130.66666666666666,,,,,,,,,,,,,,,,,,,,,,,,,,,,,,,,,,,,,,,,,,,,,,,,,,,
13,13,433.33333333333337,INVALID_TRACK_SEGMENT,Valid-looking pose segment is too short to establish target identity continuity.,,125.41929054260254,290.9054412841797,,,,130.72222222222223,287.0,82.5,221.33333333333334,96.44444444444444,131.33333333333334,,,,,,,,,,,,,,,,,,,,,,,,,,,,,,,,,,,,,,,,,,,,,,,,,,,
14,14,466.6666666666667,TARGET_NOT_FOUND,No observed landmarks returned by pose backend.,,,,,,,134.16666666666666,287.0,85.5,221.0,97.33333333333333,132.0,,,,,,,,,,,,,,,,,,,,,,,,,,,,,,,,,,,,,,,,,,,,,,,,,,,
15,15,500.0,TARGET_NOT_FOUND,No observed landmarks returned by pose backend.,,,,,,,137.61111111111111,287.0,88.5,220.66666666666666,98.22222222222223,132.66666666666666,,,,,,,,,,,,,,,,,,,,,,,,,,,,,,,,,,,,,,,,,,,,,,,,,,,
16,16,533.3333333333334,TARGET_NOT_FOUND,No observed landmarks returned by pose backend.,,,,,,,141.05555555555554,287.0,91.5,220.33333333333334,99.11111111111111,133.33333333333334,,,,,,,,,,,,,,,,,,,,,,,,,,,,,,,,,,,,,,,,,,,,,,,,,,,
17,17,566.6666666666666,VALID_TARGET,,2.0,139.5470485687256,291.09125900268555,144.90962600708008,291.09125900268555,SUPPORTED,144.5,287.0,94.5,220.0,100.0,134.0,SUPPORTED,translation_median_sparse_flow,45.034698486328125,-1.8336029052734375,315.0,0.5656042695045471,,,SUPPORTED,partial_affine_ransac_sparse_flow,44.834298817786156,-1.477767557489693,247.0,0.3928756078425136,1.0003826436049232,0.7841269841269841,,,,,0.0,0.0,,,path_segment_002,SUPPORTED,,,,,,0.0,0.0,,,path_segment_002,SUPPORTED,,,,,,0.0,0.0,,,path_segment_002,SUPPORTED,,SUPPORTED,
18,18,600.0,VALID_TARGET,,2.0,144.90962600708008,288.8025894165039,145.9673318862915,290.04268646240234,SUPPORTED,147.84615384615384,286.6538461538462,97.42307692307692,219.92307692307693,100.84615384615384,133.46153846153845,SUPPORTED,translation_median_sparse_flow,7.8930206298828125,-0.47747802734375,348.0,0.17656025290489197,,,SUPPORTED,partial_affine_ransac_sparse_flow,8.000895731551116,-0.43681356729479914,308.0,0.1708164302964315,0.9998215017535936,0.8850574712643678,1.0577058792114258,-1.0485725402832031,-6.835314750671387,-0.5710945129394531,-6.835314750671387,-0.5710945129394531,175.22399704951894,5.620430504919395,path_segment_002,SUPPORTED,,1.0577058792114258,-1.0485725402832031,-6.92266618026548,-0.5571400841669174,-6.92266618026548,-0.5571400841669174,175.39872055109524,5.690832915568025,path_segment_002,SUPPORTED,,1.0577058792114258,-1.0485725402832031,-6.835314750671387,-0.5710945129394531,-6.835314750671387,-0.5710945129394531,175.22399704951894,5.620430504919395,path_segment_002,SUPPORTED,,SUPPORTED,
19,19,633.3333333333333,VALID_TARGET,,2.0,147.02503776550293,292.2704086303711,147.02503776550293,291.09125900268555,SUPPORTED,151.19230769230768,286.3076923076923,100.34615384615384,219.84615384615384,101.6923076923077,132.92307692307693,SUPPORTED,translation_median_sparse_flow,7.76171875,-0.49581146240234375,346.0,0.1388736516237259,,,SUPPORTED,partial_affine_ransac_sparse_flow,7.946058687747979,-0.3431243305597332,310.0,0.14258176195319,0.9995763762485328,0.8959537572254336,1.0577058792114258,1.0485725402832031,-6.704012870788574,1.5443840026855469,-13.539327621459961,0.9732894897460938,-167.02726057247662,5.6372039168163255,path_segment_002,SUPPORTED,,1.0577058792114258,1.0485725402832031,-6.895308698524417,1.5491959962744772,-13.817974878789897,0.9920559121075598,-167.3374008108782,5.790922624052787,path_segment_002,SUPPORTED,,1.0577058792114258,1.0485725402832031,-6.704012870788574,1.5443840026855469,-13.539327621459961,0.9732894897460938,-167.02726057247662,5.6372039168163255,path_segment_002,SUPPORTED,,SUPPORTED,
20,20,666.6666666666666,VALID_TARGET,,2.0,151.56010818481445,288.7518615722656,151.56010818481445,289.9563865661621,SUPPORTED,154.53846153846155,285.96153846153845,103.26923076923077,219.76923076923077,102.53846153846153,132.3846153846154,SUPPORTED,translation_median_sparse_flow,7.841827392578125,-0.493804931640625,349.0,0.16481323540210724,,,SUPPORTED,partial_affine_ransac_sparse_flow,7.848081064377505,-0.41465539845529387,309.0,0.1656322889378724,1.0000741701050937,0.8853868194842407,4.535070419311523,-1.1348724365234375,-3.3067569732666016,-0.6410675048828125,-16.846084594726562,0.33222198486328125,169.0284016620065,2.7600338084928344,path_segment_002,SUPPORTED,,4.535070419311523,-1.1348724365234375,-3.3913512703783795,-0.7077368938769268,-17.209326149168277,0.284319018230633,168.21219507153967,2.8387693396543905,path_segment_002,SUPPORTED,,4.535070419311523,-1.1348724365234375,-3.3067569732666016,-0.6410675048828125,-16.846084594726562,0.33222198486328125,169.0284016620065,2.7600338084928344,path_segment_002,SUPPORTED,,SUPPORTED,
21,21,700.0,VALID_TARGET,,2.0,159.54902458190918,291.4991111755371,158.1747760772705,289.9563865661621,SUPPORTED,157.8846153846154,285.6153846153846,106.1923076923077,219.69230769230768,103.38461538461539,131.84615384615384,SUPPORTED,translation_median_sparse_flow,15.157958984375,-1.3325347900390625,349.0,0.28081214427948,,,SUPPORTED,partial_affine_ransac_sparse_flow,15.245517237924405,-1.0290435938473599,317.0,0.26869128707454953,0.9995335328395539,0.9083094555873925,6.614667892456055,0.0,-8.543291091918945,1.3325347900390625,-25.389375686645508,1.6647567749023438,-171.1347553102349,7.085087549625252,path_segment_002,SUPPORTED,,6.614667892456055,0.0,-8.763551667913987,1.2707068187128243,-25.972877817082264,1.5550258369434573,-171.7496651064067,7.256025048739348,path_segment_002,SUPPORTED,,6.614667892456055,0.0,-8.543291091918945,1.3325347900390625,-25.389375686645508,1.6647567749023438,-171.1347553102349,7.085087549625252,path_segment_002,SUPPORTED,,SUPPORTED,
22,22,733.3333333333333,VALID_TARGET,,2.0,158.1747760772705,289.9563865661621,159.54902458190918,289.15782928466797,SUPPORTED,161.23076923076923,285.2692307692308,109.11538461538461,219.6153846153846,104.23076923076923,131.30769230769232,SUPPORTED,translation_median_sparse_flow,0.0,0.0,350.0,0.00015560972678940743,,,SUPPORTED,partial_affine_ransac_sparse_flow,-0.012210821678286715,-0.018089811882367697,350.0,0.0127658819509904,1.0000271752319205,1.0,1.3742485046386719,-0.7985572814941406,1.3742485046386719,-0.7985572814941406,-24.015127182006836,0.8661994934082031,30.160293812649236,1.3023834995051478,path_segment_002,SUPPORTED,,1.3742485046386719,-0.7985572814941406,1.3959286381669074,-0.7958571535093029,-24.576949178915356,0.7591686834341544,29.68864897829958,1.3166764322994486,path_segment_002,SUPPORTED,,1.3742485046386719,-0.7985572814941406,1.3742485046386719,-0.7985572814941406,-24.015127182006836,0.8661994934082031,30.160293812649236,1.3023834995051478,path_segment_002,SUPPORTED,,SUPPORTED,
23,23,766.6666666666667,VALID_TARGET,,2.0,161.05183792114258,288.49961853027344,161.05183792114258,289.9563865661621,SUPPORTED,164.5769230769231,284.9230769230769,112.03846153846155,219.53846153846155,105.07692307692308,130.76923076923077,SUPPORTED,translation_median_sparse_flow,7.511505126953125,-0.927947998046875,347.0,0.1645914763212204,,,SUPPORTED,partial_affine_ransac_sparse_flow,7.604478283059583,-0.7135961352135965,317.0,0.13704255831659404,0.9995889394494968,0.9135446685878963,1.5028133392333984,0.7985572814941406,-6.008691787719727,1.7265052795410156,-30.023818969726562,2.5927047729492188,-163.96880828245216,5.122791103149807,path_segment_002,SUPPORTED,,1.5028133392333984,0.7985572814941406,-6.1330286956900295,1.6845291753012361,-30.709977874605386,2.4436978587353906,-164.64158749653012,5.211572337987886,path_segment_002,SUPPORTED,,1.5028133392333984,0.7985572814941406,-6.008691787719727,1.7265052795410156,-30.023818969726562,2.5927047729492188,-163.96880828245216,5.122791103149807,path_segment_002,SUPPORTED,,SUPPORTED,
24,24,800.0,VALID_TARGET,,2.0,166.62727737426758,289.11415100097656,166.55375862121582,289.11415100097656,SUPPORTED,167.9230769230769,284.5769230769231,114.96153846153845,219.46153846153845,105.92307692307692,130.23076923076923,SUPPORTED,translation_median_sparse_flow,14.79510498046875,-1.9987449645996094,348.0,0.28437840938568115,,,SUPPORTED,partial_affine_ransac_sparse_flow,14.958965696268503,-1.703587626296005,311.0,0.27456310118048693,0.9995190143818776,0.8936781609195402,5.501920700073242,-0.8422355651855469,-9.293184280395508,1.1565093994140625,-39.31700325012207,3.7492141723632812,-172.90617987573378,7.673654459136516,path_segment_002,SUPPORTED,,5.501920700073242,-0.8422355651855469,-9.542852096916675,1.091563332162309,-40.25282997152206,3.5352611908976996,-173.47455813963722,7.870483603972397,path_segment_002,SUPPORTED,,5.501920700073242,-0.8422355651855469,-9.293184280395508,1.1565093994140625,-39.31700325012207,3.7492141723632812,-172.90617987573378,7.673654459136516,path_segment_002,SUPPORTED,,SUPPORTED,
25,25,833.3333333333334,VALID_TARGET,,2.0,166.76641464233398,290.2964057922363,166.83993339538574,288.49961853027344,SUPPORTED,171.26923076923077,284.2307692307692,117.88461538461539,219.3846153846154,106.76923076923077,129.69230769230768,SUPPORTED,translation_median_sparse_flow,-9.1552734375e-05,-2.6702880859375e-05,350.0,0.0009279475780203938,,,SUPPORTED,partial_affine_ransac_sparse_flow,-0.04571584818474758,-0.06417429992686116,350.0,0.03600853608303563,1.000084351933636,1.0,0.2861747741699219,-0.614532470703125,0.2862663269042969,-0.6145057678222656,-39.03073692321777,3.1347084045410156,65.02163305434529,0.5554875350334082,path_segment_002,SUPPORTED,,0.2861747741699219,-0.614532470703125,0.34752083190187477,-0.5918412448241952,-39.905309139620186,2.9434199460735044,59.579145053655004,0.562383427845437,path_segment_002,SUPPORTED,,0.2861747741699219,-0.614532470703125,0.2862663269042969,-0.6145057678222656,-39.03073692321777,3.1347084045410156,65.02163305434529,0.5554875350334082,path_segment_002,SUPPORTED,,SUPPORTED,
26,26,866.6666666666667,VALID_TARGET,,2.0,171.1035919189453,287.6924133300781,171.1035919189453,287.6924133300781,SUPPORTED,174.6153846153846,283.8846153846154,120.8076923076923,219.30769230769232,107.61538461538461,129.15384615384616,SUPPORTED,translation_median_sparse_flow,13.58587646484375,-2.27386474609375,349.0,0.25244832038879395,,,SUPPORTED,partial_affine_ransac_sparse_flow,13.641254983039383,-2.129192459782301,307.0,0.20124023748681993,0.9998772388403473,0.8796561604584527,4.26365852355957,-0.8072052001953125,-9.32221794128418,1.4666595458984375,-48.35295486450195,4.601367950439453,-171.05897610853467,7.732665951870605,path_segment_002,SUPPORTED,,4.26365852355957,-0.8072052001953125,-9.461731115807993,1.41792884852822,-49.36704025542818,4.361348794601724,-171.47711603040096,7.8395980218495165,path_segment_002,SUPPORTED,,4.26365852355957,-0.8072052001953125,-9.32221794128418,1.4666595458984375,-48.35295486450195,4.601367950439453,-171.05897610853467,7.732665951870605,path_segment_002,SUPPORTED,,SUPPORTED,
27,27,900.0,VALID_TARGET,,2.0,173.04342651367188,285.5940399169922,172.85836029052734,286.0759620666504,SUPPORTED,177.96153846153845,283.53846153846155,123.73076923076923,219.23076923076923,108.46153846153847,128.6153846153846,SUPPORTED,translation_median_sparse_flow,6.3360748291015625,-1.227935791015625,346.0,0.17780834436416626,,,SUPPORTED,partial_affine_ransac_sparse_flow,6.332681301737958,-1.1270036280571434,301.0,0.14718541508346933,0.999987343995957,0.869942196531792,1.7547683715820312,-1.6164512634277344,-4.581306457519531,-0.3885154724121094,-52.934261322021484,4.212852478027344,175.1526573841711,3.767436380378784,path_segment_002,SUPPORTED,,1.7547683715820312,-1.6164512634277344,-4.643072520137935,-0.44575468753089353,-54.010112775566114,3.915594107070831,174.51616836346088,3.8220661330278305,path_segment_002,SUPPORTED,,1.7547683715820312,-1.6164512634277344,-4.581306457519531,-0.3885154724121094,-52.934261322021484,4.212852478027344,175.1526573841711,3.767436380378784,path_segment_002,SUPPORTED,,SUPPORTED,
28,28,933.3333333333334,VALID_TARGET,,2.0,172.8721466064453,286.0759620666504,173.05721282958984,285.5940399169922,SUPPORTED,181.30769230769232,283.1923076923077,126.65384615384616,219.15384615384616,109.3076923076923,128.07692307692307,SUPPORTED,translation_median_sparse_flow,0.0,0.0,350.0,0.00015315855853259563,,,SUPPORTED,partial_affine_ransac_sparse_flow,0.0009869994275185003,-0.0047324764602026635,350.0,0.004527949111073652,0.9999997343058622,1.0,0.1988525390625,-0.4819221496582031,0.1988525390625,-0.4819221496582031,-52.735408782958984,3.7309303283691406,67.57779199439145,0.42718722755765876,path_segment_002,SUPPORTED,,0.1988525390625,-0.4819221496582031,0.2028258130071947,-0.48008304817346925,-53.80728696255892,3.4355110588973616,67.09688145260705,0.4270510555569492,path_segment_002,SUPPORTED,,0.1988525390625,-0.4819221496582031,0.1988525390625,-0.4819221496582031,-52.735408782958984,3.7309303283691406,67.57779199439145,0.42718722755765876,path_segment_002,SUPPORTED,,SUPPORTED,
29,29,966.6666666666666,VALID_TARGET,,2.0,175.02735328674316,279.68532943725586,174.85312843322754,279.68532943725586,SUPPORTED,184.6538461538462,282.8461538461538,129.5769230769231,219.07692307692307,110.15384615384616,127.53846153846153,SUPPORTED,translation_median_sparse_flow,12.32647705078125,-2.69134521484375,346.0,0.27110761404037476,,,SUPPORTED,partial_affine_ransac_sparse_flow,12.44332852073654,-2.5160282523857562,302.0,0.24221158197529702,0.9997560313107723,0.8728323699421965,1.7959156036376953,-5.908710479736328,-10.530561447143555,-3.217365264892578,-63.26597023010254,0.5135650634765625,163.01070090233105,9.022583549297797,path_segment_002,SUPPORTED,,1.7959156036376953,-5.908710479736328,-10.729949216164187,-3.247371885954351,-64.5372361787231,0.18813917294301064,163.16179159139037,9.186049870238437,path_segment_002,SUPPORTED,,1.7959156036376953,-5.908710479736328,-10.530561447143555,-3.217365264892578,-63.26597023010254,0.5135650634765625,163.01070090233105,9.022583549297797,path_segment_002,SUPPORTED,,SUPPORTED,
30,30,1000.0,VALID_TARGET,,2.0,174.85312843322754,277.1727066040039,175.02735328674316,277.1727066040039,SUPPORTED,188.0,282.5,132.5,219.0,111.0,127.0,SUPPORTED,translation_median_sparse_flow,5.74761962890625,-1.493072509765625,350.0,0.15420688688755035,,,SUPPORTED,partial_affine_ransac_sparse_flow,5.63675326219149,-1.5343649427350896,314.0,0.12186462220775408,1.0003718014420357,0.8971428571428571,0.174224853515625,-2.512622833251953,-5.573394775390625,-1.0195503234863281,-68.83936500549316,-0.5059852600097656,169.63340992234006,4.642671673865051,path_segment_002,SUPPORTED,,0.174224853515625,-2.512622833251953,-5.516987541747596,-1.0888415964201386,-70.0542237204707,-0.9007024234771279,168.83549490767805,4.6078693264981405,path_segment_002,SUPPORTED,,0.174224853515625,-2.512622833251953,-5.573394775390625,-1.0195503234863281,-68.83936500549316,-0.5059852600097656,169.63340992234006,4.642671673865051,path_segment_002,SUPPORTED,,SUPPORTED,
31,31,1033.3333333333337,VALID_TARGET,,2.0,175.9571132659912,274.7084312438965,175.61216926574707,274.7084312438965,SUPPORTED,187.33333333333334,281.5833333333333,131.83333333333334,217.16666666666666,111.0,128.83333333333334,SUPPORTED,translation_median_sparse_flow,5.5853271484375,-1.550567626953125,349.0,0.14407457411289215,,,SUPPORTED,partial_affine_ransac_sparse_flow,5.763973937265938,-1.401071201368783,306.0,0.137659495213616,0.9995253634917112,0.8767908309455588,0.5848159790039062,-2.464275360107422,-5.000511169433594,-0.9137077331542969,-73.83987617492676,-1.4196929931640625,169.64498564434513,4.165302294858897,path_segment_002,SUPPORTED,,0.5848159790039062,-2.464275360107422,-5.163128231631447,-0.8892995747327745,-75.21735195210215,-1.7900019982099025,170.2272378788444,4.293008539907742,path_segment_002,SUPPORTED,,0.5848159790039062,-2.464275360107422,-5.000511169433594,-0.9137077331542969,-73.83987617492676,-1.4196929931640625,169.64498564434513,4.165302294858897,path_segment_002,SUPPORTED,,SUPPORTED,
32,32,1066.6666666666667,VALID_TARGET,,2.0,177.63624000549316,272.7906131744385,175.77892303466797,273.68786811828613,SUPPORTED,186.66666666666666,280.6666666666667,131.16666666666666,215.33333333333334,111.0,130.66666666666666,SUPPORTED,translation_median_sparse_flow,5.185626983642578,-1.5699348449707031,350.0,0.18442676961421967,,,SUPPORTED,partial_affine_ransac_sparse_flow,5.088738281568044,-1.6315161507511764,309.0,0.1561455869218004,1.0003078497479754,0.8828571428571429,0.16675376892089844,-1.0205631256103516,-5.01887321472168,0.5493717193603516,-78.85874938964844,-0.8703212738037109,-173.75320705242672,4.13707177616247,path_segment_002,SUPPORTED,,0.16675376892089844,-1.0205631256103516,-4.974232845760895,0.5252245903774906,-80.19158479786304,-1.2647774078324119,-173.97252626064875,4.098587313046335,path_segment_002,SUPPORTED,,0.16675376892089844,-1.0205631256103516,-5.01887321472168,0.5493717193603516,-78.85874938964844,-0.8703212738037109,-173.75320705242672,4.13707177616247,path_segment_002,SUPPORTED,,SUPPORTED,
33,33,1100.0,VALID_TARGET,,2.0,176.00013160705566,271.24928283691406,176.00013160705566,273.15426445007324,SUPPORTED,186.0,279.75,130.5,213.5,111.0,132.5,SUPPORTED,translation_median_sparse_flow,5.16693115234375,-1.66015625,343.0,0.14204049110412598,,,SUPPORTED,partial_affine_ransac_sparse_flow,5.051929204160965,-1.7299662575519121,298.0,0.12237574003897457,1.000275600360202,0.8688046647230321,0.2212085723876953,-0.5336036682128906,-4.945722579956055,1.1265525817871094,-83.80447196960449,0.25623130798339844,-167.1679248815449,4.15637203278775,path_segment_002,SUPPORTED,,0.2212085723876953,-0.5336036682128906,-4.864335732317329,1.1114101926335138,-85.05592053018037,-0.15336721519889807,-167.12990119132695,4.088593699184343,path_segment_002,SUPPORTED,,0.2212085723876953,-0.5336036682128906,-4.945722579956055,1.1265525817871094,-83.80447196960449,0.25623130798339844,-167.1679248815449,4.15637203278775,path_segment_002,SUPPORTED,,SUPPORTED,
34,34,1133.3333333333333,VALID_TARGET,,2.0,175.24000549316406,273.68786811828613,175.8580436706543,272.58458518981934,SUPPORTED,185.33333333333334,278.8333333333333,129.83333333333334,211.66666666666666,111.0,134.33333333333334,SUPPORTED,translation_median_sparse_flow,4.97760009765625,-1.60687255859375,347.0,0.19749027490615845,,,SUPPORTED,partial_affine_ransac_sparse_flow,5.119642929162845,-1.4327936026178856,302.0,0.20471497806312278,0.9997079337787546,0.8703170028818443,-0.1420879364013672,-0.5696792602539062,-5.119688034057617,1.0371932983398438,-88.92416000366211,1.2934246063232422,-168.54749655757266,4.280339252379607,path_segment_002,SUPPORTED,,-0.1420879364013672,-0.5696792602539062,-5.300891249357733,1.0012674353772013,-90.3568117795381,0.8479002201783032,-169.30361473876482,4.420402277018822,path_segment_002,SUPPORTED,,-0.1420879364013672,-0.5696792602539062,-5.119688034057617,1.0371932983398438,-88.92416000366211,1.2934246063232422,-168.54749655757266,4.280339252379607,path_segment_002,SUPPORTED,,SUPPORTED,
35,35,1166.6666666666667,VALID_TARGET,,2.0,176.1345672607422,272.9482364654541,175.24000549316406,271.24928283691406,SUPPORTED,184.66666666666666,277.9166666666667,129.16666666666666,209.83333333333334,111.0,136.16666666666666,SUPPORTED,translation_median_sparse_flow,4.91595458984375,-1.5139999389648438,345.0,0.25321635603904724,,,SUPPORTED,partial_affine_ransac_sparse_flow,4.489136063855161,-1.7018802936202435,292.0,0.11580677281245952,1.0012050492567666,0.8463768115942029,-0.6180381774902344,-1.3353023529052734,-5.533992767333984,0.1786975860595703,-94.4581527709961,1.4721221923828125,-178.15051057410366,4.536964492824847,path_segment_002,SUPPORTED,,-0.6180381774902344,-1.3353023529052734,-5.316322350248612,0.03631336753392134,-95.67313412978672,0.8842135877122246,-179.60864481013692,4.3563416110531845,path_segment_002,SUPPORTED,,-0.6180381774902344,-1.3353023529052734,-5.533992767333984,0.1786975860595703,-94.4581527709961,1.4721221923828125,-178.15051057410366,4.536964492824847,path_segment_002,SUPPORTED,,SUPPORTED,
36,36,1200.0,VALID_TARGET,,2.0,173.87878227233887,270.7968940734863,173.87878227233887,272.2226142883301,SUPPORTED,184.0,277.0,128.5,208.0,111.0,138.0,SUPPORTED,translation_median_sparse_flow,9.556808471679688,-3.0897369384765625,338.0,1.4994893074035645,,,SUPPORTED,partial_affine_ransac_sparse_flow,7.373595962940364,-3.9200873883365817,283.0,0.21965358929577053,1.0062456536562014,0.8372781065088757,-1.3612232208251953,0.9733314514160156,-10.918031692504883,4.063068389892578,-105.37618446350098,5.535190582275391,-159.58760511697213,9.545738258091411,path_segment_002,SUPPORTED,,-1.3612232208251953,0.9733314514160156,-9.890367796432741,3.238747275619062,-105.56350192621946,4.122960863331286,-161.86820023009193,8.527711154812332,path_segment_002,SUPPORTED,,-1.3612232208251953,0.9733314514160156,-10.918031692504883,4.063068389892578,-105.37618446350098,5.535190582275391,-159.58760511697213,9.545738258091411,path_segment_002,SUPPORTED,,SUPPORTED,
37,37,1233.3333333333337,VALID_TARGET,,2.0,173.5334243774414,270.37134552001953,173.87878227233887,270.7968940734863,SUPPORTED,183.33333333333331,276.0833333333333,127.83333333333333,206.16666666666666,111.0,139.83333333333334,SUPPORTED,translation_median_sparse_flow,1.1444091796875e-05,0.0,350.0,0.000140000440296717,,,SUPPORTED,partial_affine_ransac_sparse_flow,0.010063332810059267,0.010017874185517629,350.0,0.0056699352280258995,0.9999819969483467,1.0,0.0,-1.42572021484375,-1.1444091796875e-05,-1.42572021484375,-105.37619590759277,4.109470367431641,90.00045990661665,1.1682473342124289,path_segment_002,SUPPORTED,,0.0,-1.42572021484375,-0.00936380599750919,-1.4292845789549915,-105.57286573221697,2.693676284376295,90.37536183918677,1.171193138043874,path_segment_002,SUPPORTED,,0.0,-1.42572021484375,-1.1444091796875e-05,-1.42572021484375,-105.37619590759277,4.109470367431641,90.00045990661665,1.1682473342124289,path_segment_002,SUPPORTED,,SUPPORTED,
38,38,1266.6666666666663,VALID_TARGET,,2.0,171.8082103729248,272.2226142883301,173.77685165405273,270.37134552001953,SUPPORTED,182.66666666666669,275.1666666666667,127.16666666666667,204.33333333333334,111.0,141.66666666666666,SUPPORTED,translation_median_sparse_flow,10.402252197265625,-2.8553619384765625,343.0,1.3777998685836792,,,SUPPORTED,partial_affine_ransac_sparse_flow,7.900102577851392,-3.7092460735720354,290.0,0.1618463836839919,1.006732025743149,0.8454810495626822,-0.10193061828613281,-0.4255485534667969,-10.504182815551758,2.4298133850097656,-115.88037872314453,6.539283752441406,-166.97549907706457,8.834495367589202,path_segment_002,SUPPORTED,,-0.10193061828613281,-0.4255485534667969,-9.236728729544126,1.5018802511215767,-114.8095944617611,4.195556535497872,-170.76460322504718,7.668053140854422,path_segment_002,SUPPORTED,,-0.10193061828613281,-0.4255485534667969,-10.504182815551758,2.4298133850097656,-115.88037872314453,6.539283752441406,-166.97549907706457,8.834495367589202,path_segment_002,SUPPORTED,,SUPPORTED,
39,39,1300.0,VALID_TARGET,,2.0,174.8597640991211,268.7596664428711,174.0632266998291,269.74699783325195,SUPPORTED,182.0,274.25,126.5,202.5,111.0,143.5,SUPPORTED,translation_median_sparse_flow,11.25421142578125,-2.99163818359375,335.0,1.328023910522461,,,SUPPORTED,partial_affine_ransac_sparse_flow,8.811802937893503,-3.9441268034555415,286.0,0.21428640059884868,1.0066888332244257,0.8537313432835821,0.2863750457763672,-0.6243476867675781,-10.967836380004883,2.367290496826172,-126.84821510314941,8.906574249267578,-167.8201622416427,9.194096187246654,path_segment_002,SUPPORTED,,0.2863750457763672,-0.6243476867675781,-9.73254631674655,1.5400804237890497,-124.54214077850764,5.735636959286921,-171.00806029881153,8.07416037001954,path_segment_002,SUPPORTED,,0.2863750457763672,-0.6243476867675781,-10.967836380004883,2.367290496826172,-126.84821510314941,8.906574249267578,-167.8201622416427,9.194096187246654,path_segment_002,SUPPORTED,,SUPPORTED,
40,40,1333.3333333333333,VALID_TARGET,,2.0,174.0632266998291,269.74699783325195,174.8597640991211,268.7596664428711,SUPPORTED,181.33333333333331,273.3333333333333,125.83333333333333,200.66666666666666,111.0,145.33333333333334,SUPPORTED,translation_median_sparse_flow,0.0,6.103515625e-05,350.0,0.003278410993516445,,,SUPPORTED,partial_affine_ransac_sparse_flow,-0.0374371579565392,0.020634240501603247,350.0,0.03228578949550752,1.0000744312440366,1.0,0.7965373992919922,-0.9873313903808594,0.7965373992919922,-0.9873924255371094,-126.05167770385742,7.919181823730469,51.10660260612525,1.0395241871109377,path_segment_002,SUPPORTED,,0.7965373992919922,-0.9873313903808594,0.8140137330847779,-1.02352284463376,-123.72812704542287,4.712114114653161,51.5045636923226,1.071583821184614,path_segment_002,SUPPORTED,,0.7965373992919922,-0.9873313903808594,0.7965373992919922,-0.9873924255371094,-126.05167770385742,7.919181823730469,51.10660260612525,1.0395241871109377,path_segment_002,SUPPORTED,,SUPPORTED,
41,41,1366.6666666666667,VALID_TARGET,,2.0,175.8967800140381,264.12044525146484,175.59539031982422,266.0891227722168,SUPPORTED,180.66666666666669,272.4166666666667,125.16666666666667,198.83333333333334,111.0,147.16666666666666,SUPPORTED,translation_median_sparse_flow,11.421279907226562,-3.299510955810547,332.0,1.575832724571228,,,SUPPORTED,partial_affine_ransac_sparse_flow,8.670732574004496,-4.217324771192947,279.0,0.2191966214699819,1.0074519522262424,0.8403614457831325,0.735626220703125,-2.670543670654297,-10.685653686523438,0.62896728515625,-136.73733139038086,8.548149108886719,-176.63140505561293,8.771070781772456,path_segment_002,SUPPORTED,,0.735626220703125,-2.670543670654297,-9.301530979417635,-0.4147576825292276,-133.0296580248405,4.297356432123934,177.44685754244315,7.629327384905163,path_segment_002,SUPPORTED,,0.735626220703125,-2.670543670654297,-10.685653686523438,0.62896728515625,-136.73733139038086,8.548149108886719,-176.63140505561293,8.771070781772456,path_segment_002,SUPPORTED,,SUPPORTED,
42,42,1400.0,VALID_TARGET,,2.0,175.98839378356934,266.0891227722168,175.77603340148926,265.0255584716797,SUPPORTED,180.0,271.5,124.5,197.0,111.0,149.0,SUPPORTED,translation_median_sparse_flow,5.6739654541015625,-1.6463088989257812,346.0,0.7708525061607361,,,SUPPORTED,partial_affine_ransac_sparse_flow,4.361915435226567,-2.080728259204955,299.0,0.15180648904976757,1.0036598322819246,0.8641618497109826,0.18064308166503906,-1.0635643005371094,-5.493322372436523,0.5827445983886719,-142.23065376281738,9.13089370727539,-173.9445755966717,4.526531940002017,path_segment_002,SUPPORTED,,0.18064308166503906,-1.0635643005371094,-4.880395044101675,0.08059818503630822,-137.91005306894218,4.377954617160242,-179.053864279017,3.9995827284566743,path_segment_002,SUPPORTED,,0.18064308166503906,-1.0635643005371094,-5.493322372436523,0.5827445983886719,-142.23065376281738,9.13089370727539,-173.9445755966717,4.526531940002017,path_segment_002,SUPPORTED,,SUPPORTED,
43,43,1433.3333333333333,VALID_TARGET,,2.0,176.30931282043457,265.0255584716797,175.8967800140381,264.12044525146484,SUPPORTED,180.4,270.04999999999995,123.9,195.2,113.0,149.7,SUPPORTED,translation_median_sparse_flow,5.572296142578125,-1.6798095703125,349.0,0.7148743271827698,,,SUPPORTED,partial_affine_ransac_sparse_flow,4.439717750986747,-2.095952766632507,307.0,0.14452211083116323,1.003309158183078,0.8796561604584527,0.12074661254882812,-0.9051132202148438,-5.451549530029297,0.7746963500976562,-147.68220329284668,9.905590057373047,-171.9120945846185,4.511924703567951,path_segment_002,SUPPORTED,,0.12074661254882812,-0.9051132202148438,-4.916473284235877,0.32432880686434373,-142.82652635317805,4.702283424024586,-176.22579332754006,4.037356455245563,path_segment_002,SUPPORTED,,0.12074661254882812,-0.9051132202148438,-5.451549530029297,0.7746963500976562,-147.68220329284668,9.905590057373047,-171.9120945846185,4.511924703567951,path_segment_002,SUPPORTED,,SUPPORTED,
44,44,1466.6666666666663,VALID_TARGET,,2.0,175.3858871459961,261.97015380859375,175.3858871459961,263.96291732788086,SUPPORTED,180.8,268.6,123.3,193.4,115.0,150.4,SUPPORTED,translation_median_sparse_flow,10.997909545898438,-2.8642807006835938,342.0,1.396169900894165,,,SUPPORTED,partial_affine_ransac_sparse_flow,8.975827276057036,-3.5477818018808294,283.0,0.19869575892351846,1.0058768883206657,0.827485380116959,-0.5108928680419922,-0.15752792358398438,-11.50880241394043,2.7067527770996094,-159.1910057067871,12.612342834472656,-166.76514439085418,9.687718784711564,path_segment_002,SUPPORTED,,-0.5108928680419922,-0.15752792358398438,-10.622219305739662,1.9058539034554656,-153.44874565891772,6.608137327480051,-169.82813813512402,8.842926404324635,path_segment_002,SUPPORTED,,-0.5108928680419922,-0.15752792358398438,-11.50880241394043,2.7067527770996094,-159.1910057067871,12.612342834472656,-166.76514439085418,9.687718784711564,path_segment_002,SUPPORTED,,SUPPORTED,
45,45,1500.0,VALID_TARGET,,2.0,174.3333396911621,262.5698585510254,176.76324462890625,263.9404945373535,SUPPORTED,181.2,267.15,122.7,191.6,117.0,151.1,SUPPORTED,translation_median_sparse_flow,5.653839111328125,-1.2936058044433594,346.0,0.6587300896644592,,,SUPPORTED,partial_affine_ransac_sparse_flow,4.705584525267617,-1.6778745290751815,292.0,0.1572755099929753,1.0028554459958063,0.8439306358381503,1.3773574829101562,-0.02242279052734375,-4.276481628417969,1.2711830139160156,-163.46748733520508,13.883525848388672,-163.4454326817825,3.655719537065796,path_segment_002,SUPPORTED,,1.3773574829101562,-0.02242279052734375,-3.8662032793974674,0.9264215192536085,-157.31494893831518,7.53455884673366,-166.52482862087842,3.2576807477544234,path_segment_002,SUPPORTED,,1.3773574829101562,-0.02242279052734375,-4.276481628417969,1.2711830139160156,-163.46748733520508,13.883525848388672,-163.4454326817825,3.655719537065796,path_segment_002,SUPPORTED,,SUPPORTED,
46,46,1533.3333333333337,VALID_TARGET,,2.0,176.11461448669434,263.96291732788086,178.49031257629395,262.7574577331543,SUPPORTED,181.6,265.70000000000005,122.1,189.8,119.0,151.8,SUPPORTED,translation_median_sparse_flow,6.0136566162109375,-1.3671302795410156,350.0,0.5884476900100708,,,SUPPORTED,partial_affine_ransac_sparse_flow,5.161480372901329,-1.6207475766767774,297.0,0.16683946394933058,1.0024740727127754,0.8485714285714285,1.7270679473876953,-1.1830368041992188,-4.286588668823242,0.18409347534179688,-167.75407600402832,14.067619323730469,-177.54086468084896,3.515705096979513,path_segment_002,SUPPORTED,,1.7270679473876953,-1.1830368041992188,-3.9280552032456626,-0.17757209492248194,-161.24300414156085,7.356986751811178,177.4116429211589,3.221969177483512,path_segment_002,SUPPORTED,,1.7270679473876953,-1.1830368041992188,-4.286588668823242,0.18409347534179688,-167.75407600402832,14.067619323730469,-177.54086468084896,3.515705096979513,path_segment_002,SUPPORTED,,SUPPORTED,
47,47,1566.6666666666667,VALID_TARGET,,2.0,183.69205284118652,264.1046676635742,182.0440845489502,262.5698585510254,SUPPORTED,182.0,264.25,121.5,188.0,121.0,152.5,SUPPORTED,translation_median_sparse_flow,12.753158569335938,-2.7152366638183594,348.0,1.2764800786972046,,,SUPPORTED,partial_affine_ransac_sparse_flow,10.923813518301111,-3.3581702271646545,291.0,0.21437048536540357,1.0053570828013967,0.8362068965517241,3.55377197265625,-0.18759918212890625,-9.199386596679688,2.527637481689453,-176.953462600708,16.595256805419922,-164.63645252616402,7.817418031033277,path_segment_002,SUPPORTED,,3.55377197265625,-0.18759918212890625,-8.443641009261825,1.8427533876010784,-169.68664515082267,9.199740139412256,-167.68871679815908,7.081643928210153,path_segment_002,SUPPORTED,,3.55377197265625,-0.18759918212890625,-9.199386596679688,2.527637481689453,-176.953462600708,16.595256805419922,-164.63645252616402,7.817418031033277,path_segment_002,SUPPORTED,,SUPPORTED,
48,48,1600.0,VALID_TARGET,,2.0,183.60235023498535,256.74352645874023,184.30627250671387,257.1902618408203,SUPPORTED,182.4,262.79999999999995,120.9,186.2,123.0,153.2,SUPPORTED,translation_median_sparse_flow,6.363128662109375,-1.4569435119628906,350.0,0.5728710889816284,,,SUPPORTED,partial_affine_ransac_sparse_flow,5.612645906950868,-1.797418462059382,308.0,0.20144279639983684,1.0024249750979144,0.88,2.262187957763672,-5.379596710205078,-4.100940704345703,-3.9226531982421875,-181.0544033050537,12.672603607177734,136.27292595251208,4.650092824967216,path_segment_002,SUPPORTED,,2.262187957763672,-5.379596710205078,-3.7873689134023607,-4.222052192560341,-173.47401406422503,4.9776879468519155,131.89351977947211,4.647562788307736,path_segment_002,SUPPORTED,,2.262187957763672,-5.379596710205078,-4.100940704345703,-3.9226531982421875,-181.0544033050537,12.672603607177734,136.27292595251208,4.650092824967216,path_segment_002,SUPPORTED,,SUPPORTED,
49,49,1633.3333333333333,VALID_TARGET,,2.0,185.3206043243408,256.759033203125,186.87067985534668,256.3122978210449,SUPPORTED,182.8,261.35,120.3,184.4,125.0,153.9,SUPPORTED,translation_median_sparse_flow,6.4571075439453125,-1.4629020690917969,350.0,0.6403963565826416,,,SUPPORTED,partial_affine_ransac_sparse_flow,5.526960572164099,-1.814482703393075,301.0,0.15876011775958038,1.0026841610339432,0.86,2.5644073486328125,-0.8779640197753906,-3.8927001953125,0.5849380493164062,-184.9471035003662,13.25754165649414,-171.45436475942813,3.2255221453496685,path_segment_002,SUPPORTED,,2.5644073486328125,-0.8779640197753906,-3.47546705109022,0.2592263416048013,-176.94948111531525,5.236914288456717,-175.7343506370958,2.8557380791317097,path_segment_002,SUPPORTED,,2.5644073486328125,-0.8779640197753906,-3.8927001953125,0.5849380493164062,-184.9471035003662,13.25754165649414,-171.45436475942813,3.2255221453496685,path_segment_002,SUPPORTED,,SUPPORTED,
50,50,1666.6666666666667,VALID_TARGET,,2.0,192.8150405883789,253.91789627075195,192.80702590942383,254.87299346923828,SUPPORTED,183.2,259.9,119.7,182.6,127.0,154.6,SUPPORTED,translation_median_sparse_flow,12.6527099609375,-2.7781295776367188,337.0,1.2197381258010864,,,SUPPORTED,partial_affine_ransac_sparse_flow,10.944528666214701,-3.267001712565623,285.0,0.22568453302379118,1.0051190136896133,0.8456973293768546,5.936346054077148,-1.4393043518066406,-6.716363906860352,1.3388252258300781,-191.66346740722656,14.596366882324219,-168.7265539839204,5.611722139733281,path_segment_002,SUPPORTED,,5.936346054077148,-1.4393043518066406,-6.082990945035135,0.6018600856423291,-183.0324720603504,5.838774374099046,-174.3494617656351,5.008792820736387,path_segment_002,SUPPORTED,,5.936346054077148,-1.4393043518066406,-6.716363906860352,1.3388252258300781,-191.66346740722656,14.596366882324219,-168.7265539839204,5.611722139733281,path_segment_002,SUPPORTED,,SUPPORTED,
51,51,1700.0,VALID_TARGET,,2.0,192.8929748535156,254.62034225463867,192.9009895324707,254.46118927001953,SUPPORTED,183.6,258.45000000000005,119.1,180.8,129.0,155.3,SUPPORTED,translation_median_sparse_flow,5.74847412109375,-1.2454299926757812,349.0,0.6715028285980225,,,SUPPORTED,partial_affine_ransac_sparse_flow,4.976970626344855,-1.5234347915227726,296.0,0.17734414429272277,1.0028008714041317,0.8481375358166189,0.093963623046875,-0.41180419921875,-5.654510498046875,0.8336257934570312,-197.31797790527344,15.42999267578125,-171.6134836763888,4.683435707260541,path_segment_002,SUPPORTED,,0.093963623046875,-0.41180419921875,-5.4947295553070035,0.45201585731498994,-188.5272016156574,6.290790231414036,-175.2972360867446,4.517637307118054,path_segment_002,SUPPORTED,,0.093963623046875,-0.41180419921875,-5.654510498046875,0.8336257934570312,-197.31797790527344,15.42999267578125,-171.6134836763888,4.683435707260541,path_segment_002,SUPPORTED,,SUPPORTED,
52,52,1733.3333333333337,VALID_TARGET,,2.0,194.3746223449707,254.7138404846191,194.3746223449707,253.91789627075195,SUPPORTED,184.0,257.0,118.5,179.0,131.0,156.0,SUPPORTED,translation_median_sparse_flow,5.6009521484375,-1.2399444580078125,349.0,0.7117367386817932,,,SUPPORTED,partial_affine_ransac_sparse_flow,4.8117524554898905,-1.509695223384164,293.0,0.1574152435516754,1.0028173060886687,0.839541547277937,1.4736328125,-0.5432929992675781,-4.1273193359375,0.6966514587402344,-201.44529724121094,16.126644134521484,-170.4193321450959,3.429798727204963,path_segment_002,SUPPORTED,,1.4736328125,-0.5432929992675781,-3.9410302106622908,0.294585279175692,-192.46823182631968,6.585375510589728,-175.7251880453524,3.238322868866487,path_segment_002,SUPPORTED,,1.4736328125,-0.5432929992675781,-4.1273193359375,0.6966514587402344,-201.44529724121094,16.126644134521484,-170.4193321450959,3.429798727204963,path_segment_002,SUPPORTED,,SUPPORTED,
53,53,1766.6666666666663,VALID_TARGET,,2.0,196.0236644744873,253.28631591796875,196.0236644744873,253.41005325317383,SUPPORTED,189.25,255.66666666666669,126.0,177.0,126.5,157.33333333333334,SUPPORTED,translation_median_sparse_flow,5.303436279296875,-1.2525978088378906,344.0,0.7446168661117554,,,SUPPORTED,partial_affine_ransac_sparse_flow,4.577179368529053,-1.6148661827039839,283.0,0.17083402203350867,1.0027721940552992,0.8226744186046512,1.6490421295166016,-0.507843017578125,-3.6543941497802734,0.7447547912597656,-205.0996913909912,16.87139892578125,-168.48103298680462,3.0559936409359474,path_segment_002,SUPPORTED,,1.6490421295166016,-0.507843017578125,-3.485248690244248,0.41709815769448255,-195.95348051656393,7.00247366828421,-173.17556754036983,2.8762208100533426,path_segment_002,SUPPORTED,,1.6490421295166016,-0.507843017578125,-3.6543941497802734,0.7447547912597656,-205.0996913909912,16.87139892578125,-168.48103298680462,3.0559936409359474,path_segment_002,SUPPORTED,,SUPPORTED,
54,54,1800.0,VALID_TARGET,,2.0,200.4805507659912,253.10043334960935,200.4805507659912,252.9766960144043,SUPPORTED,194.5,254.33333333333331,133.5,175.0,122.0,158.66666666666666,SUPPORTED,translation_median_sparse_flow,10.268997192382812,-2.7340774536132812,340.0,1.4117445945739746,,,SUPPORTED,partial_affine_ransac_sparse_flow,8.7943159940462,-3.367367997621233,279.0,0.2006253017575013,1.0053703588375447,0.8205882352941176,4.456886291503906,-0.43335723876953125,-5.812110900878906,2.30072021484375,-210.91180229187012,19.172119140625,-158.40389709290093,5.122053740911853,path_segment_002,SUPPORTED,,4.456886291503906,-0.43335723876953125,-5.536943851258485,1.6867291032721994,-201.4904243678224,8.68920277155641,-163.05759759081312,4.7428682250451155,path_segment_002,SUPPORTED,,4.456886291503906,-0.43335723876953125,-5.812110900878906,2.30072021484375,-210.91180229187012,19.172119140625,-158.40389709290093,5.122053740911853,path_segment_002,SUPPORTED,,SUPPORTED,
55,55,1833.3333333333333,VALID_TARGET,,2.0,201.11880493164065,250.5855827331543,201.11880493164062,250.5855827331543,SUPPORTED,199.75,253.0,141.0,173.0,117.5,160.0,SUPPORTED,translation_median_sparse_flow,4.568206787109375,-1.5739288330078125,341.0,0.9220817685127258,,,SUPPORTED,partial_affine_ransac_sparse_flow,3.9371338420700175,-1.8929008043366222,281.0,0.18127443765450196,1.0028570050325885,0.8240469208211144,0.6382541656494141,-2.39111328125,-3.929952621459961,-0.8171844482421875,-214.84175491333008,18.354934692382812,168.2534500021379,3.289118375701709,path_segment_002,SUPPORTED,,0.6382541656494141,-2.39111328125,-3.9543367091458776,-1.1554210180418067,-205.4447610769683,7.533781753514603,163.7121201420305,3.375702332221166,path_segment_002,SUPPORTED,,0.6382541656494141,-2.39111328125,-3.929952621459961,-0.8171844482421875,-214.84175491333008,18.354934692382812,168.2534500021379,3.289118375701709,path_segment_002,SUPPORTED,,SUPPORTED,
56,56,1866.6666666666667,VALID_TARGET,,2.0,205.37832832336423,247.913818359375,205.37832832336426,247.913818359375,SUPPORTED,205.0,251.66666666666669,148.5,171.0,113.0,161.33333333333334,SUPPORTED,translation_median_sparse_flow,4.62701416015625,-1.5996990203857422,348.0,0.7647182941436768,,,SUPPORTED,partial_affine_ransac_sparse_flow,4.023795288802983,-1.9198434238160647,289.0,0.18654398924670307,1.0025396272437541,0.8304597701149425,4.259523391723633,-2.671764373779297,-0.3674907684326172,-1.0720653533935547,-215.2092456817627,17.282869338989258,108.92108176060421,0.9286374078632125,path_segment_002,SUPPORTED,,4.259523391723633,-2.671764373779297,-0.3236770097374233,-1.3492702972791903,-205.76843808670571,6.184511456235413,103.48979626152526,1.1369709654310611,path_segment_002,SUPPORTED,,4.259523391723633,-2.671764373779297,-0.3674907684326172,-1.0720653533935547,-215.2092456817627,17.282869338989258,108.92108176060421,0.9286374078632125,path_segment_002,SUPPORTED,,SUPPORTED,
57,57,1900.0,VALID_TARGET,,2.0,209.66963386535645,245.4307098388672,209.66963386535645,245.4307098388672,SUPPORTED,210.25,250.33333333333331,156.0,169.0,108.5,162.66666666666666,SUPPORTED,translation_median_sparse_flow,9.5238037109375,-3.661224365234375,349.0,1.3142342567443848,,,SUPPORTED,partial_affine_ransac_sparse_flow,8.148855303197843,-4.218958825611626,299.0,0.22769820165074556,1.0052951359062883,0.8567335243553008,4.2913055419921875,-2.4831085205078125,-5.2324981689453125,1.1781158447265625,-220.441743850708,18.46098518371582,-167.3112397468721,4.394887200599946,path_segment_002,SUPPORTED,,4.2913055419921875,-2.4831085205078125,-5.010889370656514,0.47766576998785126,-210.77932745736223,6.662177226223264,-174.55470243494264,4.124578777876158,path_segment_002,SUPPORTED,,4.2913055419921875,-2.4831085205078125,-5.2324981689453125,1.1781158447265625,-220.441743850708,18.46098518371582,-167.3112397468721,4.394887200599946,path_segment_002,SUPPORTED,,SUPPORTED,
58,58,1933.3333333333333,VALID_TARGET,,2.0,213.70546340942383,240.2849884033203,213.70546340942383,240.36038208007812,SUPPORTED,215.5,249.0,163.5,167.0,104.0,164.0,SUPPORTED,translation_median_sparse_flow,4.5467681884765625,-1.698486328125,347.0,0.6969820261001587,,,SUPPORTED,partial_affine_ransac_sparse_flow,3.8800344181399735,-2.056733278031235,294.0,0.18179083270637877,1.0030954916852435,0.8472622478386167,4.035829544067383,-5.0703277587890625,-0.5109386444091797,-3.3718414306640625,-220.9526824951172,15.089143753051758,98.61653819036637,2.7944562306432243,path_segment_002,SUPPORTED,,4.035829544067383,-5.0703277587890625,-0.5816327261754566,-3.6977786324789577,-211.36096018353768,2.9643985937443063,98.93895538682452,3.067244803552476,path_segment_002,SUPPORTED,,4.035829544067383,-5.0703277587890625,-0.5109386444091797,-3.3718414306640625,-220.9526824951172,15.089143753051758,98.61653819036637,2.7944562306432243,path_segment_002,SUPPORTED,,SUPPORTED,
59,59,1966.6666666666663,VALID_TARGET,,2.0,215.8409824371338,239.9774284362793,215.8409824371338,240.01739501953125,SUPPORTED,218.07142857142858,245.85714285714286,167.07142857142858,161.85714285714286,102.0,168.0,SUPPORTED,translation_median_sparse_flow,4.739990234375,-1.6767120361328125,347.0,0.722939133644104,,,SUPPORTED,partial_affine_ransac_sparse_flow,3.9436046716382145,-2.019838654203879,288.0,0.1863017936116021,1.002918570099942,0.829971181556196,2.135519027709961,-0.342987060546875,-2.604471206665039,1.3337249755859375,-223.55715370178223,16.422868728637695,-152.88344519257987,2.3976757505084847,path_segment_002,SUPPORTED,,2.135519027709961,-0.342987060546875,-2.4890864639521055,1.0262887869171777,-213.8500466474898,3.990687380661484,-157.59288981902625,2.206145502061488,path_segment_002,SUPPORTED,,2.135519027709961,-0.342987060546875,-2.604471206665039,1.3337249755859375,-223.55715370178223,16.422868728637695,-152.88344519257987,2.3976757505084847,path_segment_002,SUPPORTED,,SUPPORTED,
60,60,2000.0,VALID_TARGET,,2.0,219.30559158325195,239.884765625,219.30559158325195,239.7771987915039,SUPPORTED,220.64285714285714,242.71428571428572,170.64285714285714,156.71428571428572,100.0,172.0,SUPPORTED,translation_median_sparse_flow,9.245452880859375,-3.33447265625,344.0,1.1861664056777954,,,SUPPORTED,partial_affine_ransac_sparse_flow,8.332665100003103,-3.978569193289774,272.0,0.25861783235782343,1.0047324023950517,0.7906976744186046,3.464609146118164,-0.24019622802734375,-5.780843734741211,3.0942764282226562,-229.33799743652344,19.51714515686035,-151.84146858683707,5.372765131795595,path_segment_002,SUPPORTED,,3.464609146118164,-0.24019622802734375,-5.980329886727816,2.6842237132079276,-219.8303765342176,6.674911093869412,-155.8274501868071,5.371309142654839,path_segment_002,SUPPORTED,,3.464609146118164,-0.24019622802734375,-5.780843734741211,3.0942764282226562,-229.33799743652344,19.51714515686035,-151.84146858683707,5.372765131795595,path_segment_002,SUPPORTED,,SUPPORTED,
61,61,2033.3333333333333,VALID_TARGET,,2.0,221.57466506958008,239.2886619567871,220.9403018951416,239.7771987915039,SUPPORTED,223.21428571428572,239.57142857142858,174.21428571428572,151.57142857142858,98.0,176.0,SUPPORTED,translation_median_sparse_flow,4.115901947021484,-1.715576171875,349.0,0.6880501508712769,,,SUPPORTED,partial_affine_ransac_sparse_flow,3.6396115431736606,-2.0758026872229824,282.0,0.206571715295856,1.0027465441918844,0.8080229226361032,1.6347103118896484,0.0,-2.481191635131836,1.715576171875,-231.81918907165527,21.23272132873535,-145.33876393391148,2.471778662479004,path_segment_002,SUPPORTED,,1.6347103118896484,0.0,-2.696032299774373,1.4984912985476626,-222.52640883399198,8.173402392417074,-150.93410121926576,2.5274558548148853,path_segment_002,SUPPORTED,,1.6347103118896484,0.0,-2.481191635131836,1.715576171875,-231.81918907165527,21.23272132873535,-145.33876393391148,2.471778662479004,path_segment_002,SUPPORTED,,SUPPORTED,
62,62,2066.666666666667,VALID_TARGET,,2.0,224.94682121276855,235.7518424987793,225.15869522094727,239.75625610351562,SUPPORTED,225.78571428571428,236.42857142857144,177.78571428571428,146.42857142857144,96.0,180.0,SUPPORTED,translation_median_sparse_flow,4.142642974853516,-1.6952056884765625,344.0,0.5148851871490479,,,SUPPORTED,partial_affine_ransac_sparse_flow,3.7541356765026888,-1.974347206981608,278.0,0.20053673174952008,1.0021768404748952,0.8081395348837209,4.218393325805664,-0.02094268798828125,0.07575035095214844,1.6742630004882812,-231.74343872070312,22.906984329223633,-87.40947655018869,1.3733088584000974,path_segment_002,SUPPORTED,,4.218393325805664,-0.02094268798828125,-0.06053508077749825,1.471851997982725,-222.58694391476948,9.6452543903998,-92.3551627223491,1.207067728705417,path_segment_002,SUPPORTED,,4.218393325805664,-0.02094268798828125,0.07575035095214844,1.6742630004882812,-231.74343872070312,22.906984329223633,-87.40947655018869,1.3733088584000974,path_segment_002,SUPPORTED,,SUPPORTED,
63,63,2100.0,VALID_TARGET,,2.0,227.47052574157715,241.8791732788086,227.8930149078369,238.76901626586914,SUPPORTED,228.35714285714286,233.28571428571428,181.35714285714286,141.28571428571428,94.0,184.0,SUPPORTED,translation_median_sparse_flow,8.08929443359375,-3.6434326171875,345.0,0.7687813639640808,,,SUPPORTED,partial_affine_ransac_sparse_flow,7.293525616853528,-4.243991796538072,265.0,0.23018532614343973,1.0040390842784477,0.7681159420289855,2.7343196868896484,-0.9872398376464844,-5.354974746704102,2.6561927795410156,-237.09841346740723,25.56317710876465,-153.6175125272145,4.8980563067152145,path_segment_002,SUPPORTED,,2.7343196868896484,-0.9872398376464844,-5.503336319941468,2.320943951944173,-228.09028023471095,11.966198342343972,-157.13319403893072,4.894105194663751,path_segment_002,SUPPORTED,,2.7343196868896484,-0.9872398376464844,-5.354974746704102,2.6561927795410156,-237.09841346740723,25.56317710876465,-153.6175125272145,4.8980563067152145,path_segment_002,SUPPORTED,,SUPPORTED,
64,64,2133.3333333333335,VALID_TARGET,,2.0,231.5412425994873,239.23661041259768,231.5412425994873,235.7518424987793,SUPPORTED,230.92857142857142,230.14285714285714,184.92857142857142,136.14285714285714,92.0,188.0,SUPPORTED,translation_median_sparse_flow,0.0,0.0,350.0,4.31583721365314e-05,,,SUPPORTED,partial_affine_ransac_sparse_flow,-0.003566113406562977,0.0004979390041791137,350.0,0.0020467494119791475,1.0000063991782684,1.0,3.6482276916503906,-3.0171737670898438,3.6482276916503906,-3.0171737670898438,-233.45018577575684,22.546003341674805,39.59158265068404,3.879265869589174,path_segment_002,SUPPORTED,,3.6482276916503906,-3.0171737670898438,3.6492621969010486,-3.0181752350935653,-224.4410180378099,8.948023107250407,39.5929429995791,3.8804420851332857,path_segment_002,SUPPORTED,,3.6482276916503906,-3.0171737670898438,3.6482276916503906,-3.0171737670898438,-233.45018577575684,22.546003341674805,39.59158265068404,3.879265869589174,path_segment_002,SUPPORTED,,SUPPORTED,
65,65,2166.6666666666665,VALID_TARGET,,2.0,239.14891242980957,226.89598083496097,238.86568450927734,226.99901580810547,SUPPORTED,233.5,227.0,188.5,131.0,90.0,192.0,SUPPORTED,translation_median_sparse_flow,7.760887145996094,-3.4426422119140625,336.0,0.8461889624595642,,,SUPPORTED,partial_affine_ransac_sparse_flow,7.149639808264403,-3.914077112837996,278.0,0.2084599040740994,1.0042259691675046,0.8273809523809523,7.324441909790039,-8.752826690673828,-0.4364452362060547,-5.310184478759766,-233.8866310119629,17.23581886291504,94.69859174947888,4.36588254772603,path_segment_002,SUPPORTED,,7.324441909790039,-8.752826690673828,-0.8565833372480256,-5.783063493079368,-225.29760137505792,3.164959614171039,98.42535183724242,4.790391501603321,path_segment_002,SUPPORTED,,7.324441909790039,-8.752826690673828,-0.4364452362060547,-5.310184478759766,-233.8866310119629,17.23581886291504,94.69859174947888,4.36588254772603,path_segment_002,SUPPORTED,,SUPPORTED,
66,66,2200.0,VALID_TARGET,,2.0,239.58037185668945,226.6089859008789,239.86359977722168,226.50595092773438,SUPPORTED,239.0,227.625,190.75,131.25,96.5,192.75,SUPPORTED,translation_median_sparse_flow,3.779796600341797,-1.3989181518554688,335.0,0.548659086227417,,,SUPPORTED,partial_affine_ransac_sparse_flow,3.4944316217701,-1.6177408975111724,273.0,0.18736451468417045,1.0019861277337572,0.8149253731343283,0.9979152679443359,-0.49306488037109375,-2.781881332397461,0.905853271484375,-236.66851234436035,18.141672134399414,-161.96339665824308,2.3973034614283666,path_segment_002,SUPPORTED,,0.9979152679443359,-0.49306488037109375,-3.0377420191260853,0.7441480332865353,-228.335343394184,3.9091076474575743,-166.23545661544424,2.562749577602494,path_segment_002,SUPPORTED,,0.9979152679443359,-0.49306488037109375,-2.781881332397461,0.905853271484375,-236.66851234436035,18.141672134399414,-161.96339665824308,2.3973034614283666,path_segment_002,SUPPORTED,,SUPPORTED,
67,67,2233.3333333333335,VALID_TARGET,,2.0,243.9678840637207,223.64899826049805,243.9678840637207,223.64899826049805,SUPPORTED,244.5,228.25,193.0,131.5,103.0,193.5,SUPPORTED,translation_median_sparse_flow,3.6395492553710938,-1.4370040893554688,350.0,0.33747225999832153,,,SUPPORTED,partial_affine_ransac_sparse_flow,3.3206795261155073,-1.6350164013223922,287.0,0.18034584616605598,1.0019045499949788,0.82,4.104284286499023,-2.856952667236328,0.4647350311279297,-1.4199485778808594,-236.20377731323242,16.721723556518555,71.87724362078795,1.2242502905384463,path_segment_002,SUPPORTED,,4.104284286499023,-2.856952667236328,0.2998165575085636,-1.6247791267935838,-228.03552683667544,2.2843285206639905,79.54495609875548,1.3538348258140136,path_segment_002,SUPPORTED,,4.104284286499023,-2.856952667236328,0.4647350311279297,-1.4199485778808594,-236.20377731323242,16.721723556518555,71.87724362078795,1.2242502905384463,path_segment_002,SUPPORTED,,SUPPORTED,
68,68,2266.6666666666665,VALID_TARGET,,2.0,246.54089546203613,220.95974349975583,246.54089546203613,221.0637321472168,SUPPORTED,250.0,228.875,195.25,131.75,109.5,194.25,SUPPORTED,translation_median_sparse_flow,3.705638885498047,-1.2832183837890625,350.0,0.4313434660434723,,,SUPPORTED,partial_affine_ransac_sparse_flow,3.3483262558981024,-1.4726304887868826,289.0,0.1646960941139179,1.0020055665853544,0.8257142857142857,2.5730113983154297,-2.58526611328125,-1.1326274871826172,-1.3020477294921875,-237.33640480041504,15.419675827026367,131.01941068470336,1.4140848689915346,path_segment_002,SUPPORTED,,2.5730113983154297,-2.58526611328125,-1.327642189671792,-1.4923989679467695,-229.36316902634724,0.791929552717221,131.65637873369573,1.6367444197095984,path_segment_002,SUPPORTED,,2.5730113983154297,-2.58526611328125,-1.1326274871826172,-1.3020477294921875,-237.33640480041504,15.419675827026367,131.01941068470336,1.4140848689915346,path_segment_002,SUPPORTED,,SUPPORTED,
69,69,2300.0,VALID_TARGET,,2.0,252.9348182678223,220.82954025268555,252.90567779541016,221.0637321472168,SUPPORTED,255.5,229.5,197.5,132.0,116.0,195.0,SUPPORTED,translation_median_sparse_flow,6.682529449462891,-2.368072509765625,345.0,0.705092191696167,,,SUPPORTED,partial_affine_ransac_sparse_flow,6.1561100300773575,-2.9002662964346273,281.0,0.22449461463902037,1.0039587860881303,0.8144927536231884,6.364782333374023,0.0,-0.3177471160888672,2.368072509765625,-237.6541519165039,17.787748336791992,-97.6422808746209,1.9578087594380376,path_segment_002,SUPPORTED,,6.364782333374023,0.0,-0.8091201015010938,2.0717370220685325,-230.17228912784833,2.8636665747857535,-111.3332078730934,1.8224739700144608,path_segment_002,SUPPORTED,,6.364782333374023,0.0,-0.3177471160888672,2.368072509765625,-237.6541519165039,17.787748336791992,-97.6422808746209,1.9578087594380376,path_segment_002,SUPPORTED,,SUPPORTED,
70,70,2333.3333333333335,VALID_TARGET,,2.0,253.12126541137695,220.69738388061523,253.12126541137695,220.95974349975586,SUPPORTED,257.7,228.95000000000002,200.5,131.3,114.4,195.3,SUPPORTED,translation_median_sparse_flow,0.00018310546875,0.010023355484008789,350.0,0.031222227960824966,,,SUPPORTED,partial_affine_ransac_sparse_flow,0.0540608320535788,0.07807818660817517,350.0,0.07484579069831362,0.9999356679500839,1.0,0.21558761596679688,-0.1039886474609375,0.21540451049804688,-0.11401200294494629,-237.43874740600586,17.673736333847046,27.89193565674264,0.1997035647740699,path_segment_002,SUPPORTED,,0.21558761596679688,-0.1039886474609375,0.1621352954789188,-0.14992677384995545,-230.0101538323694,2.713739800935798,42.75961165850399,0.18094999506087667,path_segment_002,SUPPORTED,,0.21558761596679688,-0.1039886474609375,0.21540451049804688,-0.11401200294494629,-237.43874740600586,17.673736333847046,27.89193565674264,0.1997035647740699,path_segment_002,SUPPORTED,,SUPPORTED,
71,71,2366.6666666666665,VALID_TARGET,,2.0,255.6969318389893,222.27549362182617,254.01253700256348,220.82954025268555,SUPPORTED,259.9,228.39999999999998,203.5,130.6,112.8,195.6,SUPPORTED,translation_median_sparse_flow,2.998014450073242,-0.9763717651367188,350.0,0.49957484006881714,,,SUPPORTED,partial_affine_ransac_sparse_flow,2.220324878414499,-1.0878253248273178,304.0,0.3562809911489601,1.0028614652850512,0.8685714285714285,0.8912715911865234,-0.1302032470703125,-2.1067428588867188,0.8461685180664062,-239.54549026489258,18.519904851913452,-158.11724987077312,1.8603220976885098,path_segment_002,SUPPORTED,,0.8912715911865234,-0.1302032470703125,-2.2439202366813333,0.5438504144604508,-232.25407406905074,3.257590215396249,-166.37614632777564,1.8919203514214753,path_segment_002,SUPPORTED,,0.8912715911865234,-0.1302032470703125,-2.1067428588867188,0.8461685180664062,-239.54549026489258,18.519904851913452,-158.11724987077312,1.8603220976885098,path_segment_002,SUPPORTED,,SUPPORTED,
72,72,2400.0,VALID_TARGET,,2.0,259.64569664001465,220.9057731628418,258.54930877685547,220.24461364746094,SUPPORTED,262.1,227.85000000000002,206.5,129.9,111.2,195.9,SUPPORTED,translation_median_sparse_flow,5.671180725097656,-1.5593605041503906,346.0,0.5766417980194092,,,SUPPORTED,partial_affine_ransac_sparse_flow,5.196797859375089,-2.0129385847544783,281.0,0.18909130655348172,1.0030455536045746,0.8121387283236994,4.536771774291992,-0.5849266052246094,-1.134408950805664,0.9744338989257812,-240.67989921569824,19.494338750839233,-139.33810120136053,1.2253939376298506,path_segment_002,SUPPORTED,,4.536771774291992,-0.5849266052246094,-1.5118669540353835,0.8454835145598452,-233.76594102308613,4.103073729956094,-150.78470776918329,1.4193953895584355,path_segment_002,SUPPORTED,,4.536771774291992,-0.5849266052246094,-1.134408950805664,0.9744338989257812,-240.67989921569824,19.494338750839233,-139.33810120136053,1.2253939376298506,path_segment_002,SUPPORTED,,SUPPORTED,
73,73,2433.333333333333,VALID_TARGET,,2.0,260.1379089355469,219.7860450744629,261.5347080230713,219.7860450744629,SUPPORTED,264.3,227.29999999999998,209.5,129.2,109.6,196.2,SUPPORTED,translation_median_sparse_flow,0.000408172607421875,0.0059051513671875,350.0,0.03499756008386612,,,SUPPORTED,partial_affine_ransac_sparse_flow,0.030717517363986077,0.04321699700721137,350.0,0.05067530802317249,0.9999804766693532,1.0,2.9853992462158203,-0.4585685729980469,2.9849910736083984,-0.4644737243652344,-237.69490814208984,19.029865026474,8.844471651193079,2.475360883159734,path_segment_002,SUPPORTED,,2.9853992462158203,-0.4585685729980469,2.9585762518488536,-0.4961318669271577,-230.80736477123727,3.6069418630289363,9.519515482951089,2.4581328189323792,path_segment_002,SUPPORTED,,2.9853992462158203,-0.4585685729980469,2.9849910736083984,-0.4644737243652344,-237.69490814208984,19.029865026474,8.844471651193079,2.475360883159734,path_segment_002,SUPPORTED,,SUPPORTED,
74,74,2466.666666666667,VALID_TARGET,,2.0,262.19983291625977,219.051570892334,261.5347080230713,219.05157089233398,SUPPORTED,266.5,226.75,212.5,128.5,108.0,196.5,SUPPORTED,translation_median_sparse_flow,2.591156005859375,-0.7248382568359375,349.0,0.2900378108024597,,,SUPPORTED,partial_affine_ransac_sparse_flow,1.9883983961030014,-0.798435074847939,317.0,0.26733073215719977,1.0020305070347366,0.9083094555873925,0.0,-0.7344741821289062,-2.591156005859375,-0.00963592529296875,-240.28606414794922,19.02022910118103,179.78693088925422,2.1232300672166287,path_segment_002,SUPPORTED,,0.0,-0.7344741821289062,-2.6660378372486093,-0.2077616441678174,-233.47340260848588,3.399180218861119,175.54400334877175,2.1911975392065806,path_segment_002,SUPPORTED,,0.0,-0.7344741821289062,-2.591156005859375,-0.00963592529296875,-240.28606414794922,19.02022910118103,179.78693088925422,2.1232300672166287,path_segment_002,SUPPORTED,,SUPPORTED,
75,75,2500.0,VALID_TARGET,,2.0,268.9335136413574,215.59946823120117,268.55680084228516,216.38558959960938,SUPPORTED,268.7,226.2,215.5,127.8,106.4,196.8,SUPPORTED,translation_median_sparse_flow,4.715065002441406,-1.3359527587890625,344.0,0.32840198278427124,,,SUPPORTED,partial_affine_ransac_sparse_flow,4.40468830179838,-1.4943159775044736,284.0,0.1491078569973704,1.0018929986491418,0.8255813953488372,7.022092819213867,-2.6659812927246094,2.307027816772461,-1.3300285339355469,-237.97903633117676,17.690200567245483,29.963952158352225,2.1820517752993758,path_segment_002,SUPPORTED,,7.022092819213867,-2.6659812927246094,2.0731771481127907,-1.5276430119706106,-231.4002254603731,1.8715372068905083,36.38504674236159,2.1101570655655144,path_segment_002,SUPPORTED,,7.022092819213867,-2.6659812927246094,2.307027816772461,-1.3300285339355469,-237.97903633117676,17.690200567245483,29.963952158352225,2.1820517752993758,path_segment_002,SUPPORTED,,SUPPORTED,
76,76,2533.333333333333,VALID_TARGET,,2.0,267.9839611053467,216.38558959960935,269.44258880615234,215.59946823120117,SUPPORTED,270.9,225.64999999999998,218.5,127.1,104.8,197.1,SUPPORTED,translation_median_sparse_flow,0.0002384185791015625,0.007825851440429688,350.0,0.028738193213939667,,,SUPPORTED,partial_affine_ransac_sparse_flow,-0.013052158408687849,0.01723980688118012,350.0,0.04002320436798776,1.000088746018764,1.0,0.8857879638671875,-0.7861213684082031,0.8855495452880859,-0.7939472198486328,-237.09348678588867,16.89625334739685,41.87809365465173,0.9745624439054269,path_segment_002,SUPPORTED,,0.8857879638671875,-0.7861213684082031,0.8721141390185494,-0.8189744261423471,-230.52811132135454,1.0525627807481612,43.200165388595465,0.9803161514058915,path_segment_002,SUPPORTED,,0.8857879638671875,-0.7861213684082031,0.8855495452880859,-0.7939472198486328,-237.09348678588867,16.89625334739685,41.87809365465173,0.9745624439054269,path_segment_002,SUPPORTED,,SUPPORTED,
77,77,2566.666666666667,VALID_TARGET,,2.0,270.55076026916504,213.31427001953125,270.55076026916504,213.31427001953125,SUPPORTED,273.1,225.10000000000002,221.5,126.4,103.2,197.4,SUPPORTED,translation_median_sparse_flow,2.2763309478759766,-0.4937019348144531,349.0,0.06188853457570076,,,SUPPORTED,partial_affine_ransac_sparse_flow,1.973204440069687,-0.41141842648218785,327.0,0.18397044739905197,1.0006124190062626,0.9369627507163324,1.1081714630126953,-2.285198211669922,-1.1681594848632812,-1.7914962768554688,-238.26164627075195,15.104757070541382,123.10668233874509,1.7524724765049067,path_segment_002,SUPPORTED,,1.1081714630126953,-2.285198211669922,-1.1352734379646563,-1.874243033475551,-231.6633847593192,-0.8216802527273899,121.20428322504402,1.7955394868278014,path_segment_002,SUPPORTED,,1.1081714630126953,-2.285198211669922,-1.1681594848632812,-1.7914962768554688,-238.26164627075195,15.104757070541382,123.10668233874509,1.7524724765049067,path_segment_002,SUPPORTED,,SUPPORTED,
78,78,2600.0,VALID_TARGET,,2.0,274.17996978759766,210.96137237548828,274.17996978759766,211.69446563720703,SUPPORTED,275.3,224.55,224.5,125.7,101.6,197.7,SUPPORTED,translation_median_sparse_flow,4.531219482421875,-0.6761627197265625,349.0,0.1486848145723343,,,SUPPORTED,partial_affine_ransac_sparse_flow,4.579472241308037,-0.6239730636974204,289.0,0.09525196859080484,0.999868318248306,0.828080229226361,3.629209518432617,-1.6198043823242188,-0.9020099639892578,-0.9436416625976562,-239.1636562347412,14.161115407943726,133.70781887471986,1.0696598139434053,path_segment_002,SUPPORTED,,3.629209518432617,-1.6198043823242188,-0.917984245260584,-0.963495165161504,-232.58136900457978,-1.785175417888894,133.6143482475482,1.09046562529279,path_segment_002,SUPPORTED,,3.629209518432617,-1.6198043823242188,-0.9020099639892578,-0.9436416625976562,-239.1636562347412,14.161115407943726,133.70781887471986,1.0696598139434053,path_segment_002,SUPPORTED,,SUPPORTED,
79,79,2633.3333333333335,VALID_TARGET,,2.0,274.5594310760498,211.69446563720703,274.5594310760498,211.58822631835938,SUPPORTED,277.5,224.0,227.5,125.0,100.0,198.0,SUPPORTED,translation_median_sparse_flow,-0.00699615478515625,-0.0459747314453125,350.0,0.05673311650753021,,,SUPPORTED,partial_affine_ransac_sparse_flow,-0.00521221082306916,-0.07697486398208225,350.0,0.06031354501026236,1.000015458956121,1.0,0.37946128845214844,-0.10623931884765625,0.3864574432373047,-0.06026458740234375,-238.7771987915039,14.100850820541382,8.863379819316087,0.3204936939681098,path_segment_002,SUPPORTED,,0.37946128845214844,-0.10623931884765625,0.40494360211931735,-0.0642760456244389,-232.17642540246047,-1.8494514635133328,9.01922352858847,0.3359682285917537,path_segment_002,SUPPORTED,,0.37946128845214844,-0.10623931884765625,0.3864574432373047,-0.06026458740234375,-238.7771987915039,14.100850820541382,8.863379819316087,0.3204936939681098,path_segment_002,SUPPORTED,,SUPPORTED,
80,80,2666.6666666666665,VALID_TARGET,,2.0,276.5985279083252,211.49354553222656,276.5985279083252,211.18564987182617,SUPPORTED,277.0,224.07142857142856,224.78571428571428,123.71428571428571,104.42857142857143,200.71428571428572,SUPPORTED,translation_median_sparse_flow,2.3359947204589844,-0.07427978515625,350.0,0.12973764538764954,,,SUPPORTED,partial_affine_ransac_sparse_flow,1.9734235977537544,-0.029029979510909385,322.0,0.16395144774189052,1.0008287574827273,0.92,2.0390968322753906,-0.4025764465332031,-0.29689788818359375,-0.3282966613769531,-239.0740966796875,13.772554159164429,132.12488388699703,0.36270011674213626,path_segment_002,SUPPORTED,,2.0390968322753906,-0.4025764465332031,-0.27808733842965694,-0.3980110591640482,-232.45451274089012,-2.247462522677381,124.94171095977246,0.3978524879554692,path_segment_002,SUPPORTED,,2.0390968322753906,-0.4025764465332031,-0.29689788818359375,-0.3282966613769531,-239.0740966796875,13.772554159164429,132.12488388699703,0.36270011674213626,path_segment_002,SUPPORTED,,SUPPORTED,
81,81,2700.0,VALID_TARGET,,2.0,279.7298278808594,211.73747634887695,279.7298278808594,211.58822631835938,SUPPORTED,276.5,224.14285714285714,222.07142857142858,122.42857142857143,108.85714285714286,203.42857142857142,SUPPORTED,translation_median_sparse_flow,2.4953994750976562,-0.00164794921875,349.0,0.09854407608509064,,,SUPPORTED,partial_affine_ransac_sparse_flow,2.2226154294648,0.0698083823619442,326.0,0.2238501186738065,1.000293506804003,0.9340974212034384,3.1312999725341797,0.4025764465332031,0.6359004974365234,0.4042243957519531,-238.43819618225098,14.176778554916382,-32.44299410057931,0.6174268191211242,path_segment_002,SUPPORTED,,3.1312999725341797,0.4025764465332031,0.7526442532054034,0.3688626200610656,-231.70186848768472,-1.8785999026163154,-26.10896286212662,0.6868056468246688,path_segment_002,SUPPORTED,,3.1312999725341797,0.4025764465332031,0.6359004974365234,0.4042243957519531,-238.43819618225098,14.176778554916382,-32.44299410057931,0.6174268191211242,path_segment_002,SUPPORTED,,SUPPORTED,
82,82,2733.3333333333335,VALID_TARGET,,2.0,283.4839038848877,210.0075798034668,283.4839038848877,212.11532974243164,SUPPORTED,276.0,224.21428571428572,219.35714285714286,121.14285714285714,113.28571428571428,206.14285714285714,SUPPORTED,translation_median_sparse_flow,2.61126708984375,-0.0030374526977539062,350.0,0.09379548579454422,,,SUPPORTED,partial_affine_ransac_sparse_flow,2.349922333176465,0.06004658074917729,322.0,0.1663049985024973,1.0003807014664854,0.92,3.7540760040283203,0.5271034240722656,1.1428089141845703,0.5301408767700195,-237.2953872680664,14.706919431686401,-24.886247967375457,1.0322796792156026,path_segment_002,SUPPORTED,,3.7540760040283203,0.5271034240722656,1.2211588803413065,0.48768121827822597,-230.4807096073434,-1.3909186843380894,-21.7697589914433,1.077471451920842,path_segment_002,SUPPORTED,,3.7540760040283203,0.5271034240722656,1.1428089141845703,0.5301408767700195,-237.2953872680664,14.706919431686401,-24.886247967375457,1.0322796792156026,path_segment_002,SUPPORTED,,SUPPORTED,
83,83,2766.6666666666665,VALID_TARGET,,2.0,285.7223129272461,214.5804100036621,285.7223129272461,214.5804100036621,SUPPORTED,275.5,224.28571428571428,216.64285714285714,119.85714285714286,117.71428571428571,208.85714285714286,SUPPORTED,translation_median_sparse_flow,2.8940048217773438,-0.007879257202148438,350.0,0.13230299949645996,,,SUPPORTED,partial_affine_ransac_sparse_flow,2.9025251561687964,0.03181643438637468,314.0,0.11267208709525903,0.9999321299918982,0.8971428571428571,2.2384090423583984,2.4650802612304688,-0.6555957794189453,2.472959518432617,-237.95098304748535,17.17987895011902,-104.84788818019712,2.09636267131852,path_segment_002,SUPPORTED,,2.2384090423583984,2.4650802612304688,-0.6602457877343682,2.468202693533584,-231.14095539507778,1.0772840091954947,-104.97601846595504,2.0935766645847296,path_segment_002,SUPPORTED,,2.2384090423583984,2.4650802612304688,-0.6555957794189453,2.472959518432617,-237.95098304748535,17.17987895011902,-104.84788818019712,2.09636267131852,path_segment_002,SUPPORTED,,SUPPORTED,
84,84,2800.0,VALID_TARGET,,2.0,288.62621688842773,216.2256965637207,288.62621688842773,214.81365585327148,SUPPORTED,275.0,224.35714285714286,213.92857142857142,118.57142857142857,122.14285714285714,211.57142857142858,SUPPORTED,translation_median_sparse_flow,3.4514236450195312,-0.005367279052734375,349.0,0.07487022131681442,,,SUPPORTED,partial_affine_ransac_sparse_flow,3.446978774423325,0.0006870402672102929,316.0,0.0711268641049515,0.9998962793650142,0.9054441260744985,2.9039039611816406,0.233245849609375,-0.5475196838378906,0.23861312866210938,-238.49850273132324,17.418492078781128,-156.45207157428896,0.48939619272720675,path_segment_002,SUPPORTED,,2.9039039611816406,0.233245849609375,-0.5315493411630428,0.27893129794395577,-231.67250473624082,1.3562153071394505,-152.3116912872642,0.49188227191865785,path_segment_002,SUPPORTED,,2.9039039611816406,0.233245849609375,-0.5475196838378906,0.23861312866210938,-238.49850273132324,17.418492078781128,-156.45207157428896,0.48939619272720675,path_segment_002,SUPPORTED,,SUPPORTED,
85,85,2833.3333333333335,VALID_TARGET,,2.0,290.0638847351074,217.08683013916016,290.0638847351074,216.2256965637207,SUPPORTED,274.5,224.42857142857144,211.21428571428572,117.28571428571429,126.57142857142857,214.28571428571428,SUPPORTED,translation_median_sparse_flow,3.4332275390625e-05,0.0,350.0,0.0002259060856886208,,,SUPPORTED,partial_affine_ransac_sparse_flow,0.017168707214178628,0.0048726982732151085,350.0,0.0130931118726135,0.999966808306256,1.0,1.4376678466796875,1.4120407104492188,1.4376335144042969,1.4120407104492188,-237.06086921691895,18.830532789230347,-44.48544285613443,1.6511944552802469,path_segment_002,SUPPORTED,,1.4376678466796875,1.4120407104492188,1.428950425229914,1.4158145942132307,-230.2435543110109,2.7720299013526812,-44.735436029524045,1.648301001164541,path_segment_002,SUPPORTED,,1.4376678466796875,1.4120407104492188,1.4376335144042969,1.4120407104492188,-237.06086921691895,18.830532789230347,-44.48544285613443,1.6511944552802469,path_segment_002,SUPPORTED,,SUPPORTED,
86,86,2866.6666666666665,VALID_TARGET,,2.0,293.535457611084,214.81365585327148,291.7996711730957,216.5487289428711,SUPPORTED,274.0,224.5,208.5,116.0,131.0,217.0,SUPPORTED,translation_median_sparse_flow,4.5741119384765625,-0.008787155151367188,350.0,0.16413694620132446,,,SUPPORTED,partial_affine_ransac_sparse_flow,4.55174484770292,0.00034805248480603755,307.0,0.16844495269520227,0.9999847331675876,0.8771428571428571,1.7357864379882812,0.3230323791503906,-2.8383255004882812,0.3318195343017578,-239.89919471740723,19.162352323532104,-173.33200180324698,2.3415874781889516,path_segment_002,SUPPORTED,,1.7357864379882812,0.3230323791503906,-2.8125509983030383,0.3273549993811571,-233.05610530931395,3.0993849007338383,-173.36117042936735,2.3201860086184376,path_segment_002,SUPPORTED,,1.7357864379882812,0.3230323791503906,-2.8383255004882812,0.3318195343017578,-239.89919471740723,19.162352323532104,-173.33200180324698,2.3415874781889516,path_segment_002,SUPPORTED,,SUPPORTED,
87,87,2900.0,VALID_TARGET,,2.0,300.8297882080078,216.9545631408691,293.535457611084,216.87176132202148,SUPPORTED,280.875,225.375,216.5,115.75,128.75,219.25,SUPPORTED,translation_median_sparse_flow,5.317359924316406,-0.014879226684570312,346.0,0.26676690578460693,,,SUPPORTED,partial_affine_ransac_sparse_flow,5.350333050828735,0.1206755207683807,310.0,0.23136499461037505,0.9995500863088627,0.8959537572254336,1.7357864379882812,0.3230323791503906,-3.581573486328125,0.33791160583496094,-243.48076820373535,19.500263929367065,-174.6102551318944,2.947804793758562,path_segment_002,SUPPORTED,,1.7357864379882812,0.3230323791503906,-3.527637836739757,0.35959447463017113,-236.5837431460537,3.4589793753640095,-174.17958264488396,2.905555808200358,path_segment_002,SUPPORTED,,1.7357864379882812,0.3230323791503906,-3.581573486328125,0.33791160583496094,-243.48076820373535,19.500263929367065,-174.6102551318944,2.947804793758562,path_segment_002,SUPPORTED,,SUPPORTED,
88,88,2933.333333333333,TARGET_IDENTITY_UNCERTAIN,TARGET_OVERLAP_AMBIGUOUS: another detected person overlaps or is too close to the selected pose for automated identity acceptance.,,306.2916069030762,221.7314720153809,,,,287.75,226.25,224.5,115.5,126.5,221.5,,,,,,,,,,,,,,,,,,,,,,,,,,,,,,,,,,,,,,,,,,,,,,,,,,,
89,89,2966.666666666667,INVALID_TRACK_SEGMENT,Valid-looking pose segment is too short to establish target identity continuity.,,311.6161918640137,214.2245407104492,,,,294.625,227.125,232.5,115.25,124.25,223.75,,,,,,,,,,,,,,,,,,,,,,,,,,,,,,,,,,,,,,,,,,,,,,,,,,,
90,90,3000.0,INVALID_TRACK_SEGMENT,Valid-looking pose segment is too short to establish target identity continuity.,,319.1307373046875,206.4368896484375,,,,301.5,228.0,240.5,115.0,122.0,226.0,,,,,,,,,,,,,,,,,,,,,,,,,,,,,,,,,,,,,,,,,,,,,,,,,,,
91,91,3033.333333333333,TARGET_IDENTITY_UNCERTAIN,Temporal/body-scale discontinuity suggests target identity uncertainty.,,315.69078254699707,263.76773834228516,,,,305.6666666666667,227.41666666666669,246.33333333333334,115.16666666666667,118.66666666666667,224.5,,,,,,,,,,,,,,,,,,,,,,,,,,,,,,,,,,,,,,,,,,,,,,,,,,,
92,92,3066.666666666667,INVALID_TRACK_SEGMENT,Valid-looking pose segment is too short to establish target identity continuity.,,321.8311939239502,210.0966110229492,,,,309.8333333333333,226.83333333333331,252.16666666666666,115.33333333333333,115.33333333333333,223.0,,,,,,,,,,,,,,,,,,,,,,,,,,,,,,,,,,,,,,,,,,,,,,,,,,,
93,93,3100.0,INVALID_TRACK_SEGMENT,Valid-looking pose segment is too short to establish target identity continuity.,,330.58295822143555,208.34045791625977,,,,314.0,226.25,258.0,115.5,112.0,221.5,,,,,,,,,,,,,,,,,,,,,,,,,,,,,,,,,,,,,,,,,,,,,,,,,,,
94,94,3133.3333333333335,INVALID_TRACK_SEGMENT,Valid-looking pose segment is too short to establish target identity continuity.,,335.94415855407715,212.5383338928223,,,,318.16666666666663,225.66666666666669,263.8333333333333,115.66666666666667,108.66666666666667,220.0,,,,,,,,,,,,,,,,,,,,,,,,,,,,,,,,,,,,,,,,,,,,,,,,,,,
95,95,3166.6666666666665,TARGET_IDENTITY_UNCERTAIN,TARGET_OVERLAP_AMBIGUOUS: another detected person overlaps or is too close to the selected pose for automated identity acceptance.,,336.119665145874,217.11096954345703,,,,322.33333333333337,225.08333333333331,269.6666666666667,115.83333333333333,105.33333333333333,218.5,,,,,,,,,,,,,,,,,,,,,,,,,,,,,,,,,,,,,,,,,,,,,,,,,,,
96,96,3200.0,TARGET_IDENTITY_UNCERTAIN,TARGET_OVERLAP_AMBIGUOUS: another detected person overlaps or is too close to the selected pose for automated identity acceptance.,,340.21092224121094,215.86024475097656,,,,326.5,224.5,275.5,116.0,102.0,217.0,,,,,,,,,,,,,,,,,,,,,,,,,,,,,,,,,,,,,,,,,,,,,,,,,,,
97,97,3233.3333333333335,VALID_TARGET,,3.0,342.544527053833,210.0001640319824,342.544527053833,211.8291015625,SUPPORTED,327.75,222.0,282.0,115.5,91.5,213.0,SUPPORTED,translation_median_sparse_flow,47.09901428222656,-1.881439208984375,345.0,0.8699776530265808,,,SUPPORTED,partial_affine_ransac_sparse_flow,47.78980007540849,-1.3967930879577934,236.0,0.294698092279547,0.9973741175424273,0.6840579710144927,,,,,0.0,0.0,,,path_segment_003,SUPPORTED,,,,,,0.0,0.0,,,path_segment_003,SUPPORTED,,,,,,0.0,0.0,,,path_segment_003,SUPPORTED,,SUPPORTED,
98,98,3266.6666666666665,VALID_TARGET,,3.0,343.575475692749,211.8291015625,341.88968086242676,214.05702018737793,SUPPORTED,329.0,219.5,288.5,115.0,81.0,209.0,SUPPORTED,translation_median_sparse_flow,1.8935089111328125,-0.5295829772949219,350.0,0.09657436609268188,,,SUPPORTED,partial_affine_ransac_sparse_flow,1.6691331672731968,-0.4899887755159125,341.0,0.1429847148235039,1.000402105158543,0.9742857142857143,-0.65484619140625,2.2279186248779297,-2.5483551025390625,2.7575016021728516,-2.5483551025390625,2.7575016021728516,-132.74268101437568,3.076650384659717,path_segment_003,SUPPORTED,,-0.65484619140625,2.2279186248779297,-2.5142269640168706,2.7176640756461268,-2.5142269640168706,2.7176640756461268,-132.7732298744797,3.0336973779552063,path_segment_003,SUPPORTED,,-0.65484619140625,2.2279186248779297,-2.5483551025390625,2.7575016021728516,-2.5483551025390625,2.7575016021728516,-132.74268101437568,3.076650384659717,path_segment_003,SUPPORTED,,SUPPORTED,
99,99,3300.0,VALID_TARGET,,3.0,341.2348346710205,218.16316604614255,341.2348346710205,216.28493881225586,SUPPORTED,325.75,225.25,289.0,117.0,73.5,216.5,SUPPORTED,translation_median_sparse_flow,0.4997406005859375,-0.499845027923584,350.0,0.013153918087482452,,,SUPPORTED,partial_affine_ransac_sparse_flow,0.42079427227226096,-0.4240671908400964,341.0,0.05464442738946451,1.0001200906087442,0.9742857142857143,-0.65484619140625,2.2279186248779297,-1.1545867919921875,2.7277636528015137,-3.70294189453125,5.485265254974365,-112.94159448127373,2.4271325543904596,path_segment_003,SUPPORTED,,-0.65484619140625,2.2279186248779297,-1.155827886445934,2.688789808920234,-3.6700548504628046,5.406453884566361,-113.26137900472021,2.3981568231951007,path_segment_003,SUPPORTED,,-0.65484619140625,2.2279186248779297,-1.1545867919921875,2.7277636528015137,-3.70294189453125,5.485265254974365,-112.94159448127373,2.4271325543904596,path_segment_003,SUPPORTED,,SUPPORTED,
100,100,3333.3333333333335,VALID_TARGET,,3.0,337.66944313049316,216.28493881225583,338.7528553009033,216.28493881225586,SUPPORTED,322.5,231.0,289.5,119.0,66.0,224.0,SUPPORTED,translation_median_sparse_flow,0.0,0.0,350.0,0.0,,,SUPPORTED,partial_affine_ransac_sparse_flow,-2.691846189504871e-06,-1.4238851250910918e-06,350.0,1.903717939978271e-06,1.0000000097725217,1.0,-2.4819793701171875,0.0,-2.4819793701171875,0.0,-6.1849212646484375,5.485265254974365,-180.0,2.033755117187569,path_segment_003,SUPPORTED,,-2.4819793701171875,0.0,-2.4819795572909698,-1.4087340218793543e-06,-6.152034407753774,5.406452475832339,179.99996747978295,2.033755270559694,path_segment_003,SUPPORTED,,-2.4819793701171875,0.0,-2.4819793701171875,0.0,-6.1849212646484375,5.485265254974365,-180.0,2.033755117187569,path_segment_003,SUPPORTED,,SUPPORTED,
101,101,3366.6666666666665,VALID_TARGET,,3.0,338.7528553009033,217.21825408935547,337.66944313049316,216.28493881225586,SUPPORTED,320.33720930232556,231.01162790697674,287.1046511627907,119.95348837209302,66.46511627906976,222.11627906976744,SUPPORTED,translation_median_sparse_flow,-0.40996551513671875,-0.12419891357421875,350.0,0.915810227394104,,,SUPPORTED,partial_affine_ransac_sparse_flow,0.8084025665327345,0.3718318175670403,340.0,0.11351487678303573,0.99553607844784,0.9714285714285714,-1.0834121704101562,0.0,-0.6734466552734375,0.12419891357421875,-6.858367919921875,5.609464168548584,-169.55076222412873,0.5611338036028476,path_segment_003,SUPPORTED,,-1.0834121704101562,0.0,-0.3857140545217135,0.6031474535052155,-6.537748462275488,6.009599929337554,-122.59899985636383,0.5866428359081403,path_segment_003,SUPPORTED,,-1.0834121704101562,0.0,-0.6734466552734375,0.12419891357421875,-6.858367919921875,5.609464168548584,-169.55076222412873,0.5611338036028476,path_segment_003,SUPPORTED,,SUPPORTED,
102,102,3400.0,VALID_TARGET,,3.0,334.55630111694336,210.5289421081543,336.1209592819214,213.40694046020508,SUPPORTED,318.1744186046512,231.02325581395348,284.7093023255814,120.90697674418605,66.93023255813954,220.2325581395349,SUPPORTED,translation_median_sparse_flow,-0.43741607666015625,0.34325408935546875,350.0,1.6082665920257568,,,SUPPORTED,partial_affine_ransac_sparse_flow,1.6428103525646396,1.3280399642158278,347.0,0.13483251626899007,0.9906483043970152,0.9914285714285714,-1.5484838485717773,-2.8779983520507812,-1.111067771911621,-3.22125244140625,-7.969435691833496,2.388211727142334,109.0302328999157,2.7921205231284922,path_segment_003,SUPPORTED,,-1.5484838485717773,-2.8779983520507812,0.036584093392946215,-2.2928043347625646,-6.501164368882542,3.7167955945749895,89.0858634306074,1.8789826202740834,path_segment_003,SUPPORTED,,-1.5484838485717773,-2.8779983520507812,-1.111067771911621,-3.22125244140625,-7.969435691833496,2.388211727142334,109.0302328999157,2.7921205231284922,path_segment_003,SUPPORTED,,SUPPORTED,
103,103,3433.333333333333,VALID_TARGET,,3.0,334.02567291259766,209.7967300415039,334.5724754333496,210.5289421081543,SUPPORTED,316.01162790697674,231.03488372093022,282.3139534883721,121.86046511627907,67.3953488372093,218.34883720930233,SUPPORTED,translation_median_sparse_flow,0.0,0.0,350.0,0.00011225238267797977,,,SUPPORTED,partial_affine_ransac_sparse_flow,-0.0008015861289808466,-0.005828025790044633,350.0,0.004482218978913065,1.0000207667419012,1.0,-1.5484838485717773,-2.8779983520507812,-1.5484838485717773,-2.8779983520507812,-9.517919540405273,-0.48978662490844727,118.28211553417889,2.6779340469818487,path_segment_003,SUPPORTED,,-1.5484838485717773,-2.8779983520507812,-1.5521366428439478,-2.88058016757185,-8.05330101172649,0.8362154270031397,118.31702116641043,2.6812157470621614,path_segment_003,SUPPORTED,,-1.5484838485717773,-2.8779983520507812,-1.5484838485717773,-2.8779983520507812,-9.517919540405273,-0.48978662490844727,118.28211553417889,2.6779340469818487,path_segment_003,SUPPORTED,,SUPPORTED,
104,104,3466.666666666667,TARGET_IDENTITY_UNCERTAIN,TARGET_OVERLAP_AMBIGUOUS: another detected person overlaps or is too close to the selected pose for automated identity acceptance.,,334.1814670562744,215.6893615722656,,,,313.84883720930236,231.04651162790697,279.9186046511628,122.81395348837209,67.86046511627907,216.46511627906978,,,,,,,,,,,,,,,,,,,,,,,,,,,,,,,,,,,,,,,,,,,,,,,,,,,
105,105,3500.0,INVALID_TRACK_SEGMENT,Valid-looking pose segment is too short to establish target identity continuity.,,335.41272354125977,205.12013244628903,,,,311.6860465116279,231.0581395348837,277.5232558139535,123.76744186046511,68.32558139534883,214.58139534883722,,,,,,,,,,,,,,,,,,,,,,,,,,,,,,,,,,,,,,,,,,,,,,,,,,,
106,106,3533.333333333333,TARGET_IDENTITY_UNCERTAIN,TARGET_OVERLAP_AMBIGUOUS: another detected person overlaps or is too close to the selected pose for automated identity acceptance.,,334.7898540496826,217.32062911987305,,,,309.5232558139535,231.06976744186048,275.12790697674416,124.72093023255815,68.79069767441861,212.69767441860466,,,,,,,,,,,,,,,,,,,,,,,,,,,,,,,,,,,,,,,,,,,,,,,,,,,
107,107,3566.666666666667,INVALID_TRACK_SEGMENT,Valid-looking pose segment is too short to establish target identity continuity.,,326.2340679168701,212.1975975036621,,,,307.3604651162791,231.0813953488372,272.7325581395349,125.67441860465117,69.25581395348837,210.81395348837208,,,,,,,,,,,,,,,,,,,,,,,,,,,,,,,,,,,,,,,,,,,,,,,,,,,
108,108,3600.0,INVALID_TRACK_SEGMENT,Valid-looking pose segment is too short to establish target identity continuity.,,320.3360939025879,216.28944396972656,,,,305.1976744186046,231.09302325581393,270.33720930232556,126.62790697674419,69.72093023255815,208.93023255813952,,,,,,,,,,,,,,,,,,,,,,,,,,,,,,,,,,,,,,,,,,,,,,,,,,,
109,109,3633.3333333333335,INVALID_TRACK_SEGMENT,Valid-looking pose segment is too short to establish target identity continuity.,,319.3607482910156,223.1458625793457,,,,303.0348837209302,231.10465116279067,267.9418604651163,127.5813953488372,70.18604651162791,207.04651162790697,,,,,,,,,,,,,,,,,,,,,,,,,,,,,,,,,,,,,,,,,,,,,,,,,,,
110,110,3666.6666666666665,TARGET_IDENTITY_UNCERTAIN,TARGET_OVERLAP_AMBIGUOUS: another detected person overlaps or is too close to the selected pose for automated identity acceptance.,,314.57990074157715,233.07498931884768,,,,300.8720930232558,231.11627906976742,265.54651162790697,128.53488372093022,70.65116279069767,205.1627906976744,,,,,,,,,,,,,,,,,,,,,,,,,,,,,,,,,,,,,,,,,,,,,,,,,,,
111,111,3700.0,TARGET_IDENTITY_UNCERTAIN,Temporal/body-scale discontinuity suggests target identity uncertainty.,,303.0133218765259,220.3762359619141,,,,298.7093023255814,231.12790697674419,263.1511627906977,129.48837209302326,71.11627906976744,203.27906976744185,,,,,,,,,,,,,,,,,,,,,,,,,,,,,,,,,,,,,,,,,,,,,,,,,,,
112,112,3733.3333333333335,TARGET_IDENTITY_UNCERTAIN,Temporal/body-scale discontinuity suggests target identity uncertainty.,,304.6277103424072,216.67134475708008,,,,296.54651162790697,231.13953488372096,260.75581395348837,130.4418604651163,71.5813953488372,201.3953488372093,,,,,,,,,,,,,,,,,,,,,,,,,,,,,,,,,,,,,,,,,,,,,,,,,,,
113,113,3766.6666666666665,INVALID_TRACK_SEGMENT,Valid-looking pose segment is too short to establish target identity continuity.,,294.95540142059326,221.2984619140625,,,,294.3837209302326,231.15116279069767,258.3604651162791,131.3953488372093,72.04651162790698,199.51162790697674,,,,,,,,,,,,,,,,,,,,,,,,,,,,,,,,,,,,,,,,,,,,,,,,,,,
114,114,3800.0,INVALID_TRACK_SEGMENT,Valid-looking pose segment is too short to establish target identity continuity.,,285.93943309783936,191.4341869354248,,,,292.22093023255815,231.16279069767444,255.96511627906978,132.34883720930233,72.51162790697674,197.62790697674419,,,,,,,,,,,,,,,,,,,,,,,,,,,,,,,,,,,,,,,,,,,,,,,,,,,
115,115,3833.3333333333335,INVALID_TRACK_SEGMENT,Valid-looking pose segment is too short to establish target identity continuity.,,275.5036211013794,189.4850559234619,,,,290.0581395348837,231.17441860465115,253.56976744186045,133.30232558139534,72.97674418604652,195.74418604651163,,,,,,,,,,,,,,,,,,,,,,,,,,,,,,,,,,,,,,,,,,,,,,,,,,,
116,116,3866.6666666666665,LOW_POSE_CONFIDENCE,Frame/core landmark confidence below threshold.,,275.04381465911865,241.24876022338867,,,,287.8953488372093,231.18604651162792,251.17441860465118,134.25581395348837,73.44186046511628,193.86046511627907,,,,,,,,,,,,,,,,,,,,,,,,,,,,,,,,,,,,,,,,,,,,,,,,,,,
117,117,3900.0,INVALID_TRACK_SEGMENT,Valid-looking pose segment is too short to establish target identity continuity.,,268.6263761520386,245.0136985778809,,,,285.7325581395349,231.19767441860466,248.77906976744185,135.2093023255814,73.90697674418604,191.97674418604652,,,,,,,,,,,,,,,,,,,,,,,,,,,,,,,,,,,,,,,,,,,,,,,,,,,
118,118,3933.333333333333,TARGET_IDENTITY_UNCERTAIN,Temporal/body-scale discontinuity suggests target identity uncertainty.,,262.2718710899353,236.1154823303223,,,,283.56976744186045,231.2093023255814,246.38372093023256,136.1627906976744,74.37209302325581,190.09302325581396,,,,,,,,,,,,,,,,,,,,,,,,,,,,,,,,,,,,,,,,,,,,,,,,,,,
119,119,3966.666666666667,TARGET_IDENTITY_UNCERTAIN,Temporal/body-scale discontinuity suggests target identity uncertainty.,,259.15812158584595,209.0297737121582,,,,281.40697674418607,231.22093023255815,243.98837209302326,137.11627906976744,74.83720930232558,188.2093023255814,,,,,,,,,,,,,,,,,,,,,,,,,,,,,,,,,,,,,,,,,,,,,,,,,,,
120,120,4000.0,TARGET_IDENTITY_UNCERTAIN,Temporal/body-scale discontinuity suggests target identity uncertainty.,,253.73651838302612,229.18219375610352,,,,279.24418604651163,231.23255813953486,241.59302325581396,138.06976744186045,75.30232558139535,186.32558139534882,,,,,,,,,,,,,,,,,,,,,,,,,,,,,,,,,,,,,,,,,,,,,,,,,,,
121,121,4033.333333333333,TARGET_IDENTITY_UNCERTAIN,Temporal/body-scale discontinuity suggests target identity uncertainty.,,253.08384561538696,231.0552635192871,,,,277.0813953488372,231.24418604651163,239.19767441860466,139.02325581395348,75.76744186046511,184.4418604651163,,,,,,,,,,,,,,,,,,,,,,,,,,,,,,,,,,,,,,,,,,,,,,,,,,,
122,122,4066.6666666666665,TARGET_IDENTITY_UNCERTAIN,Temporal/body-scale discontinuity suggests target identity uncertainty.,,249.4728856086731,261.3346862792969,,,,274.9186046511628,231.25581395348837,236.80232558139534,139.97674418604652,76.23255813953489,182.5581395348837,,,,,,,,,,,,,,,,,,,,,,,,,,,,,,,,,,,,,,,,,,,,,,,,,,,
123,123,4100.0,TARGET_IDENTITY_UNCERTAIN,Temporal/body-scale discontinuity suggests target identity uncertainty.,,237.9942373111844,239.1868019104004,,,,272.75581395348837,231.2674418604651,234.40697674418607,140.93023255813952,76.69767441860465,180.67441860465118,,,,,,,,,,,,,,,,,,,,,,,,,,,,,,,,,,,,,,,,,,,,,,,,,,,
124,124,4133.333333333334,INVALID_TRACK_SEGMENT,Valid-looking pose segment is too short to establish target identity continuity.,,237.60784423351288,239.8062973022461,,,,270.59302325581393,231.27906976744185,232.01162790697674,141.88372093023256,77.16279069767442,178.7906976744186,,,,,,,,,,,,,,,,,,,,,,,,,,,,,,,,,,,,,,,,,,,,,,,,,,,
125,125,4166.666666666667,INVALID_TRACK_SEGMENT,Valid-looking pose segment is too short to establish target identity continuity.,,239.46054220199585,256.2859802246094,,,,268.43023255813955,231.2906976744186,229.61627906976744,142.8372093023256,77.62790697674419,176.90697674418604,,,,,,,,,,,,,,,,,,,,,,,,,,,,,,,,,,,,,,,,,,,,,,,,,,,
126,126,4200.0,INVALID_TRACK_SEGMENT,Valid-looking pose segment is too short to establish target identity continuity.,,231.13553154468536,241.23572158813477,,,,266.2674418604651,231.30232558139534,227.22093023255815,143.7906976744186,78.09302325581396,175.02325581395348,,,,,,,,,,,,,,,,,,,,,,,,,,,,,,,,,,,,,,,,,,,,,,,,,,,
127,127,4233.333333333333,INVALID_TRACK_SEGMENT,Valid-looking pose segment is too short to establish target identity continuity.,,232.4657461643219,240.86593627929688,,,,264.1046511627907,231.31395348837208,224.82558139534882,144.74418604651163,78.55813953488372,173.13953488372093,,,,,,,,,,,,,,,,,,,,,,,,,,,,,,,,,,,,,,,,,,,,,,,,,,,
128,128,4266.666666666667,TARGET_IDENTITY_UNCERTAIN,Temporal/body-scale discontinuity suggests target identity uncertainty.,,231.02133655548096,231.8119659423828,,,,261.9418604651163,231.32558139534885,222.43023255813955,145.69767441860466,79.02325581395348,171.25581395348837,,,,,,,,,,,,,,,,,,,,,,,,,,,,,,,,,,,,,,,,,,,,,,,,,,,
129,129,4300.0,TARGET_IDENTITY_UNCERTAIN,Temporal/body-scale discontinuity suggests target identity uncertainty.,,235.78448390960693,272.5940170288086,,,,259.77906976744185,231.33720930232556,220.03488372093022,146.65116279069767,79.48837209302326,169.37209302325581,,,,,,,,,,,,,,,,,,,,,,,,,,,,,,,,,,,,,,,,,,,,,,,,,,,
130,130,4333.333333333333,TARGET_IDENTITY_UNCERTAIN,TARGET_OVERLAP_AMBIGUOUS: another detected person overlaps or is too close to the selected pose for automated identity acceptance.,,236.66102695465088,270.31285858154297,,,,257.6162790697674,231.34883720930233,217.63953488372093,147.6046511627907,79.95348837209302,167.48837209302326,,,,,,,,,,,,,,,,,,,,,,,,,,,,,,,,,,,,,,,,,,,,,,,,,,,
131,131,4366.666666666666,TARGET_IDENTITY_UNCERTAIN,Temporal/body-scale discontinuity suggests target identity uncertainty.,,217.72521018981936,251.25497817993164,,,,255.45348837209303,231.36046511627904,215.24418604651163,148.5581395348837,80.4186046511628,165.6046511627907,,,,,,,,,,,,,,,,,,,,,,,,,,,,,,,,,,,,,,,,,,,,,,,,,,,
132,132,4400.0,TARGET_IDENTITY_UNCERTAIN,TARGET_OVERLAP_AMBIGUOUS: another detected person overlaps or is too close to the selected pose for automated identity acceptance.,,239.964373588562,212.80554580688477,,,,253.2906976744186,231.37209302325581,212.84883720930233,149.51162790697674,80.88372093023256,163.72093023255815,,,,,,,,,,,,,,,,,,,,,,,,,,,,,,,,,,,,,,,,,,,,,,,,,,,
133,133,4433.333333333334,TARGET_IDENTITY_UNCERTAIN,TARGET_OVERLAP_AMBIGUOUS: another detected person overlaps or is too close to the selected pose for automated identity acceptance.,,240.5650119781494,218.552978515625,,,,251.1279069767442,231.38372093023256,210.45348837209303,150.46511627906978,81.34883720930233,161.83720930232556,,,,,,,,,,,,,,,,,,,,,,,,,,,,,,,,,,,,,,,,,,,,,,,,,,,
134,134,4466.666666666667,INVALID_TRACK_SEGMENT,Valid-looking pose segment is too short to establish target identity continuity.,,241.5091094970703,217.43988418579104,,,,248.96511627906975,231.3953488372093,208.0581395348837,151.41860465116278,81.81395348837209,159.95348837209303,,,,,,,,,,,,,,,,,,,,,,,,,,,,,,,,,,,,,,,,,,,,,,,,,,,
135,135,4500.0,INVALID_TRACK_SEGMENT,Valid-looking pose segment is too short to establish target identity continuity.,,237.2627248764038,218.9524269104004,,,,246.80232558139537,231.40697674418604,205.66279069767444,152.37209302325581,82.27906976744185,158.06976744186045,,,,,,,,,,,,,,,,,,,,,,,,,,,,,,,,,,,,,,,,,,,,,,,,,,,
136,136,4533.333333333333,INVALID_TRACK_SEGMENT,Valid-looking pose segment is too short to establish target identity continuity.,,237.6018543243408,221.5561485290527,,,,244.63953488372093,231.4186046511628,203.2674418604651,153.32558139534885,82.74418604651163,156.18604651162792,,,,,,,,,,,,,,,,,,,,,,,,,,,,,,,,,,,,,,,,,,,,,,,,,,,
137,137,4566.666666666666,TARGET_NOT_FOUND,No observed landmarks returned by pose backend.,,,,,,,242.47674418604652,231.43023255813952,200.87209302325581,154.27906976744185,83.20930232558139,154.30232558139534,,,,,,,,,,,,,,,,,,,,,,,,,,,,,,,,,,,,,,,,,,,,,,,,,,,
138,138,4600.0,INVALID_TRACK_SEGMENT,Valid-looking pose segment is too short to establish target identity continuity.,,233.0014934539795,249.33099746704104,,,,240.3139534883721,231.4418604651163,198.47674418604652,155.2325581395349,83.67441860465117,152.4186046511628,,,,,,,,,,,,,,,,,,,,,,,,,,,,,,,,,,,,,,,,,,,,,,,,,,,
139,139,4633.333333333334,INVALID_TRACK_SEGMENT,Valid-looking pose segment is too short to establish target identity continuity.,,232.9856662750244,249.1679649353027,,,,238.1511627906977,231.45348837209303,196.08139534883722,156.18604651162792,84.13953488372093,150.53488372093022,,,,,,,,,,,,,,,,,,,,,,,,,,,,,,,,,,,,,,,,,,,,,,,,,,,
140,140,4666.666666666667,TARGET_IDENTITY_UNCERTAIN,TARGET_OVERLAP_AMBIGUOUS: another detected person overlaps or is too close to the selected pose for automated identity acceptance.,,239.38468170166016,220.90594482421875,,,,235.98837209302326,231.46511627906978,193.68604651162792,157.13953488372093,84.6046511627907,148.65116279069767,,,,,,,,,,,,,,,,,,,,,,,,,,,,,,,,,,,,,,,,,,,,,,,,,,,
141,141,4700.0,INVALID_TRACK_SEGMENT,Valid-looking pose segment is too short to establish target identity continuity.,,247.21617889404297,221.61823081970215,,,,233.82558139534882,231.47674418604652,191.2906976744186,158.09302325581396,85.06976744186046,146.7674418604651,,,,,,,,,,,,,,,,,,,,,,,,,,,,,,,,,,,,,,,,,,,,,,,,,,,
142,142,4733.333333333333,INVALID_TRACK_SEGMENT,Valid-looking pose segment is too short to establish target identity continuity.,,247.3293743133545,223.4867286682129,,,,231.66279069767444,231.48837209302326,188.89534883720933,159.04651162790697,85.53488372093022,144.88372093023256,,,,,,,,,,,,,,,,,,,,,,,,,,,,,,,,,,,,,,,,,,,,,,,,,,,
143,143,4766.666666666667,INVALID_TRACK_SEGMENT,Valid-looking pose segment is too short to establish target identity continuity.,,247.42271041870117,224.76411056518555,,,,229.5,231.5,186.5,160.0,86.0,143.0,,,,,,,,,,,,,,,,,,,,,,,,,,,,,,,,,,,,,,,,,,,,,,,,,,,
