source_frame_index,analysis_frame_index,timestamp_ms,frame_status,frame_rejection_reason,valid_segment_id,raw_pelvis_mid_x,raw_pelvis_mid_y,path_input_center_x,path_input_center_y,center_status,roi_center_x,roi_center_y,roi_x,roi_y,roi_width,roi_height,translation_camera_motion_status,translation_camera_motion_method,translation_background_dx_px,translation_background_dy_px,translation_background_feature_count,translation_camera_motion_residual_px,translation_affine_scale,translation_affine_inlier_fraction,affine_camera_motion_status,affine_camera_motion_method,affine_background_dx_px,affine_background_dy_px,affine_background_feature_count,affine_camera_motion_residual_px,affine_affine_scale,affine_affine_inlier_fraction,translation_raw_dx,translation_raw_dy,translation_compensated_dx,translation_compensated_dy,translation_compensated_x,translation_compensated_y,translation_projected_heading_deg,translation_normalized_projected_speed_per_s,translation_path_segment_id,translation_path_status,translation_path_rejection_reason,affine_raw_dx,affine_raw_dy,affine_compensated_dx,affine_compensated_dy,affine_compensated_x,affine_compensated_y,affine_projected_heading_deg,affine_normalized_projected_speed_per_s,affine_path_segment_id,affine_path_status,affine_path_rejection_reason,chosen_raw_dx,chosen_raw_dy,chosen_compensated_dx,chosen_compensated_dy,chosen_compensated_x,chosen_compensated_y,chosen_projected_heading_deg,chosen_normalized_projected_speed_per_s,chosen_path_segment_id,chosen_path_status,chosen_path_rejection_reason,chosen_path_validation_status,chosen_path_validation_reason
0,0,0.0,VALID_TARGET,,1.0,708.5046157836914,337.10889434814453,712.2836608886719,337.10889434814453,SUPPORTED,679.2857142857143,365.0,502.14285714285717,114.28571428571429,354.2857142857143,501.4285714285714,INSUFFICIENT_EVIDENCE,translation_median_sparse_flow,0.0,0.0,0.0,,,,INSUFFICIENT_EVIDENCE,partial_affine_ransac_sparse_flow,0.0,0.0,0.0,,,,,,,,0.0,0.0,,,path_segment_001,INSUFFICIENT_EVIDENCE,Continuous path run is shorter than the configured minimum sample count.,,,,,0.0,0.0,,,path_segment_001,SUPPORTED,,,,,,0.0,0.0,,,path_segment_001,INSUFFICIENT_EVIDENCE,Continuous path run is shorter than the configured minimum sample count.,SUPPORTED,
1,1,33.333333333333336,VALID_TARGET,,1.0,712.2836608886719,339.5828170776367,719.4786033630371,334.8966522216797,SUPPORTED,684.4642857142858,366.42857142857144,508.5714285714286,114.64285714285715,351.7857142857143,503.57142857142856,SUPPORTED,translation_median_sparse_flow,0.00128173828125,0.410400390625,207.0,4.823884963989258,,,SUPPORTED,partial_affine_ransac_sparse_flow,0.3050350748380276,-0.5485323205157687,88.0,0.3700416380864435,0.9996564322964291,0.4251207729468599,7.194942474365234,-2.2122421264648438,7.193660736083984,-2.6226425170898438,7.193660736083984,-2.6226425170898438,,,path_segment_001,INSUFFICIENT_EVIDENCE,Continuous path run is shorter than the configured minimum sample count.,7.194942474365234,-2.2122421264648438,7.947499823004819,-3.2600981872826083,7.947499823004819,-3.2600981872826083,22.30364688204071,1.800005551177672,path_segment_001,SUPPORTED,,7.194942474365234,-2.2122421264648438,7.193660736083984,-2.6226425170898438,7.193660736083984,-2.6226425170898438,,,path_segment_001,INSUFFICIENT_EVIDENCE,Continuous path run is shorter than the configured minimum sample count.,SUPPORTED,
2,2,66.66666666666667,VALID_TARGET,,1.0,727.0587844848633,330.44718170166016,716.6054382324219,338.1174545288086,SUPPORTED,689.6428571428571,367.85714285714283,515.0,115.0,349.2857142857143,505.71428571428567,UNSTABLE_TRANSFORM,translation_median_sparse_flow,-0.001007080078125,-0.00055694580078125,201.0,21.845149993896484,,,SUPPORTED,partial_affine_ransac_sparse_flow,-0.5888777697193481,0.30740387241156675,51.0,0.16313721358960492,1.0017414393589419,0.2537313432835821,,,,,,,,,,UNSTABLE_TRANSFORM,Camera compensation was not supported.,-2.8731651306152344,3.2208023071289062,-4.148876396090486,3.6474071310897216,3.7986234269143324,0.38730894380711334,-138.68028514366338,1.157554198749345,path_segment_001,SUPPORTED,,,,,,,,,,,UNSTABLE_TRANSFORM,Camera compensation was not supported.,SUPPORTED,
3,3,100.0,VALID_TARGET,,1.0,726.8681335449219,332.68441009521484,723.5435028076172,337.09295654296875,SUPPORTED,694.8214285714286,369.2857142857143,521.4285714285714,115.35714285714286,346.7857142857143,507.85714285714283,UNSTABLE_TRANSFORM,translation_median_sparse_flow,0.58935546875,-0.55755615234375,205.0,16.639738082885742,,,SUPPORTED,partial_affine_ransac_sparse_flow,26.647650843980415,-1.5514560572019036,62.0,0.431080821578011,1.0037900538667968,0.3024390243902439,,,,,0.0,0.0,,,path_segment_002,INSUFFICIENT_EVIDENCE,Continuous path run is shorter than the configured minimum sample count.,6.9380645751953125,-1.0244979858398438,-22.326294546180407,-0.964827522224823,-18.527671119266074,-0.5775185784177097,177.5255109707489,4.682674438693883,path_segment_001,SUPPORTED,,,,,,0.0,0.0,,,path_segment_002,INSUFFICIENT_EVIDENCE,Continuous path run is shorter than the configured minimum sample count.,SUPPORTED,
4,4,133.33333333333334,VALID_TARGET,,1.0,716.6054382324219,341.8508605957031,725.6169967651367,337.06712341308594,SUPPORTED,700.0,370.71428571428567,527.8571428571429,115.71428571428572,344.2857142857143,509.99999999999994,UNSTABLE_TRANSFORM,translation_median_sparse_flow,5.0732421875,-0.00501251220703125,201.0,17.09483528137207,,,SUPPORTED,partial_affine_ransac_sparse_flow,25.74335336020023,-0.4576387150583033,78.0,0.426486033613114,1.005523709555451,0.3880597014925373,,,,,,,,,,UNSTABLE_TRANSFORM,Camera compensation was not supported.,2.0734939575195312,-0.0258331298828125,-27.781531921910755,-1.1831891595586512,-46.30920304117683,-1.760707737976361,177.56130070736046,5.826689372467914,path_segment_001,SUPPORTED,,,,,,,,,,,UNSTABLE_TRANSFORM,Camera compensation was not supported.,SUPPORTED,
5,5,166.66666666666666,VALID_TARGET,,1.0,723.5435028076172,338.1502227783203,724.580249786377,337.90782928466797,SUPPORTED,705.1785714285714,372.1428571428571,534.2857142857143,116.07142857142857,341.7857142857143,512.1428571428571,UNSTABLE_TRANSFORM,translation_median_sparse_flow,1.60791015625,-0.2713775634765625,191.0,11.85301399230957,,,SUPPORTED,partial_affine_ransac_sparse_flow,25.997156794617652,-1.1422633290363382,76.0,0.5725806196493162,1.003372657143595,0.39790575916230364,,,,,0.0,0.0,,,path_segment_003,INSUFFICIENT_EVIDENCE,Continuous path run is shorter than the configured minimum sample count.,-1.0367469787597656,0.8407058715820312,-29.579527458378152,1.0579948986942327,-75.88873049955498,-0.7027128392821282,-177.9515287453227,6.2021322670917876,path_segment_001,SUPPORTED,,,,,,0.0,0.0,,,path_segment_003,INSUFFICIENT_EVIDENCE,Continuous path run is shorter than the configured minimum sample count.,SUPPORTED,
6,6,200.0,VALID_TARGET,,1.0,725.6444320678711,337.6654357910156,723.5435028076172,338.74853515625,SUPPORTED,710.3571428571429,373.57142857142856,540.7142857142858,116.42857142857143,339.2857142857142,514.2857142857142,UNSTABLE_TRANSFORM,translation_median_sparse_flow,7.991950988769531,0.34990692138671875,189.0,16.343549728393555,,,SUPPORTED,partial_affine_ransac_sparse_flow,25.604182361747952,-0.05541130349488864,75.0,0.39402586527087696,1.004227599570021,0.3968253968253968,,,,,,,,,,UNSTABLE_TRANSFORM,Camera compensation was not supported.,-1.0367469787597656,0.8407058715820312,-29.814216345110708,-0.2963361979717547,-105.70294684466569,-0.9990490372538829,179.43053159027812,6.247654651491805,path_segment_001,SUPPORTED,,,,,,,,,,,UNSTABLE_TRANSFORM,Camera compensation was not supported.,SUPPORTED,
7,7,233.33333333333337,TARGET_IDENTITY_UNCERTAIN,TARGET_OVERLAP_AMBIGUOUS: another detected person overlaps or is too close to the selected pose for automated identity acceptance.,,722.9920196533203,348.4617233276367,,,,715.5357142857143,375.0,547.1428571428572,116.78571428571429,336.7857142857142,516.4285714285714,,,,,,,,,,,,,,,,,,,,,,,,,,,,,,,,,,,,,,,,,,,,,,,,,,,
8,8,266.6666666666667,VALID_TARGET,,2.0,725.5778198242188,347.7032241821289,738.8180999755859,351.72406005859375,SUPPORTED,720.7142857142858,376.42857142857144,553.5714285714287,117.14285714285714,334.2857142857142,518.5714285714286,UNSTABLE_TRANSFORM,translation_median_sparse_flow,-0.44671630859375,0.3407440185546875,183.0,27.78095245361328,,,SUPPORTED,partial_affine_ransac_sparse_flow,0.9026838929538937,-2.4036499728565293,42.0,0.7312696822476251,0.9992763277143806,0.22950819672131148,,,,,0.0,0.0,,,path_segment_004,INSUFFICIENT_EVIDENCE,Continuous path run is shorter than the configured minimum sample count.,,,,,0.0,0.0,,,path_segment_002,SUPPORTED,,,,,,0.0,0.0,,,path_segment_004,INSUFFICIENT_EVIDENCE,Continuous path run is shorter than the configured minimum sample count.,SUPPORTED,
9,9,300.0,VALID_TARGET,,2.0,737.4876708984375,355.8007125854492,739.9117889404297,351.93809509277344,SUPPORTED,725.8928571428571,377.85714285714283,560.0,117.5,331.7857142857142,520.7142857142857,UNSTABLE_TRANSFORM,translation_median_sparse_flow,3.5755615234375,1.0884246826171875,199.0,19.415077209472656,,,SUPPORTED,partial_affine_ransac_sparse_flow,25.971619509553683,0.4607692217475609,76.0,0.49517561467169635,1.0040411008639878,0.38190954773869346,,,,,,,,,,UNSTABLE_TRANSFORM,Camera compensation was not supported.,1.09368896484375,0.2140350341796875,-28.049118528427925,-1.2780642458281477,-28.049118528427925,-1.2780642458281477,177.39110974141158,5.883581237574445,path_segment_002,SUPPORTED,,,,,,,,,,,UNSTABLE_TRANSFORM,Camera compensation was not supported.,SUPPORTED,
10,10,333.3333333333333,VALID_TARGET,,2.0,742.3359069824219,351.72406005859375,742.3359069824219,353.0862274169922,SUPPORTED,731.0714285714286,379.2857142857142,566.4285714285714,117.85714285714286,329.2857142857142,522.8571428571428,UNSTABLE_TRANSFORM,translation_median_sparse_flow,17.622390747070312,0.08734893798828125,193.0,15.367427825927734,,,SUPPORTED,partial_affine_ransac_sparse_flow,25.811124414250706,-0.39100256391395627,75.0,0.510041306718465,1.0041167012290044,0.38860103626943004,,,,,0.0,0.0,,,path_segment_005,INSUFFICIENT_EVIDENCE,Continuous path run is shorter than the configured minimum sample count.,2.4241180419921875,1.14813232421875,-26.76722910102592,0.7938453003539507,-54.816347629453844,-0.48421894547419697,-178.3012564775835,5.611338799773663,path_segment_002,SUPPORTED,,,,,,0.0,0.0,,,path_segment_005,INSUFFICIENT_EVIDENCE,Continuous path run is shorter than the configured minimum sample count.,SUPPORTED,
11,11,366.66666666666663,VALID_TARGET,,2.0,741.7688369750977,352.1521301269531,743.2944641113281,354.4429168701172,SUPPORTED,736.25,380.7142857142857,572.8571428571429,118.21428571428571,326.7857142857142,525.0,UNSTABLE_TRANSFORM,translation_median_sparse_flow,17.222373962402344,0.9730329513549805,204.0,17.227100372314453,,,SUPPORTED,partial_affine_ransac_sparse_flow,26.24594129694697,0.13798859633007565,68.0,0.6316000932339156,1.0052103873186402,0.3333333333333333,,,,,,,,,,UNSTABLE_TRANSFORM,Camera compensation was not supported.,0.95855712890625,1.356689453125,-28.928571151408505,-1.0971804156471876,-83.74491878086235,-1.5813993611213846,177.8279711713831,6.06612401827566,path_segment_002,SUPPORTED,,,,,,,,,,,UNSTABLE_TRANSFORM,Camera compensation was not supported.,SUPPORTED,
12,12,400.0,VALID_TARGET,,2.0,760.9152069091797,367.4274063110352,760.9152069091797,353.0862274169922,SUPPORTED,741.4285714285714,382.1428571428571,579.2857142857143,118.57142857142857,324.2857142857142,527.1428571428571,UNSTABLE_TRANSFORM,translation_median_sparse_flow,3.3251953125,0.00091552734375,189.0,27.154010772705078,,,SUPPORTED,partial_affine_ransac_sparse_flow,0.17831003118012845,-1.5528507954550088,41.0,0.958575758497415,1.0013213382870585,0.21693121693121692,,,,,0.0,0.0,,,path_segment_006,INSUFFICIENT_EVIDENCE,Continuous path run is shorter than the configured minimum sample count.,17.620742797851562,-1.356689453125,18.63905135849791,-4.805570871937732,-65.10586742236444,-6.386970233059117,14.457304329519047,4.033395522317125,path_segment_002,SUPPORTED,,,,,,0.0,0.0,,,path_segment_006,INSUFFICIENT_EVIDENCE,Continuous path run is shorter than the configured minimum sample count.,SUPPORTED,
13,13,433.33333333333337,VALID_TARGET,,2.0,772.4848327636719,354.4429168701172,768.2476272583008,352.1521301269531,SUPPORTED,748.8095238095239,386.42857142857144,588.3333333333334,116.66666666666666,320.9523809523809,539.5238095238095,UNSTABLE_TRANSFORM,translation_median_sparse_flow,14.4425048828125,-0.09893798828125,197.0,14.442995071411133,,,SUPPORTED,partial_affine_ransac_sparse_flow,26.40329537731645,-0.655316807392542,69.0,0.5591470950524243,1.0056719451911598,0.350253807106599,,,,,,,,,,UNSTABLE_TRANSFORM,Camera compensation was not supported.,7.332420349121094,-0.9340972900390625,-23.66453064834218,-1.6822111652042508,-88.77039807070662,-8.069181398263368,175.9339255937656,4.97123831013346,path_segment_002,SUPPORTED,,,,,,,,,,,UNSTABLE_TRANSFORM,Camera compensation was not supported.,SUPPORTED,
14,14,466.6666666666667,VALID_TARGET,,2.0,780.0228118896484,337.5202331542969,776.9579086303711,340.2751922607422,SUPPORTED,756.1904761904761,390.7142857142857,597.3809523809524,114.76190476190476,317.6190476190476,551.9047619047619,UNSTABLE_TRANSFORM,translation_median_sparse_flow,4.99951171875,0.00408935546875,203.0,10.093316078186035,,,SUPPORTED,partial_affine_ransac_sparse_flow,0.8411949110506213,0.2020380843328787,62.0,0.4279289862679614,0.9961628848223684,0.3054187192118227,,,,,0.0,0.0,,,path_segment_007,INSUFFICIENT_EVIDENCE,Continuous path run is shorter than the configured minimum sample count.,8.710281372070312,-11.876937866210938,11.011563424222686,-11.152001070159827,-77.75883464648393,-19.221182468423194,45.36304524537229,3.2840177336551424,path_segment_002,SUPPORTED,,,,,,0.0,0.0,,,path_segment_007,INSUFFICIENT_EVIDENCE,Continuous path run is shorter than the configured minimum sample count.,SUPPORTED,
15,15,500.0,VALID_TARGET,,2.0,776.5286178588867,340.2751922607422,786.1367645263672,337.5202331542969,SUPPORTED,763.5714285714286,395.0,606.4285714285714,112.85714285714286,314.2857142857143,564.2857142857142,UNSTABLE_TRANSFORM,translation_median_sparse_flow,3.31103515625,-0.4201202392578125,193.0,8.75993824005127,,,SUPPORTED,partial_affine_ransac_sparse_flow,0.5455755532376276,0.6909118029418212,72.0,0.5972348951756871,0.9966727449562449,0.37305699481865284,,,,,,,,,,UNSTABLE_TRANSFORM,Camera compensation was not supported.,9.178855895996094,-2.7549591064453125,10.576840483139904,-0.8449744758142401,-67.18199416334403,-20.066156944237434,4.567608633732143,2.2233590809713495,path_segment_002,SUPPORTED,,,,,,,,,,,UNSTABLE_TRANSFORM,Camera compensation was not supported.,SUPPORTED,
16,16,533.3333333333334,VALID_TARGET,,2.0,786.1367645263672,331.12610626220703,799.5182189941406,334.8682174682617,SUPPORTED,770.952380952381,399.2857142857143,615.4761904761905,110.95238095238095,310.95238095238096,576.6666666666666,SUPPORTED,translation_median_sparse_flow,0.74505615234375,-4.57763671875e-05,208.0,4.40719747543335,,,SUPPORTED,partial_affine_ransac_sparse_flow,0.00871440125598369,-0.03900772430305193,95.0,0.7267248416940993,0.9997750677948654,0.4567307692307692,,,,,0.0,0.0,,,path_segment_008,INSUFFICIENT_EVIDENCE,Continuous path run is shorter than the configured minimum sample count.,13.381454467773438,-2.6520156860351562,13.480832936365005,-2.376950277095034,-53.701161226979025,-22.44310722133247,9.999652547296549,2.8683818685407183,path_segment_002,SUPPORTED,,,,,,0.0,0.0,,,path_segment_008,INSUFFICIENT_EVIDENCE,Continuous path run is shorter than the configured minimum sample count.,SUPPORTED,
17,17,566.6666666666666,VALID_TARGET,,2.0,799.6866226196289,334.8682174682617,799.7828216552734,331.29553985595703,SUPPORTED,778.3333333333334,403.57142857142856,624.5238095238095,109.04761904761904,307.61904761904765,589.047619047619,SUPPORTED,translation_median_sparse_flow,2.890960693359375,-0.0004730224609375,196.0,5.857321262359619,,,SUPPORTED,partial_affine_ransac_sparse_flow,-1.0871089114722683,1.0498221924112914,71.0,0.5887814218148285,1.002690876521479,0.3622448979591837,0.2646026611328125,-3.5726776123046875,-2.6263580322265625,-3.57220458984375,-2.6263580322265625,-3.57220458984375,,,path_segment_008,INSUFFICIENT_EVIDENCE,Continuous path run is shorter than the configured minimum sample count.,0.2646026611328125,-3.5726776123046875,-2.719832078469267,-0.9018420056282253,-56.42099330544829,-23.344949226960694,161.65550980994234,0.6004336848818368,path_segment_002,SUPPORTED,,0.2646026611328125,-3.5726776123046875,-2.6263580322265625,-3.57220458984375,-2.6263580322265625,-3.57220458984375,,,path_segment_008,INSUFFICIENT_EVIDENCE,Continuous path run is shorter than the configured minimum sample count.,SUPPORTED,
18,18,600.0,VALID_TARGET,,2.0,813.9030151367188,328.4527359008789,806.7948188781738,330.61577224731445,SUPPORTED,785.7142857142858,407.8571428571429,633.5714285714286,107.14285714285714,304.28571428571433,601.4285714285714,SUPPORTED,translation_median_sparse_flow,2.85064697265625,-0.00147247314453125,198.0,2.8756840229034424,,,SUPPORTED,partial_affine_ransac_sparse_flow,-1.1094870433482351,0.16473320741739392,102.0,0.600667701320887,1.003730438671418,0.5151515151515151,7.011997222900391,-0.6797676086425781,4.161350250244141,-0.6782951354980469,1.5349922180175781,-4.250499725341797,,,path_segment_008,INSUFFICIENT_EVIDENCE,Continuous path run is shorter than the configured minimum sample count.,7.011997222900391,-0.6797676086425781,4.464366122172578,-0.4496098395043191,-51.956627183275714,-23.794559066465013,5.750912346262837,0.9402066661557423,path_segment_002,SUPPORTED,,7.011997222900391,-0.6797676086425781,4.161350250244141,-0.6782951354980469,1.5349922180175781,-4.250499725341797,,,path_segment_008,INSUFFICIENT_EVIDENCE,Continuous path run is shorter than the configured minimum sample count.,SUPPORTED,
19,19,633.3333333333333,VALID_TARGET,,2.0,822.9575729370117,329.90535736083984,813.9030151367188,330.1054382324219,SUPPORTED,791.5714285714286,406.8571428571429,631.5714285714286,116.0,320.00000000000006,581.7142857142858,SUPPORTED,translation_median_sparse_flow,4.091583251953125,0.4933943748474121,202.0,4.12629508972168,,,SUPPORTED,partial_affine_ransac_sparse_flow,-1.3167580764078481,-0.8654009140535787,102.0,0.7816238079247793,1.005183283318947,0.504950495049505,7.108196258544922,-0.5103340148925781,3.016613006591797,-1.0037283897399902,4.551605224609375,-5.254228115081787,,,path_segment_008,INSUFFICIENT_EVIDENCE,Continuous path run is shorter than the configured minimum sample count.,7.108196258544922,-0.5103340148925781,4.705441286360156,-2.4846010183733824,-47.25118589691556,-26.279160084838395,27.835272916750338,1.115002906830995,path_segment_002,SUPPORTED,,7.108196258544922,-0.5103340148925781,3.016613006591797,-1.0037283897399902,4.551605224609375,-5.254228115081787,,,path_segment_008,INSUFFICIENT_EVIDENCE,Continuous path run is shorter than the configured minimum sample count.,SUPPORTED,
20,20,666.6666666666666,TARGET_IDENTITY_UNCERTAIN,TARGET_OVERLAP_AMBIGUOUS: another detected person overlaps or is too close to the selected pose for automated identity acceptance.,,837.1083755493164,330.3014907836914,,,,797.4285714285714,405.85714285714283,629.5714285714286,124.85714285714285,335.7142857142858,562.0,,,,,,,,,,,,,,,,,,,,,,,,,,,,,,,,,,,,,,,,,,,,,,,,,,,
21,21,700.0,TARGET_IDENTITY_UNCERTAIN,TARGET_OVERLAP_AMBIGUOUS: another detected person overlaps or is too close to the selected pose for automated identity acceptance.,,845.0064849853516,338.03668212890625,,,,803.2857142857142,404.8571428571429,627.5714285714286,133.7142857142857,351.42857142857144,542.2857142857143,,,,,,,,,,,,,,,,,,,,,,,,,,,,,,,,,,,,,,,,,,,,,,,,,,,
22,22,733.3333333333333,TARGET_IDENTITY_UNCERTAIN,TARGET_OVERLAP_AMBIGUOUS: another detected person overlaps or is too close to the selected pose for automated identity acceptance.,,859.7130889892578,359.7353973388672,,,,809.1428571428571,403.85714285714283,625.5714285714286,142.57142857142856,367.14285714285717,522.5714285714286,,,,,,,,,,,,,,,,,,,,,,,,,,,,,,,,,,,,,,,,,,,,,,,,,,,
23,23,766.6666666666667,TARGET_IDENTITY_UNCERTAIN,TARGET_OVERLAP_AMBIGUOUS: another detected person overlaps or is too close to the selected pose for automated identity acceptance.,,883.8919143676758,339.2301254272461,,,,815.0,402.8571428571429,623.5714285714286,151.42857142857142,382.8571428571429,502.8571428571429,,,,,,,,,,,,,,,,,,,,,,,,,,,,,,,,,,,,,,,,,,,,,,,,,,,
24,24,800.0,TARGET_IDENTITY_UNCERTAIN,Temporal/body-scale discontinuity suggests target identity uncertainty.,,971.9600219726562,501.2155456542969,,,,818.7857142857142,404.92857142857144,633.1428571428571,152.0,371.28571428571433,505.8571428571429,,,,,,,,,,,,,,,,,,,,,,,,,,,,,,,,,,,,,,,,,,,,,,,,,,,
25,25,833.3333333333334,VALID_TARGET,HUMAN_ACCEPTED_TARGET: operator reviewed the raw skeleton and confirmed that it belongs to the documented athlete.,3.0,885.8148498535156,350.41085052490234,884.8776550292969,340.29893493652344,SUPPORTED,822.5714285714286,407.0,642.7142857142857,152.57142857142856,359.7142857142857,508.8571428571429,UNSTABLE_TRANSFORM,translation_median_sparse_flow,21.054443359375,-0.000225067138671875,168.0,21.49274444580078,,,SUPPORTED,partial_affine_ransac_sparse_flow,0.16177974248502916,0.020416449557479358,62.0,0.07602083087653573,0.9994801985181139,0.36904761904761907,,,,,0.0,0.0,,,path_segment_009,INSUFFICIENT_EVIDENCE,Continuous path run is shorter than the configured minimum sample count.,,,,,0.0,0.0,,,path_segment_003,SUPPORTED,,,,,,0.0,0.0,,,path_segment_009,INSUFFICIENT_EVIDENCE,Continuous path run is shorter than the configured minimum sample count.,SUPPORTED,
26,26,866.6666666666667,VALID_TARGET,HUMAN_ACCEPTED_TARGET: operator reviewed the raw skeleton and confirmed that it belongs to the documented athlete.,3.0,877.5808563232422,323.41172790527344,885.3462524414062,342.10941314697266,SUPPORTED,826.3571428571429,409.07142857142856,652.2857142857143,153.14285714285714,348.14285714285717,511.8571428571429,UNSTABLE_TRANSFORM,translation_median_sparse_flow,10.1593017578125,0.00861358642578125,221.0,11.068194389343262,,,SUPPORTED,partial_affine_ransac_sparse_flow,20.918975117087907,0.38960680726289626,89.0,0.7742635107703525,1.0069327750127484,0.40271493212669685,,,,,,,,,,UNSTABLE_TRANSFORM,Camera compensation was not supported.,0.468597412109375,1.8104782104492188,-26.809525083785843,-0.3540333977192063,-26.809525083785843,-0.3540333977192063,179.24342410237236,5.618225286167331,path_segment_003,SUPPORTED,,,,,,,,,,,UNSTABLE_TRANSFORM,Camera compensation was not supported.,SUPPORTED,
27,27,900.0,VALID_TARGET,HUMAN_ACCEPTED_TARGET: operator reviewed the raw skeleton and confirmed that it belongs to the documented athlete.,3.0,884.8776550292969,340.29893493652344,885.8148498535156,343.9198913574219,SUPPORTED,830.1428571428571,411.1428571428571,661.8571428571429,153.7142857142857,336.57142857142856,514.8571428571429,SUPPORTED,translation_median_sparse_flow,5.0316162109375,-0.2949981689453125,235.0,6.511351108551025,,,SUPPORTED,partial_affine_ransac_sparse_flow,19.774134043638636,-0.9011394870609594,93.0,0.5999714752650334,1.006497112255465,0.39574468085106385,,,,,0.0,0.0,,,path_segment_010,INSUFFICIENT_EVIDENCE,Continuous path run is shorter than the configured minimum sample count.,0.468597412109375,1.8104782104492188,-25.322686050011384,1.1753598180712856,-52.13221113379723,0.8213264203520794,-177.3425070953911,5.31189216797823,path_segment_003,SUPPORTED,,,,,,0.0,0.0,,,path_segment_010,INSUFFICIENT_EVIDENCE,Continuous path run is shorter than the configured minimum sample count.,SUPPORTED,
28,28,933.3333333333334,VALID_TARGET,HUMAN_ACCEPTED_TARGET: operator reviewed the raw skeleton and confirmed that it belongs to the documented athlete.,3.0,887.7789306640625,343.9198913574219,892.0133514404297,340.29893493652344,SUPPORTED,833.9285714285714,413.2142857142857,671.4285714285714,154.28571428571428,325.0,517.8571428571429,UNSTABLE_TRANSFORM,translation_median_sparse_flow,4.17950439453125,0.0109710693359375,276.0,11.597150802612305,,,SUPPORTED,partial_affine_ransac_sparse_flow,18.2172748261828,0.052125264161928093,117.0,0.5798984815560543,1.0067987115874555,0.42391304347826086,,,,,,,,,,UNSTABLE_TRANSFORM,Camera compensation was not supported.,6.1985015869140625,-3.6209564208984375,-18.289006041164498,-5.372285881285393,-70.42121717496173,-4.5509594609333135,163.63016530580336,3.994241024832453,path_segment_003,SUPPORTED,,,,,,,,,,,UNSTABLE_TRANSFORM,Camera compensation was not supported.,SUPPORTED,
29,29,966.6666666666666,VALID_TARGET,HUMAN_ACCEPTED_TARGET: operator reviewed the raw skeleton and confirmed that it belongs to the documented athlete.,3.0,894.3289108276367,349.971923828125,889.2579498291016,343.2507629394531,SUPPORTED,837.7142857142858,415.28571428571433,681.0,154.85714285714286,313.42857142857144,520.8571428571429,UNSTABLE_TRANSFORM,translation_median_sparse_flow,4.631103515625,-0.5595855712890625,303.0,12.751520156860352,,,SUPPORTED,partial_affine_ransac_sparse_flow,16.79603267251556,-1.2551022904212659,131.0,0.6495915347684915,1.007073558704961,0.43234323432343236,,,,,0.0,0.0,,,path_segment_011,INSUFFICIENT_EVIDENCE,Continuous path run is shorter than the configured minimum sample count.,-2.755401611328125,2.9518280029296875,-26.152970643494427,2.5657430352740676,-96.57418781845615,-1.985216425659246,-174.39691471231384,5.506468523549312,path_segment_003,SUPPORTED,,,,,,0.0,0.0,,,path_segment_011,INSUFFICIENT_EVIDENCE,Continuous path run is shorter than the configured minimum sample count.,SUPPORTED,
30,30,1000.0,VALID_TARGET,HUMAN_ACCEPTED_TARGET: operator reviewed the raw skeleton and confirmed that it belongs to the documented athlete.,3.0,892.0133514404297,328.4957275390625,887.5944061279297,347.28125,SUPPORTED,841.5,417.3571428571429,690.5714285714286,155.42857142857142,301.85714285714283,523.8571428571429,UNSTABLE_TRANSFORM,translation_median_sparse_flow,5.3602294921875,0.00037384033203125,311.0,10.318078994750977,,,SUPPORTED,partial_affine_ransac_sparse_flow,15.347241367018487,-0.35768441553816377,144.0,0.564248781189591,1.0068182358764504,0.4630225080385852,,,,,,,,,,UNSTABLE_TRANSFORM,Camera compensation was not supported.,-1.663543701171875,4.030487060546875,-23.19868953117566,2.371128297848486,-119.77287734963181,0.38591187218924006,-174.16408836966318,4.886437452433902,path_segment_003,SUPPORTED,,,,,,,,,,,UNSTABLE_TRANSFORM,Camera compensation was not supported.,SUPPORTED,
31,31,1033.3333333333337,VALID_TARGET,HUMAN_ACCEPTED_TARGET: operator reviewed the raw skeleton and confirmed that it belongs to the documented athlete.,3.0,887.5944061279297,347.70507049560547,886.3389663696289,347.70507049560547,SUPPORTED,845.2857142857143,419.42857142857144,700.1428571428572,156.0,290.2857142857143,526.8571428571429,SUPPORTED,translation_median_sparse_flow,14.313980102539062,-0.718170166015625,337.0,7.315652847290039,,,SUPPORTED,partial_affine_ransac_sparse_flow,13.749576052517295,-1.466147875006921,183.0,0.5916995964204808,1.0069335605154435,0.543026706231454,,,,,0.0,0.0,,,path_segment_012,INSUFFICIENT_EVIDENCE,Continuous path run is shorter than the configured minimum sample count.,-1.2554397583007812,0.42382049560546875,-21.43737461320393,0.1938633034214945,-141.21025196283574,0.5797751756107345,-179.48187469261728,4.492225203487651,path_segment_003,SUPPORTED,,,,,,0.0,0.0,,,path_segment_012,INSUFFICIENT_EVIDENCE,Continuous path run is shorter than the configured minimum sample count.,SUPPORTED,
32,32,1066.6666666666667,VALID_TARGET,HUMAN_ACCEPTED_TARGET: operator reviewed the raw skeleton and confirmed that it belongs to the documented athlete.,3.0,880.5983276367188,346.24491119384766,880.8856658935547,347.70507049560547,SUPPORTED,849.0714285714287,421.5,709.7142857142858,156.57142857142856,278.71428571428567,529.8571428571429,UNSTABLE_TRANSFORM,translation_median_sparse_flow,21.707061767578125,-0.7381057739257812,334.0,16.821842193603516,,,SUPPORTED,partial_affine_ransac_sparse_flow,23.04060990115908,-1.8725680253416797,138.0,1.1068630654569334,1.0135921137290214,0.41317365269461076,,,,,,,,,,UNSTABLE_TRANSFORM,Camera compensation was not supported.,-5.453300476074219,0.0,-41.06988349151197,-1.5026428599825863,-182.28013545434771,-0.9228676843718517,177.90462741423158,8.611645114315285,path_segment_003,SUPPORTED,,,,,,,,,,,UNSTABLE_TRANSFORM,Camera compensation was not supported.,SUPPORTED,
33,33,1100.0,VALID_TARGET,HUMAN_ACCEPTED_TARGET: operator reviewed the raw skeleton and confirmed that it belongs to the documented athlete.,3.0,876.4773864746094,379.0512161254883,876.1900482177734,352.3747024536133,SUPPORTED,852.8571428571429,423.57142857142856,719.2857142857143,157.14285714285714,267.1428571428571,532.8571428571429,SUPPORTED,translation_median_sparse_flow,10.119354248046875,0.000110626220703125,346.0,6.470705509185791,,,SUPPORTED,partial_affine_ransac_sparse_flow,9.30032598834399,-0.3461419674762605,199.0,0.46486566088566167,1.0065401551109865,0.5751445086705202,,,,,0.0,0.0,,,path_segment_013,INSUFFICIENT_EVIDENCE,Continuous path run is shorter than the configured minimum sample count.,-4.69561767578125,4.6696319580078125,-19.86702115746823,3.020403891456624,-202.14715661181594,2.0975362070847723,-171.35545911970664,4.2108213266396195,path_segment_003,SUPPORTED,,,,,,0.0,0.0,,,path_segment_013,INSUFFICIENT_EVIDENCE,Continuous path run is shorter than the configured minimum sample count.,SUPPORTED,
34,34,1133.3333333333333,VALID_TARGET,HUMAN_ACCEPTED_TARGET: operator reviewed the raw skeleton and confirmed that it belongs to the documented athlete.,3.0,868.2867851257324,352.3747024536133,873.6182098388672,379.0512161254883,SUPPORTED,849.2857142857142,423.7142857142858,717.5714285714286,154.85714285714286,263.42857142857144,537.7142857142858,SUPPORTED,translation_median_sparse_flow,8.582290649414062,-0.9126434326171875,344.0,5.551733016967773,,,SUPPORTED,partial_affine_ransac_sparse_flow,7.798372700849047,-1.4401224504658392,209.0,0.42047637890076445,1.0064143721046297,0.6075581395348837,-2.57183837890625,26.676513671875,-11.154129028320312,27.589157104492188,-11.154129028320312,27.589157104492188,,,path_segment_013,INSUFFICIENT_EVIDENCE,Continuous path run is shorter than the configured minimum sample count.,-2.57183837890625,26.676513671875,-16.120186961198215,26.179213503545498,-218.26734357301416,28.27674971063027,-121.62321797412814,6.442236996539507,path_segment_003,SUPPORTED,,-2.57183837890625,26.676513671875,-11.154129028320312,27.589157104492188,-11.154129028320312,27.589157104492188,,,path_segment_013,INSUFFICIENT_EVIDENCE,Continuous path run is shorter than the configured minimum sample count.,SUPPORTED,
35,35,1166.6666666666667,VALID_TARGET,HUMAN_ACCEPTED_TARGET: operator reviewed the raw skeleton and confirmed that it belongs to the documented athlete.,3.0,858.3205947875977,383.8536148071289,866.8741245269775,381.4060935974121,SUPPORTED,845.7142857142858,423.8571428571429,715.8571428571429,152.57142857142858,259.7142857142857,542.5714285714286,SUPPORTED,translation_median_sparse_flow,7.9041595458984375,-5.817413330078125e-05,349.0,3.2002129554748535,,,SUPPORTED,partial_affine_ransac_sparse_flow,7.211834989610759,-0.16152625207811086,220.0,0.32208409199681715,1.005353795279428,0.6303724928366762,-6.744085311889648,2.354877471923828,-14.648244857788086,2.354935646057129,-25.8023738861084,29.944092750549316,,,path_segment_013,INSUFFICIENT_EVIDENCE,Continuous path run is shorter than the configured minimum sample count.,-6.744085311889648,2.354877471923828,-18.68441859442396,0.6053547827979742,-236.95176216743812,28.882104493428244,-178.1443283492757,3.9172345044308625,path_segment_003,SUPPORTED,,-6.744085311889648,2.354877471923828,-14.648244857788086,2.354935646057129,-25.8023738861084,29.944092750549316,,,path_segment_013,INSUFFICIENT_EVIDENCE,Continuous path run is shorter than the configured minimum sample count.,SUPPORTED,
36,36,1200.0,VALID_TARGET,HUMAN_ACCEPTED_TARGET: operator reviewed the raw skeleton and confirmed that it belongs to the documented athlete.,3.0,841.8638877868652,391.3283996582031,859.842700958252,383.76097106933594,SUPPORTED,842.1428571428571,424.0,714.1428571428571,150.28571428571428,256.00000000000006,547.4285714285714,SUPPORTED,translation_median_sparse_flow,7.30035400390625,-0.8797359466552734,346.0,2.788360357284546,,,SUPPORTED,partial_affine_ransac_sparse_flow,6.401874422949273,-1.1182960156330792,229.0,0.44193379929682947,1.0044008570430347,0.661849710982659,-7.031423568725586,2.354877471923828,-14.331777572631836,3.2346134185791016,-40.134151458740234,33.17870616912842,,,path_segment_013,INSUFFICIENT_EVIDENCE,Continuous path run is shorter than the configured minimum sample count.,-7.031423568725586,2.354877471923828,-17.408554978650045,2.1591295928425893,-254.36031714608816,31.041234086270833,-172.92988539776582,3.6757821460791087,path_segment_003,SUPPORTED,,-7.031423568725586,2.354877471923828,-14.331777572631836,3.2346134185791016,-40.134151458740234,33.17870616912842,,,path_segment_013,INSUFFICIENT_EVIDENCE,Continuous path run is shorter than the configured minimum sample count.,SUPPORTED,
37,37,1233.3333333333337,TARGET_IDENTITY_UNCERTAIN,TARGET_OVERLAP_AMBIGUOUS: another detected person overlaps or is too close to the selected pose for automated identity acceptance.,,817.8314437866211,360.2469177246094,,,,838.5714285714287,424.1428571428571,712.4285714285714,148.0,252.28571428571436,552.2857142857142,,,,,,,,,,,,,,,,,,,,,,,,,,,,,,,,,,,,,,,,,,,,,,,,,,,
38,38,1266.6666666666663,INVALID_TRACK_SEGMENT,Valid-looking pose segment is too short to establish target identity continuity.,,808.757194519043,366.9509735107422,,,,835.0,424.2857142857143,710.7142857142857,145.71428571428572,248.57142857142867,557.1428571428571,,,,,,,,,,,,,,,,,,,,,,,,,,,,,,,,,,,,,,,,,,,,,,,,,,,
39,39,1300.0,INVALID_TRACK_SEGMENT,Valid-looking pose segment is too short to establish target identity continuity.,,793.8332595825195,322.8312225341797,,,,797.1428571428571,409.99999999999994,656.4285714285713,129.28571428571428,281.4285714285715,561.4285714285713,,,,,,,,,,,,,,,,,,,,,,,,,,,,,,,,,,,,,,,,,,,,,,,,,,,
40,40,1333.3333333333333,TARGET_IDENTITY_UNCERTAIN,TARGET_OVERLAP_AMBIGUOUS: another detected person overlaps or is too close to the selected pose for automated identity acceptance.,,784.1843414306641,344.90599060058594,,,,759.2857142857142,395.71428571428567,602.1428571428571,112.85714285714286,314.28571428571433,565.7142857142857,,,,,,,,,,,,,,,,,,,,,,,,,,,,,,,,,,,,,,,,,,,,,,,,,,,
41,41,1366.6666666666667,INVALID_TRACK_SEGMENT,Valid-looking pose segment is too short to establish target identity continuity.,,769.875862121582,346.36714935302734,,,,731.1904761904761,394.5238095238095,561.6666666666666,112.38095238095238,339.0476190476191,564.2857142857142,,,,,,,,,,,,,,,,,,,,,,,,,,,,,,,,,,,,,,,,,,,,,,,,,,,
42,42,1400.0,INVALID_TRACK_SEGMENT,Valid-looking pose segment is too short to establish target identity continuity.,,740.3118286132812,350.0809860229492,,,,703.0952380952381,393.33333333333337,521.1904761904761,111.90476190476191,363.80952380952385,562.8571428571429,,,,,,,,,,,,,,,,,,,,,,,,,,,,,,,,,,,,,,,,,,,,,,,,,,,
43,43,1433.3333333333333,TARGET_IDENTITY_UNCERTAIN,TARGET_OVERLAP_AMBIGUOUS: another detected person overlaps or is too close to the selected pose for automated identity acceptance.,,735.8127593994141,353.7265853881836,,,,675.0,392.14285714285717,480.7142857142857,111.42857142857143,388.5714285714286,561.4285714285714,,,,,,,,,,,,,,,,,,,,,,,,,,,,,,,,,,,,,,,,,,,,,,,,,,,
44,44,1466.6666666666663,TARGET_IDENTITY_UNCERTAIN,TARGET_OVERLAP_AMBIGUOUS: multiple pose candidates plus a target-continuity jump.,,732.4059753417969,360.138427734375,,,,648.5714285714287,395.35714285714283,442.8571428571429,114.28571428571428,411.42857142857144,562.1428571428571,,,,,,,,,,,,,,,,,,,,,,,,,,,,,,,,,,,,,,,,,,,,,,,,,,,
45,45,1500.0,TARGET_IDENTITY_UNCERTAIN,Temporal/body-scale discontinuity suggests target identity uncertainty.,,714.2465057373047,352.90830993652344,,,,622.1428571428571,398.57142857142856,405.0,117.14285714285714,434.28571428571433,562.8571428571429,,,,,,,,,,,,,,,,,,,,,,,,,,,,,,,,,,,,,,,,,,,,,,,,,,,
46,46,1533.3333333333337,INVALID_TRACK_SEGMENT,Valid-looking pose segment is too short to establish target identity continuity.,,702.8861694335938,364.6360473632813,,,,613.5714285714286,401.42857142857144,400.0,122.14285714285714,427.14285714285717,558.5714285714287,,,,,,,,,,,,,,,,,,,,,,,,,,,,,,,,,,,,,,,,,,,,,,,,,,,
47,47,1566.6666666666667,TARGET_IDENTITY_UNCERTAIN,TARGET_OVERLAP_AMBIGUOUS: another detected person overlaps or is too close to the selected pose for automated identity acceptance.,,677.9654846191406,370.38260650634766,,,,605.0,404.28571428571433,395.0,127.14285714285714,420.0,554.2857142857143,,,,,,,,,,,,,,,,,,,,,,,,,,,,,,,,,,,,,,,,,,,,,,,,,,,
48,48,1600.0,TARGET_IDENTITY_UNCERTAIN,Temporal/body-scale discontinuity suggests target identity uncertainty.,,675.8574676513672,412.6223907470703,,,,605.2380952380952,403.33333333333337,414.5238095238095,127.14285714285714,381.42857142857144,552.3809523809524,,,,,,,,,,,,,,,,,,,,,,,,,,,,,,,,,,,,,,,,,,,,,,,,,,,
49,49,1633.3333333333333,TARGET_IDENTITY_UNCERTAIN,Temporal/body-scale discontinuity suggests target identity uncertainty.,,674.0996856689453,361.6235427856446,,,,605.4761904761905,402.3809523809524,434.04761904761904,127.14285714285714,342.8571428571429,550.4761904761905,,,,,,,,,,,,,,,,,,,,,,,,,,,,,,,,,,,,,,,,,,,,,,,,,,,
50,50,1666.6666666666667,TARGET_IDENTITY_UNCERTAIN,Temporal/body-scale discontinuity suggests target identity uncertainty.,,651.1127624511719,363.74539947509766,,,,605.7142857142858,401.42857142857144,453.57142857142856,127.14285714285714,304.28571428571433,548.5714285714286,,,,,,,,,,,,,,,,,,,,,,,,,,,,,,,,,,,,,,,,,,,,,,,,,,,
51,51,1700.0,VALID_TARGET,,4.0,637.3827896118164,366.57869720458984,626.6331558227539,377.2978973388672,SUPPORTED,599.2857142857143,401.19047619047615,451.1904761904762,128.0952380952381,296.1904761904762,546.1904761904761,UNSTABLE_TRANSFORM,translation_median_sparse_flow,16.152587890625,8.884075164794922,314.0,41.737754821777344,,,SUPPORTED,partial_affine_ransac_sparse_flow,52.21733250370164,13.465962889768091,73.0,1.0952095259114267,1.0131294751688347,0.23248407643312102,,,,,0.0,0.0,,,path_segment_014,SUPPORTED,,,,,,0.0,0.0,,,path_segment_004,SUPPORTED,,,,,,0.0,0.0,,,path_segment_014,SUPPORTED,,SUPPORTED,
52,52,1733.3333333333337,VALID_TARGET,,4.0,626.6331558227539,384.6580276489258,627.9655265808105,371.9382972717285,SUPPORTED,592.8571428571429,400.95238095238096,448.8095238095238,129.04761904761904,288.09523809523813,543.8095238095239,SUPPORTED,translation_median_sparse_flow,6.2537841796875,0.5761833190917969,348.0,0.682236909866333,,,SUPPORTED,partial_affine_ransac_sparse_flow,7.281547719281218,0.8046084696503104,275.0,0.3254175849294079,0.9987789539495814,0.7902298850574713,1.3323707580566406,-5.359600067138672,-4.921413421630859,-5.935783386230469,-4.921413421630859,-5.935783386230469,129.66244422430472,1.615705115954169,path_segment_014,SUPPORTED,,1.3323707580566406,-5.359600067138672,-5.206911791879293,-5.665503093114694,-5.206911791879293,-5.665503093114694,132.5847333969871,1.612386549593038,path_segment_004,SUPPORTED,,1.3323707580566406,-5.359600067138672,-4.921413421630859,-5.935783386230469,-4.921413421630859,-5.935783386230469,129.66244422430472,1.615705115954169,path_segment_014,SUPPORTED,,SUPPORTED,
53,53,1766.6666666666663,VALID_TARGET,,4.0,629.2978973388672,377.2978973388672,629.2978973388672,366.57869720458984,SUPPORTED,586.4285714285714,400.7142857142857,446.42857142857144,130.0,280.0,541.4285714285714,SUPPORTED,translation_median_sparse_flow,6.8177490234375,1.88238525390625,349.0,0.9440481066703796,,,SUPPORTED,partial_affine_ransac_sparse_flow,8.234554258994587,2.088957044500993,269.0,0.28109492300450384,0.9985292700803096,0.7707736389684814,1.3323707580566406,-5.359600067138672,-5.485378265380859,-7.241985321044922,-10.406791687011719,-13.17776870727539,127.14178912589077,1.9036765204958122,path_segment_014,SUPPORTED,,1.3323707580566406,-5.359600067138672,-6.006024365744111,-6.855256945706117,-11.212936157623403,-12.52076003882081,131.22223395282438,1.909792156581419,path_segment_004,SUPPORTED,,1.3323707580566406,-5.359600067138672,-5.485378265380859,-7.241985321044922,-10.406791687011719,-13.17776870727539,127.14178912589077,1.9036765204958122,path_segment_014,SUPPORTED,,SUPPORTED,
54,54,1800.0,VALID_TARGET,,4.0,624.5120620727539,353.88746643066406,623.8301162719727,353.9237365722656,SUPPORTED,583.5714285714286,405.95238095238096,445.95238095238096,133.33333333333334,275.23809523809524,545.2380952380953,SUPPORTED,translation_median_sparse_flow,7.2490997314453125,0.524322509765625,347.0,0.9371408820152283,,,SUPPORTED,partial_affine_ransac_sparse_flow,9.030677598931979,0.8743805274191407,276.0,0.34060770681546887,0.9981301370332198,0.7953890489913544,-5.467781066894531,-12.654960632324219,-12.716880798339844,-13.179283142089844,-23.123672485351562,-26.357051849365234,133.97703429720175,3.8376187455513837,path_segment_014,SUPPORTED,,-5.467781066894531,-12.654960632324219,-13.37208572337704,-12.757478738758664,-24.585021881000443,-25.278238777579475,136.3474351716153,3.8726606642747763,path_segment_004,SUPPORTED,,-5.467781066894531,-12.654960632324219,-12.716880798339844,-13.179283142089844,-23.123672485351562,-26.357051849365234,133.97703429720175,3.8376187455513837,path_segment_014,SUPPORTED,,SUPPORTED,
55,55,1833.3333333333333,VALID_TARGET,,4.0,622.827766418457,350.17716217041016,623.8301162719727,353.9237365722656,SUPPORTED,580.7142857142857,411.19047619047615,445.4761904761905,136.66666666666666,270.4761904761904,549.047619047619,SUPPORTED,translation_median_sparse_flow,8.021575927734375,2.2760915756225586,348.0,1.561586618423462,,,SUPPORTED,partial_affine_ransac_sparse_flow,10.629432647659776,2.5629830212126916,265.0,0.3239259919051747,0.9972309716817652,0.7614942528735632,0.0,0.0,-8.021575927734375,-2.2760915756225586,-31.145248413085938,-28.633143424987793,164.1589115392775,1.7472161714526326,path_segment_014,SUPPORTED,,0.0,0.0,-8.9526969501253,-1.4936359985689478,-33.537718831125744,-26.771874776148422,170.52821421111048,1.9018997541665505,path_segment_004,SUPPORTED,,0.0,0.0,-8.021575927734375,-2.2760915756225586,-31.145248413085938,-28.633143424987793,164.1589115392775,1.7472161714526326,path_segment_014,SUPPORTED,,SUPPORTED,
56,56,1866.6666666666667,VALID_TARGET,,4.0,610.6616134643555,352.0286560058594,617.8598937988281,351.9923858642578,SUPPORTED,577.8571428571429,416.42857142857144,445.0,140.0,265.71428571428567,552.8571428571429,SUPPORTED,translation_median_sparse_flow,8.51348876953125,0.26578712463378906,348.0,1.5008608102798462,,,SUPPORTED,partial_affine_ransac_sparse_flow,11.349420617264451,0.7029902171398946,261.0,0.3155016338969319,0.9971086712238587,0.75,-5.970222473144531,-1.9313507080078125,-14.483711242675781,-2.1971378326416016,-45.62895965576172,-30.830281257629395,171.37415791407062,3.0696749702444697,path_segment_014,SUPPORTED,,-5.970222473144531,-1.9313507080078125,-15.588714809665476,-1.482735518517984,-49.12643364079122,-28.254610294666406,174.56660318384132,3.2812414161768246,path_segment_004,SUPPORTED,,-5.970222473144531,-1.9313507080078125,-14.483711242675781,-2.1971378326416016,-45.62895965576172,-30.830281257629395,171.37415791407062,3.0696749702444697,path_segment_014,SUPPORTED,,SUPPORTED,
57,57,1900.0,VALID_TARGET,,4.0,619.6112060546875,364.28968048095703,618.1761169433594,352.0286560058594,SUPPORTED,573.5714285714286,417.3214285714286,443.2142857142857,140.71428571428572,260.71428571428567,553.2142857142858,SUPPORTED,translation_median_sparse_flow,9.162750244140625,1.4126625061035156,350.0,1.5451998710632324,,,SUPPORTED,partial_affine_ransac_sparse_flow,11.88141487227621,1.7866289748179949,262.0,0.33045965659383403,0.9972272193685037,0.7485714285714286,0.31622314453125,0.0362701416015625,-8.846527099609375,-1.3763923645019531,-54.475486755371094,-32.20667362213135,171.15650382626754,1.8760258692048988,path_segment_014,SUPPORTED,,0.31622314453125,0.0362701416015625,-9.880104528402285,-0.7250272078737225,-59.006538169193504,-28.97963750254013,175.80301272508967,2.075868815601711,path_segment_004,SUPPORTED,,0.31622314453125,0.0362701416015625,-8.846527099609375,-1.3763923645019531,-54.475486755371094,-32.20667362213135,171.15650382626754,1.8760258692048988,path_segment_014,SUPPORTED,,SUPPORTED,
58,58,1933.3333333333333,VALID_TARGET,,4.0,597.6342239379883,344.7273483276367,609.6500473022461,361.09827423095703,SUPPORTED,569.2857142857143,418.2142857142857,441.42857142857144,141.42857142857144,255.7142857142857,553.5714285714286,SUPPORTED,translation_median_sparse_flow,9.824310302734375,0.1709747314453125,346.0,1.7528815269470215,,,SUPPORTED,partial_affine_ransac_sparse_flow,12.625743056737152,0.7338513504637492,256.0,0.2906044809644733,0.9970921770896564,0.7398843930635838,-8.526069641113281,9.069618225097656,-18.350379943847656,8.898643493652344,-72.82586669921875,-23.308030128479004,-154.12987761104506,4.273446470833265,path_segment_014,SUPPORTED,,-8.526069641113281,9.069618225097656,-19.46297257358526,9.550365609039943,-78.46951074277877,-19.429271893500186,-153.86308607623985,4.542854725696884,path_segment_004,SUPPORTED,,-8.526069641113281,9.069618225097656,-18.350379943847656,8.898643493652344,-72.82586669921875,-23.308030128479004,-154.12987761104506,4.273446470833265,path_segment_014,SUPPORTED,,SUPPORTED,
59,59,1966.6666666666663,VALID_TARGET,,4.0,592.9519271850586,362.28780364990234,607.2165222167969,364.28968048095703,SUPPORTED,565.0,419.1071428571428,439.6428571428571,142.14285714285714,250.71428571428572,553.9285714285713,SUPPORTED,translation_median_sparse_flow,10.61834716796875,1.271860122680664,344.0,1.5559519529342651,,,SUPPORTED,partial_affine_ransac_sparse_flow,13.081317012146162,1.820587222748293,257.0,0.3191879197156525,0.9973387877539119,0.747093023255814,-2.4335250854492188,3.19140625,-13.051872253417969,1.919546127319336,-85.87773895263672,-21.388484001159668,-171.63345580787578,2.764341826897357,path_segment_014,SUPPORTED,,-2.4335250854492188,3.19140625,-14.027071647012122,2.5591869269281347,-92.49658238979089,-16.87008496657205,-169.66032205917438,2.9877866889487534,path_segment_004,SUPPORTED,,-2.4335250854492188,3.19140625,-13.051872253417969,1.919546127319336,-85.87773895263672,-21.388484001159668,-171.63345580787578,2.764341826897357,path_segment_014,SUPPORTED,,SUPPORTED,
60,60,2000.0,VALID_TARGET,,4.0,589.4926910400391,368.15111541748047,582.5690765380859,369.3406448364258,SUPPORTED,560.7142857142857,420.0,437.85714285714283,142.85714285714286,245.71428571428572,554.2857142857142,SUPPORTED,translation_median_sparse_flow,11.15631103515625,-0.1883544921875,345.0,1.5260065793991089,,,SUPPORTED,partial_affine_ransac_sparse_flow,13.165398218451356,0.19401508173605286,247.0,0.2765734367801433,0.9979331806441866,0.7159420289855073,-24.647445678710938,5.05096435546875,-35.80375671386719,5.23931884765625,-121.6814956665039,-16.149165153503418,-171.67474966242045,7.582311282898267,path_segment_014,SUPPORTED,,-24.647445678710938,5.05096435546875,-36.704130209405434,5.853830413614105,-129.20071259919632,-11.016254552957946,-170.9383862618898,7.788277224950142,path_segment_004,SUPPORTED,,-24.647445678710938,5.05096435546875,-35.80375671386719,5.23931884765625,-121.6814956665039,-16.149165153503418,-171.67474966242045,7.582311282898267,path_segment_014,SUPPORTED,,SUPPORTED,
61,61,2033.3333333333333,VALID_TARGET,HUMAN_ACCEPTED_TARGET: operator reviewed the raw skeleton and confirmed that it belongs to the documented athlete.,4.0,585.6748008728027,378.9581909179687,581.1847114562988,374.0367431640625,SUPPORTED,561.8452380952381,418.98809523809524,436.7857142857143,141.42857142857144,250.11904761904762,555.1190476190476,SUPPORTED,translation_median_sparse_flow,12.027099609375,0.573455810546875,349.0,1.065866231918335,,,SUPPORTED,partial_affine_ransac_sparse_flow,13.41530310640691,1.050993476204957,241.0,0.33741386129864964,0.9985863258710901,0.6905444126074498,-1.3843650817871094,4.696098327636719,-13.41146469116211,4.122642517089844,-135.09296035766602,-12.026522636413574,-162.9127346905391,2.940050835068929,path_segment_014,SUPPORTED,,-1.3843650817871094,4.696098327636719,-14.117698767065576,4.3906654075358915,-143.3184113662619,-6.625589145422055,-162.72408013318895,3.0980233655720566,path_segment_004,SUPPORTED,,-1.3843650817871094,4.696098327636719,-13.41146469116211,4.122642517089844,-135.09296035766602,-12.026522636413574,-162.9127346905391,2.940050835068929,path_segment_014,SUPPORTED,,SUPPORTED,
62,62,2066.666666666667,VALID_TARGET,,4.0,576.5427589416504,374.0367431640625,576.6894035339355,375.4915313720703,SUPPORTED,562.9761904761904,417.9761904761905,435.71428571428567,140.0,254.52380952380952,555.952380952381,SUPPORTED,translation_median_sparse_flow,12.72308349609375,-0.8487548828125,347.0,0.9255586266517639,,,SUPPORTED,partial_affine_ransac_sparse_flow,13.585323534554963,-0.49033849651284317,231.0,0.34817615042514305,0.999178218601313,0.6657060518731989,-4.495307922363281,1.4547882080078125,-17.21839141845703,2.3035430908203125,-152.31135177612305,-9.722979545593262,-172.3799950084142,3.6401300397910497,path_segment_014,SUPPORTED,,-4.495307922363281,1.4547882080078125,-17.811465424815424,2.5765806001548412,-161.12987679107732,-4.049008545267213,-171.76877499698256,3.7711079928515656,path_segment_004,SUPPORTED,,-4.495307922363281,1.4547882080078125,-17.21839141845703,2.3035430908203125,-152.31135177612305,-9.722979545593262,-172.3799950084142,3.6401300397910497,path_segment_014,SUPPORTED,,SUPPORTED,
63,63,2100.0,VALID_TARGET,,4.0,571.0485382080078,375.4915313720703,576.6894035339355,378.95819091796875,SUPPORTED,564.1071428571429,416.96428571428567,434.6428571428571,138.57142857142858,258.92857142857144,556.7857142857142,SUPPORTED,translation_median_sparse_flow,13.459762573242188,0.24384355545043945,350.0,0.6361583471298218,,,SUPPORTED,partial_affine_ransac_sparse_flow,13.69038213696538,0.5246220431592004,235.0,0.34595123369050135,0.9998995415337438,0.6714285714285714,0.0,3.4666595458984375,-13.459762573242188,3.222815990447998,-165.77111434936523,-6.500163555145264,-166.53456669972735,2.900115062384375,path_segment_014,SUPPORTED,,0.0,3.4666595458984375,-13.802829790980468,3.2415641793557484,-174.9327065820578,-0.807444365911465,-166.78371324537818,2.9709689797266305,path_segment_004,SUPPORTED,,0.0,3.4666595458984375,-13.459762573242188,3.222815990447998,-165.77111434936523,-6.500163555145264,-166.53456669972735,2.900115062384375,path_segment_014,SUPPORTED,,SUPPORTED,
64,64,2133.3333333333335,VALID_TARGET,,4.0,574.8972816467285,386.3903579711914,576.6894035339355,386.3903579711914,SUPPORTED,565.2380952380952,415.95238095238096,433.57142857142856,137.14285714285714,263.3333333333333,557.6190476190476,SUPPORTED,translation_median_sparse_flow,13.8046875,-0.7605171203613281,341.0,0.7623474597930908,,,SUPPORTED,partial_affine_ransac_sparse_flow,14.184680095152144,-0.618578999381291,225.0,0.3489777596276725,0.9997838773087585,0.6598240469208211,0.0,7.432167053222656,-13.8046875,8.192684173583984,-179.57580184936523,1.6925206184387207,-149.31209018889373,3.363725148823489,path_segment_014,SUPPORTED,,0.0,7.432167053222656,-14.233348723994823,8.396509315297465,-189.1660553060526,7.589064949386,-149.46287826988737,3.4627786700216183,path_segment_004,SUPPORTED,,0.0,7.432167053222656,-13.8046875,8.192684173583984,-179.57580184936523,1.6925206184387207,-149.31209018889373,3.363725148823489,path_segment_014,SUPPORTED,,SUPPORTED,
65,65,2166.6666666666665,VALID_TARGET,,4.0,583.800651550293,389.9820556640625,583.800651550293,389.384033203125,SUPPORTED,566.3690476190476,414.9404761904762,432.5,135.71428571428572,267.73809523809524,558.452380952381,SUPPORTED,translation_median_sparse_flow,14.47918701171875,0.48211097717285156,348.0,0.7265697717666626,,,SUPPORTED,partial_affine_ransac_sparse_flow,14.738772683568746,0.6916146277076282,230.0,0.3723050605193946,0.9999418340605172,0.6609195402298851,7.111248016357422,2.9936752319335938,-7.367938995361328,2.511564254760742,-186.94374084472656,4.204084873199463,-161.17691414470414,1.6311304562382267,path_segment_014,SUPPORTED,,7.111248016357422,2.9936752319335938,-7.763196478437976,2.5772099467716885,-196.9292517844906,10.166274896157688,-161.63497224513517,1.7140172305973884,path_segment_004,SUPPORTED,,7.111248016357422,2.9936752319335938,-7.367938995361328,2.511564254760742,-186.94374084472656,4.204084873199463,-161.17691414470414,1.6311304562382267,path_segment_014,SUPPORTED,,SUPPORTED,
66,66,2200.0,VALID_TARGET,,4.0,590.3909301757812,395.09962463378906,587.9276275634766,389.384033203125,SUPPORTED,567.5,413.9285714285714,431.42857142857144,134.28571428571428,272.1428571428571,559.2857142857142,SUPPORTED,translation_median_sparse_flow,14.933013916015625,-0.7416610717773438,346.0,0.7249606847763062,,,SUPPORTED,partial_affine_ransac_sparse_flow,15.17795426047954,-0.734751477338291,230.0,0.3839050088429573,0.9999590395636443,0.6647398843930635,4.126976013183594,0.0,-10.806037902832031,0.7416610717773438,-197.7497787475586,4.945745944976807,-176.0737216404818,2.269651346947758,path_segment_014,SUPPORTED,,4.126976013183594,0.0,-11.150376303188523,0.9356432296482353,-208.0796280876791,11.101918125805923,-175.20346985447944,2.3446892420297085,path_segment_004,SUPPORTED,,4.126976013183594,0.0,-10.806037902832031,0.7416610717773438,-197.7497787475586,4.945745944976807,-176.0737216404818,2.269651346947758,path_segment_014,SUPPORTED,,SUPPORTED,
67,67,2233.3333333333335,VALID_TARGET,,4.0,592.3546142578125,388.1217498779297,589.9275283813477,387.1919403076172,SUPPORTED,568.6309523809523,412.91666666666663,430.35714285714283,132.85714285714286,276.54761904761904,560.1190476190476,SUPPORTED,translation_median_sparse_flow,15.2252197265625,0.253997802734375,347.0,0.8311790823936462,,,SUPPORTED,partial_affine_ransac_sparse_flow,15.27452218321171,0.31197568801960274,228.0,0.404230735475992,1.0004817085633437,0.6570605187319885,1.9999008178710938,-2.1920928955078125,-13.225318908691406,-2.4460906982421875,-210.97509765625,2.499655246734619,169.52126715794415,2.8182683903910846,path_segment_014,SUPPORTED,,1.9999008178710938,-2.1920928955078125,-13.681337760241831,-2.505092371071896,-221.76096584792094,8.596825754734027,169.62391723928334,2.914483312767816,path_segment_004,SUPPORTED,,1.9999008178710938,-2.1920928955078125,-13.225318908691406,-2.4460906982421875,-210.97509765625,2.499655246734619,169.52126715794415,2.8182683903910846,path_segment_014,SUPPORTED,,SUPPORTED,
68,68,2266.6666666666665,VALID_TARGET,,4.0,589.6792755126953,378.9639587402344,590.6761093139648,380.43882751464844,SUPPORTED,569.7619047619048,411.9047619047619,429.2857142857143,131.42857142857142,280.95238095238096,560.952380952381,SUPPORTED,translation_median_sparse_flow,15.46923828125,-1.05731201171875,343.0,0.974113404750824,,,SUPPORTED,partial_affine_ransac_sparse_flow,15.304527979458527,-1.1477502634836938,224.0,0.359023849756256,1.000977644813215,0.6530612244897959,0.7485809326171875,-6.75311279296875,-14.720657348632812,-5.69580078125,-225.6957550048828,-3.196145534515381,158.84726471345414,3.3074539607405358,path_segment_014,SUPPORTED,,0.7485809326171875,-6.75311279296875,-15.25789297612937,-5.793066524675851,-237.0188588240503,2.8037592300581764,159.20939690133494,3.4198656661922207,path_segment_004,SUPPORTED,,0.7485809326171875,-6.75311279296875,-14.720657348632812,-5.69580078125,-225.6957550048828,-3.196145534515381,158.84726471345414,3.3074539607405358,path_segment_014,SUPPORTED,,SUPPORTED,
69,69,2300.0,VALID_TARGET,,4.0,595.5575256347656,379.1912231445313,595.0552368164062,379.2454605102539,SUPPORTED,570.8928571428571,410.89285714285717,428.2142857142857,130.0,285.35714285714283,561.7857142857143,SUPPORTED,translation_median_sparse_flow,15.041343688964844,-0.1887054443359375,345.0,1.588679313659668,,,SUPPORTED,partial_affine_ransac_sparse_flow,14.251242392841796,-0.5646009393639947,238.0,0.35998620118644165,1.0032607524401564,0.6898550724637681,4.379127502441406,-1.1933670043945312,-10.662216186523438,-1.0046615600585938,-236.35797119140625,-4.200807094573975,174.61712192165018,2.244083976810023,path_segment_014,SUPPORTED,,4.379127502441406,-1.1933670043945312,-12.005593506881837,-1.5470308976720162,-249.02445233093215,1.2567283323861602,172.65737526926932,2.5364824038556595,path_segment_004,SUPPORTED,,4.379127502441406,-1.1933670043945312,-10.662216186523438,-1.0046615600585938,-236.35797119140625,-4.200807094573975,174.61712192165018,2.244083976810023,path_segment_014,SUPPORTED,,SUPPORTED,
70,70,2333.3333333333335,VALID_TARGET,,4.0,595.0552368164062,378.1683349609375,595.0370254516602,379.2454605102539,SUPPORTED,572.0238095238095,409.8809523809524,427.1428571428571,128.57142857142856,289.76190476190476,562.6190476190477,SUPPORTED,translation_median_sparse_flow,0.0,0.0,350.0,9.543773194309324e-05,,,SUPPORTED,partial_affine_ransac_sparse_flow,0.0036774110616826544,-0.00013056718589416722,350.0,0.00315770839329935,0.9999857754011524,1.0,-0.01821136474609375,0.0,-0.01821136474609375,0.0,-236.37618255615234,-4.200807094573975,-180.0,0.003816055285867599,path_segment_014,SUPPORTED,,-0.01821136474609375,0.0,-0.011433811925485315,0.0024019393557068724,-249.03588614285763,1.259130271741867,-168.13619493167803,0.002448164899264036,path_segment_004,SUPPORTED,,-0.01821136474609375,0.0,-0.01821136474609375,0.0,-236.37618255615234,-4.200807094573975,-180.0,0.003816055285867599,path_segment_014,SUPPORTED,,SUPPORTED,
71,71,2366.6666666666665,VALID_TARGET,,4.0,596.1284484863281,379.2454605102539,595.0552368164062,379.36454010009766,SUPPORTED,573.1547619047619,408.8690476190476,426.07142857142856,127.14285714285714,294.16666666666663,563.452380952381,SUPPORTED,translation_median_sparse_flow,14.769439697265625,-1.4436798095703125,341.0,2.1053037643432617,,,SUPPORTED,partial_affine_ransac_sparse_flow,13.980017744942291,-1.987057236760787,233.0,0.34162934725924093,1.0038463912781657,0.6832844574780058,0.01821136474609375,0.11907958984375,-14.751228332519531,1.5627593994140625,-251.12741088867188,-2.638047695159912,-173.95258673225112,3.108307133620442,path_segment_014,SUPPORTED,,0.01821136474609375,0.11907958984375,-16.435173088970714,0.9372370273920865,-265.47105923182835,2.1963672991339536,-176.7361689087912,3.4494627882917794,path_segment_004,SUPPORTED,,0.01821136474609375,0.11907958984375,-14.751228332519531,1.5627593994140625,-251.12741088867188,-2.638047695159912,-173.95258673225112,3.108307133620442,path_segment_014,SUPPORTED,,SUPPORTED,
72,72,2400.0,VALID_TARGET,,4.0,593.5579833984375,379.5688705444336,595.3589248657227,379.5688705444336,SUPPORTED,574.2857142857142,407.8571428571429,425.0,125.71428571428571,298.57142857142856,564.2857142857143,SUPPORTED,translation_median_sparse_flow,14.167770385742188,-0.28912353515625,341.0,2.578916311264038,,,SUPPORTED,partial_affine_ransac_sparse_flow,13.33871455803057,-0.9455488436684631,235.0,0.36003013746990004,1.0047094015598086,0.6891495601173021,0.30368804931640625,0.2043304443359375,-13.864082336425781,0.4934539794921875,-264.99149322509766,-2.1445937156677246,-177.96157437376422,2.9069542987879062,path_segment_014,SUPPORTED,,0.30368804931640625,0.2043304443359375,-16.04075516207024,-0.3175079382816648,-281.5118143938986,1.8788593608522888,178.86604530964195,3.3618786719731046,path_segment_004,SUPPORTED,,0.30368804931640625,0.2043304443359375,-13.864082336425781,0.4934539794921875,-264.99149322509766,-2.1445937156677246,-177.96157437376422,2.9069542987879062,path_segment_014,SUPPORTED,,SUPPORTED,
73,73,2433.333333333333,VALID_TARGET,,4.0,597.5789337158203,381.34767150878906,598.69921875,380.9373474121094,SUPPORTED,571.2857142857142,405.42857142857144,417.0,125.14285714285714,308.57142857142856,560.5714285714286,SUPPORTED,translation_median_sparse_flow,14.14849853515625,-1.7395782470703125,345.0,2.6279940605163574,,,SUPPORTED,partial_affine_ransac_sparse_flow,13.23823939319766,-2.3487670760457116,237.0,0.35192039789684243,1.004846704717853,0.6869565217391305,3.3402938842773438,1.3684768676757812,-10.808204650878906,3.1080551147460938,-275.79969787597656,0.9634613990783691,-163.956647486013,2.3565597113324364,path_segment_014,SUPPORTED,,3.3402938842773438,1.3684768676757812,-12.962326223418245,2.1582623991566834,-294.47414061731683,4.037121760008972,-170.5468183606844,2.7535513658395154,path_segment_004,SUPPORTED,,3.3402938842773438,1.3684768676757812,-10.808204650878906,3.1080551147460938,-275.79969787597656,0.9634613990783691,-163.956647486013,2.3565597113324364,path_segment_014,SUPPORTED,,SUPPORTED,
74,74,2466.666666666667,VALID_TARGET,,4.0,606.1786956787109,381.4749374389648,605.6045989990234,381.51522064208984,SUPPORTED,568.2857142857142,403.0,409.0,124.57142857142857,318.57142857142856,556.8571428571429,SUPPORTED,translation_median_sparse_flow,13.519973754882812,-0.650604248046875,347.0,2.703474521636963,,,SUPPORTED,partial_affine_ransac_sparse_flow,12.560722707215279,-1.1628492743124812,239.0,0.37179966678889603,1.0050139370619264,0.6887608069164265,6.9053802490234375,0.5778732299804688,-6.614593505859375,1.2284774780273438,-282.41429138183594,2.191938877105713,-169.47877215823027,1.4097401064633466,path_segment_014,SUPPORTED,,6.9053802490234375,0.5778732299804688,-8.908057888807093,0.22529956531604967,-303.3821985061239,4.262421325325022,-178.55120352773437,1.867213822369175,path_segment_004,SUPPORTED,,6.9053802490234375,0.5778732299804688,-6.614593505859375,1.2284774780273438,-282.41429138183594,2.191938877105713,-169.47877215823027,1.4097401064633466,path_segment_014,SUPPORTED,,SUPPORTED,
75,75,2500.0,VALID_TARGET,,4.0,613.4463577270508,382.4332427978515,609.3520126342773,382.15925216674805,SUPPORTED,565.2857142857142,400.57142857142856,401.0,124.0,328.57142857142856,553.1428571428571,SUPPORTED,translation_median_sparse_flow,13.079421997070312,-2.2451629638671875,345.0,3.0746331214904785,,,SUPPORTED,partial_affine_ransac_sparse_flow,12.064930834375891,-2.7839553283818783,241.0,0.39535152014023234,1.005264405193189,0.6985507246376812,3.7474136352539062,0.6440315246582031,-9.332008361816406,2.8891944885253906,-291.74629974365234,5.0811333656311035,-162.79744880335343,2.0470258657382585,path_segment_014,SUPPORTED,,3.7474136352539062,0.6440315246582031,-11.759041421787174,1.8220320573147433,-315.1412399279111,6.084453382639765,-171.19221407359592,2.493422667699145,path_segment_004,SUPPORTED,,3.7474136352539062,0.6440315246582031,-9.332008361816406,2.8891944885253906,-291.74629974365234,5.0811333656311035,-162.79744880335343,2.0470258657382585,path_segment_014,SUPPORTED,,SUPPORTED,
76,76,2533.333333333333,VALID_TARGET,,4.0,621.8588638305664,391.85992431640625,613.0994262695312,382.43324279785156,SUPPORTED,562.2857142857142,398.14285714285717,393.0,123.42857142857143,338.57142857142856,549.4285714285714,SUPPORTED,translation_median_sparse_flow,12.792343139648438,-1.3018722534179688,347.0,3.3434908390045166,,,SUPPORTED,partial_affine_ransac_sparse_flow,11.460078947647153,-2.0620771780855542,238.0,0.3550985932295429,1.0063101450024134,0.6858789625360231,3.7474136352539062,0.2739906311035156,-9.044929504394531,1.5758628845214844,-300.7912292480469,6.656996250152588,-170.11678317867344,1.9238479184637878,path_segment_014,SUPPORTED,,3.7474136352539062,0.2739906311035156,-11.73274848850383,0.20373960044838668,-326.87398841641493,6.288192983088152,-179.00515671180048,2.4588803475546084,path_segment_004,SUPPORTED,,3.7474136352539062,0.2739906311035156,-9.044929504394531,1.5758628845214844,-300.7912292480469,6.656996250152588,-170.11678317867344,1.9238479184637878,path_segment_014,SUPPORTED,,SUPPORTED,
77,77,2566.666666666667,TARGET_IDENTITY_UNCERTAIN,TARGET_OVERLAP_AMBIGUOUS: another detected person overlaps or is too close to the selected pose for automated identity acceptance.,,629.1476364135742,403.2506713867187,,,,559.2857142857142,395.71428571428567,385.0,122.85714285714286,348.57142857142856,545.7142857142857,,,,,,,,,,,,,,,,,,,,,,,,,,,,,,,,,,,,,,,,,,,,,,,,,,,
78,78,2600.0,VALID_TARGET,,5.0,634.0439910888672,397.6071472167969,637.4740982055664,388.85693359375,SUPPORTED,564.8809523809524,395.5952380952381,392.3809523809524,123.0952380952381,345.0,545.0,SUPPORTED,translation_median_sparse_flow,24.92285919189453,-3.9179840087890625,336.0,5.833782196044922,,,SUPPORTED,partial_affine_ransac_sparse_flow,21.937923869307767,-6.590965484687979,191.0,0.5216707301913142,1.0146327673136097,0.5684523809523809,,,,,0.0,0.0,,,path_segment_015,SUPPORTED,,,,,,0.0,0.0,,,path_segment_005,SUPPORTED,,,,,,0.0,0.0,,,path_segment_015,SUPPORTED,,SUPPORTED,
79,79,2633.3333333333335,VALID_TARGET,,5.0,637.4740982055664,388.85693359375,640.1568984985352,386.45426177978516,SUPPORTED,570.4761904761905,395.4761904761905,399.76190476190476,123.33333333333334,341.42857142857144,544.2857142857142,SUPPORTED,translation_median_sparse_flow,11.999496459960938,-3.34423828125,341.0,4.472695350646973,,,SUPPORTED,partial_affine_ransac_sparse_flow,10.167402240006796,-4.7684319528266546,224.0,0.3453478071918674,1.0080195203333382,0.656891495601173,2.68280029296875,-2.4026718139648438,-9.316696166992188,0.9415664672851562,-9.316696166992188,0.9415664672851562,-174.22915222126565,1.9621883805396396,path_segment_015,SUPPORTED,,2.68280029296875,-2.4026718139648438,-12.735520115763165,-0.525247094482836,-12.735520115763165,-0.525247094482836,177.63830643004763,2.6709016494475972,path_segment_005,SUPPORTED,,2.68280029296875,-2.4026718139648438,-9.316696166992188,0.9415664672851562,-9.316696166992188,0.9415664672851562,-174.22915222126565,1.9621883805396396,path_segment_015,SUPPORTED,,SUPPORTED,
80,80,2666.6666666666665,VALID_TARGET,,5.0,647.2053070068359,382.2062530517578,642.8396987915039,384.0515899658203,SUPPORTED,576.0714285714286,395.3571428571428,407.1428571428571,123.57142857142858,337.8571428571429,543.5714285714284,SUPPORTED,translation_median_sparse_flow,11.574569702148438,-1.9086990356445312,346.0,4.922234535217285,,,SUPPORTED,partial_affine_ransac_sparse_flow,9.892837043547875,-3.5497572047103545,208.0,0.35177342265504785,1.0085193326048214,0.6011560693641619,2.68280029296875,-2.4026718139648438,-8.891769409179688,-0.4939727783203125,-18.208465576171875,0.44759368896484375,176.82026245490002,1.8660767129237674,path_segment_015,SUPPORTED,,2.68280029296875,-2.4026718139648438,-12.84108689086031,-1.8513332293434246,-25.576607006623476,-2.3765803238262606,171.79604703748998,2.71857456032513,path_segment_005,SUPPORTED,,2.68280029296875,-2.4026718139648438,-8.891769409179688,-0.4939727783203125,-18.208465576171875,0.44759368896484375,176.82026245490002,1.8660767129237674,path_segment_015,SUPPORTED,,SUPPORTED,
81,81,2700.0,VALID_TARGET,,5.0,655.2431564331055,383.635986328125,656.2409744262695,381.7906494140625,SUPPORTED,581.6666666666666,395.2380952380952,414.5238095238095,123.80952380952381,334.2857142857143,542.8571428571428,SUPPORTED,translation_median_sparse_flow,11.3060302734375,-3.3124465942382812,340.0,5.578794479370117,,,SUPPORTED,partial_affine_ransac_sparse_flow,9.793631311067964,-5.0814018309713935,202.0,0.3402256606098403,1.0083903455630352,0.5941176470588235,13.401275634765625,-2.2609405517578125,2.095245361328125,1.0515060424804688,-16.11322021484375,1.4990997314453125,-26.649942522707374,0.4912294419061095,path_segment_015,SUPPORTED,,13.401275634765625,-2.2609405517578125,-1.9084481751235671,-0.19683721846354274,-27.485055181747043,-2.5734175422898034,174.1113390763852,0.40202245839731937,path_segment_005,SUPPORTED,,13.401275634765625,-2.2609405517578125,2.095245361328125,1.0515060424804688,-16.11322021484375,1.4990997314453125,-26.649942522707374,0.4912294419061095,path_segment_015,SUPPORTED,,SUPPORTED,
82,82,2733.3333333333335,VALID_TARGET,,5.0,659.7067947387695,376.3068161010742,659.7067947387695,378.02245330810547,SUPPORTED,587.2619047619048,395.1190476190476,421.9047619047619,124.04761904761905,330.7142857142857,542.1428571428571,SUPPORTED,translation_median_sparse_flow,11.581634521484375,-1.99603271484375,343.0,5.166204929351807,,,SUPPORTED,partial_affine_ransac_sparse_flow,9.671776843456893,-3.7689015967529134,207.0,0.30694577691764213,1.0086827400251601,0.6034985422740525,3.4658203125,-3.7681961059570312,-8.115814208984375,-1.7721633911132812,-24.229034423828125,-0.27306365966796875,167.68227846033386,1.7406792390022077,path_segment_015,SUPPORTED,,3.4658203125,-3.7681961059570312,-11.9921290532709,-3.1626361839105357,-39.477184235017944,-5.736053726200339,165.22599974221546,2.598778644690874,path_segment_005,SUPPORTED,,3.4658203125,-3.7681961059570312,-8.115814208984375,-1.7721633911132812,-24.229034423828125,-0.27306365966796875,167.68227846033386,1.7406792390022077,path_segment_015,SUPPORTED,,SUPPORTED,
83,83,2766.6666666666665,VALID_TARGET,,5.0,662.7777633666992,370.1384506225586,663.8154220581055,373.34873962402344,SUPPORTED,592.8571428571429,394.99999999999994,429.2857142857143,124.28571428571429,327.14285714285717,541.4285714285713,SUPPORTED,translation_median_sparse_flow,11.244392395019531,-3.1822052001953125,342.0,3.681356430053711,,,SUPPORTED,partial_affine_ransac_sparse_flow,9.09583496878294,-4.902418088290073,212.0,0.3268022621644643,1.0090497197350716,0.6198830409356725,4.1086273193359375,-4.673713684082031,-7.135765075683594,-1.4915084838867188,-31.36479949951172,-1.7645721435546875,168.19407996555404,1.5275598177493093,path_segment_015,SUPPORTED,,4.1086273193359375,-4.673713684082031,-11.106040746885697,-2.932721137293413,-50.58322498190364,-8.668774863493752,165.20781922614907,2.4069586237562297,path_segment_005,SUPPORTED,,4.1086273193359375,-4.673713684082031,-7.135765075683594,-1.4915084838867188,-31.36479949951172,-1.7645721435546875,168.19407996555404,1.5275598177493093,path_segment_015,SUPPORTED,,SUPPORTED,
84,84,2800.0,VALID_TARGET,HUMAN_ACCEPTED_TARGET: operator reviewed the raw skeleton and confirmed that it belongs to the documented athlete.,5.0,673.4956207275391,373.95153045654297,670.3609237670898,373.34873962402344,SUPPORTED,600.7142857142857,395.6349206349206,440.87301587301585,125.07936507936509,319.6825396825397,541.111111111111,SUPPORTED,translation_median_sparse_flow,10.92626953125,-1.9168243408203125,346.0,3.4256033897399902,,,SUPPORTED,partial_affine_ransac_sparse_flow,8.481023489609337,-3.5605420304839686,224.0,0.337087782072128,1.0096917559480358,0.6473988439306358,6.545501708984375,0.0,-4.380767822265625,1.9168243408203125,-35.745567321777344,0.152252197265625,-156.36800502700189,1.0019845351769388,path_segment_015,SUPPORTED,,6.545501708984375,0.0,-8.524762615714394,0.21911294384312896,-59.107987597618035,-8.449661919650623,-178.52764423768653,1.7868902145495378,path_segment_005,SUPPORTED,,6.545501708984375,0.0,-4.380767822265625,1.9168243408203125,-35.745567321777344,0.152252197265625,-156.36800502700189,1.0019845351769388,path_segment_015,SUPPORTED,,SUPPORTED,
85,85,2833.3333333333335,VALID_TARGET,,5.0,670.3609237670898,373.34873962402344,671.9267272949219,373.1218795776367,SUPPORTED,608.5714285714286,396.2698412698412,452.46031746031747,125.87301587301587,312.22222222222223,540.7936507936507,SUPPORTED,translation_median_sparse_flow,10.805908203125,-3.031097412109375,344.0,3.2513129711151123,,,SUPPORTED,partial_affine_ransac_sparse_flow,8.030755727609288,-4.666448240472007,228.0,0.3632086872232908,1.0100875355168806,0.6627906976744186,1.5658035278320312,-0.22686004638671875,-9.240104675292969,2.8042373657226562,-44.98567199707031,2.9564895629882812,-163.11771929295008,2.023396247093093,path_segment_015,SUPPORTED,,1.5658035278320312,-0.22686004638671875,-13.35015956453526,0.8942073500338665,-72.4581471621533,-7.5554545696167565,-176.16799392306737,2.803694339342255,path_segment_005,SUPPORTED,,1.5658035278320312,-0.22686004638671875,-9.240104675292969,2.8042373657226562,-44.98567199707031,2.9564895629882812,-163.11771929295008,2.023396247093093,path_segment_015,SUPPORTED,,SUPPORTED,
86,86,2866.6666666666665,VALID_TARGET,,5.0,676.2096176147461,374.2576904296875,673.0295791625977,373.5715866088867,SUPPORTED,616.4285714285714,396.90476190476187,464.04761904761904,126.66666666666667,304.76190476190476,540.4761904761904,SUPPORTED,translation_median_sparse_flow,10.083541870117188,-1.2680206298828125,345.0,2.8240902423858643,,,SUPPORTED,partial_affine_ransac_sparse_flow,7.359402186901204,-3.073745010088657,230.0,0.4679372138512754,1.0103369453638797,0.6666666666666666,1.1028518676757812,0.44970703125,-8.980690002441406,1.7177276611328125,-53.96636199951172,4.674217224121094,-169.1718738470775,1.9159496259406368,path_segment_015,SUPPORTED,,1.1028518676757812,0.44970703125,-13.323198282439193,-0.11554580938633308,-85.78134544459249,-7.67100037900309,179.5031132083483,2.7918815469724745,path_segment_005,SUPPORTED,,1.1028518676757812,0.44970703125,-8.980690002441406,1.7177276611328125,-53.96636199951172,4.674217224121094,-169.1718738470775,1.9159496259406368,path_segment_015,SUPPORTED,,SUPPORTED,
87,87,2900.0,VALID_TARGET,,5.0,673.6531524658203,373.1218795776367,672.9379043579102,373.62547302246094,SUPPORTED,624.2857142857142,397.53968253968253,475.6349206349206,127.46031746031746,297.30158730158735,540.1587301587301,SUPPORTED,translation_median_sparse_flow,9.448532104492188,-1.9971923828125,342.0,2.4415042400360107,,,SUPPORTED,partial_affine_ransac_sparse_flow,6.499936565183581,-3.840399124179973,226.0,0.45235424876456,1.0104887026754237,0.6608187134502924,-0.0916748046875,0.05388641357421875,-9.540206909179688,2.0510787963867188,-63.506568908691406,6.7252960205078125,-167.86649690944165,2.04475788387105,path_segment_015,SUPPORTED,,-0.0916748046875,0.05388641357421875,-13.712544178093594,0.08723111813048945,-99.49388962268608,-7.5837692608726,-179.63552296136825,2.8734192193485235,path_segment_005,SUPPORTED,,-0.0916748046875,0.05388641357421875,-9.540206909179688,2.0510787963867188,-63.506568908691406,6.7252960205078125,-167.86649690944165,2.04475788387105,path_segment_015,SUPPORTED,,SUPPORTED,
88,88,2933.333333333333,VALID_TARGET,,5.0,672.6333923339844,373.5715866088867,672.6333923339844,374.2576904296875,SUPPORTED,632.1428571428571,398.17460317460313,487.22222222222223,128.25396825396825,289.8412698412699,539.8412698412698,SUPPORTED,translation_median_sparse_flow,8.583427429199219,-0.22959136962890625,350.0,2.2111003398895264,,,SUPPORTED,partial_affine_ransac_sparse_flow,5.679849248402077,-1.899414257249236,242.0,0.4444191535656594,1.0102535896665952,0.6914285714285714,-0.30451202392578125,0.6322174072265625,-8.887939453125,0.8618087768554688,-72.3945083618164,7.587104797363281,-174.4616946795779,1.8711358959686417,path_segment_015,SUPPORTED,,-0.30451202392578125,0.6322174072265625,-12.951473874691487,-1.1785211066318766,-112.44536349737757,-8.762290367504477,174.80068160739285,2.725096965579471,path_segment_005,SUPPORTED,,-0.30451202392578125,0.6322174072265625,-8.887939453125,0.8618087768554688,-72.3945083618164,7.587104797363281,-174.4616946795779,1.8711358959686417,path_segment_015,SUPPORTED,,SUPPORTED,
89,89,2966.666666666667,VALID_TARGET,,5.0,665.254150390625,384.8237838745117,665.254150390625,384.8237838745117,SUPPORTED,640.0,398.8095238095238,498.8095238095238,129.04761904761904,282.3809523809524,539.5238095238095,SUPPORTED,translation_median_sparse_flow,7.397979736328125,-1.3878707885742188,350.0,2.307399034500122,,,SUPPORTED,partial_affine_ransac_sparse_flow,4.257924994738507,-3.217609314502969,249.0,0.42468675421312074,1.0110390284408926,0.7114285714285714,-7.379241943359375,10.566093444824219,-14.7772216796875,11.953964233398438,-87.1717300415039,19.54106903076172,-141.0290350441067,3.9827608808555173,path_segment_015,SUPPORTED,,-7.379241943359375,10.566093444824219,-19.15950129755265,9.826854203509129,-131.60486479493022,1.0645638360046519,-152.84684033321432,4.511998655895233,path_segment_005,SUPPORTED,,-7.379241943359375,10.566093444824219,-14.7772216796875,11.953964233398438,-87.1717300415039,19.54106903076172,-141.0290350441067,3.9827608808555173,path_segment_015,SUPPORTED,,SUPPORTED,
90,90,3000.0,VALID_TARGET,,5.0,662.2680816650391,388.6962127685547,665.254150390625,388.6962127685547,SUPPORTED,647.8571428571429,399.4444444444444,510.39682539682536,129.84126984126982,274.92063492063494,539.2063492063492,SUPPORTED,translation_median_sparse_flow,5.7701263427734375,0.000213623046875,350.0,2.1615824699401855,,,SUPPORTED,partial_affine_ransac_sparse_flow,2.5250883700755726,-1.6406756712829385,252.0,0.4191074186670162,1.0114848280091928,0.72,0.0,3.8724288940429688,-5.7701263427734375,3.8722152709960938,-92.94185638427734,23.413284301757812,-146.1352358669608,1.4561080877013348,path_segment_015,SUPPORTED,,0.0,3.8724288940429688,-10.142349129209833,1.053592832173365,-141.74721392414006,2.118156668178017,-174.06935458494232,2.1366896236328126,path_segment_005,SUPPORTED,,0.0,3.8724288940429688,-5.7701263427734375,3.8722152709960938,-92.94185638427734,23.413284301757812,-146.1352358669608,1.4561080877013348,path_segment_015,SUPPORTED,,SUPPORTED,
91,91,3033.333333333333,VALID_TARGET,,5.0,659.9666137695312,395.91900634765625,664.8093605041504,391.32945251464844,SUPPORTED,655.7142857142858,400.07936507936506,521.984126984127,130.63492063492063,267.46031746031747,538.8888888888889,SUPPORTED,translation_median_sparse_flow,4.949005126953125,-1.0738983154296875,349.0,2.23886775970459,,,SUPPORTED,partial_affine_ransac_sparse_flow,1.7551364575647659,-3.085550248047374,246.0,0.3351980183963962,1.0113640216355122,0.7048710601719198,-0.4447898864746094,2.63323974609375,-5.393795013427734,3.7071380615234375,-98.33565139770508,27.12042236328125,-145.49938348194894,1.3714377492585188,path_segment_015,SUPPORTED,,-0.4447898864746094,2.63323974609375,-9.780481466769402,1.3368841471526025,-151.52769539090946,3.4550408153306194,-172.21653361938414,2.068483765686728,path_segment_005,SUPPORTED,,-0.4447898864746094,2.63323974609375,-5.393795013427734,3.7071380615234375,-98.33565139770508,27.12042236328125,-145.49938348194894,1.3714377492585188,path_segment_015,SUPPORTED,,SUPPORTED,
92,92,3066.666666666667,VALID_TARGET,,5.0,666.2070655822754,394.86122131347656,664.254581451416,394.86122131347656,SUPPORTED,663.5714285714286,400.71428571428567,533.5714285714286,131.42857142857142,260.0,538.5714285714286,SUPPORTED,translation_median_sparse_flow,3.239898681640625,-0.0148468017578125,349.0,2.1923539638519287,,,SUPPORTED,partial_affine_ransac_sparse_flow,-0.2927495774680336,-1.9437934378953552,271.0,0.44103331883902575,1.0121811150781126,0.7765042979942693,-0.554779052734375,3.531768798828125,-3.794677734375,3.5466156005859375,-102.13032913208008,30.667037963867188,-136.9352867567209,1.0883724352909412,path_segment_015,SUPPORTED,,-0.554779052734375,3.531768798828125,-8.485039703738039,0.9209803914589543,-160.0127350946475,4.376021206789574,-173.8052716723004,1.7884193788817888,path_segment_005,SUPPORTED,,-0.554779052734375,3.531768798828125,-3.794677734375,3.5466156005859375,-102.13032913208008,30.667037963867188,-136.9352867567209,1.0883724352909412,path_segment_015,SUPPORTED,,SUPPORTED,
93,93,3100.0,VALID_TARGET,,5.0,665.4696464538574,391.3294525146485,664.6607856750488,394.86122131347656,SUPPORTED,658.8775510204082,402.85714285714283,528.0612244897959,131.0204081632653,261.6326530612245,543.6734693877551,SUPPORTED,translation_median_sparse_flow,2.249786376953125,-1.4853744506835938,350.0,2.0891475677490234,,,SUPPORTED,partial_affine_ransac_sparse_flow,-1.5584885863572242,-2.8850463574826053,301.0,0.6408867742191771,1.0120580846209555,0.86,0.4062042236328125,0.0,-1.8435821533203125,1.4853744506835938,-103.97391128540039,32.15241241455078,-141.14160109835464,0.496095289845412,path_segment_015,SUPPORTED,,0.4062042236328125,0.0,-6.451980825970622,-1.1906933269909246,-166.46471592061812,3.185327879798649,169.5438832134597,1.3747938897670575,path_segment_005,SUPPORTED,,0.4062042236328125,0.0,-1.8435821533203125,1.4853744506835938,-103.97391128540039,32.15241241455078,-141.14160109835464,0.496095289845412,path_segment_015,SUPPORTED,,SUPPORTED,
94,94,3133.3333333333335,VALID_TARGET,,5.0,664.6057472229004,396.10389709472656,666.2070655822754,394.86122131347656,SUPPORTED,654.1836734693877,405.0,522.5510204081633,130.6122448979592,263.265306122449,548.7755102040817,SUPPORTED,translation_median_sparse_flow,1.389373779296875,-0.5779495239257812,348.0,1.5733363628387451,,,SUPPORTED,partial_affine_ransac_sparse_flow,-2.5461296203321067,-2.1559619645130534,313.0,0.5285430223841182,1.0120371722313848,0.8994252873563219,1.5462799072265625,0.0,0.1569061279296875,0.5779495239257812,-103.8170051574707,32.73036193847656,-74.8110128840419,0.12548871370767356,path_segment_015,SUPPORTED,,1.5462799072265625,0.0,-4.112378354438306,-2.2532069278169047,-170.57709427505642,0.9321209519817444,151.28129203847612,0.9825868033292737,path_segment_005,SUPPORTED,,1.5462799072265625,0.0,0.1569061279296875,0.5779495239257812,-103.8170051574707,32.73036193847656,-74.8110128840419,0.12548871370767356,path_segment_015,SUPPORTED,,SUPPORTED,
95,95,3166.6666666666665,VALID_TARGET,,5.0,667.3494682312012,392.50640869140625,665.8208122253418,396.10389709472656,SUPPORTED,649.4897959183673,407.14285714285717,517.0408163265306,130.20408163265307,264.8979591836735,553.8775510204082,SUPPORTED,translation_median_sparse_flow,0.491973876953125,-1.8997039794921875,345.0,1.9624028205871582,,,SUPPORTED,partial_affine_ransac_sparse_flow,-3.4410814414052404,-3.4880649294441715,271.0,0.4861067163710418,1.0120662364811264,0.7855072463768116,-0.38625335693359375,1.24267578125,-0.8782272338867188,3.1423797607421875,-104.69523239135742,35.87274169921875,-105.61452933800375,0.6836943687086764,path_segment_015,SUPPORTED,,-0.38625335693359375,1.24267578125,-5.277126784153552,0.46159251026523407,-175.85422105920998,1.3937134622469785,-175.0010371871104,1.1100046032993238,path_segment_005,SUPPORTED,,-0.38625335693359375,1.24267578125,-0.8782272338867188,3.1423797607421875,-104.69523239135742,35.87274169921875,-105.61452933800375,0.6836943687086764,path_segment_015,SUPPORTED,,SUPPORTED,
96,96,3200.0,VALID_TARGET,,5.0,668.3028030395508,398.1025848388672,665.640697479248,398.1025848388672,SUPPORTED,644.795918367347,409.2857142857143,511.53061224489795,129.79591836734693,266.53061224489795,558.9795918367347,SUPPORTED,translation_median_sparse_flow,7.62939453125e-05,-0.9643325805664062,350.0,1.5691940784454346,,,SUPPORTED,partial_affine_ransac_sparse_flow,-4.084177944764283,-2.534670314786367,310.0,0.6130284008967412,1.011233725313772,0.8857142857142857,-0.18011474609375,1.998687744140625,-0.1801910400390625,2.9630203247070312,-104.87542343139648,38.83576202392578,-93.48005952419932,0.6220257747727493,path_segment_015,SUPPORTED,,-0.18011474609375,1.998687744140625,-3.719212850024178,0.32516199251199396,-179.57343390923415,1.7188754547589724,-175.0034699969783,0.7823060206764377,path_segment_005,SUPPORTED,,-0.18011474609375,1.998687744140625,-0.1801910400390625,2.9630203247070312,-104.87542343139648,38.83576202392578,-93.48005952419932,0.6220257747727493,path_segment_015,SUPPORTED,,SUPPORTED,
97,97,3233.3333333333335,VALID_TARGET,,5.0,665.8197364807129,398.4176635742187,665.327995300293,398.41766357421875,SUPPORTED,640.1020408163265,411.42857142857144,506.0204081632653,129.3877551020408,268.16326530612247,564.0816326530612,SUPPORTED,translation_median_sparse_flow,-0.461212158203125,-2.4504852294921875,347.0,2.482227325439453,,,SUPPORTED,partial_affine_ransac_sparse_flow,-5.301423230988464,-4.559185673389624,252.0,0.26362954205638023,1.011730742946803,0.7262247838616714,-0.3127021789550781,0.3150787353515625,0.14850997924804688,2.76556396484375,-104.72691345214844,41.60132598876953,-86.92618567344284,0.5803381894122414,path_segment_015,SUPPORTED,,-0.3127021789550781,0.3150787353515625,-2.8586013676501807,0.26921182771076246,-182.43203527688433,1.9880872824697349,-174.61997688718924,0.6016489725895348,path_segment_005,SUPPORTED,,-0.3127021789550781,0.3150787353515625,0.14850997924804688,2.76556396484375,-104.72691345214844,41.60132598876953,-86.92618567344284,0.5803381894122414,path_segment_015,SUPPORTED,,SUPPORTED,
98,98,3266.6666666666665,VALID_TARGET,,5.0,665.327995300293,400.27049255371094,664.7852363586426,398.41766357421875,SUPPORTED,635.4081632653061,413.5714285714286,500.51020408163265,128.9795918367347,269.7959183673469,569.1836734693878,SUPPORTED,translation_median_sparse_flow,0.0,-1.52587890625e-05,350.0,0.00012302029062993824,,,SUPPORTED,partial_affine_ransac_sparse_flow,-0.0006198723976363785,-0.04019122000315,350.0,0.02109427795173977,1.0000151796452512,1.0,-0.5427589416503906,0.0,-0.5427589416503906,1.52587890625e-05,-105.26967239379883,41.601341247558594,-179.99838922190602,0.11373107715607453,path_segment_015,SUPPORTED,,-0.5427589416503906,0.0,-0.5324182686656513,0.0010469098348266925,-182.96445354555,1.9891341923045616,-179.88733775437683,0.11156448210034711,path_segment_005,SUPPORTED,,-0.5427589416503906,0.0,-0.5427589416503906,1.52587890625e-05,-105.26967239379883,41.601341247558594,-179.99838922190602,0.11373107715607453,path_segment_015,SUPPORTED,,SUPPORTED,
99,99,3300.0,VALID_TARGET,,5.0,660.4388961791992,408.4814453125,660.4388961791992,399.3384704589844,SUPPORTED,630.7142857142858,415.7142857142858,495.0,128.57142857142858,271.42857142857144,574.2857142857143,SUPPORTED,translation_median_sparse_flow,-1.383270263671875,-1.3596115112304688,340.0,1.9403859376907349,,,SUPPORTED,partial_affine_ransac_sparse_flow,-6.363006397073558,-3.191750699230389,266.0,0.4010821265154123,1.0119150968738977,0.7823529411764706,-4.346340179443359,0.920806884765625,-2.9630699157714844,2.2804183959960938,-108.23274230957031,43.88175964355469,-142.41763623522382,0.7834786574707585,path_segment_015,SUPPORTED,,-4.346340179443359,0.920806884765625,-6.010094894976191,-0.45807323765478714,-188.97454844052618,1.5310609546497744,175.6414966728737,1.2630230312138353,path_segment_005,SUPPORTED,,-4.346340179443359,0.920806884765625,-2.9630699157714844,2.2804183959960938,-108.23274230957031,43.88175964355469,-142.41763623522382,0.7834786574707585,path_segment_015,SUPPORTED,,SUPPORTED,
100,100,3333.3333333333335,VALID_TARGET,,5.0,649.5026473999023,388.03440856933594,652.6497421264648,397.07240295410156,SUPPORTED,625.2380952380952,409.5238095238095,488.3333333333333,124.76190476190477,273.8095238095238,569.5238095238095,SUPPORTED,translation_median_sparse_flow,-2.689178466796875,-2.6626968383789062,340.0,2.5488686561584473,,,SUPPORTED,partial_affine_ransac_sparse_flow,-7.571837233017866,-4.781761722338271,241.0,0.3170065864252953,1.0122421585111645,0.7088235294117647,-7.789154052734375,-2.2660675048828125,-5.0999755859375,0.39662933349609375,-113.33271789550781,44.27838897705078,-175.55301084377348,1.0718886655003403,path_segment_015,SUPPORTED,,-7.789154052734375,-2.2660675048828125,-8.362604692439845,-2.2736748009171492,-197.33715313296602,-0.7426138462673748,164.7897573885903,1.815934157195039,path_segment_005,SUPPORTED,,-7.789154052734375,-2.2660675048828125,-5.0999755859375,0.39662933349609375,-113.33271789550781,44.27838897705078,-175.55301084377348,1.0718886655003403,path_segment_015,SUPPORTED,,SUPPORTED,
101,101,3366.6666666666665,VALID_TARGET,,5.0,649.1538696289062,397.3041229248047,646.8151168823242,397.3041229248047,SUPPORTED,619.7619047619048,403.33333333333337,481.6666666666667,120.95238095238095,276.1904761904762,564.7619047619048,SUPPORTED,translation_median_sparse_flow,-3.798919677734375,-1.166229248046875,347.0,2.5366053581237793,,,SUPPORTED,partial_affine_ransac_sparse_flow,-8.594687584910146,-3.437287552252651,253.0,0.437049431028951,1.0123384455943119,0.729106628242075,-5.834625244140625,0.231719970703125,-2.03570556640625,1.39794921875,-115.36842346191406,45.67633819580078,-145.5220360421328,0.5174622408385057,path_segment_015,SUPPORTED,,-5.834625244140625,0.231719970703125,-5.2452176881821515,-1.308153019683857,-202.58237082114817,-2.050766865951232,165.99616029052697,1.1327623908785378,path_segment_005,SUPPORTED,,-5.834625244140625,0.231719970703125,-2.03570556640625,1.39794921875,-115.36842346191406,45.67633819580078,-145.5220360421328,0.5174622408385057,path_segment_015,SUPPORTED,,SUPPORTED,
102,102,3400.0,VALID_TARGET,HUMAN_ACCEPTED_TARGET: operator reviewed the raw skeleton and confirmed that it belongs to the documented athlete.,5.0,643.0674667358398,390.4460906982422,642.2591247558594,397.3041229248047,SUPPORTED,614.2857142857142,397.1428571428571,475.0,117.14285714285714,278.57142857142856,560.0,SUPPORTED,translation_median_sparse_flow,-4.69915771484375,-2.790374755859375,344.0,2.988478183746338,,,SUPPORTED,partial_affine_ransac_sparse_flow,-9.699923398191787,-4.998313263016468,228.0,0.4063960364718213,1.012631219082878,0.6627906976744186,-4.555992126464844,0.0,0.14316558837890625,2.790374755859375,-115.22525787353516,48.466712951660156,-87.06290431408162,0.5854712415938986,path_segment_015,SUPPORTED,,-4.555992126464844,0.0,-3.0865838506249474,0.07831036281311299,-205.66895467177312,-1.972456503138119,-178.54664861102904,0.6469786914196817,path_segment_005,SUPPORTED,,-4.555992126464844,0.0,0.14316558837890625,2.790374755859375,-115.22525787353516,48.466712951660156,-87.06290431408162,0.5854712415938986,path_segment_015,SUPPORTED,,SUPPORTED,
103,103,3433.333333333333,VALID_TARGET,HUMAN_ACCEPTED_TARGET: operator reviewed the raw skeleton and confirmed that it belongs to the documented athlete.,5.0,630.5120162963867,410.2634582519531,637.5586853027344,403.7837905883789,SUPPORTED,586.4285714285714,396.7857142857143,441.42857142857144,115.0,290.0,563.5714285714286,SUPPORTED,translation_median_sparse_flow,-5.0106201171875,-0.6202850341796875,348.0,2.9230751991271973,,,SUPPORTED,partial_affine_ransac_sparse_flow,-9.987086310351721,-2.9200338920553763,243.0,0.4157556802306291,1.0123579001615446,0.6982758620689655,-4.700439453125,6.479667663574219,0.3101806640625,7.099952697753906,-114.91507720947266,55.56666564941406,-87.498469362251,1.4891610768451313,path_segment_015,SUPPORTED,,-4.700439453125,6.479667663574219,-2.6836212946495834,4.54368304347048,-208.3525759664227,2.5712265403323613,-120.5672402303901,1.1057588603087665,path_segment_005,SUPPORTED,,-4.700439453125,6.479667663574219,0.3101806640625,7.099952697753906,-114.91507720947266,55.56666564941406,-87.498469362251,1.4891610768451313,path_segment_015,SUPPORTED,,SUPPORTED,
104,104,3466.666666666667,VALID_TARGET,HUMAN_ACCEPTED_TARGET: operator reviewed the raw skeleton and confirmed that it belongs to the documented athlete.,5.0,623.7144393920898,415.09092712402344,632.0499038696289,410.2634582519531,SUPPORTED,558.5714285714287,396.42857142857144,407.8571428571429,112.85714285714286,301.42857142857144,567.1428571428571,SUPPORTED,translation_median_sparse_flow,-5.935516357421875,-1.7095489501953125,339.0,3.2622225284576416,,,SUPPORTED,partial_affine_ransac_sparse_flow,-10.537613156909712,-4.156910866392823,207.0,0.42403525176078755,1.0125577373701762,0.6106194690265486,-5.508781433105469,6.479667663574219,0.42673492431640625,8.189216613769531,-114.48834228515625,63.755882263183594,-87.01705098638658,1.7183173044195847,path_segment_015,SUPPORTED,,-5.508781433105469,6.479667663574219,-2.9926917771346098,5.590014671880397,-211.34526774355732,8.161241212212758,-118.16298671694746,1.3286461264813718,path_segment_005,SUPPORTED,,-5.508781433105469,6.479667663574219,0.42673492431640625,8.189216613769531,-114.48834228515625,63.755882263183594,-87.01705098638658,1.7183173044195847,path_segment_015,SUPPORTED,,SUPPORTED,
105,105,3500.0,TARGET_IDENTITY_UNCERTAIN,TARGET_OVERLAP_AMBIGUOUS: another detected person overlaps or is too close to the selected pose for automated identity acceptance.,,614.4830551147461,416.80638122558594,,,,530.7142857142857,396.0714285714286,374.2857142857143,110.71428571428571,312.85714285714283,570.7142857142858,,,,,,,,,,,,,,,,,,,,,,,,,,,,,,,,,,,,,,,,,,,,,,,,,,,
106,106,3533.333333333333,VALID_TARGET,,6.0,611.5928115844727,407.5875549316406,609.1256561279297,413.6611785888672,SUPPORTED,502.8571428571429,395.7142857142857,340.7142857142857,108.57142857142857,324.2857142857143,574.2857142857143,UNSTABLE_TRANSFORM,translation_median_sparse_flow,-12.842620849609375,-0.2711944580078125,331.0,9.459235191345215,,,SUPPORTED,partial_affine_ransac_sparse_flow,-21.499175706640226,-6.381769341042505,175.0,0.5945066576962077,1.0253615493739408,0.5287009063444109,,,,,0.0,0.0,,,path_segment_016,SUPPORTED,,,,,,0.0,0.0,,,path_segment_006,SUPPORTED,,,,,,0.0,0.0,,,path_segment_016,SUPPORTED,,SUPPORTED,
107,107,3566.666666666667,VALID_TARGET,,6.0,605.8328857421875,428.8094940185547,608.9128036499023,411.7554473876953,SUPPORTED,498.2857142857143,396.42857142857144,327.2857142857143,106.57142857142857,342.0,579.7142857142858,SUPPORTED,translation_median_sparse_flow,-2.646240234375,0.8716888427734375,339.0,5.760707378387451,,,SUPPORTED,partial_affine_ransac_sparse_flow,-10.524987596677432,-2.1727402451949165,180.0,0.6352001748842984,1.0124854121581675,0.5309734513274337,-0.21285247802734375,-1.905731201171875,2.4333877563476562,-2.7774200439453125,2.4333877563476562,-2.7774200439453125,48.777347482253965,0.7737607805453343,path_segment_016,SUPPORTED,,-0.21285247802734375,-1.905731201171875,2.840330097307401,-5.094058923954776,2.840330097307401,-5.094058923954776,60.85696767474732,1.2221361898578753,path_segment_006,SUPPORTED,,-0.21285247802734375,-1.905731201171875,2.4333877563476562,-2.7774200439453125,2.4333877563476562,-2.7774200439453125,48.777347482253965,0.7737607805453343,path_segment_016,SUPPORTED,,SUPPORTED,
108,108,3600.0,VALID_TARGET,,6.0,608.699951171875,413.6611785888672,608.699951171875,409.84971618652344,SUPPORTED,493.71428571428567,397.14285714285717,313.85714285714283,104.57142857142857,359.7142857142857,585.1428571428572,SUPPORTED,translation_median_sparse_flow,-3.2587890625,-0.104583740234375,293.0,5.721619129180908,,,SUPPORTED,partial_affine_ransac_sparse_flow,-10.01394300207726,-4.0617552477255945,154.0,0.5177220716413409,1.0125357408490037,0.5255972696245734,-0.21285247802734375,-1.905731201171875,3.0459365844726562,-1.8011474609375,5.4793243408203125,-4.5785675048828125,30.597011773661286,0.7414922553996441,path_segment_016,SUPPORTED,,-0.21285247802734375,-1.905731201171875,2.2737264183142543,-3.1620653853303224,5.114056515621655,-8.256124309285099,54.281459277170356,0.8160999108950081,path_segment_006,SUPPORTED,,-0.21285247802734375,-1.905731201171875,3.0459365844726562,-1.8011474609375,5.4793243408203125,-4.5785675048828125,30.597011773661286,0.7414922553996441,path_segment_016,SUPPORTED,,SUPPORTED,
109,109,3633.3333333333335,VALID_TARGET,,6.0,600.3686065673828,406.4132690429687,601.1028900146484,406.52064514160156,SUPPORTED,489.14285714285717,397.85714285714283,300.42857142857144,102.57142857142857,377.42857142857144,590.5714285714286,SUPPORTED,translation_median_sparse_flow,-2.62591552734375,0.299285888671875,256.0,5.807901382446289,,,SUPPORTED,partial_affine_ransac_sparse_flow,-9.574332569050773,-2.4480750021270827,128.0,0.5244643052323085,1.0125630772623635,0.5,-7.5970611572265625,-3.329071044921875,-4.9711456298828125,-3.62835693359375,0.5081787109375,-8.206924438476562,143.87491235048603,1.2896191084742465,path_segment_016,SUPPORTED,,-7.5970611572265625,-3.329071044921875,-5.630821994829034,-6.087961668826381,-0.516765479207379,-14.34408597811148,132.76607358074983,1.737680345947327,path_segment_006,SUPPORTED,,-7.5970611572265625,-3.329071044921875,-4.9711456298828125,-3.62835693359375,0.5081787109375,-8.206924438476562,143.87491235048603,1.2896191084742465,path_segment_016,SUPPORTED,,SUPPORTED,
110,110,3666.6666666666665,VALID_TARGET,,6.0,604.3328857421875,402.5802001953125,598.6376647949219,402.4728240966797,SUPPORTED,484.57142857142856,398.57142857142856,287.0,100.57142857142857,395.14285714285717,596.0,SUPPORTED,translation_median_sparse_flow,-2.895355224609375,-0.00038909912109375,242.0,5.819619178771973,,,SUPPORTED,partial_affine_ransac_sparse_flow,-9.69668454198503,-3.8283859433991605,136.0,0.5829454011213664,1.0127739404479965,0.5619834710743802,-2.4652252197265625,-4.047821044921875,0.4301300048828125,-4.047431945800781,0.9383087158203125,-12.254356384277344,83.93381268408176,0.8528848389147601,path_segment_016,SUPPORTED,,-2.4652252197265625,-4.047821044921875,-0.435011835858063,-5.43002133249621,-0.951777315065442,-19.77410731060769,94.58031814337292,1.1414657813857136,path_segment_006,SUPPORTED,,-2.4652252197265625,-4.047821044921875,0.4301300048828125,-4.047431945800781,0.9383087158203125,-12.254356384277344,83.93381268408176,0.8528848389147601,path_segment_016,SUPPORTED,,SUPPORTED,
111,111,3700.0,VALID_TARGET,,6.0,591.6358184814453,388.8953857421875,595.0032653808594,392.4576416015625,SUPPORTED,480.0,399.2857142857143,273.57142857142856,98.57142857142857,412.8571428571429,601.4285714285714,SUPPORTED,translation_median_sparse_flow,-3.156707763671875,0.5811920166015625,248.0,6.06428337097168,,,SUPPORTED,partial_affine_ransac_sparse_flow,-9.15896107048216,-2.276806858274846,141.0,0.6450446898363281,1.012589950788433,0.5685483870967742,-3.6343994140625,-10.015182495117188,-0.477691650390625,-10.59637451171875,0.4606170654296875,-22.850730895996094,92.5811844576805,2.2226461004459064,path_segment_016,SUPPORTED,,-3.6343994140625,-10.015182495117188,-1.9542132441819149,-12.891809757475755,-2.905990559247357,-32.665917068083445,98.61959624994311,2.7322425104968375,path_segment_006,SUPPORTED,,-3.6343994140625,-10.015182495117188,-0.477691650390625,-10.59637451171875,0.4606170654296875,-22.850730895996094,92.5811844576805,2.2226461004459064,path_segment_016,SUPPORTED,,SUPPORTED,
112,112,3733.3333333333335,VALID_TARGET,,6.0,587.5267486572266,390.11598205566406,582.4538269042969,386.55372619628906,SUPPORTED,484.68253968253964,400.3968253968254,285.6349206349206,98.73015873015873,398.09523809523813,603.3333333333334,SUPPORTED,translation_median_sparse_flow,-0.00017547607421875,-0.45529937744140625,250.0,5.874495983123779,,,SUPPORTED,partial_affine_ransac_sparse_flow,-7.57805404539831,-3.0737177257969504,153.0,0.46704941367372077,1.0109109304045272,0.612,-12.5494384765625,-5.9039154052734375,-12.549263000488281,-5.448616027832031,-12.088645935058594,-28.299346923828125,156.53056676185963,2.8667639275701173,path_segment_016,SUPPORTED,,-12.5494384765625,-5.9039154052734375,-11.535721527027476,-7.00264347290107,-14.441712086274833,-39.668560540984515,148.74057784563442,2.8277364333280905,path_segment_006,SUPPORTED,,-12.5494384765625,-5.9039154052734375,-12.549263000488281,-5.448616027832031,-12.088645935058594,-28.299346923828125,156.53056676185963,2.8667639275701173,path_segment_016,SUPPORTED,,SUPPORTED,
113,113,3766.6666666666665,VALID_TARGET,,6.0,580.3913650512695,381.3519134521485,580.1543884277344,382.44566345214844,SUPPORTED,489.3650793650794,401.5079365079365,297.6984126984127,98.88888888888889,383.33333333333337,605.2380952380953,SUPPORTED,translation_median_sparse_flow,-1.165557861328125,-4.57763671875e-05,284.0,5.1417436599731445,,,SUPPORTED,partial_affine_ransac_sparse_flow,-7.176893793985408,-1.9518078002092847,159.0,0.6093610251085503,1.01054474031593,0.5598591549295775,-2.2994384765625,-4.108062744140625,-1.133880615234375,-4.1080169677734375,-13.222526550292969,-32.40736389160156,105.43038544936199,0.8929926558712374,path_segment_016,SUPPORTED,,-2.2994384765625,-4.108062744140625,-1.283177394003701,-6.204021945203635,-15.724889480278534,-45.87258248618815,101.68570840211758,1.327521456836359,path_segment_006,SUPPORTED,,-2.2994384765625,-4.108062744140625,-1.133880615234375,-4.1080169677734375,-13.222526550292969,-32.40736389160156,105.43038544936199,0.8929926558712374,path_segment_016,SUPPORTED,,SUPPORTED,
114,114,3800.0,VALID_TARGET,,6.0,580.1543884277344,381.8375244140625,581.2283325195312,382.44566345214844,SUPPORTED,494.04761904761904,402.6190476190476,309.76190476190476,99.04761904761905,368.57142857142856,607.1428571428571,SUPPORTED,translation_median_sparse_flow,-2.2667236328125,-1.59210205078125,251.0,4.49005126953125,,,SUPPORTED,partial_affine_ransac_sparse_flow,-7.574314839083754,-3.7601520091258074,135.0,0.6251874355066384,1.0113100557884307,0.5378486055776892,1.073944091796875,0.0,3.340667724609375,1.59210205078125,-9.881858825683594,-30.815261840820312,-25.48162766135165,0.7754446460344658,path_segment_016,SUPPORTED,,1.073944091796875,0.0,2.048837519434187,-0.5079175217744591,-13.676051960844347,-46.38050000796261,13.923226129209326,0.442314204424646,path_segment_006,SUPPORTED,,1.073944091796875,0.0,3.340667724609375,1.59210205078125,-9.881858825683594,-30.815261840820312,-25.48162766135165,0.7754446460344658,path_segment_016,SUPPORTED,,SUPPORTED,
115,115,3833.3333333333335,VALID_TARGET,,6.0,573.3196868896484,381.31687927246094,580.3913650512695,382.44566345214844,SUPPORTED,498.7301587301587,403.73015873015873,321.8253968253968,99.2063492063492,353.8095238095238,609.047619047619,SUPPORTED,translation_median_sparse_flow,-1.53765869140625,-0.8721160888671875,279.0,5.069341659545898,,,SUPPORTED,partial_affine_ransac_sparse_flow,-7.76476466711165,-2.966980875623993,153.0,0.448201744519536,1.0119397415077915,0.5483870967741935,-0.8369674682617188,0.0,0.7006912231445312,0.8721160888671875,-9.181167602539062,-29.943145751953125,-51.220280825028965,0.23442130351936002,path_segment_016,SUPPORTED,,-0.8369674682617188,0.0,-0.06986719604105929,-1.511239133265974,-13.745919156885407,-47.891739141228584,92.64699807454707,0.3170070973643438,path_segment_006,SUPPORTED,,-0.8369674682617188,0.0,0.7006912231445312,0.8721160888671875,-9.181167602539062,-29.943145751953125,-51.220280825028965,0.23442130351936002,path_segment_016,SUPPORTED,,SUPPORTED,
116,116,3866.6666666666665,VALID_TARGET,,6.0,584.7411727905273,386.4923400878906,580.0912551879883,386.4923400878906,SUPPORTED,503.41269841269843,404.8412698412699,333.8888888888889,99.36507936507937,339.04761904761904,610.952380952381,SUPPORTED,translation_median_sparse_flow,-3.15093994140625,-1.9825897216796875,307.0,3.7232282161712646,,,SUPPORTED,partial_affine_ransac_sparse_flow,-7.38451677216746,-4.226252977127192,157.0,0.5543752154623186,1.011361964099618,0.511400651465798,-0.30010986328125,4.0466766357421875,2.850830078125,6.029266357421875,-6.3303375244140625,-23.91387939453125,-64.69371708033265,1.397497577421142,path_segment_016,SUPPORTED,,-0.30010986328125,4.0466766357421875,0.6501272905791211,3.684731297629071,-13.095791866306286,-44.20700784359951,-79.99382088405568,0.7840338091110538,path_segment_006,SUPPORTED,,-0.30010986328125,4.0466766357421875,2.850830078125,6.029266357421875,-6.3303375244140625,-23.91387939453125,-64.69371708033265,1.397497577421142,path_segment_016,SUPPORTED,,SUPPORTED,
117,117,3900.0,VALID_TARGET,,6.0,579.2672882080078,399.1775817871094,579.246223449707,389.8299865722656,SUPPORTED,508.0952380952381,405.95238095238096,345.95238095238096,99.52380952380952,324.2857142857143,612.8571428571429,SUPPORTED,translation_median_sparse_flow,-2.3634033203125,-0.0988922119140625,323.0,4.011406421661377,,,SUPPORTED,partial_affine_ransac_sparse_flow,-7.6438789519841155,-2.547470710192872,176.0,0.6529771685289545,1.0116029139676912,0.544891640866873,-0.84503173828125,3.337646484375,1.51837158203125,3.4365386962890625,-4.8119659423828125,-20.477340698242188,-66.16264085751587,0.7872568710845738,path_segment_016,SUPPORTED,,-0.84503173828125,3.337646484375,0.02848031562723463,1.4601494681744498,-13.067311550679051,-42.74685837542506,-88.88258357859816,0.30602159709083754,path_segment_006,SUPPORTED,,-0.84503173828125,3.337646484375,1.51837158203125,3.4365386962890625,-4.8119659423828125,-20.477340698242188,-66.16264085751587,0.7872568710845738,path_segment_016,SUPPORTED,,SUPPORTED,
118,118,3933.333333333333,VALID_TARGET,,6.0,576.0794525146484,398.69134521484375,580.7189025878906,397.95591735839844,SUPPORTED,512.7777777777778,407.06349206349205,358.015873015873,99.68253968253968,309.5238095238095,614.7619047619047,SUPPORTED,translation_median_sparse_flow,-2.32379150390625,-0.7550048828125,345.0,4.123279094696045,,,SUPPORTED,partial_affine_ransac_sparse_flow,-7.116568675969926,-3.9733570649904646,208.0,0.7355461772783186,1.011346806288513,0.6028985507246377,1.4726791381835938,8.125930786132812,3.7964706420898438,8.880935668945312,-1.0154953002929688,-11.596405029296875,-66.85399775850487,2.0238402500688686,path_segment_016,SUPPORTED,,1.4726791381835938,8.125930786132812,2.2105399125343865,7.388020023340459,-10.856771638144664,-35.358838352084604,-73.34250148680538,1.6159156072331124,path_segment_006,SUPPORTED,,1.4726791381835938,8.125930786132812,3.7964706420898438,8.880935668945312,-1.0154953002929688,-11.596405029296875,-66.85399775850487,2.0238402500688686,path_segment_016,SUPPORTED,,SUPPORTED,
119,119,3966.666666666667,VALID_TARGET,,6.0,582.9201354980469,389.8299865722656,581.5774536132812,399.9130096435547,SUPPORTED,517.4603174603174,408.17460317460313,370.07936507936506,99.84126984126983,294.7619047619047,616.6666666666666,SUPPORTED,translation_median_sparse_flow,-1.8048553466796875,-0.000354766845703125,350.0,3.5645999908447266,,,SUPPORTED,partial_affine_ransac_sparse_flow,-7.184903066462172,-2.8357289986537455,224.0,0.6273690192671988,1.010957319658681,0.64,0.858551025390625,1.95709228515625,2.6634063720703125,1.9574470520019531,1.6479110717773438,-9.638957977294922,-36.31369870140891,0.6926111776948493,path_segment_016,SUPPORTED,,0.858551025390625,1.95709228515625,1.7739156936808058,0.29576191514587435,-9.082855944463859,-35.06307643693873,-9.465757031303148,0.3768418202527842,path_segment_006,SUPPORTED,,0.858551025390625,1.95709228515625,2.6634063720703125,1.9574470520019531,1.6479110717773438,-9.638957977294922,-36.31369870140891,0.6926111776948493,path_segment_016,SUPPORTED,,SUPPORTED,
120,120,4000.0,VALID_TARGET,,6.0,581.5774536132812,413.0409851074219,579.4320526123047,409.31736755371094,SUPPORTED,522.1428571428571,409.2857142857143,382.14285714285717,100.0,279.99999999999994,618.5714285714286,SUPPORTED,translation_median_sparse_flow,-2.33172607421875,-1.0616836547851562,348.0,3.738222599029541,,,SUPPORTED,partial_affine_ransac_sparse_flow,-7.062714513108333,-3.7931700028986413,218.0,0.5570282567300859,1.0110059676721384,0.6264367816091954,-2.1454010009765625,9.40435791015625,0.1863250732421875,10.466041564941406,1.8342361450195312,0.8270835876464844,-88.98008118781419,2.1934282484078165,path_segment_016,SUPPORTED,,-2.1454010009765625,9.40435791015625,-1.437584743064349,8.72932036942251,-10.520440687528207,-26.33375606751622,-99.35179276433618,1.8538022577712248,path_segment_006,SUPPORTED,,-2.1454010009765625,9.40435791015625,0.1863250732421875,10.466041564941406,1.8342361450195312,0.8270835876464844,-88.98008118781419,2.1934282484078165,path_segment_016,SUPPORTED,,SUPPORTED,
121,121,4033.333333333333,VALID_TARGET,,6.0,585.9681167602539,409.31736755371094,580.7499923706055,413.0409851074219,SUPPORTED,518.2738095238095,410.4761904761905,378.5714285714286,103.0952380952381,279.40476190476187,614.7619047619047,SUPPORTED,translation_median_sparse_flow,0.0,0.0,350.0,0.00022217132209334522,,,SUPPORTED,partial_affine_ransac_sparse_flow,-0.0031619934574756495,-0.006067727414190531,350.0,0.00454965938645425,1.000010775055736,1.0,1.3179397583007812,3.7236175537109375,1.3179397583007812,3.7236175537109375,3.1521759033203125,4.550701141357422,-70.50905687882931,0.8276874658717388,path_segment_016,SUPPORTED,,1.3179397583007812,3.7236175537109375,1.3162333729021611,3.7233283647387907,-9.204207314626046,-22.61042770277743,-70.53099524241536,0.8275110989246323,path_segment_006,SUPPORTED,,1.3179397583007812,3.7236175537109375,1.3179397583007812,3.7236175537109375,3.1521759033203125,4.550701141357422,-70.50905687882931,0.8276874658717388,path_segment_016,SUPPORTED,,SUPPORTED,
122,122,4066.6666666666665,VALID_TARGET,,6.0,576.7926559448242,414.4164123535156,579.1804733276367,414.4164123535156,SUPPORTED,514.4047619047619,411.6666666666667,375.0,106.19047619047619,278.80952380952374,610.952380952381,SUPPORTED,translation_median_sparse_flow,-2.522979736328125,-0.1287078857421875,349.0,3.4595537185668945,,,SUPPORTED,partial_affine_ransac_sparse_flow,-7.195756571151812,-2.4499920955391827,228.0,0.5594996103224658,1.0108763007997899,0.6532951289398281,-1.56951904296875,1.37542724609375,0.953460693359375,1.5041351318359375,4.1056365966796875,6.054836273193359,-57.62967681033505,0.3731686860481156,path_segment_016,SUPPORTED,,-1.56951904296875,1.37542724609375,-0.6908378939025397,-0.666005305659894,-9.895045208528586,-23.276433008437323,136.04849526862074,0.2010756826726444,path_segment_006,SUPPORTED,,-1.56951904296875,1.37542724609375,0.953460693359375,1.5041351318359375,4.1056365966796875,6.054836273193359,-57.62967681033505,0.3731686860481156,path_segment_016,SUPPORTED,,SUPPORTED,
123,123,4100.0,VALID_TARGET,,6.0,576.4376754760742,445.9709930419922,575.8643569946289,445.9709930419922,SUPPORTED,510.5357142857143,412.85714285714283,371.42857142857144,109.28571428571428,278.21428571428567,607.1428571428571,SUPPORTED,translation_median_sparse_flow,-3.6556396484375,-1.6930313110351562,344.0,4.005295753479004,,,SUPPORTED,partial_affine_ransac_sparse_flow,-8.097010101930335,-3.8776609006589475,188.0,0.6268652469642424,1.0119601842997594,0.5465116279069767,-3.3161163330078125,31.554580688476562,0.3395233154296875,33.24761199951172,4.445159912109375,39.30244827270508,-89.41491807468634,6.967151700104795,path_segment_016,SUPPORTED,,-3.3161163330078125,31.554580688476562,-2.379810343792883,30.80241058574461,-12.274855552321469,7.5259775773072874,-94.41792534924944,6.47364992435052,path_segment_006,SUPPORTED,,-3.3161163330078125,31.554580688476562,0.3395233154296875,33.24761199951172,4.445159912109375,39.30244827270508,-89.41491807468634,6.967151700104795,path_segment_016,SUPPORTED,,SUPPORTED,
124,124,4133.333333333334,VALID_TARGET,,6.0,574.6585159301758,457.7088623046875,572.8440170288086,457.7088623046875,SUPPORTED,506.6666666666667,414.04761904761904,367.8571428571429,112.38095238095238,277.6190476190476,603.3333333333334,SUPPORTED,translation_median_sparse_flow,-3.761749267578125,-0.5423583984375,347.0,3.8003876209259033,,,SUPPORTED,partial_affine_ransac_sparse_flow,-8.052776079029064,-2.325057932217486,214.0,0.6780786514469305,1.011167952870887,0.6167146974063401,-3.0203399658203125,11.737869262695312,0.7414093017578125,12.280227661132812,5.1865692138671875,51.58267593383789,-86.54500517248017,2.5779153737492235,path_segment_016,SUPPORTED,,-3.0203399658203125,11.737869262695312,-1.315117027682163,8.974321476547061,-13.589972580003632,16.50029905385435,-98.33691156265697,1.9005862322056246,path_segment_006,SUPPORTED,,-3.0203399658203125,11.737869262695312,0.7414093017578125,12.280227661132812,5.1865692138671875,51.58267593383789,-86.54500517248017,2.5779153737492235,path_segment_016,SUPPORTED,,SUPPORTED,
125,125,4166.666666666667,VALID_TARGET,,6.0,565.3007507324219,465.6720123291016,568.7883377075195,465.67201232910156,SUPPORTED,502.79761904761904,415.23809523809524,364.2857142857143,115.47619047619048,277.02380952380946,599.5238095238095,SUPPORTED,translation_median_sparse_flow,-3.671173095703125,-1.944671630859375,349.0,4.119907379150391,,,SUPPORTED,partial_affine_ransac_sparse_flow,-8.00850009287491,-4.001937422515262,210.0,0.6157056237197265,1.011102496012842,0.6017191977077364,-4.0556793212890625,7.9631500244140625,-0.3845062255859375,9.907821655273438,4.80206298828125,61.49049758911133,-92.22243946973732,2.077672744661575,path_segment_016,SUPPORTED,,-4.0556793212890625,7.9631500244140625,-2.472348379843652,6.964952626735283,-16.062320959847284,23.46525168058963,-109.54332957593627,1.5486747740880853,path_segment_006,SUPPORTED,,-4.0556793212890625,7.9631500244140625,-0.3845062255859375,9.907821655273438,4.80206298828125,61.49049758911133,-92.22243946973732,2.077672744661575,path_segment_016,SUPPORTED,,SUPPORTED,
126,126,4200.0,VALID_TARGET,,6.0,567.7041625976562,483.9377899169922,567.7522201538086,482.85687255859375,SUPPORTED,498.92857142857144,416.42857142857144,360.7142857142857,118.57142857142857,276.4285714285714,595.7142857142858,SUPPORTED,translation_median_sparse_flow,-4.2336883544921875,-0.7144012451171875,344.0,4.131577491760254,,,SUPPORTED,partial_affine_ransac_sparse_flow,-8.188469623365842,-2.5979809046709326,208.0,0.6381524617769405,1.0115118356634092,0.6046511627906976,-1.0361175537109375,17.184860229492188,3.19757080078125,17.899261474609375,7.9996337890625,79.3897590637207,-79.87137598678409,3.8100340577706753,path_segment_016,SUPPORTED,,-1.0361175537109375,17.184860229492188,0.5652152435452535,14.470155546358058,-15.49710571630203,37.93540722694769,-87.76312059562379,3.034425107893468,path_segment_006,SUPPORTED,,-1.0361175537109375,17.184860229492188,3.19757080078125,17.899261474609375,7.9996337890625,79.3897590637207,-79.87137598678409,3.8100340577706753,path_segment_016,SUPPORTED,,SUPPORTED,
127,127,4233.333333333333,VALID_TARGET,,6.0,567.7522201538086,495.1719970703125,566.2267761230469,485.5369415283203,SUPPORTED,495.05952380952385,417.6190476190476,357.14285714285717,121.66666666666666,275.8333333333333,591.9047619047619,SUPPORTED,translation_median_sparse_flow,-4.6055908203125,-2.2959766387939453,342.0,3.6813340187072754,,,SUPPORTED,partial_affine_ransac_sparse_flow,-8.396066945026307,-4.1196627353278,197.0,0.56950383230489,1.0113517126841534,0.5760233918128655,-1.5254440307617188,2.6800689697265625,3.0801467895507812,4.976045608520508,11.079780578613281,84.36580467224121,-58.2427042319228,1.2262863421479002,path_segment_016,SUPPORTED,,-1.5254440307617188,2.6800689697265625,0.5609926103685439,1.1594005794230497,-14.936113105933487,39.09480780637074,-64.17931515717146,0.2698890114547163,path_segment_006,SUPPORTED,,-1.5254440307617188,2.6800689697265625,3.0801467895507812,4.976045608520508,11.079780578613281,84.36580467224121,-58.2427042319228,1.2262863421479002,path_segment_016,SUPPORTED,,SUPPORTED,
128,128,4266.666666666667,VALID_TARGET,,6.0,566.9748077392578,484.4560241699219,565.3044967651367,495.1719970703125,SUPPORTED,491.19047619047615,418.8095238095238,353.57142857142856,124.76190476190476,275.2380952380952,588.0952380952381,SUPPORTED,translation_median_sparse_flow,-4.940704345703125,-1.0253677368164062,342.0,3.4582390785217285,,,SUPPORTED,partial_affine_ransac_sparse_flow,-8.877721376318943,-3.031036813012544,200.0,0.5620514335552682,1.0117797351711324,0.5847953216374269,-0.9222793579101562,9.635055541992188,4.018424987792969,10.660423278808594,15.09820556640625,95.0262279510498,-69.34616688947574,2.3872435926560276,path_segment_016,SUPPORTED,,-0.9222793579101562,9.635055541992188,1.1944795388288867,7.052693176156993,-13.7416335671046,46.14750098252773,-80.38731802397399,1.498884802033323,path_segment_006,SUPPORTED,,-0.9222793579101562,9.635055541992188,4.018424987792969,10.660423278808594,15.09820556640625,95.0262279510498,-69.34616688947574,2.3872435926560276,path_segment_016,SUPPORTED,,SUPPORTED,
129,129,4300.0,VALID_TARGET,,6.0,559.8189010620117,499.2098846435547,564.7482376098633,499.2098846435547,SUPPORTED,487.32142857142856,420.0,350.0,127.85714285714286,274.6428571428571,584.2857142857143,SUPPORTED,translation_median_sparse_flow,-5.732177734375,-2.124908447265625,343.0,3.3107547760009766,,,SUPPORTED,partial_affine_ransac_sparse_flow,-9.693752978926023,-4.3630952686739155,173.0,0.6932388356510033,1.0118894925542004,0.5043731778425656,-0.5562591552734375,4.0378875732421875,5.1759185791015625,6.1627960205078125,20.274124145507812,101.18902397155762,-49.974265695249834,1.6863967006506881,path_segment_016,SUPPORTED,,-0.5562591552734375,4.0378875732421875,1.8563974607052387,3.1535752217297954,-11.885236106399361,49.30107620425753,-59.51619291510375,0.7668010435456281,path_segment_006,SUPPORTED,,-0.5562591552734375,4.0378875732421875,5.1759185791015625,6.1627960205078125,20.274124145507812,101.18902397155762,-49.974265695249834,1.6863967006506881,path_segment_016,SUPPORTED,,SUPPORTED,
130,130,4333.333333333333,VALID_TARGET,,6.0,552.7420349121094,502.4544677734375,563.4583358764648,502.4544677734375,SUPPORTED,483.45238095238096,421.1904761904762,346.42857142857144,130.95238095238096,274.04761904761904,580.4761904761905,SUPPORTED,translation_median_sparse_flow,-6.260917663574219,-0.7858123779296875,342.0,3.5561044216156006,,,SUPPORTED,partial_affine_ransac_sparse_flow,-9.368019214094282,-2.9395281693757696,214.0,0.6711972104096791,1.0101292573722576,0.6257309941520468,-1.2899017333984375,3.2445831298828125,4.971015930175781,4.0303955078125,25.245140075683594,105.21941947937012,-39.03441447402291,1.3409917111869367,path_segment_016,SUPPORTED,,-1.2899017333984375,3.2445831298828125,2.2032671588310677,1.3021762006295035,-9.681968947568294,50.60325240488703,-30.583960638529746,0.5362835069863962,path_segment_006,SUPPORTED,,-1.2899017333984375,3.2445831298828125,4.971015930175781,4.0303955078125,25.245140075683594,105.21941947937012,-39.03441447402291,1.3409917111869367,path_segment_016,SUPPORTED,,SUPPORTED,
131,131,4366.666666666666,VALID_TARGET,,6.0,567.7589416503906,506.0894775390625,561.6386184692383,504.27197265625,SUPPORTED,479.58333333333326,422.3809523809524,342.85714285714283,134.04761904761904,273.4523809523809,576.6666666666667,SUPPORTED,translation_median_sparse_flow,-6.70465087890625,-2.546783447265625,343.0,4.16967248916626,,,SUPPORTED,partial_affine_ransac_sparse_flow,-9.73750730985947,-4.864074552139017,214.0,0.6626864786679847,1.0092613482094144,0.6239067055393586,-1.8197174072265625,1.8175048828125,4.8849334716796875,4.364288330078125,30.13007354736328,109.58370780944824,-41.77818069871707,1.3726168813837403,path_segment_016,SUPPORTED,,-1.8197174072265625,1.8175048828125,2.6332106732371585,2.102415679682622,-7.048758274331135,52.70566808456965,-38.604667276638004,0.7060665815789207,path_segment_006,SUPPORTED,,-1.8197174072265625,1.8175048828125,4.8849334716796875,4.364288330078125,30.13007354736328,109.58370780944824,-41.77818069871707,1.3726168813837403,path_segment_016,SUPPORTED,,SUPPORTED,
132,132,4400.0,VALID_TARGET,,6.0,563.4583358764648,510.9176177978515,563.4583358764648,506.0894775390625,SUPPORTED,475.71428571428567,423.57142857142856,339.2857142857143,137.14285714285714,272.85714285714283,572.8571428571429,SUPPORTED,translation_median_sparse_flow,-7.19659423828125,-1.7752838134765625,345.0,2.877380609512329,,,SUPPORTED,partial_affine_ransac_sparse_flow,-9.478499741270719,-3.2629816475766185,229.0,0.6280581423360279,1.007535909459134,0.663768115942029,1.8197174072265625,1.8175048828125,9.016311645507812,3.5927886962890625,39.146385192871094,113.1764965057373,-21.726122005707442,2.033771895255693,path_segment_016,SUPPORTED,,1.8197174072265625,1.8175048828125,7.072982542476893,1.2722938276567675,0.024224268145758288,53.97796191222642,-10.197358809326483,1.505877787068672,path_segment_006,SUPPORTED,,1.8197174072265625,1.8175048828125,9.016311645507812,3.5927886962890625,39.146385192871094,113.1764965057373,-21.726122005707442,2.033771895255693,path_segment_016,SUPPORTED,,SUPPORTED,
