frame_index,source_frame_index,analysis_frame_index,timestamp_ms,observed_landmark_count,observed_fraction,median_confidence,core_observed_count,lower_limb_observed_count,core_median_confidence,lower_limb_median_confidence,human_target_unavailable,human_target_unavailable_reason,human_target_unavailable_note,human_target_unavailable_start_frame,human_target_unavailable_end_frame,human_target_accepted,human_target_accepted_note,human_target_accepted_start_frame,human_target_accepted_end_frame,pelvis_x,pelvis_y,shoulder_mid_x,shoulder_mid_y,body_scale_px,backend_pose_count,selected_pose_index,multiple_pose_candidates,competing_pose_count,competing_pose_max_iou,competing_pose_min_center_distance_fraction,pose_bbox_x,pose_bbox_y,pose_bbox_width,pose_bbox_height,pose_centroid_x,pose_centroid_y,roi_center_x,roi_center_y,roi_pose_centroid_distance_px,roi_pose_centroid_distance_fraction,pose_roi_overlap_fraction,pose_scale_px,pose_scale_relative_change,pose_centroid_consistent_with_roi,pelvis_jump_px,shoulder_jump_px,body_scale_reference_px,body_scale_relative_change,identity_jump_flag,competing_pose_proximity_flag,target_overlap_ambiguous_flag,identity_uncertain_flag,frame_status,frame_rejection_reason,valid_target_frame,valid_segment_id,automatic_frame_status,automatic_frame_rejection_reason,manual_review_decision,manual_override_applied
0,0,0,0.0,17,1.0,0.9866119623184204,4,6,0.9980639517307281,0.9969016909599304,False,,,,,False,,,,1191.886116027832,159.6284942626953,1148.833896636963,72.2944278717041,97.36905435951194,1,0,False,0,0.0,,1097.927879333496,36.55964279174805,146.14928436279297,240.63566970825195,1171.0025215148926,156.87747764587402,1157.142857142857,176.42857142857142,23.965299176210966,0.058282025772465884,1.0,281.54065222574064,,True,,,99.05683744029032,,False,False,False,False,VALID_TARGET,,True,1,VALID_TARGET,,NOT_REVIEWED,False
1,1,1,33.333333333333336,17,1.0,0.9833834767341614,4,6,0.9958047270774841,0.9968723356723785,False,,,,,False,,,,1173.6697845458984,155.9322280883789,1133.7779846191406,72.94020652770996,92.0816558502453,1,0,False,0,0.0,,1081.0746269226074,32.75598907470703,146.75412368774414,246.76848602294922,1154.4516887664795,156.14023208618164,1146.1904761904761,178.8095238095238,24.12766918838007,0.0564608907640406,1.0,287.108792121412,0.056211565395753255,True,18.587552724634854,15.069755033209985,99.05683744029032,0.05337742094233309,False,False,False,False,VALID_TARGET,,True,1,VALID_TARGET,,NOT_REVIEWED,False
2,2,2,66.66666666666667,17,1.0,0.9753222465515137,4,6,0.9953235983848572,0.9911774694919586,False,,,,,False,,,,1156.0912322998047,155.0851821899414,1118.0394401550293,61.589216232299805,100.9427289891732,1,0,False,0,0.0,,1058.0329208374023,30.92578125,157.70922088623047,233.45870971679688,1136.8875312805176,147.65513610839844,1135.2380952380952,181.1904761904762,33.5758793433419,0.07569800183369241,1.0,281.73598899532425,0.05423959884976545,True,17.59894842945758,19.404812870401635,99.05683744029032,0.08945443210085526,False,False,False,False,VALID_TARGET,,True,1,VALID_TARGET,,NOT_REVIEWED,False
3,3,3,100.0,17,1.0,0.9905016422271729,4,6,0.9987015724182129,0.9991120994091034,False,,,,,False,,,,1144.963752746582,143.23373413085938,1101.1394233703613,58.746944427490234,95.17662254806483,1,0,False,0,0.0,,1023.6520538330078,26.369020462036133,179.36302185058594,251.58663749694824,1113.3335647583008,152.16233921051025,1124.2857142857142,183.57142857142858,33.26380125230692,0.07233843024886012,1.0,308.97723180583165,0.2750061834643967,True,16.256617800283905,17.13735908284805,99.05683744029032,0.058210080092493184,False,False,False,False,VALID_TARGET,,True,1,VALID_TARGET,,NOT_REVIEWED,False
4,4,4,133.33333333333334,17,1.0,0.9851363301277161,4,6,0.9980946183204651,0.9974559545516968,False,,,,,False,,,,1127.987533569336,142.7133026123047,1085.562629699707,58.07526779174805,94.67560090452562,1,0,False,0,0.0,,1001.5825119018555,26.15082550048828,182.7270736694336,241.72432708740234,1092.9460487365723,147.01298904418945,1104.642857142857,183.92857142857142,38.724353444201334,0.08456162835068644,1.0,303.01787696050553,0.06016096414261468,True,16.984194609088863,15.59126840770621,99.05683744029032,0.005057920851159928,False,False,False,False,VALID_TARGET,,True,1,VALID_TARGET,,NOT_REVIEWED,False
5,5,5,166.66666666666666,17,1.0,0.966080904006958,4,6,0.9980354011058807,0.9973795711994171,False,,,,,False,,,,1106.7190551757812,136.23199081420898,1067.5653686523438,53.077293395996094,91.91145125113711,1,0,False,0,0.0,,980.7965545654297,18.612876892089844,194.64244079589844,233.36937713623047,1078.117774963379,135.29756546020508,1085.0,184.28571428571428,49.46922019604648,0.10844078076764128,1.0,303.8864030257639,0.008767956737786133,True,22.234108387817965,18.678360561557103,99.05683744029032,0.02790468305688332,False,False,False,False,VALID_TARGET,,True,1,VALID_TARGET,,NOT_REVIEWED,False
6,6,6,200.0,17,1.0,0.9571396112442017,4,6,0.9978106617927551,0.9961248636245728,False,,,,,False,,,,1087.7886352539062,142.1600112915039,1055.1731414794922,51.787282943725586,96.07809564708377,1,0,False,0,0.0,,959.163444519043,18.14753246307373,203.6576919555664,220.4112901687622,1060.9922904968262,128.35317754745483,1073.2142857142858,174.64285714285714,47.87600238261973,0.10529037938804309,1.0,300.09597185988133,0.03826521483857572,True,19.83689051231946,12.459190233338914,99.05683744029032,0.04206316801157962,False,False,False,False,VALID_TARGET,,True,1,VALID_TARGET,,NOT_REVIEWED,False
7,7,7,233.33333333333334,17,1.0,0.9214094877243042,4,6,0.9953103065490723,0.9912446439266205,False,,,,,True,,7.0,12.0,1070.7972564697266,136.39932250976562,1037.68603515625,48.56667137145996,93.86654133850534,2,0,True,1,0.0,0.39596969972488655,939.6337928771973,19.35335063934326,194.27006149291992,206.33596515655518,1036.7688236236572,122.52133321762085,1061.4285714285716,165.0,49.11761693537645,0.10798500884606109,1.0,283.3996953236719,0.1685524893349604,True,17.94136249640804,17.78120430285272,99.05683744029032,0.022326114640107638,False,True,True,False,VALID_TARGET,HUMAN_ACCEPTED_TARGET: operator reviewed the raw skeleton and confirmed that it belongs to the documented athlete.,True,1,TARGET_IDENTITY_UNCERTAIN,TARGET_OVERLAP_AMBIGUOUS: another detected person overlaps or is too close to the selected pose for automated identity acceptance.,ACCEPTED,True
8,8,8,266.6666666666667,17,1.0,0.889194667339325,4,6,0.9937580823898315,0.9781701266765594,False,,,,,True,,7.0,12.0,1050.5021591186523,137.12763595581055,1026.3162422180176,45.71206188201904,94.56091031480858,1,0,False,0,0.0,,926.2558784484863,14.154677867889404,184.8776969909668,213.2565770149231,1018.6947269439697,120.78296637535095,1052.142857142857,168.57142857142856,58.3310769047483,0.12658955193393578,1.0,282.23771981222774,0.01173039177779699,True,20.3081613388625,11.722669781047575,99.05683744029032,0.007009803606154812,False,False,False,False,VALID_TARGET,HUMAN_ACCEPTED_TARGET: operator reviewed the raw skeleton and confirmed that it belongs to the documented athlete.,True,1,INVALID_TRACK_SEGMENT,Valid-looking pose segment is too short to establish target identity continuity.,ACCEPTED,True
9,9,9,300.0,17,1.0,0.901914656162262,4,6,0.9979758560657501,0.991001546382904,False,,,,,True,,7.0,12.0,1044.2576904296875,139.43480682373047,1009.4449081420898,43.58571243286133,101.97538284386783,1,0,False,0,0.0,,934.2906265258789,12.242801666259766,188.92891693115234,218.6145896911621,1028.755084991455,121.55009651184082,1042.857142857143,172.14285714285714,52.521381020633136,0.1125232063133129,1.0,288.9402610897509,0.06766359042669139,True,6.657058406025944,17.004801541961424,99.05683744029032,0.0748506889645913,False,False,False,False,VALID_TARGET,HUMAN_ACCEPTED_TARGET: operator reviewed the raw skeleton and confirmed that it belongs to the documented athlete.,True,1,INVALID_TRACK_SEGMENT,Valid-looking pose segment is too short to establish target identity continuity.,ACCEPTED,True
10,10,10,333.3333333333333,17,1.0,0.8199359178543091,4,6,0.9936526417732239,0.98369500041008,False,,,,,True,,7.0,12.0,1028.7922897338867,132.8504295349121,998.3094902038574,34.61159801483154,102.85946279083285,1,0,False,0,0.0,,944.4212875366211,11.610299706459045,148.29703521728516,230.83307492733002,1018.5698051452637,127.02683717012405,1033.5714285714287,175.71428571428572,50.94621037094764,0.10776139555379806,1.0,274.3645733957704,0.1471446905698607,True,16.808707355510187,14.301477624602239,99.05683744029032,0.00892497650652257,False,False,False,False,VALID_TARGET,HUMAN_ACCEPTED_TARGET: operator reviewed the raw skeleton and confirmed that it belongs to the documented athlete.,True,1,INVALID_TRACK_SEGMENT,Valid-looking pose segment is too short to establish target identity continuity.,ACCEPTED,True
11,11,11,366.66666666666663,17,1.0,0.885806143283844,4,6,0.9620302319526672,0.992267519235611,False,,,,,True,,7.0,12.0,1013.7853164672852,129.42316055297852,982.687873840332,37.16848850250244,97.35489434577767,2,0,True,1,0.6829640380726542,0.10103120516715422,875.4189453125,10.0,186.7278594970703,231.03944396972656,968.7828750610352,125.51972198486328,1024.2857142857142,179.28571428571428,77.27449184624732,0.16138785670066766,1.0,297.0631552081107,0.22914704728002855,True,15.393356336388049,15.82948472866714,99.05683744029032,0.05556979797960175,False,True,True,False,VALID_TARGET,HUMAN_ACCEPTED_TARGET: operator reviewed the raw skeleton and confirmed that it belongs to the documented athlete.,True,1,TARGET_IDENTITY_UNCERTAIN,TARGET_OVERLAP_AMBIGUOUS: another detected person overlaps or is too close to the selected pose for automated identity acceptance.,ACCEPTED,True
12,12,12,400.0,17,1.0,0.8904419541358948,4,6,0.9858747124671936,0.9926343858242035,False,,,,,True,,7.0,12.0,999.2690048217773,131.4506378173828,971.3806533813477,40.36542510986328,95.25899495606173,2,0,True,1,0.03109406084784179,0.3993616643617185,856.5570068359375,10.0,181.7149658203125,227.915283203125,947.4144897460938,123.9576416015625,1002.2619047619047,179.64285714285714,78.16061772911628,0.16765396331854968,0.9989553344788947,291.4887735756525,0.05627457706610445,True,14.657215555731657,11.750473955528715,99.05683744029032,0.02115855345149,False,True,True,False,VALID_TARGET,HUMAN_ACCEPTED_TARGET: operator reviewed the raw skeleton and confirmed that it belongs to the documented athlete.,True,1,TARGET_IDENTITY_UNCERTAIN,TARGET_OVERLAP_AMBIGUOUS: another detected person overlaps or is too close to the selected pose for automated identity acceptance.,ACCEPTED,True
13,13,13,433.33333333333337,17,1.0,0.9255785346031189,4,6,0.9877879321575165,0.9961503744125366,False,,,,,False,,,,989.8993072509766,131.07850646972656,959.0573768615723,35.94407939910889,100.00891902325279,2,0,True,1,0.6936046630626652,0.03560778939724224,844.8472776412964,10.0,186.0794496536255,238.17819213867188,937.8870024681091,129.08909606933594,980.2380952380954,180.0,66.22337350097237,0.14587220356092162,0.9980006965712744,302.2489252153633,0.10862603650350547,True,9.377084531355068,13.092419259894397,99.05683744029032,0.04795150127879086,False,True,True,False,TARGET_IDENTITY_UNCERTAIN,TARGET_OVERLAP_AMBIGUOUS: another detected person overlaps or is too close to the selected pose for automated identity acceptance.,False,,TARGET_IDENTITY_UNCERTAIN,TARGET_OVERLAP_AMBIGUOUS: another detected person overlaps or is too close to the selected pose for automated identity acceptance.,NOT_REVIEWED,False
14,14,14,466.6666666666667,17,1.0,0.9517706036567688,4,6,0.9747518599033356,0.997077465057373,False,,,,,False,,,,972.1135635375977,129.28934478759766,945.5549964904785,39.33946990966797,93.78879183650639,1,0,False,0,0.0,,831.954888343811,11.745026588439941,187.5552282333374,247.34593105316162,925.7325024604797,135.41799211502075,958.2142857142858,180.35714285714286,55.449017238995395,0.12539778719145236,1.0,310.4141962704262,0.08243016096677637,True,17.875507795942347,13.922749455653236,99.05683744029032,0.06279351680792128,False,False,False,False,INVALID_TRACK_SEGMENT,Valid-looking pose segment is too short to establish target identity continuity.,False,,INVALID_TRACK_SEGMENT,Valid-looking pose segment is too short to establish target identity continuity.,NOT_REVIEWED,False
15,15,15,500.0,17,1.0,0.9220384359359741,4,6,0.9716893136501312,0.9963570237159729,False,,,,,False,,,,958.2247085571289,127.79348754882812,932.253303527832,35.41811180114746,95.95688575459802,1,0,False,0,0.0,,818.7954454421997,11.0,189.8224744796753,252.0333251953125,913.7066826820374,137.01666259765625,936.1904761904761,180.71428571428572,49.14268243160018,0.11406108760651802,1.0,315.52078984845537,0.05155215641835249,True,13.969176122709271,13.867663288664696,99.05683744029032,0.021887372685388994,False,False,False,False,INVALID_TRACK_SEGMENT,Valid-looking pose segment is too short to establish target identity continuity.,False,,INVALID_TRACK_SEGMENT,Valid-looking pose segment is too short to establish target identity continuity.,NOT_REVIEWED,False
16,16,16,533.3333333333334,17,1.0,0.9684346318244934,4,6,0.9834122955799103,0.9981123507022858,False,,,,,False,,,,943.8688888549805,117.68168640136719,919.7507781982422,37.05825901031494,84.15355195077001,2,0,True,1,0.08817168893893708,0.25550955390343755,807.2358818054199,11.0,186.91081619262695,257.08966064453125,900.6912899017334,139.54483032226562,914.1666666666667,181.07142857142856,43.658265438566005,0.1039482176385633,0.9992591059866093,317.85334168467415,0.023547610609159653,True,17.55955813129663,12.609647992104122,99.05683744029032,0.1191571839848294,False,True,True,False,TARGET_IDENTITY_UNCERTAIN,TARGET_OVERLAP_AMBIGUOUS: another detected person overlaps or is too close to the selected pose for automated identity acceptance.,False,,TARGET_IDENTITY_UNCERTAIN,TARGET_OVERLAP_AMBIGUOUS: another detected person overlaps or is too close to the selected pose for automated identity acceptance.,NOT_REVIEWED,False
17,17,17,566.6666666666666,17,1.0,0.9215466380119324,4,6,0.986809641122818,0.9956984519958496,False,,,,,False,,,,928.8114166259766,125.11391830444336,904.9018783569336,38.49376392364502,89.85943002930837,2,0,True,1,0.12783663192951186,0.23733038078106153,795.0012798309326,12.178775787353516,179.11494636535645,262.118221282959,884.5587530136108,143.237886428833,892.1428571428571,181.42857142857142,38.93644894173703,0.09503908983693117,1.0,317.4714568902325,0.0038552088307063043,True,16.791829590259876,14.91812658658617,99.05683744029032,0.05760206186652953,False,True,True,False,TARGET_IDENTITY_UNCERTAIN,TARGET_OVERLAP_AMBIGUOUS: another detected person overlaps or is too close to the selected pose for automated identity acceptance.,False,,TARGET_IDENTITY_UNCERTAIN,TARGET_OVERLAP_AMBIGUOUS: another detected person overlaps or is too close to the selected pose for automated identity acceptance.,NOT_REVIEWED,False
18,18,18,600.0,17,1.0,0.9082143306732178,4,6,0.9868454933166504,0.9942007064819336,False,,,,,False,,,,917.2729682922363,133.75035095214844,889.537281036377,43.74209213256836,94.18468560911246,2,0,True,1,0.21000759611813183,0.2444655400401741,800.463737487793,13.161211222410202,162.10941314697266,257.5410898029804,881.5184440612793,141.9317561239004,887.4489795918366,183.57142857142858,42.05988080364279,0.10191379967301349,1.0,304.31377682872443,0.1328295996673555,True,14.412624980507157,16.236249561134393,99.05683744029032,0.043664381900050855,False,True,True,False,TARGET_IDENTITY_UNCERTAIN,TARGET_OVERLAP_AMBIGUOUS: another detected person overlaps or is too close to the selected pose for automated identity acceptance.,False,,TARGET_IDENTITY_UNCERTAIN,TARGET_OVERLAP_AMBIGUOUS: another detected person overlaps or is too close to the selected pose for automated identity acceptance.,NOT_REVIEWED,False
19,19,19,633.3333333333333,17,1.0,0.859941840171814,4,6,0.9575101435184479,0.9909664392471313,False,,,,,False,,,,909.0926399230957,135.92788696289062,881.3437614440918,47.844855308532715,92.35053179199967,1,0,False,0,0.0,,812.4396934509277,16.136152982711792,137.87549209594727,248.05996823310852,881.3774394989014,140.16613709926605,882.7551020408164,185.7142857142857,45.56897844296393,0.10961431620725763,1.0,283.80168984787673,0.2070739134308827,True,8.465189620147083,9.163319757992179,99.05683744029032,0.01851617580884699,False,False,False,False,INVALID_TRACK_SEGMENT,Valid-looking pose segment is too short to establish target identity continuity.,False,,INVALID_TRACK_SEGMENT,Valid-looking pose segment is too short to establish target identity continuity.,NOT_REVIEWED,False
20,20,20,666.6666666666666,17,1.0,0.9520779848098755,4,6,0.9918893277645111,0.995534211397171,False,,,,,False,,,,891.495002746582,146.83197784423828,868.1597633361816,55.32649040222168,94.4340385154726,2,0,True,1,0.3743031646963697,0.17751392403689004,801.7119522094727,17.03495156764984,121.9435043334961,255.05174887180328,862.6837043762207,144.56082600355148,878.0612244897959,187.85714285714286,45.946046379748395,0.10972187594496811,1.0,282.7041083035384,0.011080320881432477,True,20.702077966834757,15.158913872190741,99.05683744029032,0.02103344683024857,False,True,True,False,TARGET_IDENTITY_UNCERTAIN,TARGET_OVERLAP_AMBIGUOUS: another detected person overlaps or is too close to the selected pose for automated identity acceptance.,False,,TARGET_IDENTITY_UNCERTAIN,TARGET_OVERLAP_AMBIGUOUS: another detected person overlaps or is too close to the selected pose for automated identity acceptance.,NOT_REVIEWED,False
21,21,21,700.0,17,1.0,0.9429788589477539,4,6,0.9940783381462097,0.9930790364742279,False,,,,,False,,,,880.4982452392578,151.29576110839844,860.9583587646484,59.1480770111084,94.19661802811491,2,0,True,1,0.3315952662761345,0.19539781921760038,802.5264167785645,23.494487285614014,105.66511154174805,253.69420289993286,855.3589725494385,150.34158873558044,873.3673469387754,190.0,43.55560965208003,0.10326434111747494,1.0,274.8196943127664,0.07959484872030782,True,11.868194332091461,8.152591735891207,99.05683744029032,0.0023968106946761175,False,True,True,False,TARGET_IDENTITY_UNCERTAIN,TARGET_OVERLAP_AMBIGUOUS: another detected person overlaps or is too close to the selected pose for automated identity acceptance.,False,,TARGET_IDENTITY_UNCERTAIN,TARGET_OVERLAP_AMBIGUOUS: another detected person overlaps or is too close to the selected pose for automated identity acceptance.,NOT_REVIEWED,False
22,22,22,733.3333333333333,17,1.0,0.8481951951980591,4,6,0.8905658423900604,0.9923905730247498,False,,,,,True,,22.0,36.0,873.2926063537598,149.33987426757812,858.8897399902344,45.22322082519531,105.10813519193847,2,0,True,1,0.06536846942442197,0.27105077081370454,808.659049987793,22.909688472747803,88.77689361572266,252.49589014053345,853.0474967956543,149.15763354301453,868.6734693877551,192.14285714285717,45.73729842674962,0.10765944804092077,1.0,267.6481111047072,0.07239866922242587,True,7.466372953603081,14.077670383704126,99.05683744029032,0.11015410390424414,False,True,True,False,VALID_TARGET,HUMAN_ACCEPTED_TARGET: operator reviewed the raw skeleton and confirmed that it belongs to the documented athlete.,True,2,TARGET_IDENTITY_UNCERTAIN,TARGET_OVERLAP_AMBIGUOUS: another detected person overlaps or is too close to the selected pose for automated identity acceptance.,ACCEPTED,True
23,23,23,766.6666666666667,17,1.0,0.9624590277671814,4,6,0.9954205453395844,0.9961695075035095,False,,,,,True,,22.0,36.0,864.171314239502,153.6324462890625,837.0228824615479,58.79311752319336,98.64854600430176,1,0,False,0,0.0,,796.7391777038574,27.566760063171387,90.30131912231445,258.2177858352661,841.8898372650146,156.67565298080444,863.9795918367347,194.28571428571428,43.61735856740872,0.10193669562760374,1.0,273.5521031849279,0.059602065165663194,True,10.080880139811812,25.735220119016134,99.05683744029032,0.06521093701916773,False,False,False,False,VALID_TARGET,HUMAN_ACCEPTED_TARGET: operator reviewed the raw skeleton and confirmed that it belongs to the documented athlete.,True,2,INVALID_TRACK_SEGMENT,Valid-looking pose segment is too short to establish target identity continuity.,ACCEPTED,True
24,24,24,800.0,17,1.0,0.9203611016273499,4,6,0.9594328701496124,0.9946466088294983,False,,,,,True,,22.0,36.0,854.665771484375,145.31550216674805,835.5624122619629,51.21820259094238,96.0168741474093,1,0,False,0,0.0,,797.9315338134766,26.884931087493896,79.16156005859375,258.22694635391235,837.5123138427734,155.99840426445007,859.2857142857142,196.42857142857142,45.920359142404905,0.10655657032064514,1.0,270.0883344651832,0.03496748744711919,True,12.63039597966934,7.7144221711489545,99.05683744029032,0.026567291313724723,False,False,False,False,VALID_TARGET,HUMAN_ACCEPTED_TARGET: operator reviewed the raw skeleton and confirmed that it belongs to the documented athlete.,True,2,INVALID_TRACK_SEGMENT,Valid-looking pose segment is too short to establish target identity continuity.,ACCEPTED,True
25,25,25,833.3333333333334,17,1.0,0.9746719002723694,4,6,0.9965789318084717,0.9966915547847748,False,,,,,True,,22.0,36.0,849.9309043884277,152.48435974121094,825.1507148742676,61.81941032409668,93.9903763433554,1,0,False,0,0.0,,776.8555107116699,29.475841522216797,95.88423538208008,262.48503494262695,824.79762840271,160.71835899353027,855.1428571428571,194.85714285714286,45.67591784494656,0.10545201868205036,1.0,279.44978111216733,0.094505809885431,True,8.59136108769839,14.858971966271147,99.05683744029032,0.02045792957276109,False,False,False,False,VALID_TARGET,HUMAN_ACCEPTED_TARGET: operator reviewed the raw skeleton and confirmed that it belongs to the documented athlete.,True,2,INVALID_TRACK_SEGMENT,Valid-looking pose segment is too short to establish target identity continuity.,ACCEPTED,True
26,26,26,866.6666666666667,17,1.0,0.9471307396888733,4,6,0.9919982254505157,0.9939282536506653,False,,,,,True,,22.0,36.0,842.6545600891113,155.494873046875,817.5487442016602,65.97471618652344,92.97397741129797,1,0,False,0,0.0,,770.8800239562988,40.51742744445801,117.4177360534668,249.31405448913574,829.5888919830322,165.17445468902588,851.0,193.28571428571428,35.33664475621118,0.0811655069538389,1.0,275.5801562263389,0.03906469241117236,True,7.874539778664828,8.663516890818736,99.05683744029032,0.010260765014531121,False,False,False,False,VALID_TARGET,HUMAN_ACCEPTED_TARGET: operator reviewed the raw skeleton and confirmed that it belongs to the documented athlete.,True,2,INVALID_TRACK_SEGMENT,Valid-looking pose segment is too short to establish target identity continuity.,ACCEPTED,True
27,27,27,900.0,17,1.0,0.96186363697052,4,6,0.9865054190158844,0.9962501227855682,False,,,,,True,,22.0,36.0,837.9368324279785,163.18273162841797,807.5426635742188,73.21784019470215,94.96045066758653,2,0,True,1,0.05639676490152893,0.2241699820833893,769.8660316467285,45.51655197143555,110.26818466186523,247.15480422973633,825.0001239776611,169.0939540863037,846.8571428571429,191.7142857142857,31.454867306315315,0.0718785339077908,1.0,270.6373400003453,0.04989878895510881,True,9.01998469258244,12.352509660822493,99.05683744029032,0.020053873186552846,False,True,True,False,VALID_TARGET,HUMAN_ACCEPTED_TARGET: operator reviewed the raw skeleton and confirmed that it belongs to the documented athlete.,True,2,TARGET_IDENTITY_UNCERTAIN,TARGET_OVERLAP_AMBIGUOUS: another detected person overlaps or is too close to the selected pose for automated identity acceptance.,ACCEPTED,True
28,28,28,933.3333333333334,17,1.0,0.9512879848480225,4,6,0.9903962016105652,0.9969079494476318,False,,,,,True,,22.0,36.0,830.1948051452637,165.71825408935547,800.3965873718262,79.2846736907959,91.42591319198003,3,0,True,2,0.1226729460296065,0.35548387893172645,728.6612730026245,48.34901809692383,155.82323932647705,244.35297775268555,806.572892665863,170.5255069732666,842.7142857142858,190.14285714285714,41.12226549154258,0.09348474806827205,1.0,289.8090054687759,0.19354207103560053,True,8.146647199690161,9.374053219377766,99.05683744029032,0.03568191320197411,False,True,True,False,VALID_TARGET,HUMAN_ACCEPTED_TARGET: operator reviewed the raw skeleton and confirmed that it belongs to the documented athlete.,True,2,TARGET_IDENTITY_UNCERTAIN,TARGET_OVERLAP_AMBIGUOUS: another detected person overlaps or is too close to the selected pose for automated identity acceptance.,ACCEPTED,True
29,29,29,966.6666666666666,17,1.0,0.9502428770065308,4,6,0.9884358048439026,0.9982276558876038,False,,,,,True,,22.0,36.0,830.1214141845703,174.6480255126953,796.0041561126709,88.45100402832031,92.70336461597492,2,0,True,1,0.08678566181048274,0.4003610334527209,719.3454015254974,62.785736083984375,169.0872004032135,233.90377807617188,803.8890017271042,179.7376251220703,838.5714285714286,188.57142857142856,35.78975852382641,0.08093991064146373,1.0,288.6199208968493,0.012004063552335666,True,8.930073006768108,10.16440181333977,99.05683744029032,0.012896145859339741,False,True,True,False,VALID_TARGET,HUMAN_ACCEPTED_TARGET: operator reviewed the raw skeleton and confirmed that it belongs to the documented athlete.,True,2,TARGET_IDENTITY_UNCERTAIN,TARGET_OVERLAP_AMBIGUOUS: another detected person overlaps or is too close to the selected pose for automated identity acceptance.,ACCEPTED,True
30,30,30,1000.0,17,1.0,0.953190803527832,4,6,0.9871719479560852,0.9983286261558533,False,,,,,True,,22.0,36.0,828.4185676574707,184.19082641601562,791.89621925354,96.0361442565918,95.42080443785377,2,0,True,1,0.08722003503510836,0.4038140674590207,714.0,66.04487609863281,174.16317749023438,229.6433868408203,801.0815887451172,180.86656951904297,839.6428571428571,200.35714285714286,43.20710438678327,0.09412819689042569,1.0,288.2167543936638,0.00407005224075041,True,9.693540910073375,8.626093989816498,99.05683744029032,0.027433137298744057,False,True,True,False,VALID_TARGET,HUMAN_ACCEPTED_TARGET: operator reviewed the raw skeleton and confirmed that it belongs to the documented athlete.,True,2,TARGET_IDENTITY_UNCERTAIN,TARGET_OVERLAP_AMBIGUOUS: another detected person overlaps or is too close to the selected pose for automated identity acceptance.,ACCEPTED,True
31,31,31,1033.3333333333335,17,1.0,0.9552469253540039,4,6,0.9850516021251678,0.9970463514328003,False,,,,,True,,22.0,36.0,828.348690032959,192.2997817993164,795.2684135437012,102.0247688293457,96.14511250882242,2,0,True,1,0.07343313028880548,0.41916568454516007,724.0944652557373,72.5246810913086,168.00036811828613,236.61359405517578,808.0946493148804,190.83147811889648,840.7142857142857,212.14285714285717,38.964285630976455,0.08187885288083588,1.0,290.1897940651724,0.0199182582696316,True,8.109256457331345,6.872795545044771,99.05683744029032,0.007312045182193976,False,True,True,False,VALID_TARGET,HUMAN_ACCEPTED_TARGET: operator reviewed the raw skeleton and confirmed that it belongs to the documented athlete.,True,2,TARGET_IDENTITY_UNCERTAIN,TARGET_OVERLAP_AMBIGUOUS: another detected person overlaps or is too close to the selected pose for automated identity acceptance.,ACCEPTED,True
32,32,32,1066.6666666666667,17,1.0,0.9718025326728821,4,6,0.993960052728653,0.9963328242301941,False,,,,,True,,22.0,36.0,827.1829833984375,203.56338500976562,791.5341854095459,116.94388580322266,93.66842819672539,2,0,True,1,0.06172585199661167,0.4369757231560768,721.2337303161621,79.09019088745117,165.87668228149414,239.7814826965332,804.1720714569092,198.98093223571777,840.3061224489796,220.40816326530614,42.009473582668264,0.08878284117872512,1.0,291.5651439539089,0.013884451838728608,True,11.32376391665816,15.379353401171981,99.05683744029032,0.0250026588380629,False,True,True,False,VALID_TARGET,HUMAN_ACCEPTED_TARGET: operator reviewed the raw skeleton and confirmed that it belongs to the documented athlete.,True,2,TARGET_IDENTITY_UNCERTAIN,TARGET_OVERLAP_AMBIGUOUS: another detected person overlaps or is too close to the selected pose for automated identity acceptance.,ACCEPTED,True
33,33,33,1100.0,17,1.0,0.9837183356285095,4,6,0.9962208867073059,0.9975613951683044,False,,,,,True,,22.0,36.0,822.1311531066895,208.01212310791016,788.1380004882812,126.60902786254883,88.21563546482993,2,0,True,1,0.05596460840413493,0.43733435661338704,736.0145568847656,91.97545623779297,149.04824829101562,237.80780792236328,810.5386810302734,210.8793601989746,839.8979591836735,228.6734693877551,34.330708345604464,0.0729649998509076,1.0,280.6562556357151,0.11012756514429851,True,6.731438179357052,10.244464019478087,99.05683744029032,0.05504711106068071,False,True,True,False,VALID_TARGET,HUMAN_ACCEPTED_TARGET: operator reviewed the raw skeleton and confirmed that it belongs to the documented athlete.,True,2,TARGET_IDENTITY_UNCERTAIN,TARGET_OVERLAP_AMBIGUOUS: another detected person overlaps or is too close to the selected pose for automated identity acceptance.,ACCEPTED,True
34,34,34,1133.3333333333333,17,1.0,0.9808223843574524,4,6,0.995968222618103,0.9964223504066467,False,,,,,True,,22.0,36.0,819.6415100097656,217.73172760009766,785.2447910308838,132.1194190979004,92.26376126945816,2,0,True,1,0.046997292154824885,0.44924580978513284,733.5925350189209,98.99059295654297,146.22461891174316,241.13654327392578,806.7048444747925,219.55886459350586,839.4897959183673,236.9387755102041,37.10679647490374,0.07930623304213637,1.0,282.007928395608,0.013645426149483688,True,10.033395947265905,6.223750680338459,99.05683744029032,0.0408666974358874,False,True,True,False,VALID_TARGET,HUMAN_ACCEPTED_TARGET: operator reviewed the raw skeleton and confirmed that it belongs to the documented athlete.,True,2,TARGET_IDENTITY_UNCERTAIN,TARGET_OVERLAP_AMBIGUOUS: another detected person overlaps or is too close to the selected pose for automated identity acceptance.,ACCEPTED,True
35,35,35,1166.6666666666667,17,1.0,0.9741647839546204,4,6,0.9972863793373108,0.9963355660438538,False,,,,,True,,22.0,36.0,815.5884017944336,224.21561431884766,783.6598243713379,134.88842010498047,94.86190849010241,3,0,True,2,0.06618499606407388,0.4101514292010747,741.359941482544,102.65505599975586,144.8604564666748,236.98682022094727,813.7901697158813,221.1484661102295,839.0816326530612,245.20408163265307,34.90459476437749,0.07501174272433973,1.0,277.7540365254283,0.04294394995947523,True,7.646468020385271,3.1905306594801077,99.05683744029032,0.026228852927092153,False,True,True,False,VALID_TARGET,HUMAN_ACCEPTED_TARGET: operator reviewed the raw skeleton and confirmed that it belongs to the documented athlete.,True,2,TARGET_IDENTITY_UNCERTAIN,TARGET_OVERLAP_AMBIGUOUS: another detected person overlaps or is too close to the selected pose for automated identity acceptance.,ACCEPTED,True
36,36,36,1200.0,17,1.0,0.9736793637275696,4,6,0.9937460124492645,0.9945798516273499,False,,,,,True,,22.0,36.0,816.9713287353516,235.63184356689453,792.3955516815186,142.05444717407227,96.7506999119856,2,0,True,1,0.024321616150874446,0.4479981633434887,754.6212387084961,107.6776123046875,123.31494903564453,254.55355834960938,816.2787132263184,234.9543914794922,838.6734693877552,253.46938775510205,29.057360351829264,0.06278632867036485,1.0,282.84994382907627,0.05144427618860403,True,11.49968595953288,11.298888245875904,99.05683744029032,0.019067754136828034,False,True,True,False,VALID_TARGET,HUMAN_ACCEPTED_TARGET: operator reviewed the raw skeleton and confirmed that it belongs to the documented athlete.,True,2,TARGET_IDENTITY_UNCERTAIN,TARGET_OVERLAP_AMBIGUOUS: another detected person overlaps or is too close to the selected pose for automated identity acceptance.,ACCEPTED,True
37,37,37,1233.3333333333335,17,1.0,0.9721238017082214,4,6,0.9975523054599762,0.9912203252315521,False,,,,,False,,,,814.4688491821289,243.41344451904297,782.8102684020996,153.53301620483398,95.29300672636634,2,0,True,1,0.0,0.5279836924431405,753.976692199707,120.79798889160156,116.27153778076172,260.44703674316406,812.1124610900879,251.0215072631836,838.2653061224489,261.734693877551,28.26205354748576,0.06139642761341777,1.0,285.22224570709443,0.023948895798819987,True,8.174088162772343,14.954437553471225,99.05683744029032,0.014715725065399287,False,False,False,False,VALID_TARGET,,True,2,VALID_TARGET,,NOT_REVIEWED,False
38,38,38,1266.6666666666665,17,1.0,0.982219934463501,4,6,0.9965594410896301,0.9906803965568542,False,,,,,False,,,,817.7475700378418,250.10340118408203,786.8005752563477,161.85044860839844,93.52165591097969,2,0,True,1,0.0,0.5313386064363448,728.0041942596436,127.76547241210938,133.5351734161377,271.34295654296875,794.7717809677124,263.43695068359375,837.8571428571429,270.0,43.58235910862065,0.09518038312048058,1.0,302.4212998529657,0.17362813704039934,True,7.450203395195815,9.225087022837394,99.05683744029032,0.017882166048904927,False,False,False,False,VALID_TARGET,,True,2,VALID_TARGET,,NOT_REVIEWED,False
39,39,39,1300.0,17,1.0,0.9897834658622742,4,6,0.9986721873283386,0.9975652694702148,False,,,,,False,,,,816.5314331054688,257.15287017822266,785.6480159759521,168.8582878112793,93.5399312002562,1,0,False,0,0.0,,730.6183745861053,135.64349746704102,139.2618591785431,264.76906967163086,800.2493041753769,268.02803230285645,838.3928571428571,275.8928571428571,38.945938206016564,0.08618398481405035,1.0,299.15969928559105,0.03292655662806422,True,7.153600641469424,7.10198586229652,99.05683744029032,0.00018449296130146063,False,False,False,False,VALID_TARGET,,True,2,VALID_TARGET,,NOT_REVIEWED,False
40,40,40,1333.3333333333333,17,1.0,0.9853015542030334,4,6,0.9976374506950378,0.9932747185230255,False,,,,,False,,,,815.6828765869141,266.92542266845703,783.8915929794312,173.49522018432617,98.6908731830715,1,0,False,0,0.0,,733.9086978435516,141.5833282470703,137.92638516426086,233.7493438720703,802.8718904256821,258.45800018310547,838.9285714285713,281.7857142857143,42.944923916537206,0.09631011121739398,1.0,271.4082597952822,0.2801567282726636,True,9.809323643328716,4.958443664590526,99.05683744029032,0.051999863067707895,False,False,False,False,VALID_TARGET,,True,2,VALID_TARGET,,NOT_REVIEWED,False
41,41,41,1366.6666666666667,17,1.0,0.9866544604301453,4,6,0.9972579181194305,0.996117115020752,False,,,,,False,,,,820.392936706543,272.74935150146484,782.8895034790039,181.56112670898438,98.59918784988257,1,0,False,0,0.0,,736.2544294595718,147.48391723632812,139.7438462972641,248.719482421875,806.1263526082039,271.8436584472656,839.4642857142858,287.67857142857144,36.907482343166116,0.08389564982333218,1.0,285.28884225317813,0.14012745426344625,True,7.4901811314853,8.127916795304335,99.05683744029032,0.000925583085006126,False,False,False,False,VALID_TARGET,,True,2,VALID_TARGET,,NOT_REVIEWED,False
42,42,42,1400.0,17,1.0,0.9798046350479126,4,6,0.9930238723754883,0.9967979192733765,False,,,,,False,,,,821.677131652832,278.81763458251953,784.0115270614624,187.95413970947266,98.36092958984081,1,0,False,0,0.0,,750.2008762359619,151.13762283325195,124.1684627532959,258.4666862487793,812.2851076126099,280.3709659576416,840.0,293.57142857142856,30.698004385669808,0.07074094603796235,1.0,286.74524415052036,0.01470268923354357,True,6.202678148339549,6.490728167471287,99.05683744029032,0.002405268189441021,False,False,False,False,VALID_TARGET,,True,2,VALID_TARGET,,NOT_REVIEWED,False
43,43,43,1433.3333333333333,17,1.0,0.9667519330978394,4,6,0.9926319122314453,0.991561084985733,False,,,,,False,,,,824.4174957275391,282.00233459472656,787.2766027450562,193.34526824951172,96.12242893558232,1,0,False,0,0.0,,743.7065272331238,154.46357345581055,129.3422703742981,263.6765327453613,808.3776624202728,286.3018398284912,840.5357142857143,299.46428571428567,34.747521947282706,0.08118810432047999,1.0,293.69156750951095,0.07012462277707686,True,4.20141755002956,6.302776067322947,99.05683744029032,0.022598143773849184,False,False,False,False,VALID_TARGET,,True,2,VALID_TARGET,,NOT_REVIEWED,False
44,44,44,1466.6666666666665,17,1.0,0.9859219193458557,4,6,0.9956618249416351,0.9986232221126556,False,,,,,False,,,,823.4830169677734,281.4950180053711,789.6777000427246,193.77664184570312,94.00698361553783,1,0,False,0,0.0,,754.603157043457,158.09584045410156,105.7964859008789,260.32640075683594,807.5013999938965,288.25904083251953,841.0714285714287,305.35714285714283,37.67349083295514,0.08926595694932564,1.0,281.0030806948273,0.1280929933012654,True,1.0633064818237337,2.4395391803293247,99.05683744029032,0.02135587380648649,False,False,False,False,VALID_TARGET,,True,2,VALID_TARGET,,NOT_REVIEWED,False
45,45,45,1500.0,17,1.0,0.9844598770141602,4,6,0.9971334338188171,0.9973156750202179,False,,,,,False,,,,823.5322895050049,283.0233917236328,791.7225131988525,201.0090389251709,87.96712984744943,1,0,False,0,0.0,,756.0775785446167,164.14108657836914,120.98756122589111,256.74523544311523,816.5713591575623,292.51370429992676,841.6071428571429,311.25,31.27042119979791,0.07515194752168451,1.0,283.82407560693196,0.028478548124505763,True,1.529167749332419,7.5159050259145666,99.05683744029032,0.06097361801732385,False,False,False,False,VALID_TARGET,,True,2,VALID_TARGET,,NOT_REVIEWED,False
46,46,46,1533.3333333333335,17,1.0,0.9683372974395752,4,6,0.9951772689819336,0.9935032427310944,False,,,,,False,,,,823.694616317749,282.9499053955078,794.1398324966431,200.56243705749512,87.52816795671751,1,0,False,0,0.0,,758.1692066192627,165.4859619140625,128.77064323425293,257.2761535644531,822.5545282363892,294.12403869628906,842.1428571428571,317.1428571428571,30.225297881477186,0.07369027452064368,1.0,287.7027941329095,0.03915649465707573,True,0.17818595499355852,2.458228186251631,99.05683744029032,0.004431414348318114,False,False,False,False,VALID_TARGET,,True,2,VALID_TARGET,,NOT_REVIEWED,False
47,47,47,1566.6666666666667,17,1.0,0.9806228876113892,4,6,0.995964527130127,0.9926243722438812,False,,,,,False,,,,824.348539352417,284.75394439697266,796.2675132751465,203.32672691345215,86.13324429429612,1,0,False,0,0.0,,756.7845573425293,169.13952255249023,142.80395889282227,264.45239639282227,828.1865367889404,301.36572074890137,841.4285714285714,317.8571428571429,21.149905071876443,0.0512906732245416,1.0,300.54623709733795,0.12965730883716375,True,1.9188986565412036,3.48831247209304,99.05683744029032,0.014082053278373901,False,False,False,False,VALID_TARGET,,True,2,VALID_TARGET,,NOT_REVIEWED,False
48,48,48,1600.0,17,1.0,0.9794642925262451,4,6,0.9949708580970764,0.9948080778121948,False,,,,,False,,,,824.1641674041748,279.8618850708008,796.4582347869873,204.77353858947754,80.03673206401785,1,0,False,0,0.0,,759.4376802444458,173.02141952514648,144.78840923309326,231.8950538635254,831.8318848609924,288.9689464569092,840.7142857142858,318.57142857142856,30.90637462173501,0.07455430549020708,1.0,273.3843438359575,0.2742051327628256,True,4.895532398634886,1.4593281745249242,99.05683744029032,0.061545597333986485,False,False,False,False,VALID_TARGET,,True,2,VALID_TARGET,,NOT_REVIEWED,False
49,49,49,1633.3333333333333,17,1.0,0.9755018949508667,4,6,0.9950163960456848,0.9913456737995148,False,,,,,False,,,,824.9524154663086,284.4942626953125,798.5758943557739,205.93354034423828,82.87042875608316,1,0,False,0,0.0,,767.9690074920654,174.68174743652344,145.81855964660645,235.23048400878906,840.8782873153687,292.29698944091797,840.0,319.28571428571433,27.003012005264637,0.0647941769303299,1.0,276.7606058390899,0.03408408839185443,True,4.698963445647828,2.4145571271604944,99.05683744029032,0.02860677531496404,False,False,False,False,VALID_TARGET,,True,2,VALID_TARGET,,NOT_REVIEWED,False
50,50,50,1666.6666666666667,17,1.0,0.9809351563453674,4,6,0.9938250780105591,0.9938277900218964,False,,,,,True,,50.0,55.0,824.3021774291992,283.1516799926758,798.6610174179077,208.70189666748047,78.7415984336944,2,0,True,1,0.05051557094023375,0.24304170501774455,769.1167297363281,178.06210708618164,126.71296691894531,235.77163314819336,832.4732131958008,295.9479236602783,839.2857142857142,320.0,24.99825088584942,0.05966738793436944,1.0,267.664788462674,0.0918242254796266,True,1.4917566216790086,2.7696647212509378,99.05683744029032,0.04168142683615894,False,True,True,False,VALID_TARGET,HUMAN_ACCEPTED_TARGET: operator reviewed the raw skeleton and confirmed that it belongs to the documented athlete.,True,2,TARGET_IDENTITY_UNCERTAIN,TARGET_OVERLAP_AMBIGUOUS: another detected person overlaps or is too close to the selected pose for automated identity acceptance.,ACCEPTED,True
51,51,51,1700.0,17,1.0,0.9751135110855103,4,6,0.9932583570480347,0.9877011477947235,False,,,,,True,,50.0,55.0,819.431640625,286.4185333251953,796.8531541824341,209.24193572998047,80.41153689869915,2,0,True,1,0.6956764651423775,0.07326428211996029,764.2984771728516,179.4142837524414,152.81521606445312,237.69512176513672,840.7060852050781,298.26184463500977,838.5714285714287,320.7142857142857,22.55368859769821,0.05354923399043956,1.0,282.58000844321714,0.15057234175817275,True,5.864678973077138,1.8867993182114178,99.05683744029032,0.016858386641016646,False,True,True,False,VALID_TARGET,HUMAN_ACCEPTED_TARGET: operator reviewed the raw skeleton and confirmed that it belongs to the documented athlete.,True,2,TARGET_IDENTITY_UNCERTAIN,TARGET_OVERLAP_AMBIGUOUS: another detected person overlaps or is too close to the selected pose for automated identity acceptance.,ACCEPTED,True
52,52,52,1733.3333333333335,17,1.0,0.9515581130981445,4,6,0.9921039342880249,0.9924644231796265,False,,,,,True,,50.0,55.0,822.6623954772949,288.82337188720703,797.8817005157471,209.12776565551758,83.45940627283291,2,1,True,1,0.6914440631540331,0.06559686076634941,765.3926963806152,179.71405029296875,151.45874404907227,233.87979125976562,841.1220684051514,296.65394592285156,837.8571428571429,321.42857142857144,24.988833661911965,0.05901938754088105,1.0,278.6386690835174,0.03978866539198259,True,4.027533416989333,1.0348634526711507,99.05683744029032,0.03076889443367253,False,True,True,False,VALID_TARGET,HUMAN_ACCEPTED_TARGET: operator reviewed the raw skeleton and confirmed that it belongs to the documented athlete.,True,2,TARGET_IDENTITY_UNCERTAIN,TARGET_OVERLAP_AMBIGUOUS: another detected person overlaps or is too close to the selected pose for automated identity acceptance.,ACCEPTED,True
53,53,53,1766.6666666666665,17,1.0,0.9829302430152893,4,6,0.9984108507633209,0.9976430833339691,False,,,,,True,,50.0,55.0,818.3268165588379,296.77307891845703,798.778998374939,210.7734718322754,88.19325152600052,2,0,True,1,0.09637546191280864,0.22101870313287217,755.6302089691162,178.6829948425293,103.12140083312988,246.68068313598633,807.1909093856812,302.02333641052246,837.1428571428571,322.1428571428571,36.08204940060143,0.08477304640705279,1.0,267.367505023,0.11378481639201826,True,9.055113828156703,1.8744311852743951,99.05683744029032,0.04778918220583301,False,True,True,False,VALID_TARGET,HUMAN_ACCEPTED_TARGET: operator reviewed the raw skeleton and confirmed that it belongs to the documented athlete.,True,2,TARGET_IDENTITY_UNCERTAIN,TARGET_OVERLAP_AMBIGUOUS: another detected person overlaps or is too close to the selected pose for automated identity acceptance.,ACCEPTED,True
54,54,54,1800.0,17,1.0,0.9846440553665161,4,6,0.9974941611289978,0.9961117804050446,False,,,,,True,,50.0,55.0,814.4446296691895,286.65968322753906,792.6221389770508,209.24121475219727,80.43531787141747,2,0,True,1,0.19527784024966702,0.30492697694331844,744.7955551147461,182.22829818725586,106.5428237915039,248.61182022094727,798.066967010498,306.5342082977295,836.4285714285714,322.8571428571429,41.68993746888619,0.09743627399304929,1.0,270.47959341702665,0.03141719920043461,True,10.832919617870168,6.344661488591301,99.05683744029032,0.07831800262409346,False,True,True,False,VALID_TARGET,HUMAN_ACCEPTED_TARGET: operator reviewed the raw skeleton and confirmed that it belongs to the documented athlete.,True,2,TARGET_IDENTITY_UNCERTAIN,TARGET_OVERLAP_AMBIGUOUS: another detected person overlaps or is too close to the selected pose for automated identity acceptance.,ACCEPTED,True
55,55,55,1833.3333333333333,17,1.0,0.9872369766235352,4,6,0.9986542761325836,0.9982605576515198,False,,,,,True,,50.0,55.0,811.3173866271973,291.0322036743164,787.0395288467407,209.61293029785156,84.96182940332436,2,0,True,1,0.2407292973282271,0.27663554253529454,740.2892246246338,183.47630310058594,120.48676109313965,249.35350036621094,800.5326051712036,308.1530532836914,835.7142857142858,323.57142857142856,38.41193749798349,0.08930659089565605,1.0,276.93722708151256,0.06519119559392815,True,5.375740330519555,5.594971699117124,99.05683744029032,0.045696103861940784,False,True,True,False,VALID_TARGET,HUMAN_ACCEPTED_TARGET: operator reviewed the raw skeleton and confirmed that it belongs to the documented athlete.,True,2,TARGET_IDENTITY_UNCERTAIN,TARGET_OVERLAP_AMBIGUOUS: another detected person overlaps or is too close to the selected pose for automated identity acceptance.,ACCEPTED,True
56,56,56,1866.6666666666667,17,1.0,0.9857343435287476,4,6,0.997107982635498,0.9897955358028412,False,,,,,False,,,,800.110523223877,296.17530822753906,780.0490217208862,211.98370742797852,86.54876941786672,2,0,True,1,0.34879949947776806,0.22383390879320522,736.4470753669739,183.1114730834961,164.74040937423706,235.68647003173828,818.8172800540924,300.95470809936523,835.0,324.28571428571433,28.3939478501165,0.06567137107898077,1.0,287.55436814072687,0.10718231404888255,True,12.330665504588946,7.381583439706919,99.05683744029032,0.016020499498572652,False,True,True,False,TARGET_IDENTITY_UNCERTAIN,TARGET_OVERLAP_AMBIGUOUS: another detected person overlaps or is too close to the selected pose for automated identity acceptance.,False,,TARGET_IDENTITY_UNCERTAIN,TARGET_OVERLAP_AMBIGUOUS: another detected person overlaps or is too close to the selected pose for automated identity acceptance.,NOT_REVIEWED,False
57,57,57,1900.0,17,1.0,0.9825162887573242,4,6,0.9963491559028625,0.9965442419052124,False,,,,,False,,,,795.4705181121826,292.3880310058594,773.7308311462402,211.11223602294922,84.1330424950935,2,0,True,1,0.1931482856416575,0.2930969239554029,725.2617206573486,180.09578323364258,118.08355522155762,259.5147514343262,784.3034982681274,309.85315895080566,822.1428571428571,325.7142857142858,41.02916550769426,0.09457013979856897,1.0,285.1168746773553,0.02460701882230811,True,5.989417015904251,6.378008666294617,99.05683744029032,0.02438728093080272,False,True,True,False,TARGET_IDENTITY_UNCERTAIN,TARGET_OVERLAP_AMBIGUOUS: another detected person overlaps or is too close to the selected pose for automated identity acceptance.,False,,TARGET_IDENTITY_UNCERTAIN,TARGET_OVERLAP_AMBIGUOUS: another detected person overlaps or is too close to the selected pose for automated identity acceptance.,NOT_REVIEWED,False
58,58,58,1933.3333333333333,17,1.0,0.9716110229492188,4,6,0.9940381050109863,0.9944870471954346,False,,,,,False,,,,782.7848796844482,290.3491744995117,766.3604469299316,205.42657089233398,86.49630393681267,2,0,True,1,0.23662476548038486,0.26573789862350616,717.5766479969025,178.89815139770508,142.65240168571472,276.00068283081055,788.9028488397598,316.89849281311035,809.2857142857142,327.1428571428572,22.81245721767981,0.05234970663808298,1.0,310.686473200518,0.25813057618133173,True,12.848437966254389,9.308563341005142,99.05683744029032,0.023857630657183982,False,True,True,False,TARGET_IDENTITY_UNCERTAIN,TARGET_OVERLAP_AMBIGUOUS: another detected person overlaps or is too close to the selected pose for automated identity acceptance.,False,,TARGET_IDENTITY_UNCERTAIN,TARGET_OVERLAP_AMBIGUOUS: another detected person overlaps or is too close to the selected pose for automated identity acceptance.,NOT_REVIEWED,False
59,59,59,1966.6666666666665,17,1.0,0.9274904131889343,4,6,0.9885802268981934,0.988985538482666,False,,,,,False,,,,773.9740562438965,288.05567169189453,754.3925647735596,201.24092483520508,88.99570259284404,3,1,True,2,0.6938248506607173,0.06406581325184883,709.3265837430954,176.56027603149414,126.99771130084991,268.73083114624023,772.8254393935204,310.92569160461426,796.4285714285714,328.57142857142867,29.469982608852277,0.06726421680165648,1.0,297.22832685362124,0.13586287120269783,True,9.104436546493377,12.678715874423867,99.05683744029032,0.025231965007342042,False,True,True,False,TARGET_IDENTITY_UNCERTAIN,TARGET_OVERLAP_AMBIGUOUS: another detected person overlaps or is too close to the selected pose for automated identity acceptance.,False,,TARGET_IDENTITY_UNCERTAIN,TARGET_OVERLAP_AMBIGUOUS: another detected person overlaps or is too close to the selected pose for automated identity acceptance.,NOT_REVIEWED,False
60,60,60,2000.0,17,1.0,0.961017370223999,4,6,0.9857122004032135,0.9916048943996429,False,,,,,False,,,,761.88698387146,290.84595489501953,740.8978400230408,200.68428802490234,92.57251391362136,3,0,True,2,0.19226615323046062,0.2647842746494198,701.0,173.8917694091797,137.2741241455078,277.9676971435547,769.6370620727539,312.87561798095703,783.5714285714286,330.0,22.077387283225082,0.05007358256020255,1.0,310.0164928116039,0.12909927561225765,True,12.404958641211175,13.506200081105295,99.05683744029032,0.03610867672747337,False,True,True,False,TARGET_IDENTITY_UNCERTAIN,TARGET_OVERLAP_AMBIGUOUS: another detected person overlaps or is too close to the selected pose for automated identity acceptance.,False,,TARGET_IDENTITY_UNCERTAIN,TARGET_OVERLAP_AMBIGUOUS: another detected person overlaps or is too close to the selected pose for automated identity acceptance.,NOT_REVIEWED,False
61,61,61,2033.3333333333333,17,1.0,0.9716135263442993,4,6,0.9930308759212494,0.9948994815349579,False,,,,,False,,,,751.0734539031982,289.36202239990234,728.7350101470947,197.25353240966797,94.77858406689617,2,0,True,1,0.029542360772138402,0.42687350737748636,688.0,168.9437141418457,123.22139739990234,285.4555473327637,749.6106986999512,311.67148780822754,769.047619047619,325.9523809523809,24.119240900084556,0.0558129245979956,1.0,310.91539408693217,0.009074600992285126,True,10.914874530866538,12.637425160319165,99.05683744029032,0.02227075091716498,False,True,True,False,TARGET_IDENTITY_UNCERTAIN,TARGET_OVERLAP_AMBIGUOUS: another detected person overlaps or is too close to the selected pose for automated identity acceptance.,False,,TARGET_IDENTITY_UNCERTAIN,TARGET_OVERLAP_AMBIGUOUS: another detected person overlaps or is too close to the selected pose for automated identity acceptance.,NOT_REVIEWED,False
62,62,62,2066.666666666667,17,1.0,0.967122495174408,4,6,0.9858916401863098,0.9941905736923218,False,,,,,False,,,,737.6328372955322,290.3042526245117,716.2688174247742,193.36827659606934,99.2623029836851,2,0,True,1,0.014172483351709949,0.4467121088340521,676.0093594789505,164.37622451782227,118.58118617534637,290.6530418395996,735.2999525666237,309.70274543762207,754.5238095238096,321.90476190476187,22.769406715474545,0.053778821656103225,1.0,313.9119119201503,0.03025048962444815,True,13.473602806615421,13.057609801458305,99.05683744029032,0.04526410324266243,False,True,True,False,TARGET_IDENTITY_UNCERTAIN,TARGET_OVERLAP_AMBIGUOUS: another detected person overlaps or is too close to the selected pose for automated identity acceptance.,False,,TARGET_IDENTITY_UNCERTAIN,TARGET_OVERLAP_AMBIGUOUS: another detected person overlaps or is too close to the selected pose for automated identity acceptance.,NOT_REVIEWED,False
63,63,63,2100.0,17,1.0,0.9452928304672241,4,6,0.9865443110466003,0.9893400371074677,False,,,,,False,,,,722.5899143218994,287.82044982910156,705.4449262619019,192.13365364074707,97.2106659804836,1,0,False,0,0.0,,664.2066314220428,159.9103660583496,111.97709965705872,292.55835342407227,720.1951812505722,306.18954277038574,740.0,317.85714285714283,22.98616404453298,0.05543706218415993,1.0,313.25590338541303,0.006622546728616408,True,15.24659988053524,10.894077003010125,99.05683744029032,0.020711715175019553,False,False,False,False,VALID_TARGET,,True,3,VALID_TARGET,,NOT_REVIEWED,False
64,64,64,2133.3333333333335,17,1.0,0.9624976515769958,4,6,0.9928222894668579,0.9944495558738708,False,,,,,False,,,,712.7115936279297,278.1160125732422,689.6472616195679,188.86834144592285,92.17977116831052,2,0,True,1,0.004577330636733095,0.46706608905609676,642.2726020812988,158.82675552368164,123.59794998168945,288.28554916381836,704.0715770721436,302.9695301055908,727.5,308.92857142857144,24.17439087909973,0.057980023767623706,1.0,313.6638504774826,0.00411831330992625,True,13.84764681040869,16.131598553191097,99.05683744029032,0.05078796115619587,False,False,False,False,VALID_TARGET,,True,3,VALID_TARGET,,NOT_REVIEWED,False
65,65,65,2166.6666666666665,17,1.0,0.9271786212921143,4,6,0.9800209701061249,0.9863300323486328,False,,,,,True,,65.0,81.0,695.3600635528564,277.14095306396484,673.4548501968384,185.7852020263672,93.9452586340375,1,0,False,0,0.0,,616.5024819374084,156.42031860351562,141.44040441513062,282.0685729980469,687.2226841449738,297.45460510253906,715.0,300.0,27.89369662296327,0.06630166693492691,1.0,315.54408229955794,0.01898134314260466,True,17.378904942279977,16.483322976977625,99.05683744029032,0.01782297427768357,False,False,False,False,VALID_TARGET,,True,3,VALID_TARGET,,ACCEPTED,False
66,66,66,2200.0,17,1.0,0.9295915365219116,4,6,0.9872661828994751,0.9828248918056488,False,,,,,True,,65.0,81.0,680.7286109924316,274.44384765625,658.5336494445801,184.2970428466797,92.83890744448352,1,0,False,0,0.0,,601.0743468999863,152.22733688354492,127.2790619134903,289.6418037414551,664.7138778567314,297.04823875427246,701.1904761904761,300.0,36.595834741854546,0.08664226890609257,1.0,316.3737253252578,0.00837542412152968,True,14.877962952242024,14.995227561903883,99.05683744029032,0.011168852329056686,False,False,False,False,VALID_TARGET,,True,3,VALID_TARGET,,ACCEPTED,False
67,67,67,2233.3333333333335,17,1.0,0.9646634459495544,4,6,0.9966222643852234,0.9905776679515839,False,,,,,True,,65.0,81.0,669.3165836334229,279.10677337646484,644.6259841918945,183.97441482543945,98.28423751682084,1,0,False,0,0.0,,587.6542245149612,146.8136100769043,126.04601657390594,279.13200759887695,650.6772328019142,286.3796138763428,687.3809523809524,300.0,39.149431018779644,0.0923226274285763,1.0,306.2715722366816,0.10198340013293462,True,12.327905122728932,13.911406888623679,99.05683744029032,0.05497177391333193,False,False,False,False,VALID_TARGET,,True,3,VALID_TARGET,,ACCEPTED,False
68,68,68,2266.6666666666665,17,1.0,0.9694737195968628,4,6,0.994761735200882,0.9778075814247131,False,,,,,True,,65.0,81.0,652.9180297851562,275.89842224121094,629.3785943984985,179.89066886901855,98.85137189689554,1,0,False,0,0.0,,578.2010307312012,145.00421524047852,122.26895523071289,278.5473289489746,639.3355083465576,284.2778797149658,673.5714285714286,300.0,37.673376539683964,0.08849251568780277,1.0,304.20110433366006,0.020901817143814956,True,16.709460952453984,15.784798907440678,99.05683744029032,0.005725343093217201,False,False,False,False,VALID_TARGET,,True,3,VALID_TARGET,,ACCEPTED,False
69,69,69,2300.0,17,1.0,0.9649901390075684,4,6,0.9943517446517944,0.9891079068183899,False,,,,,True,,65.0,81.0,636.2572803497314,273.78419494628906,612.8649883270264,179.692626953125,96.95577596764274,1,0,False,0,0.0,,560.2439384460449,141.69165802001953,132.09143447875977,281.79451751708984,626.2896556854248,282.58891677856445,656.4285714285713,301.78571428571433,35.733335650383964,0.0829460892604731,1.0,311.21744354284823,0.0708314477879177,True,16.794360029623057,16.514793552576226,99.05683744029032,0.019136447096803767,False,False,False,False,VALID_TARGET,,True,3,VALID_TARGET,,ACCEPTED,False
70,70,70,2333.3333333333335,17,1.0,0.9725057482719421,4,6,0.9960454106330872,0.9954460859298706,False,,,,,True,,65.0,81.0,619.030445098877,267.1905975341797,594.413685798645,173.00736618041992,97.34714123527918,1,0,False,0,0.0,,551.2349681854248,138.56613159179688,134.35261726379395,290.5391845703125,618.4112768173218,283.8357238769531,639.2857142857142,303.57142857142856,28.726993915294475,0.06590530576531033,1.0,320.09942757901587,0.08966553208930718,True,18.445578863051665,19.62506755639127,99.05683744029032,0.003950916239097103,False,False,False,False,VALID_TARGET,,True,3,VALID_TARGET,,ACCEPTED,False
71,71,71,2366.6666666666665,17,1.0,0.9526551961898804,4,6,0.9944824576377869,0.9921091794967651,False,,,,,True,,65.0,81.0,602.0976657867432,265.0375518798828,581.0141658782959,169.32735633850098,98.0048748734421,1,0,False,0,0.0,,545.9141426086426,139.14430046081543,131.39260482788086,275.8152332305908,611.610445022583,277.05191707611084,625.2380952380953,303.0952380952381,29.393322712848686,0.06697983344489909,1.0,305.51278121463406,0.14725532069580127,True,17.06911306491678,13.895668624879237,99.05683744029032,0.006639962017355882,False,False,False,False,VALID_TARGET,,True,3,VALID_TARGET,,ACCEPTED,False
72,72,72,2400.0,17,1.0,0.9356579780578613,4,6,0.9918515682220459,0.9901057481765747,False,,,,,True,,65.0,81.0,586.1882400512695,264.34193420410156,564.1551599502563,169.3649959564209,97.49910470174282,1,0,False,0,0.0,,529.2775135040283,136.20409774780273,140.15057182312012,277.6013832092285,599.3527994155884,275.004789352417,611.1904761904763,302.6190476190476,30.044597701465342,0.06799560362634263,1.0,310.9738103796274,0.0551302596177187,True,15.924625935431264,16.85904794531737,99.05683744029032,0.005105858260457301,False,False,False,False,VALID_TARGET,,True,3,VALID_TARGET,,ACCEPTED,False
73,73,73,2433.333333333333,17,1.0,0.9500114917755127,4,6,0.9939172267913818,0.9913429915904999,False,,,,,True,,65.0,81.0,574.0876522064209,263.6433334350586,548.6412477493286,161.20178413391113,105.55468025158028,1,0,False,0,0.0,,513.8879642486572,121.39780330657959,148.11313438415527,286.18438053131104,587.9445314407349,264.4899935722351,597.1428571428571,302.1428571428571,38.76012552598606,0.08711139379700418,1.0,322.2405937140587,0.11374059202347046,True,12.120737156848419,17.53053048362364,99.05683744029032,0.08132276133581604,False,False,False,False,VALID_TARGET,,True,3,VALID_TARGET,,ACCEPTED,False
74,74,74,2466.666666666667,17,1.0,0.9350953698158264,4,6,0.992598682641983,0.9854867458343506,False,,,,,True,,65.0,81.0,558.1815376281738,266.4549865722656,528.5549163818359,163.19894409179688,107.42228351325588,1,0,False,0,0.0,,492.71763610839844,131.83587265014648,166.36094665527344,276.61972427368164,575.8981094360352,270.1457347869873,586.0714285714286,303.5714285714286,34.939568217163185,0.07587722814324516,1.0,322.7916300483741,0.005562829871764528,True,16.152704861424606,20.185374797166943,99.05683744029032,0.01885385511930315,False,False,False,False,VALID_TARGET,,True,3,VALID_TARGET,,ACCEPTED,False
75,75,75,2500.0,17,1.0,0.9046046733856201,4,6,0.9866548776626587,0.9612282514572144,False,,,,,True,,65.0,81.0,542.8264045715332,267.24420166015625,507.8478002548218,152.48798370361328,119.96871392006608,1,0,False,0,0.0,,480.95834159851074,117.97708415985107,187.304292678833,283.55175495147705,574.6104879379272,259.7529616355896,575.0,305.0,45.24871490326468,0.095042024563454,1.0,339.8300984197551,0.17200698923637117,True,15.375401511573344,23.313286570856715,99.05683744029032,0.1266589034237335,False,False,False,False,VALID_TARGET,,True,3,VALID_TARGET,,ACCEPTED,False
76,76,76,2533.333333333333,17,1.0,0.8683182597160339,4,6,0.9825078845024109,0.9685439467430115,False,,,,,True,,65.0,81.0,527.9636001586914,268.8721008300781,491.49878120422363,160.6971607208252,114.15559858816637,1,0,False,0,0.0,,452.78120040893555,133.0504264831543,200.83591079711914,269.3387641906738,553.1991558074951,267.7198085784912,563.3333333333334,301.1904761904762,34.97123309975195,0.07146438246341533,1.0,335.9738575566078,0.0389295778342584,True,14.95168922636576,18.294289032830473,99.05683744029032,0.05868464491816378,False,False,False,False,VALID_TARGET,,True,3,VALID_TARGET,,ACCEPTED,False
77,77,77,2566.666666666667,17,1.0,0.8928880095481873,4,6,0.9877508282661438,0.9759092628955841,False,,,,,True,,65.0,81.0,510.96639251708984,277.53475189208984,480.2687644958496,160.24076461791992,121.24447953124945,1,0,False,0,0.0,,469.08677673339844,129.77305603027344,175.2631378173828,244.4138641357422,556.7183456420898,251.97998809814453,551.6666666666666,297.3809523809524,45.68114510692053,0.09085015224594124,1.0,300.7578834533851,0.35551280470114216,True,19.077384281758633,11.239287018005495,99.05683744029032,0.0715637721359329,False,False,False,False,VALID_TARGET,,True,3,VALID_TARGET,,ACCEPTED,False
78,78,78,2600.0,17,1.0,0.9228384494781494,4,6,0.9924181699752808,0.9884064495563507,False,,,,,True,,65.0,81.0,493.040958404541,270.7845230102539,461.9289321899414,167.6483383178711,107.72664836557031,3,0,True,2,0.07614221199531399,0.3369473834157849,413.9910774230957,135.16663360595703,212.89001083374023,265.13228607177734,520.4360828399658,267.7327766418457,540.0,293.57142857142856,32.40960950370763,0.06275149490282632,1.0,340.025419388664,0.3964141895701914,True,19.1542887646736,19.779322463852054,99.05683744029032,0.13646540223765416,False,True,True,False,VALID_TARGET,HUMAN_ACCEPTED_TARGET: operator reviewed the raw skeleton and confirmed that it belongs to the documented athlete.,True,3,TARGET_IDENTITY_UNCERTAIN,TARGET_OVERLAP_AMBIGUOUS: another detected person overlaps or is too close to the selected pose for automated identity acceptance.,ACCEPTED,True
79,79,79,2633.3333333333335,17,1.0,0.949428379535675,4,6,0.9956137239933014,0.9912389516830444,False,,,,,True,,65.0,81.0,485.6885070800781,276.55157470703125,459.91236114501953,168.97865676879883,110.61800202955722,4,0,True,3,0.16128191589068938,0.270452894742404,406.2007064819336,136.49327850341797,207.4756088256836,250.5489273071289,509.9385108947754,261.7677421569824,524.047619047619,297.3809523809524,38.306235462719634,0.0729666967789399,1.0,325.3012346000873,0.14864380055997803,True,9.344379366865333,2.415844771523218,99.05683744029032,0.02918883480133071,False,True,True,False,VALID_TARGET,HUMAN_ACCEPTED_TARGET: operator reviewed the raw skeleton and confirmed that it belongs to the documented athlete.,True,3,TARGET_IDENTITY_UNCERTAIN,TARGET_OVERLAP_AMBIGUOUS: another detected person overlaps or is too close to the selected pose for automated identity acceptance.,ACCEPTED,True
80,80,80,2666.6666666666665,17,1.0,0.967913031578064,4,6,0.9957108199596405,0.9950455725193024,False,,,,,True,,65.0,81.0,468.1934242248535,278.5492935180664,443.1638069152832,173.34229278564453,108.14339899307474,3,0,True,2,0.22510284049945295,0.23572044090659383,374.6946659088135,138.86722564697266,219.50620079040527,257.42992401123047,484.4477663040161,267.5821876525879,508.09523809523813,301.1904761904762,41.0940382605871,0.07700903485946582,1.0,338.30923422494044,0.1313185435855867,True,17.608770671433533,17.30766847596555,99.05683744029032,0.02498164791475524,False,True,True,False,VALID_TARGET,HUMAN_ACCEPTED_TARGET: operator reviewed the raw skeleton and confirmed that it belongs to the documented athlete.,True,3,TARGET_IDENTITY_UNCERTAIN,TARGET_OVERLAP_AMBIGUOUS: another detected person overlaps or is too close to the selected pose for automated identity acceptance.,ACCEPTED,True
81,81,81,2700.0,17,1.0,0.9915997982025146,4,6,0.9981373250484467,0.9933227300643921,False,,,,,True,,65.0,81.0,452.06807708740234,281.1349105834961,426.382137298584,178.54553604125977,105.75607439670806,4,0,True,3,0.30088531294603577,0.224767060009952,360.71573638916016,142.7384376525879,214.34455108642578,270.419979095459,467.88801193237305,277.9484272003174,492.14285714285717,305.0,36.33297547849712,0.06698555158381848,1.0,345.06601060439124,0.06821110540222589,True,16.331326826450628,17.56980863587168,99.05683744029032,0.024100553359637775,False,True,True,False,VALID_TARGET,HUMAN_ACCEPTED_TARGET: operator reviewed the raw skeleton and confirmed that it belongs to the documented athlete.,True,3,TARGET_IDENTITY_UNCERTAIN,TARGET_OVERLAP_AMBIGUOUS: another detected person overlaps or is too close to the selected pose for automated identity acceptance.,ACCEPTED,True
82,82,82,2733.3333333333335,17,1.0,0.9702640771865845,4,6,0.996932715177536,0.9925120770931244,False,,,,,False,,,,442.36266708374023,289.4353485107422,422.2793617248535,177.03619003295898,114.1792887552384,4,0,True,3,0.22124399541977977,0.2574306333861981,366.3712959289551,145.09868240356445,205.92228317260742,242.05085372924805,469.3324375152588,266.1241092681885,484.1071428571429,308.2142857142857,44.60801353123784,0.08236501506313222,1.0,317.79333299815676,0.2753235244631544,True,12.77075773488989,4.3716007115441,99.05683744029032,0.08503415388773851,False,True,True,False,TARGET_IDENTITY_UNCERTAIN,TARGET_OVERLAP_AMBIGUOUS: another detected person overlaps or is too close to the selected pose for automated identity acceptance.,False,,TARGET_IDENTITY_UNCERTAIN,TARGET_OVERLAP_AMBIGUOUS: another detected person overlaps or is too close to the selected pose for automated identity acceptance.,NOT_REVIEWED,False
83,83,83,2766.6666666666665,17,1.0,0.9696257710456848,4,6,0.99662646651268,0.975028395652771,False,,,,,False,,,,420.17570877075195,300.8294982910156,396.8000431060791,185.37793350219727,117.79425095246918,3,0,True,2,0.19688198501850376,0.24599364274494762,341.8378372192383,149.92512130737305,223.15853118896484,293.1820869445801,453.4171028137207,296.5161647796631,476.07142857142856,311.42857142857144,27.121916370322204,0.050149622039960796,1.0,368.4500863720831,0.5113907801110783,True,24.941687360673598,26.810079473653264,99.05683744029032,0.036493818000295185,False,True,True,False,TARGET_IDENTITY_UNCERTAIN,TARGET_OVERLAP_AMBIGUOUS: another detected person overlaps or is too close to the selected pose for automated identity acceptance.,False,,TARGET_IDENTITY_UNCERTAIN,TARGET_OVERLAP_AMBIGUOUS: another detected person overlaps or is too close to the selected pose for automated identity acceptance.,NOT_REVIEWED,False
84,84,84,2800.0,17,1.0,0.9795479774475098,4,6,0.9965809285640717,0.9842605888843536,False,,,,,False,,,,407.487979888916,298.52271270751953,391.7870273590088,181.71585083007812,117.85738369742506,4,0,True,3,0.2880325949137456,0.2337331258734334,320.07044982910156,149.21283340454102,245.7157745361328,272.823543548584,442.92833709716797,285.624605178833,468.0357142857143,314.64285714285717,38.37237725676541,0.071047823124187,1.0,367.16335297834087,0.012989849332892787,True,12.895725024487737,6.208154023363965,99.05683744029032,0.0006373385885041494,False,True,True,False,TARGET_IDENTITY_UNCERTAIN,TARGET_OVERLAP_AMBIGUOUS: another detected person overlaps or is too close to the selected pose for automated identity acceptance.,False,,TARGET_IDENTITY_UNCERTAIN,TARGET_OVERLAP_AMBIGUOUS: another detected person overlaps or is too close to the selected pose for automated identity acceptance.,NOT_REVIEWED,False
85,85,85,2833.3333333333335,17,1.0,0.990773618221283,4,6,0.9986331164836884,0.9926061034202576,False,,,,,True,,85.0,91.0,398.26382064819336,306.9736022949219,383.2143783569336,190.78638076782227,117.15782585668478,2,0,True,1,0.1792727261952913,0.27484490593084904,315.20643615722656,152.48788452148438,240.7958221435547,267.6893005371094,435.6043472290039,286.33253479003906,460.0,317.8571428571429,39.86162048772625,0.07389906017957595,1.0,360.0558145396867,0.07175212355167765,True,12.51010185876496,12.480577881824766,99.05683744029032,0.007062186304524046,False,True,True,False,VALID_TARGET,HUMAN_ACCEPTED_TARGET: operator reviewed the raw skeleton and confirmed that it belongs to the documented athlete.,True,4,TARGET_IDENTITY_UNCERTAIN,TARGET_OVERLAP_AMBIGUOUS: another detected person overlaps or is too close to the selected pose for automated identity acceptance.,ACCEPTED,True
86,86,86,2866.6666666666665,17,1.0,0.9846625328063965,4,6,0.9978980720043182,0.9871870875358582,False,,,,,True,,85.0,91.0,389.21459579467773,308.00643157958984,371.8272132873535,195.0299415588379,114.30664183618146,3,0,True,2,0.14222846012020643,0.2942001565301257,321.08568572998047,154.9139862060547,225.6984634399414,257.72718811035156,433.9349174499512,283.77758026123047,444.3877551020408,319.5918367346939,37.308481364536405,0.07070878029764249,1.0,342.5829824880668,0.17639198366445122,True,9.107974900094566,12.152174147407115,99.05683744029032,0.02878331364275553,False,True,True,False,VALID_TARGET,HUMAN_ACCEPTED_TARGET: operator reviewed the raw skeleton and confirmed that it belongs to the documented athlete.,True,4,TARGET_IDENTITY_UNCERTAIN,TARGET_OVERLAP_AMBIGUOUS: another detected person overlaps or is too close to the selected pose for automated identity acceptance.,ACCEPTED,True
87,87,87,2900.0,17,1.0,0.9653766751289368,4,6,0.9962494969367981,0.9751116931438446,False,,,,,True,,85.0,91.0,378.74667739868164,310.331787109375,363.4563217163086,199.03403091430664,112.34315960907614,4,0,True,3,0.17046836391158865,0.27429032608104975,310.99810791015625,159.5985984802246,215.58583068847656,261.09225845336914,418.79102325439453,290.1447277069092,428.7755102040817,321.32653061224494,32.74133186166498,0.06339124204400624,1.0,338.59476933042157,0.04026186642642686,True,10.723086956895195,9.27925413278293,99.05683744029032,0.01982177382039749,False,True,True,False,VALID_TARGET,HUMAN_ACCEPTED_TARGET: operator reviewed the raw skeleton and confirmed that it belongs to the documented athlete.,True,4,TARGET_IDENTITY_UNCERTAIN,TARGET_OVERLAP_AMBIGUOUS: another detected person overlaps or is too close to the selected pose for automated identity acceptance.,ACCEPTED,True
88,88,88,2933.333333333333,17,1.0,0.9707728028297424,4,6,0.9965845048427582,0.986110270023346,False,,,,,True,,85.0,91.0,369.32674407958984,313.3526611328125,350.55631160736084,197.5332145690918,117.3306155166718,3,0,True,2,0.19701911120907128,0.2403145668451471,281.5204916000366,159.7752571105957,228.71788120269775,284.0476493835449,395.8794322013855,301.79908180236816,413.1632653061224,323.0612244897959,27.400905066310067,0.05414886980457512,1.0,364.68470807283467,0.26338352219390854,True,9.89246296943361,12.987020848255318,99.05683744029032,0.050349436106336506,False,True,True,False,VALID_TARGET,HUMAN_ACCEPTED_TARGET: operator reviewed the raw skeleton and confirmed that it belongs to the documented athlete.,True,4,TARGET_IDENTITY_UNCERTAIN,TARGET_OVERLAP_AMBIGUOUS: another detected person overlaps or is too close to the selected pose for automated identity acceptance.,ACCEPTED,True
89,89,89,2966.666666666667,17,1.0,0.9377161264419556,4,6,0.9908971190452576,0.9825104773044586,False,,,,,True,,85.0,91.0,366.343807220459,311.8181457519531,345.90147972106934,201.93922805786133,111.76432931493528,3,0,True,2,0.2292566083506714,0.21487495656253142,279.4030427932739,165.08490753173828,214.7166166305542,279.5207748413086,386.761351108551,304.8452949523926,397.55102040816325,324.795918367347,22.681365440385676,0.04570301082177592,1.0,352.46998315481835,0.12331026543603446,True,3.354496945840832,6.409400498709312,99.05683744029032,0.05619285195826865,False,True,True,False,VALID_TARGET,HUMAN_ACCEPTED_TARGET: operator reviewed the raw skeleton and confirmed that it belongs to the documented athlete.,True,4,TARGET_IDENTITY_UNCERTAIN,TARGET_OVERLAP_AMBIGUOUS: another detected person overlaps or is too close to the selected pose for automated identity acceptance.,ACCEPTED,True
90,90,90,3000.0,17,1.0,0.9512358903884888,4,6,0.987225204706192,0.9844422340393066,False,,,,,True,,85.0,91.0,358.1836700439453,306.10298919677734,339.5293312072754,202.93955993652344,104.83643209385134,4,0,True,3,0.17563654670077083,0.21915736164017513,266.45072650909424,170.2722625732422,211.30440044403076,286.91639709472656,372.1029267311096,313.73046112060547,381.9387755102041,326.530612244898,16.142731801338392,0.033128006716689765,1.0,356.3292979377785,0.038960609713453456,True,9.96247224285665,6.450189187094751,99.05683744029032,0.0699386069665302,False,True,True,False,VALID_TARGET,HUMAN_ACCEPTED_TARGET: operator reviewed the raw skeleton and confirmed that it belongs to the documented athlete.,True,4,TARGET_IDENTITY_UNCERTAIN,TARGET_OVERLAP_AMBIGUOUS: another detected person overlaps or is too close to the selected pose for automated identity acceptance.,ACCEPTED,True
91,91,91,3033.333333333333,17,1.0,0.9561105370521545,4,6,0.9883213341236115,0.9890751540660858,False,,,,,True,,85.0,91.0,354.1142997741699,308.65130615234375,336.3757953643799,206.5824737548828,103.59875040596344,5,0,True,4,0.14433081853592042,0.2178864684235045,266.66728496551514,172.3098487854004,189.85392475128174,296.6010093688965,361.594247341156,320.61035346984863,366.3265306122449,328.265306122449,8.999600272866603,0.01878475745952838,1.0,352.1600083798749,0.04208987148834394,True,4.801426215048928,4.818257921741048,99.05683744029032,0.012494661851423956,False,True,True,False,VALID_TARGET,HUMAN_ACCEPTED_TARGET: operator reviewed the raw skeleton and confirmed that it belongs to the documented athlete.,True,4,TARGET_IDENTITY_UNCERTAIN,TARGET_OVERLAP_AMBIGUOUS: another detected person overlaps or is too close to the selected pose for automated identity acceptance.,ACCEPTED,True
92,92,92,3066.666666666667,17,1.0,0.9312602281570435,4,6,0.9688342213630676,0.9673303067684174,False,,,,,False,,,,345.1272964477539,309.717041015625,328.2125186920166,210.05474853515625,101.08749798559901,4,0,True,3,0.1574636022247158,0.19711251801652174,252.0,174.85427474975586,187.4573974609375,290.3139991760254,345.72869873046875,320.01127433776855,350.7142857142857,330.0,11.163812875918614,0.023665173964278467,0.9992379220836728,345.57559806850537,0.06647103301009889,True,9.049973457851998,8.871064095094425,99.05683744029032,0.02535163129832573,False,True,True,False,TARGET_IDENTITY_UNCERTAIN,TARGET_OVERLAP_AMBIGUOUS: another detected person overlaps or is too close to the selected pose for automated identity acceptance.,False,,TARGET_IDENTITY_UNCERTAIN,TARGET_OVERLAP_AMBIGUOUS: another detected person overlaps or is too close to the selected pose for automated identity acceptance.,NOT_REVIEWED,False
93,93,93,3100.0,17,1.0,0.9232149720191956,4,6,0.9748020768165588,0.9701143503189087,False,,,,,False,,,,346.03668212890625,309.3087158203125,322.7568759918213,210.60614776611328,101.41078006935005,4,0,True,3,0.1989743609417619,0.1934030935907765,244.30596542358398,176.80231094360352,188.18581008911133,278.41274642944336,338.39887046813965,316.0086841583252,342.0238095238095,329.5238095238095,13.992812326408103,0.029476361849598506,1.0,336.0469557863612,0.09619368564929069,True,0.9968509327938172,5.4834367311107375,99.05683744029032,0.003263601908812276,False,True,True,False,TARGET_IDENTITY_UNCERTAIN,TARGET_OVERLAP_AMBIGUOUS: another detected person overlaps or is too close to the selected pose for automated identity acceptance.,False,,TARGET_IDENTITY_UNCERTAIN,TARGET_OVERLAP_AMBIGUOUS: another detected person overlaps or is too close to the selected pose for automated identity acceptance.,NOT_REVIEWED,False
94,94,94,3133.3333333333335,17,1.0,0.9250197410583496,4,6,0.9644189178943634,0.9602363407611847,False,,,,,False,,,,345.02931213378906,308.3982391357422,320.3555850982666,206.74420166015625,104.60562193740498,4,0,True,3,0.24408361967340836,0.17461463205403366,240.57030296325684,177.71128463745117,180.03736305236816,279.64494705200195,330.5889844894409,317.53375816345215,333.33333333333337,329.0476190476191,11.836403298169738,0.024776781377278376,1.0,332.58795604556576,0.03491934358272297,True,1.3578520170506618,4.547617582953227,99.05683744029032,0.032252613253282145,False,True,True,False,TARGET_IDENTITY_UNCERTAIN,TARGET_OVERLAP_AMBIGUOUS: another detected person overlaps or is too close to the selected pose for automated identity acceptance.,False,,TARGET_IDENTITY_UNCERTAIN,TARGET_OVERLAP_AMBIGUOUS: another detected person overlaps or is too close to the selected pose for automated identity acceptance.,NOT_REVIEWED,False
95,95,95,3166.6666666666665,17,1.0,0.9355392456054688,4,6,0.9823964834213257,0.9835444390773773,False,,,,,False,,,,332.7354850769043,312.2081756591797,315.25833892822266,206.2862777709961,107.35408278094117,3,0,True,2,0.31379526301011684,0.14808313592519273,236.85590744018555,170.8714256286621,161.10365676879883,304.61597061157227,317.40773582458496,323.17941093444824,324.6428571428571,328.57142857142856,9.023349416243555,0.018768723064784377,1.0,344.59436701128647,0.12120729144979973,True,12.870656549578772,5.11777420430906,99.05683744029032,0.02774630115960361,False,True,True,False,TARGET_IDENTITY_UNCERTAIN,TARGET_OVERLAP_AMBIGUOUS: another detected person overlaps or is too close to the selected pose for automated identity acceptance.,False,,TARGET_IDENTITY_UNCERTAIN,TARGET_OVERLAP_AMBIGUOUS: another detected person overlaps or is too close to the selected pose for automated identity acceptance.,NOT_REVIEWED,False
96,96,96,3200.0,17,1.0,0.9024672508239746,4,6,0.9819457828998566,0.9739497303962708,False,,,,,False,,,,329.0018501281738,312.23744201660156,312.64209365844727,203.07847213745117,110.37808811909193,4,0,True,3,0.354353483627012,0.14167462043175483,221.92655277252197,167.7486801147461,164.9471960067749,321.3237075805664,304.4001507759094,328.4105339050293,315.95238095238096,328.0952380952381,11.556532070558692,0.023884866908303232,1.0,361.18762786648546,0.167512523960813,True,3.7337496501584457,4.139414970044033,99.05683744029032,0.030527981876804555,False,True,True,False,TARGET_IDENTITY_UNCERTAIN,TARGET_OVERLAP_AMBIGUOUS: another detected person overlaps or is too close to the selected pose for automated identity acceptance.,False,,TARGET_IDENTITY_UNCERTAIN,TARGET_OVERLAP_AMBIGUOUS: another detected person overlaps or is too close to the selected pose for automated identity acceptance.,NOT_REVIEWED,False
97,97,97,3233.3333333333335,17,1.0,0.9007896184921265,4,6,0.9762138724327087,0.9680701792240143,False,,,,,False,,,,323.26607513427734,309.644775390625,307.6823043823242,200.00970840454102,110.73708423058895,4,0,True,3,0.39004718326388294,0.13302365704787728,204.5630750656128,148.2007713317871,185.63710498809814,347.02844619750977,297.38162755966187,321.714994430542,307.2619047619048,327.61904761904765,11.509896682675548,0.02363646610947528,1.0,393.56051277868323,0.32681121009654246,True,6.294524208711959,5.832394063501699,99.05683744029032,0.0036241426717607173,False,True,True,False,TARGET_IDENTITY_UNCERTAIN,TARGET_OVERLAP_AMBIGUOUS: another detected person overlaps or is too close to the selected pose for automated identity acceptance.,False,,TARGET_IDENTITY_UNCERTAIN,TARGET_OVERLAP_AMBIGUOUS: another detected person overlaps or is too close to the selected pose for automated identity acceptance.,NOT_REVIEWED,False
98,98,98,3266.6666666666665,17,1.0,0.8757388591766357,4,6,0.9749568700790405,0.9347865581512451,False,,,,,False,,,,299.1184387207031,322.13909912109375,306.94009017944336,206.3706817626953,116.03234328931887,4,0,True,3,0.45929373505818083,0.12076474012817252,198.05119514465332,166.62754440307617,178.86247062683105,335.0869026184082,287.48243045806885,334.1709957122803,298.57142857142856,327.14285714285717,13.128618012156032,0.02678763395409597,1.0,379.8355113797716,0.13855683013486877,True,27.188535632577384,6.404128667204214,99.05683744029032,0.05345677487353472,False,True,True,False,TARGET_IDENTITY_UNCERTAIN,TARGET_OVERLAP_AMBIGUOUS: another detected person overlaps or is too close to the selected pose for automated identity acceptance.,False,,TARGET_IDENTITY_UNCERTAIN,TARGET_OVERLAP_AMBIGUOUS: another detected person overlaps or is too close to the selected pose for automated identity acceptance.,NOT_REVIEWED,False
99,99,99,3300.0,17,1.0,0.9253529906272888,4,6,0.9831309616565704,0.9788314998149872,False,,,,,False,,,,310.80807876586914,299.41466522216797,306.7565727233887,200.14452743530273,99.35278032061038,2,0,True,1,0.13374143322514423,0.34636003384306036,205.99981307983398,165.9887580871582,178.07902908325195,326.4245719909668,295.03932762145996,329.2010440826416,298.6734693877551,328.41836734693885,3.717468123621399,0.007557165277712707,1.0,371.8402100347938,0.08071428032211535,True,25.554795644109465,6.228858351671365,99.05683744029032,0.1683837622896313,False,True,True,False,TARGET_IDENTITY_UNCERTAIN,TARGET_OVERLAP_AMBIGUOUS: another detected person overlaps or is too close to the selected pose for automated identity acceptance.,False,,TARGET_IDENTITY_UNCERTAIN,TARGET_OVERLAP_AMBIGUOUS: another detected person overlaps or is too close to the selected pose for automated identity acceptance.,NOT_REVIEWED,False
100,100,100,3333.3333333333335,17,1.0,0.9157735109329224,4,6,0.9716572463512421,0.9749828279018402,False,,,,,False,,,,292.4144744873047,308.8831100463867,296.1167984008789,198.14507675170898,110.79990622890517,1,0,False,0,0.0,,185.0,161.10773468017578,189.54969787597656,324.16844940185547,279.7748489379883,323.1919593811035,298.7755102040816,329.6938775510205,20.082332245959787,0.040674959064948876,1.0,375.5186700451488,0.03713484203018572,True,20.687583854711004,10.8260149949121,99.05683744029032,0.11556118895068616,False,False,False,False,INVALID_TRACK_SEGMENT,Valid-looking pose segment is too short to establish target identity continuity.,False,,INVALID_TRACK_SEGMENT,Valid-looking pose segment is too short to establish target identity continuity.,NOT_REVIEWED,False
101,101,101,3366.6666666666665,17,1.0,0.9546603560447693,4,6,0.9789207279682159,0.9840143322944641,False,,,,,False,,,,298.37298583984375,309.001953125,298.0513572692871,187.1153907775879,121.88698669590194,1,0,False,0,0.0,,185.0,155.32630157470703,206.9069061279297,321.9366683959961,288.45345306396484,316.2946357727051,298.8775510204082,330.96938775510205,18.000282329741115,0.0363244097076821,1.0,382.692678609541,0.0724231537143168,True,5.95969640297819,11.198057452212879,99.05683744029032,0.11192645306973241,False,False,False,False,INVALID_TRACK_SEGMENT,Valid-looking pose segment is too short to establish target identity continuity.,False,,INVALID_TRACK_SEGMENT,Valid-looking pose segment is too short to establish target identity continuity.,NOT_REVIEWED,False
102,102,102,3400.0,17,1.0,0.9618724584579468,4,6,0.9650896787643433,0.9730768799781799,False,,,,,False,,,,309.12483978271484,315.76456451416016,305.4243278503418,189.56626892089844,126.25253898122563,1,0,False,0,0.0,,207.8766689300537,155.0655746459961,187.9307346343994,305.0448989868164,301.8420362472534,307.5880241394043,298.9795918367347,332.24489795918373,24.822469953004966,0.049908607561681445,1.0,358.2880843931348,0.24636960806584274,True,12.701782394988168,7.769652428677569,99.05683744029032,0.04407118577710664,False,False,False,False,INVALID_TRACK_SEGMENT,Valid-looking pose segment is too short to establish target identity continuity.,False,,INVALID_TRACK_SEGMENT,Valid-looking pose segment is too short to establish target identity continuity.,NOT_REVIEWED,False
103,103,103,3433.333333333333,17,1.0,0.9150893688201904,4,6,0.9745625555515289,0.974710613489151,False,,,,,False,,,,314.2545394897461,300.0435485839844,315.62000274658203,178.96614837646484,121.0850995412632,1,0,False,0,0.0,,220.65954971313477,146.43329238891602,179.2436180114746,287.55749130249023,310.28135871887207,290.21203804016113,299.0816326530612,333.5204081632653,44.73308380459573,0.08961390974468636,1.0,338.8474367647263,0.1962575035784579,True,16.536751826194802,14.707628705754932,99.05683744029032,0.05216640843270674,False,False,False,False,INVALID_TRACK_SEGMENT,Valid-looking pose segment is too short to establish target identity continuity.,False,,INVALID_TRACK_SEGMENT,Valid-looking pose segment is too short to establish target identity continuity.,NOT_REVIEWED,False
104,104,104,3466.666666666667,17,1.0,0.9320410490036011,4,6,0.9871305823326111,0.9836271703243256,False,,,,,True,,104.0,107.0,305.7345085144043,313.0455093383789,305.94397354125977,186.36736297607422,126.67831953963932,2,0,True,1,0.06598422210963163,0.32987598205445046,202.39295196533203,146.17022705078125,192.11615753173828,301.8863220214844,298.4510307312012,297.11338806152344,299.18367346938777,334.795918367347,37.68965183748887,0.07522976979980069,1.0,357.8323202401078,0.19165646679185802,True,15.544835517933256,12.182098289363799,99.05683744029032,0.056464754406757696,False,True,True,False,INVALID_TRACK_SEGMENT,Valid-looking pose segment is too short to establish target identity continuity.,False,,TARGET_IDENTITY_UNCERTAIN,TARGET_OVERLAP_AMBIGUOUS: another detected person overlaps or is too close to the selected pose for automated identity acceptance.,ACCEPTED,True
105,105,105,3500.0,17,1.0,0.9381087422370911,4,6,0.9951729476451874,0.9918380677700043,False,,,,,True,,104.0,107.0,315.66751861572266,315.58919525146484,323.69373321533203,183.29534149169922,132.5371037234828,4,0,True,3,0.5814907311592575,0.09319538086202797,239.8995361328125,142.61320686340332,161.04225158691406,301.7837657928467,320.42066192626953,293.50508975982666,299.2857142857143,336.07142857142856,47.52451169231618,0.09451726821886806,1.0,342.06439173391703,0.159180617044183,True,10.25353732608042,18.013641622053647,99.05683744029032,0.05914568176452284,False,True,True,False,INVALID_TRACK_SEGMENT,Valid-looking pose segment is too short to establish target identity continuity.,False,,TARGET_IDENTITY_UNCERTAIN,TARGET_OVERLAP_AMBIGUOUS: another detected person overlaps or is too close to the selected pose for automated identity acceptance.,ACCEPTED,True
106,106,106,3533.333333333333,17,1.0,0.9280573129653931,4,6,0.9945798516273499,0.9877291321754456,False,,,,,True,,104.0,107.0,313.3182563781738,306.20452880859375,324.16703033447266,181.68765258789062,124.98859291998119,2,0,True,1,0.051897649598019145,0.3835353015834284,218.558349609375,143.34581756591797,186.6599578857422,327.06436920166016,311.8883285522461,306.87800216674805,299.38775510204084,337.3469387755102,32.93357609875888,0.0652624128895262,1.0,376.5807237222677,0.3484497676311994,True,9.67424401722035,1.675909834810958,99.05683744029032,0.07620383406699936,False,True,True,False,INVALID_TRACK_SEGMENT,Valid-looking pose segment is too short to establish target identity continuity.,False,,TARGET_IDENTITY_UNCERTAIN,TARGET_OVERLAP_AMBIGUOUS: another detected person overlaps or is too close to the selected pose for automated identity acceptance.,ACCEPTED,True
107,107,107,3566.666666666667,17,1.0,0.937842071056366,4,6,0.9936778843402863,0.9896084666252136,False,,,,,True,,104.0,107.0,324.65096282958984,309.5303039550781,330.7700004577637,180.68004608154297,128.9954711436472,2,0,True,1,0.05381607879463906,0.3995169802827877,220.55038833618164,141.89530754089355,185.08385848999023,338.0581531524658,313.09231758117676,310.92438411712646,299.48979591836735,338.6224489795918,30.857922689522322,0.06092934140719331,1.0,385.4080299972988,0.08911354837420533,True,11.810631475028732,6.679407557613766,99.05683744029032,0.04045029426748336,False,True,True,False,INVALID_TRACK_SEGMENT,Valid-looking pose segment is too short to establish target identity continuity.,False,,TARGET_IDENTITY_UNCERTAIN,TARGET_OVERLAP_AMBIGUOUS: another detected person overlaps or is too close to the selected pose for automated identity acceptance.,ACCEPTED,True
108,108,108,3600.0,17,1.0,0.9384620189666748,4,6,0.9941834807395935,0.9942511320114136,False,,,,,False,,,,323.4108657836914,308.81776428222656,338.1162109375,177.36924934387207,132.2685119580297,1,0,False,0,0.0,,222.96976470947266,132.24773025512695,187.4637222290039,339.7778739929199,316.7016258239746,302.1366672515869,299.59183673469386,339.89795918367344,41.45672504021432,0.08156336814509552,1.0,388.06140082092895,0.026786347032627195,True,1.4302284672853645,8.057802644068675,99.05683744029032,0.0330420483730408,False,False,False,False,INVALID_TRACK_SEGMENT,Valid-looking pose segment is too short to establish target identity continuity.,False,,INVALID_TRACK_SEGMENT,Valid-looking pose segment is too short to establish target identity continuity.,NOT_REVIEWED,False
109,109,109,3633.3333333333335,17,1.0,0.8819814920425415,4,6,0.9573470652103424,0.9258161783218384,False,,,,,False,,,,310.6114196777344,315.77454376220703,342.5450019836426,179.65842819213867,139.81183997348873,2,0,True,1,0.10102966205319834,0.32329031282150206,214.43006706237793,132.01360511779785,179.87585639953613,364.06195640563965,304.367995262146,314.0445833206177,299.6938775510204,341.17346938775506,27.52860032077873,0.053967143698254706,1.0,406.0744166004162,0.18184525414861122,True,14.567861934833674,4.985431769640808,99.05683744029032,0.07615151271113423,False,True,True,False,TARGET_IDENTITY_UNCERTAIN,TARGET_OVERLAP_AMBIGUOUS: another detected person overlaps or is too close to the selected pose for automated identity acceptance.,False,,TARGET_IDENTITY_UNCERTAIN,TARGET_OVERLAP_AMBIGUOUS: another detected person overlaps or is too close to the selected pose for automated identity acceptance.,NOT_REVIEWED,False
110,110,110,3666.6666666666665,17,1.0,0.9141829013824463,4,6,0.9778618812561035,0.9653666317462921,False,,,,,False,,,,316.0694007873535,311.5419158935547,342.0752868652344,184.31080627441406,129.8617009191451,3,0,True,2,0.19366091368454205,0.29415286161322474,209.2003631591797,135.13296508789062,181.68089294433594,377.7820129394531,300.04080963134766,324.0239715576172,299.7959183673469,342.4489795918367,18.426635417032514,0.03599492256220509,1.0,419.1982778610098,0.13248819162538272,True,6.9068586540808745,4.676029738239233,99.05683744029032,0.10044878588357303,False,True,True,False,TARGET_IDENTITY_UNCERTAIN,TARGET_OVERLAP_AMBIGUOUS: another detected person overlaps or is too close to the selected pose for automated identity acceptance.,False,,TARGET_IDENTITY_UNCERTAIN,TARGET_OVERLAP_AMBIGUOUS: another detected person overlaps or is too close to the selected pose for automated identity acceptance.,NOT_REVIEWED,False
111,111,111,3700.0,17,1.0,0.9416965246200562,4,6,0.9860016107559204,0.9861720502376556,False,,,,,False,,,,316.6111030578613,322.4624481201172,350.1286735534668,185.37849235534668,141.12206935857142,2,0,True,1,0.10849206106148941,0.32678820417038745,210.12687492370605,128.64931201934814,186.44212532043457,364.10163402557373,303.34793758392334,310.700129032135,299.8979591836735,343.7244897959183,33.20407738243454,0.06463105559344126,1.0,409.06071186816934,0.10234090098980994,True,10.933959276550441,8.123853193997071,99.05683744029032,0.11367583228380235,False,True,True,False,TARGET_IDENTITY_UNCERTAIN,TARGET_OVERLAP_AMBIGUOUS: another detected person overlaps or is too close to the selected pose for automated identity acceptance.,False,,TARGET_IDENTITY_UNCERTAIN,TARGET_OVERLAP_AMBIGUOUS: another detected person overlaps or is too close to the selected pose for automated identity acceptance.,NOT_REVIEWED,False
112,112,112,3733.3333333333335,17,1.0,0.9437119364738464,4,6,0.9838165044784546,0.9849506914615631,False,,,,,False,,,,336.4852714538574,320.5973892211914,357.64115142822266,176.93046760559082,145.21623746672708,1,0,False,0,0.0,,199.0154733657837,125.46959018707275,205.55868434906006,384.227126121521,301.7948155403137,317.58315324783325,300.0,345.0,27.475531817519894,0.05329117321597343,1.0,435.75779644077477,0.26951278944977375,True,19.96148827439658,11.305151303329994,99.05683744029032,0.0413315043560072,False,False,False,False,INVALID_TRACK_SEGMENT,Valid-looking pose segment is too short to establish target identity continuity.,False,,INVALID_TRACK_SEGMENT,Valid-looking pose segment is too short to establish target identity continuity.,NOT_REVIEWED,False
113,113,113,3766.6666666666665,17,1.0,0.9638599157333374,4,6,0.9939167499542236,0.9888830482959747,False,,,,,False,,,,337.7191467285156,318.24229431152344,359.59871673583984,173.76125526428223,146.1283211012699,2,0,True,1,0.34193735824519006,0.1958698245080742,207.11028289794922,128.74671268463135,218.24840545654297,376.9023962020874,316.2344856262207,317.19791078567505,310.5952380952381,346.66666666666663,30.00347789655675,0.056382938941896436,1.0,435.53160935481924,0.002283407100412141,True,2.6587441070845523,3.7250461470818146,99.05683744029032,0.009207679733290617,False,True,True,False,TARGET_IDENTITY_UNCERTAIN,TARGET_OVERLAP_AMBIGUOUS: another detected person overlaps or is too close to the selected pose for automated identity acceptance.,False,,TARGET_IDENTITY_UNCERTAIN,TARGET_OVERLAP_AMBIGUOUS: another detected person overlaps or is too close to the selected pose for automated identity acceptance.,NOT_REVIEWED,False
114,114,114,3800.0,17,1.0,0.9372116923332214,4,6,0.9860069453716278,0.9933972358703613,False,,,,,False,,,,346.1949462890625,323.9671859741211,362.0841522216797,172.98452377319336,151.81643899936716,2,0,True,1,0.2665407560211462,0.24194708199169837,226.7644271850586,122.27625274658203,203.79305267333984,392.6495895385742,328.6609535217285,318.60104751586914,321.19047619047626,348.3333333333333,30.656432465114644,0.055814664893523096,1.0,442.3859270848582,0.06919580623771322,True,10.228077177018502,2.6039779882942704,99.05683744029032,0.05742276903929984,False,True,True,False,TARGET_IDENTITY_UNCERTAIN,TARGET_OVERLAP_AMBIGUOUS: another detected person overlaps or is too close to the selected pose for automated identity acceptance.,False,,TARGET_IDENTITY_UNCERTAIN,TARGET_OVERLAP_AMBIGUOUS: another detected person overlaps or is too close to the selected pose for automated identity acceptance.,NOT_REVIEWED,False
115,115,115,3833.3333333333335,17,1.0,0.9480180740356445,4,6,0.985967218875885,0.9947152137756348,False,,,,,False,,,,332.8332405090332,319.7183837890625,362.38243103027344,175.69005966186523,147.02827214977924,2,0,True,1,0.2595999734946301,0.25103266908971483,247.5606689453125,123.70806980133057,201.6790771484375,351.40670680999756,348.40020751953125,299.41142320632935,331.78571428571433,350.0,53.247023272908514,0.0939310732765574,1.0,405.1680191605613,0.37572275560211793,True,14.020966491644826,2.721928487772524,99.05683744029032,0.0483375703618051,False,True,True,False,TARGET_IDENTITY_UNCERTAIN,TARGET_OVERLAP_AMBIGUOUS: another detected person overlaps or is too close to the selected pose for automated identity acceptance.,False,,TARGET_IDENTITY_UNCERTAIN,TARGET_OVERLAP_AMBIGUOUS: another detected person overlaps or is too close to the selected pose for automated identity acceptance.,NOT_REVIEWED,False
116,116,116,3866.6666666666665,17,1.0,0.9758870601654053,4,6,0.9978136718273163,0.9984953999519348,False,,,,,False,,,,347.47862243652344,324.8843002319336,365.6845474243164,179.38536071777344,146.63354699524382,2,0,True,1,0.28381627460663933,0.2380411130387464,243.45549392700195,127.28621482849121,249.39249801635742,384.4332981109619,368.15174293518066,319.50286388397217,342.3809523809524,351.66666666666663,41.214607304133864,0.07045834870282777,1.0,458.24183436621166,0.5357915372337856,True,15.52977477289299,4.955726240784858,99.05683744029032,0.003984835017303628,False,True,True,False,TARGET_IDENTITY_UNCERTAIN,TARGET_OVERLAP_AMBIGUOUS: another detected person overlaps or is too close to the selected pose for automated identity acceptance.,False,,TARGET_IDENTITY_UNCERTAIN,TARGET_OVERLAP_AMBIGUOUS: another detected person overlaps or is too close to the selected pose for automated identity acceptance.,NOT_REVIEWED,False
117,117,117,3900.0,17,1.0,0.9640095829963684,4,6,0.9941933751106262,0.9951615631580353,False,,,,,False,,,,348.89835357666016,318.87512969970703,370.2675552368164,180.14322662353516,140.36802951786697,1,0,False,0,0.0,,257.3870620727539,125.51803779602051,250.18975067138672,350.68954277038574,382.48193740844727,300.8628091812134,352.9761904761905,353.3333333333333,60.19754984074171,0.09975685485904622,1.0,430.787728178871,0.27715508486619594,True,6.1746066267944535,4.6452471775517035,99.05683744029032,0.06325174151813183,False,False,False,False,INVALID_TRACK_SEGMENT,Valid-looking pose segment is too short to establish target identity continuity.,False,,INVALID_TRACK_SEGMENT,Valid-looking pose segment is too short to establish target identity continuity.,NOT_REVIEWED,False
118,118,118,3933.333333333333,17,1.0,0.9773961305618286,4,6,0.9965251386165619,0.9979369938373566,False,,,,,False,,,,352.4940948486328,330.22547149658203,364.69091796875,183.9669418334961,146.76620862252733,1,0,False,0,0.0,,251.5954132080078,124.37450408935547,264.0036163330078,365.2842483520508,383.5972213745117,307.01662826538086,363.57142857142856,355.0,51.99457991382048,0.08355030821366805,1.0,450.7000016985009,0.20101866801100568,True,11.906284651429058,6.761633029562738,99.05683744029032,0.06459098907248138,False,False,False,False,INVALID_TRACK_SEGMENT,Valid-looking pose segment is too short to establish target identity continuity.,False,,INVALID_TRACK_SEGMENT,Valid-looking pose segment is too short to establish target identity continuity.,NOT_REVIEWED,False
119,119,119,3966.666666666667,17,1.0,0.9813354015350342,4,6,0.9974022209644318,0.9984972476959229,False,,,,,False,,,,369.8611297607422,331.39967346191406,361.56063079833984,185.48071670532227,146.15485015543257,2,0,True,1,0.27126222701406516,0.22293923626209888,244.64365768432617,125.7949161529541,264.9868354797363,361.9242305755615,377.13707542419434,306.75703144073486,363.7755102040817,355.6122448979592,50.64941566377917,0.08322385213167807,1.0,448.56122397647914,0.02159141940414738,True,17.406684115414272,3.477098234420012,99.05683744029032,0.006171794728085036,False,True,True,False,TARGET_IDENTITY_UNCERTAIN,TARGET_OVERLAP_AMBIGUOUS: another detected person overlaps or is too close to the selected pose for automated identity acceptance.,False,,TARGET_IDENTITY_UNCERTAIN,TARGET_OVERLAP_AMBIGUOUS: another detected person overlaps or is too close to the selected pose for automated identity acceptance.,NOT_REVIEWED,False
120,120,120,4000.0,17,1.0,0.9726886749267578,4,6,0.9941758811473846,0.9968063831329346,False,,,,,False,,,,380.10939025878906,337.10855865478516,366.0323905944824,184.85396575927734,152.90396651926892,2,0,True,1,0.2646308666429363,0.2195802926817074,243.5584716796875,122.33500289916992,261.742919921875,369.9347724914551,374.429931640625,307.30238914489746,363.9795918367347,356.2244897959183,50.02580868037406,0.0840751261770045,1.0,453.1678409017278,0.04650478497282375,True,11.731078952134403,4.515468128861649,99.05683744029032,0.06813377590319897,False,True,True,False,TARGET_IDENTITY_UNCERTAIN,TARGET_OVERLAP_AMBIGUOUS: another detected person overlaps or is too close to the selected pose for automated identity acceptance.,False,,TARGET_IDENTITY_UNCERTAIN,TARGET_OVERLAP_AMBIGUOUS: another detected person overlaps or is too close to the selected pose for automated identity acceptance.,NOT_REVIEWED,False
121,121,121,4033.333333333333,17,1.0,0.9888648986816406,4,6,0.9993342161178589,0.9992806017398834,False,,,,,False,,,,369.145751953125,325.4177780151367,368.4567070007324,194.30289840698242,131.1166901565442,2,0,True,1,0.22175345981082575,0.2392346415932337,237.10714721679688,137.7326202392578,258.2976379394531,377.24046325683594,366.25596618652344,326.3528518676758,364.1836734693878,356.8367346938776,30.554238810140482,0.052536011479996494,1.0,457.1958408421199,0.04066352252382461,True,16.02734278855366,9.754980175196657,99.05683744029032,0.219947223490329,False,True,True,False,TARGET_IDENTITY_UNCERTAIN,TARGET_OVERLAP_AMBIGUOUS: another detected person overlaps or is too close to the selected pose for automated identity acceptance.,False,,TARGET_IDENTITY_UNCERTAIN,TARGET_OVERLAP_AMBIGUOUS: another detected person overlaps or is too close to the selected pose for automated identity acceptance.,NOT_REVIEWED,False
122,122,122,4066.6666666666665,17,1.0,0.9824156165122986,4,6,0.9981174468994141,0.9978338778018951,False,,,,,False,,,,367.6836128234863,326.13771057128906,368.6139221191406,196.71869659423828,129.42235762872522,2,0,True,1,0.1975583880941059,0.24356197394576223,237.63104057312012,137.56026077270508,273.6867389678955,394.8937797546387,374.47441005706787,335.0071506500244,364.38775510204084,357.4489795918367,24.604395835609015,0.043292939277344684,1.0,480.4638679191038,0.23489571924814842,True,1.6297710636247598,2.4209083987224305,99.05683744029032,0.017104649932320776,False,True,True,False,TARGET_IDENTITY_UNCERTAIN,TARGET_OVERLAP_AMBIGUOUS: another detected person overlaps or is too close to the selected pose for automated identity acceptance.,False,,TARGET_IDENTITY_UNCERTAIN,TARGET_OVERLAP_AMBIGUOUS: another detected person overlaps or is too close to the selected pose for automated identity acceptance.,NOT_REVIEWED,False
123,123,123,4100.0,17,1.0,0.9808536767959595,4,6,0.9964099228382111,0.9965016841888428,False,,,,,False,,,,367.8213691711426,335.2229919433594,371.2862205505371,200.1612892150879,135.10613879073472,3,0,True,2,0.18312656730524093,0.24065595279890267,239.90167999267578,145.50702476501465,264.05037689208984,388.1243839263916,371.9268684387207,339.56921672821045,364.59183673469386,358.0612244897959,19.893643234802813,0.035829181878308185,1.0,469.428523776619,0.11140416378765079,True,9.086325683190505,4.358052645341988,99.05683744029032,0.057378988759211866,False,True,True,False,TARGET_IDENTITY_UNCERTAIN,TARGET_OVERLAP_AMBIGUOUS: another detected person overlaps or is too close to the selected pose for automated identity acceptance.,False,,TARGET_IDENTITY_UNCERTAIN,TARGET_OVERLAP_AMBIGUOUS: another detected person overlaps or is too close to the selected pose for automated identity acceptance.,NOT_REVIEWED,False
124,124,124,4133.333333333334,17,1.0,0.9758422374725342,4,6,0.9968874156475067,0.9984689950942993,False,,,,,False,,,,372.0637512207031,330.46524810791016,368.8977699279785,202.15624237060547,128.3480595523032,3,0,True,2,0.16895980571323588,0.23435842702113724,253.61639213562012,149.4794044494629,235.6681842803955,381.4804344177246,371.45048427581787,340.2196216583252,364.7959183673469,358.6734693877552,19.617026875935398,0.03617135389918211,1.0,448.40474453952237,0.2122395564038613,True,6.374475026085567,3.111998468686975,99.05683744029032,0.06822425804281475,False,True,True,False,TARGET_IDENTITY_UNCERTAIN,TARGET_OVERLAP_AMBIGUOUS: another detected person overlaps or is too close to the selected pose for automated identity acceptance.,False,,TARGET_IDENTITY_UNCERTAIN,TARGET_OVERLAP_AMBIGUOUS: another detected person overlaps or is too close to the selected pose for automated identity acceptance.,NOT_REVIEWED,False
125,125,125,4166.666666666667,17,1.0,0.9898986220359802,4,6,0.9985885322093964,0.9967828691005707,False,,,,,False,,,,372.18192291259766,332.01927947998047,366.34857177734375,212.30845642089844,119.85286455879982,1,0,False,0,0.0,,259.5243453979492,157.2188262939453,224.32158660888672,373.3783721923828,371.6851387023926,343.9080123901367,365.0,359.28571428571433,16.767969318300842,0.03165930662869825,1.0,435.58189016505474,0.12944946260975684,True,1.5585179030553207,10.467371271439916,99.05683744029032,0.08576081382190427,False,False,False,False,INVALID_TRACK_SEGMENT,Valid-looking pose segment is too short to establish target identity continuity.,False,,INVALID_TRACK_SEGMENT,Valid-looking pose segment is too short to establish target identity continuity.,NOT_REVIEWED,False
126,126,126,4200.0,17,1.0,0.9820253849029541,4,6,0.9971525371074677,0.9930946230888367,False,,,,,True,,126.0,128.0,371.370849609375,341.1895980834961,364.8454170227051,215.51267623901367,125.84621549632439,2,0,True,1,0.15306285950511922,0.30326341350245206,255.27088928222656,162.21445846557617,222.92665100097656,373.4972114562988,366.73421478271484,348.9630641937256,356.07142857142856,362.8571428571428,17.514006728696373,0.0325675884814805,1.0,434.9671926618632,0.006205503012975688,True,9.20611661848715,3.539279426549318,99.05683744029032,0.06050416197808911,False,True,True,False,INVALID_TRACK_SEGMENT,Valid-looking pose segment is too short to establish target identity continuity.,False,,TARGET_IDENTITY_UNCERTAIN,TARGET_OVERLAP_AMBIGUOUS: another detected person overlaps or is too close to the selected pose for automated identity acceptance.,ACCEPTED,True
127,127,127,4233.333333333333,17,1.0,0.9866142868995667,4,6,0.9978925585746765,0.9923017919063568,False,,,,,True,,126.0,128.0,376.1060485839844,337.5154800415039,364.78490829467773,226.37334442138672,111.71724364506441,1,0,False,0,0.0,,262.82779693603516,171.62137603759766,210.51799774169922,369.0205612182617,368.08679580688477,356.1316566467285,347.1428571428571,366.42857142857144,23.338273731942728,0.042728275315198294,1.0,424.8458567233708,0.10217705511336714,True,5.993434133752884,10.860836739118112,99.05683744029032,0.1426349984146896,False,False,False,False,INVALID_TRACK_SEGMENT,Valid-looking pose segment is too short to establish target identity continuity.,False,,INVALID_TRACK_SEGMENT,Valid-looking pose segment is too short to establish target identity continuity.,ACCEPTED,True
128,128,128,4266.666666666667,17,1.0,0.9842100143432617,4,6,0.9973745346069336,0.9900928437709808,False,,,,,True,,126.0,128.0,371.6683807373047,344.8158950805664,359.4624328613281,228.9465789794922,116.51044406954131,2,0,True,1,0.1016892789267655,0.3565393140038292,253.70723724365234,179.61477279663086,213.61832427978516,362.15915298461914,360.5163993835449,360.69434928894043,338.2142857142857,370.0,24.16566591825687,0.04354891824042257,1.0,420.46645592560674,0.04421098947767107,True,8.543357399759456,5.911876252902995,99.05683744029032,0.04838838537891085,False,True,True,False,INVALID_TRACK_SEGMENT,Valid-looking pose segment is too short to establish target identity continuity.,False,,TARGET_IDENTITY_UNCERTAIN,TARGET_OVERLAP_AMBIGUOUS: another detected person overlaps or is too close to the selected pose for automated identity acceptance.,ACCEPTED,True
129,129,129,4300.0,17,1.0,0.9699334502220154,4,6,0.9966837465763092,0.9940203726291656,False,,,,,False,,,,367.84423828125,355.49400329589844,359.54283905029297,240.72795867919922,115.06588645708132,2,0,True,1,0.054690598681119515,0.3882691969765641,258.1341094970703,190.36454391479492,200.1675262451172,311.9212226867676,358.2178726196289,346.3251552581787,329.2857142857143,373.57142857142856,39.74203310500126,0.07047953017870827,1.0,370.62364701337896,0.5031738363570524,True,11.342224675192314,11.781654076736967,99.05683744029032,0.014583118639647076,False,True,True,False,TARGET_IDENTITY_UNCERTAIN,TARGET_OVERLAP_AMBIGUOUS: another detected person overlaps or is too close to the selected pose for automated identity acceptance.,False,,TARGET_IDENTITY_UNCERTAIN,TARGET_OVERLAP_AMBIGUOUS: another detected person overlaps or is too close to the selected pose for automated identity acceptance.,NOT_REVIEWED,False
130,130,130,4333.333333333333,17,1.0,0.9647719264030457,4,6,0.992640882730484,0.9724383652210236,False,,,,,False,,,,364.7658996582031,370.7637939453125,354.2349548339844,250.9407730102539,120.28489990391242,1,0,False,0,0.0,,251.2207260131836,197.53485488891602,198.65845489501953,341.7295799255371,350.54995346069336,368.39964485168457,326.92857142857144,377.57142857142856,25.339520629033473,0.045501201142624015,1.0,395.27748164721015,0.2488857434873396,True,15.576991851929412,11.509787635501095,99.05683744029032,0.052687059083397714,False,False,False,False,VALID_TARGET,,True,5,VALID_TARGET,,NOT_REVIEWED,False
131,131,131,4366.666666666666,17,1.0,0.9841358661651611,4,6,0.9975562989711761,0.9896131455898285,False,,,,,False,,,,364.2536392211914,371.6790771484375,351.1862373352051,254.07292556762695,118.32989428584168,1,0,False,0,0.0,,255.60601806640625,207.7505645751953,189.124267578125,334.8043975830078,350.16815185546875,375.1527633666992,324.57142857142856,381.57142857142856,26.389230869620445,0.04798776943939417,1.0,384.5282476332304,0.10851582073230609,True,1.048882308579088,4.370933313380749,99.05683744029032,0.019736200635813606,False,False,False,False,VALID_TARGET,,True,5,VALID_TARGET,,NOT_REVIEWED,False
132,132,132,4400.0,17,1.0,0.9866546392440796,4,6,0.9971627295017242,0.987612396478653,False,,,,,False,,,,361.3711929321289,382.83678436279297,347.9625053405762,265.0275650024414,118.56983203675078,1,0,False,0,0.0,,259.24349212646484,218.98702239990234,176.10596466064453,308.52359771728516,347.2964744567871,373.2488212585449,322.21428571428567,385.5714285714285,27.945712427884136,0.05147162829444583,1.0,355.24656386441427,0.29560487216711945,True,11.524015224330896,11.419131889946188,99.05683744029032,0.002422223009630576,False,False,False,False,VALID_TARGET,,True,5,VALID_TARGET,,NOT_REVIEWED,False
133,133,133,4433.333333333334,17,1.0,0.981156587600708,4,6,0.9963668882846832,0.9820077121257782,False,,,,,False,,,,356.35872650146484,384.9604187011719,346.41283416748047,276.085262298584,109.32849791343145,1,0,False,0,0.0,,264.40392303466797,230.82991790771484,164.62088775634766,287.6369094848633,346.7143669128418,374.6483726501465,319.8571428571429,389.57142857142856,30.72471451466594,0.05732720508540308,1.0,331.4136816483161,0.24059805291547062,True,5.443770983580788,11.165757933872769,99.05683744029032,0.09329324822115226,False,False,False,False,VALID_TARGET,,True,5,VALID_TARGET,,NOT_REVIEWED,False
134,134,134,4466.666666666667,17,1.0,0.9807683825492859,4,6,0.9966171085834503,0.9810667037963867,False,,,,,False,,,,347.7354202270508,400.6721954345703,339.15955352783203,281.7880210876465,119.19308872494474,1,0,False,0,0.0,,257.10811614990234,234.26138305664062,160.79540252685547,271.65179443359375,337.5058174133301,370.0872802734375,317.5,393.57142857142856,30.850250431034382,0.05832099704513,1.0,315.67365885161365,0.15889890292722375,True,17.922648778082703,9.226675340756737,99.05683744029032,0.09958515804080151,False,False,False,False,VALID_TARGET,,True,5,VALID_TARGET,,NOT_REVIEWED,False
135,135,135,4500.0,17,1.0,0.981773316860199,4,6,0.9970761239528656,0.988823264837265,False,,,,,False,,,,357.77286529541016,385.94576263427734,343.370174407959,289.98786544799805,97.03275497074179,1,0,False,0,0.0,,249.3523178100586,250.93057250976562,164.3829116821289,280.32275390625,331.54377365112305,391.0919494628906,315.1428571428571,397.57142857142856,17.63444674009053,0.03378286479747296,1.0,324.9655181872049,0.09380331106565178,True,17.821844083087377,9.217742442168278,99.05683744029032,0.2237133177965711,False,False,False,False,VALID_TARGET,,True,5,VALID_TARGET,,NOT_REVIEWED,False
136,136,136,4533.333333333333,17,1.0,0.9798870086669922,4,6,0.9964143633842468,0.9800742864608765,False,,,,,False,,,,355.4300079345703,401.19127655029297,340.86313247680664,297.0995674133301,105.10603109078033,1,0,False,0,0.0,,243.1181411743164,262.8325653076172,162.72106170654297,271.58680725097656,324.4786720275879,398.62596893310547,312.7857142857142,401.5714285714286,12.058233420954915,0.02341336088771221,1.0,316.6031234774598,0.0844201665007305,True,15.424482979233616,7.540660719609625,99.05683744029032,0.0815014523848994,False,False,False,False,VALID_TARGET,,True,5,VALID_TARGET,,NOT_REVIEWED,False
137,137,137,4566.666666666666,17,1.0,0.9643802046775818,4,6,0.9940987825393677,0.9577066898345947,False,,,,,False,,,,357.47437286376953,415.5427703857422,336.37482833862305,309.79437255859375,107.83280772648689,1,0,False,0,0.0,,241.21956634521484,272.24017333984375,158.9211196899414,260.9071044921875,320.68012619018555,402.6937255859375,310.42857142857144,405.57142857142856,10.647795523162385,0.02095869929324958,1.0,305.4970367417693,0.11211832542488595,True,14.496372072786924,13.464878451476975,99.05683744029032,0.027527394435040476,False,False,False,False,VALID_TARGET,,True,5,VALID_TARGET,,NOT_REVIEWED,False
138,138,138,4600.0,17,1.0,0.9781935214996338,4,6,0.9948856830596924,0.9783490896224976,False,,,,,False,,,,349.0007553100586,405.2654037475586,329.40559005737305,319.3997459411621,88.07316101858291,1,0,False,0,0.0,,235.0245361328125,282.87425994873047,166.09579467773438,254.7475357055664,318.0724334716797,410.2480278015137,308.07142857142856,409.57142857142856,10.023865797834633,0.020005328493386706,1.0,304.11201876559716,0.013982053253083257,True,13.320152381343364,11.867328260370705,99.05683744029032,0.19947786764154207,False,False,False,False,VALID_TARGET,,True,5,VALID_TARGET,,NOT_REVIEWED,False
139,139,139,4633.333333333334,17,1.0,0.9685380458831787,4,6,0.9936935901641846,0.959979921579361,False,,,,,False,,,,338.2038116455078,416.72078704833984,326.4859924316406,327.56348037719727,89.92403805424354,1,0,False,0,0.0,,231.3868179321289,292.90521240234375,152.52054595947266,260.6701965332031,307.64709091186523,423.2403106689453,305.71428571428567,413.57142857142856,9.86017327167584,0.019956497335134896,1.0,302.01236448270515,0.02119645990270624,True,15.741658078592012,8.670098629098094,99.05683744029032,0.018685000283562514,False,False,False,False,VALID_TARGET,,True,5,VALID_TARGET,,NOT_REVIEWED,False
