frame_index,source_frame_index,analysis_frame_index,timestamp_ms,observed_landmark_count,observed_fraction,median_confidence,core_observed_count,lower_limb_observed_count,core_median_confidence,lower_limb_median_confidence,human_target_unavailable,human_target_unavailable_reason,human_target_unavailable_note,human_target_unavailable_start_frame,human_target_unavailable_end_frame,human_target_accepted,human_target_accepted_note,human_target_accepted_start_frame,human_target_accepted_end_frame,pelvis_x,pelvis_y,shoulder_mid_x,shoulder_mid_y,body_scale_px,backend_pose_count,selected_pose_index,multiple_pose_candidates,competing_pose_count,competing_pose_max_iou,competing_pose_min_center_distance_fraction,pose_bbox_x,pose_bbox_y,pose_bbox_width,pose_bbox_height,pose_centroid_x,pose_centroid_y,roi_center_x,roi_center_y,roi_pose_centroid_distance_px,roi_pose_centroid_distance_fraction,pose_roi_overlap_fraction,pose_scale_px,pose_scale_relative_change,pose_centroid_consistent_with_roi,pelvis_jump_px,shoulder_jump_px,body_scale_reference_px,body_scale_relative_change,identity_jump_flag,competing_pose_proximity_flag,target_overlap_ambiguous_flag,identity_uncertain_flag,frame_status,frame_rejection_reason,valid_target_frame,valid_segment_id,automatic_frame_status,automatic_frame_rejection_reason,manual_review_decision,manual_override_applied
0,0,0,0.0,17,1.0,0.9809117317199707,4,6,0.9991450011730194,0.9990853667259216,False,,,,,False,,,,1022.1213531494141,603.0972900390625,1038.7669372558594,410.9287872314453,192.88807361152715,1,0,False,0,0.0,,918.8089904785156,336.17150115966797,238.47280883789062,544.9887771606445,1038.045394897461,608.6658897399902,1006.0714285714287,626.7857142857142,36.75136139228133,0.04490603021220547,1.0,594.8798599600492,,True,,,180.52442399979464,,False,False,False,False,VALID_TARGET,,True,1,VALID_TARGET,,NOT_REVIEWED,False
1,1,1,33.333333333333336,17,1.0,0.9815324544906616,4,6,0.9991323351860046,0.9991061985492706,False,,,,,False,,,,1021.3012619018555,603.9028167724609,1038.7482452392578,412.09130096435547,192.6033614041528,1,0,False,0,0.0,,916.6428451538086,335.0877380371094,240.67633819580078,547.1596984863281,1036.981014251709,608.6675872802734,1005.7678571428572,626.9285714285714,36.162476668036085,0.044140666230277646,1.0,597.7531559222326,0.015916383492721675,True,1.1495316318143525,1.162663997330845,180.52442399979464,0.0015771395419307847,False,False,False,False,VALID_TARGET,,True,1,VALID_TARGET,,NOT_REVIEWED,False
2,2,2,66.66666666666667,17,1.0,0.9822127819061279,4,6,0.9991820752620697,0.999145120382309,False,,,,,False,,,,1021.0172653198242,604.7356262207031,1037.4807815551758,413.89661407470703,191.54784238850442,1,0,False,0,0.0,,914.8381423950195,338.60533142089844,241.63887786865234,546.4693145751953,1035.6575813293457,611.8399887084961,1005.4642857142858,627.0714285714287,33.81762647490992,0.04123570712268032,1.0,597.5098819851478,0.001347595697550119,True,0.8799009237902239,2.2058149552657467,180.52442399979464,0.005846959609462997,False,False,False,False,VALID_TARGET,,True,1,VALID_TARGET,,NOT_REVIEWED,False
3,3,3,100.0,17,1.0,0.9816178679466248,4,6,0.9991991817951202,0.9991158246994019,False,,,,,False,,,,1020.0439147949219,606.5720367431641,1036.2061309814453,415.56443786621094,191.6901668338753,1,0,False,0,0.0,,913.8391876220703,339.10387420654297,242.8916778564453,548.785285949707,1035.285026550293,613.4965171813965,1005.1607142857143,627.2142857142858,33.10062481186375,0.04031960268318736,1.0,600.1346992524436,0.014539956473140858,True,2.078416428758424,2.0991356041518325,180.52442399979464,0.0007883944023610393,False,False,False,False,VALID_TARGET,,True,1,VALID_TARGET,,NOT_REVIEWED,False
4,4,4,133.33333333333334,17,1.0,0.9801903367042542,4,6,0.9992246627807617,0.9990568161010742,False,,,,,False,,,,1020.8543243408203,607.5191040039062,1035.7580490112305,416.6356964111328,191.46434734247592,1,0,False,0,0.0,,911.8276596069336,340.67981719970703,246.12894439697266,551.7458419799805,1034.89213180542,616.5527381896973,1004.8571428571429,627.3571428571429,31.919206151485728,0.038840247296877344,1.0,604.1547247288278,0.02226859605650215,True,1.2464750412475263,1.16119435156211,180.52442399979464,0.0012509082505071376,False,False,False,False,VALID_TARGET,,True,1,VALID_TARGET,,NOT_REVIEWED,False
5,5,5,166.66666666666666,17,1.0,0.9798691868782043,4,6,0.9993233680725098,0.9990401566028595,False,,,,,False,,,,1020.3653106689453,607.5032043457031,1034.5211563110352,417.44432830810547,190.58532033322396,1,0,False,0,0.0,,908.3596115112305,336.15476989746094,248.37158966064453,564.4669952392578,1032.5454063415527,618.3882675170898,1004.5535714285716,627.5,29.437501433302927,0.03578333612257731,1.0,616.6939559173512,0.06946002602139703,True,0.48927208219113255,1.4777648989599286,180.52442399979464,0.004869296850674102,False,False,False,False,VALID_TARGET,,True,1,VALID_TARGET,,NOT_REVIEWED,False
6,6,6,200.0,17,1.0,0.9808052778244019,4,6,0.9993646442890167,0.9990997016429901,False,,,,,False,,,,1018.9598999023438,608.996337890625,1033.9905242919922,418.9225845336914,190.66712192912317,1,0,False,0,0.0,,904.3513870239258,335.55747985839844,250.37071990966797,572.6491241455078,1029.5367469787598,621.8820419311523,1004.25,627.6428571428571,25.934659524875688,0.03149274646252757,1.0,624.9900133383753,0.04595531860571697,True,2.05051876505692,1.5706087380748903,180.52442399979464,0.00045313312230427515,False,False,False,False,VALID_TARGET,,True,1,VALID_TARGET,,NOT_REVIEWED,False
7,7,7,233.33333333333334,17,1.0,0.9813337922096252,4,6,0.9994058907032013,0.9991274774074554,False,,,,,False,,,,1018.4804306030273,608.3636474609375,1033.8484191894531,418.11092376708984,190.8724022642353,1,0,False,0,0.0,,905.1110229492188,335.30912017822266,249.0323486328125,570.4435043334961,1029.627197265625,620.5308723449707,1003.9464285714287,627.7857142857142,26.685850413842644,0.032371383751849336,1.0,622.4330504575204,0.014164082755128184,True,0.7938438063026749,0.8240067112638547,180.52442399979464,0.0011371333061965887,False,False,False,False,VALID_TARGET,,True,1,VALID_TARGET,,NOT_REVIEWED,False
8,8,8,266.6666666666667,17,1.0,0.9765056371688843,4,6,0.9992872774600983,0.9989391565322876,False,,,,,False,,,,1016.7997589111328,606.6064605712891,1035.1321868896484,419.19449615478516,188.30645852450306,1,0,False,0,0.0,,900.9723510742188,332.1015625,250.85043334960938,570.8424072265625,1026.3975677490234,617.5227661132812,1003.6428571428572,627.9285714285714,25.021143839363038,0.030320596143950825,1.0,623.5278612860081,0.00606461333170636,True,2.431535132604087,1.6799370903222781,180.52442399979464,0.014213831474322569,False,False,False,False,VALID_TARGET,,True,1,VALID_TARGET,,NOT_REVIEWED,False
9,9,9,300.0,17,1.0,0.9822598099708557,4,6,0.9993767440319061,0.9992060363292694,False,,,,,False,,,,1015.9108734130859,608.6967315673828,1034.2463455200195,420.72264862060547,188.8662103105425,1,0,False,0,0.0,,899.0745468139648,335.985107421875,252.88446807861328,568.3799438476562,1025.5167808532715,620.1750793457031,1003.3392857142858,628.0714285714287,23.54131733217899,0.028497832322756756,1.0,622.098315994882,0.007918846987307228,True,2.2714203190402253,1.7663422349416655,180.52442399979464,0.0031006983633421184,False,False,False,False,VALID_TARGET,,True,1,VALID_TARGET,,NOT_REVIEWED,False
10,10,10,333.3333333333333,17,1.0,0.981988787651062,4,6,0.9991777837276459,0.9992362856864929,False,,,,,False,,,,1012.7156753540039,614.0293426513672,1033.0146865844727,421.4111862182617,193.68480592091623,1,0,False,0,0.0,,895.0921401977539,338.18724822998047,255.4382553100586,572.8543167114258,1022.8112678527832,624.6144065856934,1003.0357142857143,628.2142857142858,20.100538515783242,0.024307448687658998,1.0,627.2246570813054,0.028396939166687087,True,6.21659324789668,1.411052003612447,180.52442399979464,0.026692208752756998,False,False,False,False,VALID_TARGET,,True,1,VALID_TARGET,,NOT_REVIEWED,False
11,11,11,366.66666666666663,17,1.0,0.984967052936554,4,6,0.999359130859375,0.9993312656879425,False,,,,,False,,,,1011.6395263671875,614.9581756591797,1028.472396850586,423.40796661376953,192.2883982825048,1,0,False,0,0.0,,892.6554336547852,337.8589553833008,257.63683319091797,577.7665328979492,1021.4738502502441,626.7422218322754,1002.7321428571429,628.3571428571429,18.811155358594675,0.022724686804278003,1.0,632.6064371736679,0.029811922249194687,True,1.4215580882355787,4.961806926358281,180.52442399979464,0.007735283722124052,False,False,False,False,VALID_TARGET,,True,1,VALID_TARGET,,NOT_REVIEWED,False
12,12,12,400.0,17,1.0,0.9827684760093689,4,6,0.9993350505828857,0.999275267124176,False,,,,,False,,,,1011.1440124511719,617.3344573974609,1027.7737503051758,425.1991500854492,192.85363490734125,1,0,False,0,0.0,,891.4550094604492,337.9687271118164,258.60660552978516,579.9710922241211,1020.7583122253418,627.954273223877,1002.4285714285716,628.5,18.337862890505015,0.022130031987978444,1.0,635.0148378103286,0.013341134586106666,True,2.427395505609685,1.9226141642649062,180.52442399979464,0.0031310811706957028,False,False,False,False,VALID_TARGET,,True,1,VALID_TARGET,,NOT_REVIEWED,False
13,13,13,433.33333333333337,17,1.0,0.9832901954650879,4,6,0.999320387840271,0.9992672801017761,False,,,,,False,,,,1009.6312637329102,618.4442138671875,1025.2003936767578,425.2920684814453,193.77860840227774,1,0,False,0,0.0,,888.9923248291016,343.1524887084961,258.74925231933594,576.2447280883789,1018.3669509887695,631.2748527526855,1002.125,628.6428571428571,16.45382547651906,0.01983586871066455,1.0,631.6717202989739,0.018518920804635564,True,1.8761578043177594,2.5750336241177867,180.52442399979464,0.0051238135784748284,False,False,False,False,VALID_TARGET,,True,1,VALID_TARGET,,NOT_REVIEWED,False
14,14,14,466.6666666666667,17,1.0,0.9835383296012878,4,6,0.9993602931499481,0.999273419380188,False,,,,,False,,,,1007.246467590332,618.0959014892578,1022.4536972045898,425.74609375,192.95001521085766,1,0,False,0,0.0,,887.9910583496094,346.3446578979492,258.20428466796875,572.019416809082,1017.0932006835938,632.3543663024902,1001.8214285714287,628.7857142857142,15.683185284333748,0.01888729507041171,1.0,627.5951448406048,0.022581849968255588,True,2.410098370248513,2.7839684722902525,180.52442399979464,0.004589922920463248,False,False,False,False,VALID_TARGET,,True,1,VALID_TARGET,,NOT_REVIEWED,False
15,15,15,500.0,17,1.0,0.9809937477111816,4,6,0.9993507266044617,0.9991849064826965,False,,,,,False,,,,1005.6941757202148,619.9204406738281,1022.0564956665039,427.68599700927734,192.92953854981377,1,0,False,0,0.0,,888.5130081176758,348.04613494873047,256.3292465209961,570.979377746582,1016.6776313781738,633.5358238220215,1001.5178571428572,628.9285714285714,15.844416350333647,0.019061761321204275,1.0,625.8770905168966,0.00951701872600993,True,2.395527767750651,1.9801499229130848,180.52442399979464,0.00011342875711881497,False,False,False,False,VALID_TARGET,,True,1,VALID_TARGET,,NOT_REVIEWED,False
16,16,16,533.3333333333334,17,1.0,0.9812983274459839,4,6,0.9994693994522095,0.9991695582866669,False,,,,,False,,,,1004.0867309570312,621.2266693115234,1020.1087341308594,429.38426971435547,192.51028769627257,1,0,False,0,0.0,,888.6957321166992,346.2842788696289,254.99500274658203,570.4109725952148,1016.1932334899902,631.4897651672363,1001.2142857142858,629.0714285714287,15.172911004744739,0.01823505671397076,1.0,624.8128752536621,0.00589513174813223,True,2.071258535437262,2.5841643098978273,180.52442399979464,0.0023224051585489466,False,False,False,False,VALID_TARGET,,True,1,VALID_TARGET,,NOT_REVIEWED,False
17,17,17,566.6666666666666,17,1.0,0.980811357498169,4,6,0.9993862509727478,0.99911829829216,False,,,,,False,,,,1002.7652740478516,621.5776519775391,1017.9245376586914,429.61585235595703,192.55943442786526,1,0,False,0,0.0,,886.2899475097656,347.6941604614258,255.70175170898438,572.3319625854492,1014.1408233642578,633.8601417541504,1000.9107142857142,629.2142857142856,14.022116979019614,0.01683462158432864,1.0,626.8550559929745,0.011312489989247552,True,1.3672736356202326,2.196439106581869,180.52442399979464,0.00027224422326776885,False,False,False,False,VALID_TARGET,,True,1,VALID_TARGET,,NOT_REVIEWED,False
18,18,18,600.0,17,1.0,0.9798985719680786,4,6,0.9993256330490112,0.9990727007389069,False,,,,,False,,,,1001.4611892700195,622.3332977294922,1018.1266174316406,431.67476654052734,191.3855062718795,1,0,False,0,0.0,,885.5876770019531,350.38721466064453,254.17611694335938,569.8166427612305,1012.6757354736328,635.2955360412598,1000.6071428571429,629.3571428571429,13.450481082547228,0.016131668723860917,1.0,623.9362986652436,0.016168212937957876,True,1.5071952793908365,2.0688073506395037,180.52442399979464,0.006502877172936358,False,False,False,False,VALID_TARGET,,True,1,VALID_TARGET,,NOT_REVIEWED,False
19,19,19,633.3333333333333,17,1.0,0.9795776009559631,4,6,0.9993322491645813,0.9990693628787994,False,,,,,False,,,,1000.4627685546875,622.3756103515625,1017.8924102783203,431.76375579833984,191.4070832201178,1,0,False,0,0.0,,886.8007965087891,348.7373580932617,252.12718200683594,573.8295974731445,1012.864387512207,635.652156829834,1000.3035714285716,629.5,13.986534036200267,0.01675727619855212,1.0,626.776294097742,0.015731917984137467,True,0.9993169080880149,0.2505435664159508,180.52442399979464,0.00011952370632313883,False,False,False,False,VALID_TARGET,,True,1,VALID_TARGET,,NOT_REVIEWED,False
20,20,20,666.6666666666666,17,1.0,0.9790893197059631,4,6,0.9993074238300323,0.9990432858467102,False,,,,,False,,,,1000.5898818969727,623.1715240478516,1015.8404693603516,431.8499298095703,191.92845760818196,1,0,False,0,0.0,,884.9058151245117,349.21180725097656,253.80753326416016,579.9673919677734,1011.8095817565918,639.1955032348633,1000.0,629.6428571428571,15.189445961744179,0.0181797221101377,1.0,633.0722231211371,0.03487577405815298,True,0.806000256654687,2.0537496174183416,180.52442399979464,0.0028881099660217667,False,False,False,False,VALID_TARGET,,True,1,VALID_TARGET,,NOT_REVIEWED,False
21,21,21,700.0,17,1.0,0.9805809259414673,4,6,0.99921715259552,0.9990827441215515,False,,,,,False,,,,998.3068084716797,623.9978485107422,1015.5936965942383,431.7834930419922,192.99014210375836,1,0,False,0,0.0,,883.6585388183594,349.7394714355469,252.79055786132812,579.4345397949219,1010.0538177490234,639.4567413330078,999.6964285714287,629.7857142857142,14.170542499341423,0.016942750385935235,1.0,632.1767569684877,0.004960360115318457,True,2.428010787301088,0.25555946897235093,180.52442399979464,0.005881112771630329,False,False,False,False,VALID_TARGET,,True,1,VALID_TARGET,,NOT_REVIEWED,False
22,22,22,733.3333333333333,17,1.0,0.9799654483795166,4,6,0.9991552829742432,0.9990662336349487,False,,,,,False,,,,998.1856231689453,625.5648498535156,1016.3348922729492,433.22044372558594,193.1987746796431,1,0,False,0,0.0,,884.0811462402344,351.8408889770508,251.53546142578125,576.8634567260742,1009.848876953125,640.2726173400879,999.3928571428572,629.9285714285714,14.708080639304105,0.01756732798207806,1.0,629.3183106033352,0.015834125387685322,True,1.5716803383171079,1.6168482616560877,180.52442399979464,0.0011557027645465441,False,False,False,False,VALID_TARGET,,True,1,VALID_TARGET,,NOT_REVIEWED,False
23,23,23,766.6666666666667,17,1.0,0.9817220568656921,4,6,0.9991424679756165,0.9991355240345001,False,,,,,False,,,,997.8665161132812,626.3426361083984,1014.4387969970703,433.4420394897461,193.6111584323673,1,0,False,0,0.0,,882.0132675170898,353.4681701660156,252.66718292236328,574.3041076660156,1008.3468589782715,640.6202239990234,999.0892857142858,630.0714285714287,14.034947371162717,0.01674607037628891,1.0,627.428014522767,0.010471137581751572,True,0.8407025462428542,1.9090002561299013,180.52442399979464,0.0022843654259473785,False,False,False,False,VALID_TARGET,,True,1,VALID_TARGET,,NOT_REVIEWED,False
24,24,24,800.0,17,1.0,0.9787762761116028,4,6,0.9990144968032837,0.9989878535270691,False,,,,,False,,,,996.6728210449219,626.1540679931641,1013.7559204101562,434.8084030151367,192.10673020434749,1,0,False,0,0.0,,882.7884292602539,353.5763931274414,250.71495819091797,575.3509140014648,1008.1459083557129,641.2518501281738,998.7857142857142,630.2142857142856,14.472078676498795,0.01724986101098116,1.0,627.6039073356656,0.0009743435763506993,True,1.2084973522141194,1.5275044080045388,180.52442399979464,0.008333654774721875,False,False,False,False,VALID_TARGET,,True,1,VALID_TARGET,,NOT_REVIEWED,False
25,25,25,833.3333333333334,17,1.0,0.9772989153862,4,6,0.9989827573299408,0.9989487826824188,False,,,,,False,,,,995.570442199707,625.7312622070312,1015.2358551025391,435.5084686279297,191.23660648964767,1,0,False,0,0.0,,880.6586151123047,356.41107177734375,250.05787658691406,573.829833984375,1005.6875534057617,643.3259887695312,998.4821428571429,630.3571428571429,14.836067722729624,0.01766551083616162,1.0,625.9469785961841,0.009178418647015716,True,1.180679402363147,1.6371617378663004,180.52442399979464,0.0048199777925939,False,False,False,False,VALID_TARGET,,True,1,VALID_TARGET,,NOT_REVIEWED,False
26,26,26,866.6666666666667,17,1.0,0.9805004596710205,4,6,0.9989997148513794,0.999058187007904,False,,,,,False,,,,995.419921875,624.04443359375,1013.9859313964844,434.8804626464844,190.07289289661955,1,0,False,0,0.0,,878.9030609130859,357.36617279052734,250.74119567871094,569.8175430297852,1004.2736587524414,642.2749443054199,998.1785714285716,630.5,13.258936717600697,0.01577135279764658,1.0,622.5457248707846,0.018840961516671625,True,1.6935309677517725,1.398821212195674,180.52442399979464,0.006446294452818441,False,False,False,False,VALID_TARGET,,True,1,VALID_TARGET,,NOT_REVIEWED,False
27,27,27,900.0,17,1.0,0.9777320027351379,4,6,0.998970091342926,0.9989092946052551,False,,,,,False,,,,996.0743789672852,626.5857849121094,1011.1318511962891,436.0014190673828,191.17826229559626,1,0,False,0,0.0,,877.705451965332,358.19681549072266,249.37337493896484,580.9802474975586,1002.3921394348145,648.686939239502,997.8750000000001,630.6428571428571,18.600899101495436,0.022102794710198163,1.0,632.2381893802161,0.05369059928113946,True,2.624267632877652,3.066319795243208,180.52442399979464,0.006123101652870877,False,False,False,False,VALID_TARGET,,True,1,VALID_TARGET,,NOT_REVIEWED,False
28,28,28,933.3333333333334,17,1.0,0.9766802191734314,4,6,0.9990026652812958,0.9989287853240967,False,,,,,False,,,,994.7858505249023,626.2494506835938,1012.0935363769531,437.0365753173828,190.00281101579142,1,0,False,0,0.0,,878.3978958129883,357.22074127197266,243.8125228881836,585.0531234741211,1000.3041572570801,649.7473030090332,997.5714285714287,630.7857142857142,19.157495999782427,0.022740769173692325,1.0,633.8230854141606,0.008779399478633779,True,1.3317005144178167,1.412935542982387,180.52442399979464,0.006511314390379496,False,False,False,False,VALID_TARGET,,True,1,VALID_TARGET,,NOT_REVIEWED,False
29,29,29,966.6666666666666,17,1.0,0.9774143695831299,4,6,0.9989641606807709,0.9989488124847412,False,,,,,False,,,,993.663818359375,625.0938110351562,1009.1044006347656,437.1133041381836,188.61357998364247,1,0,False,0,0.0,,876.1304473876953,357.16915130615234,242.2830047607422,584.5496597290039,997.2719497680664,649.4439811706543,997.2678571428572,630.9285714285714,18.515410194397468,0.021955991206843963,1.0,632.7711743475584,0.005826973676445012,True,1.6107324971945929,2.9901203649960806,180.52442399979464,0.007695529509904635,False,False,False,False,VALID_TARGET,,True,1,VALID_TARGET,,NOT_REVIEWED,False
30,30,30,1000.0,17,1.0,0.9724953770637512,4,6,0.9989592134952545,0.9987580180168152,False,,,,,False,,,,992.113037109375,628.2941741943359,1004.6709060668945,437.4064407348633,191.30035770496852,1,0,False,0,0.0,,874.3666229248047,356.21604919433594,242.08168029785156,586.5879058837891,995.4074630737305,649.5100021362305,996.9642857142857,631.0714285714286,18.50418038819221,0.021920124620034,1.0,634.5777424909892,0.010007333652718726,True,3.5562967868256092,4.443174895010936,180.52442399979464,0.014883181243824985,False,False,False,False,VALID_TARGET,,True,1,VALID_TARGET,,NOT_REVIEWED,False
31,31,31,1033.3333333333335,17,1.0,0.9726261496543884,4,6,0.9991464912891388,0.998825341463089,False,,,,,False,,,,988.7237777709961,631.7186126708984,1003.8915023803711,438.99295806884766,193.32159168498177,1,0,False,0,0.0,,873.3923263549805,352.5125274658203,238.78009796142578,594.0409393310547,992.7823753356934,649.5329971313477,996.6607142857142,631.2142857142856,18.724761707238105,0.02215863849586094,1.0,640.2347794237594,0.0313366845739203,True,4.818076145366563,1.7676276071614219,180.52442399979464,0.011196457162026724,False,False,False,False,VALID_TARGET,,True,1,VALID_TARGET,,NOT_REVIEWED,False
32,32,32,1066.6666666666667,17,1.0,0.9732623100280762,4,6,0.9990236163139343,0.9988977015018463,False,,,,,False,,,,985.243766784668,633.7293395996094,1002.4860000610352,440.51757049560547,193.97959255719553,1,0,False,0,0.0,,871.2502593994141,360.2381591796875,235.9368133544922,583.8495483398438,989.2186660766602,652.1629333496094,996.3571428571429,631.3571428571429,21.996335348459752,0.026003443645827105,1.0,629.7193620911715,0.05824927785173161,True,4.019141605717292,2.0736151575167088,180.52442399979464,0.003644940987123773,False,False,False,False,VALID_TARGET,,True,1,VALID_TARGET,,NOT_REVIEWED,False
33,33,33,1100.0,17,1.0,0.9758386015892029,4,6,0.9990105926990509,0.9989694356918335,False,,,,,False,,,,983.9478302001953,634.3451232910156,998.0785980224609,439.8026428222656,195.05500584753202,1,0,False,0,0.0,,868.9482498168945,364.2393798828125,232.6933822631836,571.8623046875,985.2949409484863,650.1705322265625,996.0535714285716,631.5,21.548477984074136,0.025447847211588534,1.0,617.3918574710709,0.06828718434307067,True,1.4347965659202568,4.465010000855015,180.52442399979464,0.005957162285906023,False,False,False,False,VALID_TARGET,,True,1,VALID_TARGET,,NOT_REVIEWED,False
34,34,34,1133.3333333333333,17,1.0,0.9758071303367615,4,6,0.9991538822650909,0.9991562366485596,False,,,,,False,,,,982.6818771362305,637.0098114013672,999.5213394165039,442.5897521972656,195.14796158508832,1,0,False,0,0.0,,866.6872329711914,369.87638092041016,232.81380462646484,573.2347030639648,983.0941352844238,656.4937324523926,995.7500000000001,631.6428571428571,27.887934942355418,0.03290068004277371,1.0,618.7085682463769,0.007293809591700877,True,2.9501186222948657,3.13838834408649,180.52442399979464,0.0005149205603138499,False,False,False,False,VALID_TARGET,,True,1,VALID_TARGET,,NOT_REVIEWED,False
35,35,35,1166.6666666666667,17,1.0,0.9807238578796387,4,6,0.9990127384662628,0.999190628528595,False,,,,,False,,,,980.8670196533203,640.7183837890625,993.6042404174805,445.39613342285156,195.73711523601173,1,0,False,0,0.0,,861.5307693481445,373.28631591796875,236.32292938232422,569.1712646484375,979.6922340393066,657.8719482421875,995.4464285714287,631.7857142857142,30.47435392896465,0.035915114152170934,1.0,616.2827723158783,0.01343749436642061,True,4.128827537939929,6.548880526285801,180.52442399979464,0.003263567543215523,False,False,False,False,VALID_TARGET,,True,1,VALID_TARGET,,NOT_REVIEWED,False
36,36,36,1200.0,17,1.0,0.9819729328155518,4,6,0.9991671144962311,0.9992827475070953,False,,,,,False,,,,981.2810668945312,642.7633209228516,994.2214736938477,448.6304168701172,194.5637133796535,1,0,False,0,0.0,,858.696647644043,372.78526306152344,240.91492462158203,567.2259063720703,979.154109954834,656.3982162475586,995.1428571428572,631.9285714285714,29.23018224729202,0.03441348458835581,1.0,616.2671740122455,8.640550285232172e-05,True,2.08643308042789,3.2926533881827567,180.52442399979464,0.00649996178001687,False,False,False,False,VALID_TARGET,,True,1,VALID_TARGET,,NOT_REVIEWED,False
37,37,37,1233.3333333333335,17,1.0,0.9866169691085815,4,6,0.9990789890289307,0.9993731677532196,False,,,,,False,,,,979.8729782104492,644.0721588134766,989.960693359375,452.74778747558594,191.5901277852409,1,0,False,0,0.0,,850.8021583557129,378.24413299560547,249.55801010131836,548.3067092895508,975.5811634063721,652.3974876403809,994.8392857142857,632.0714285714286,28.000427712824273,0.032931865487957165,1.0,602.4279607203384,0.07666116852932219,True,1.9224386508223261,5.92511516861968,180.52442399979464,0.016471929551294368,False,False,False,False,VALID_TARGET,,True,1,VALID_TARGET,,NOT_REVIEWED,False
38,38,38,1266.6666666666665,17,1.0,0.9864768981933594,4,6,0.9991876482963562,0.9993627071380615,False,,,,,False,,,,980.2299041748047,649.5624847412109,989.1071701049805,456.3594284057617,193.40689446799414,1,0,False,0,0.0,,849.8680686950684,379.8668441772461,251.6321144104004,543.3263320922852,975.6841259002686,651.5300102233887,994.5357142857142,632.2142857142856,26.99036120480489,0.03171137428353682,1.0,598.7672537367963,0.020278181214672047,True,5.5019155697614455,3.7111254565580527,180.52442399979464,0.01006382761124504,False,False,False,False,VALID_TARGET,,True,1,VALID_TARGET,,NOT_REVIEWED,False
39,39,39,1300.0,17,1.0,0.9876077771186829,4,6,0.9993972778320312,0.9994345009326935,False,,,,,False,,,,980.2922592163086,652.7380523681641,990.52392578125,461.874267578125,191.13783336920633,1,0,False,0,0.0,,847.3000869750977,381.6322326660156,257.51708221435547,538.9331970214844,976.0586280822754,651.0988311767578,994.2321428571429,632.3571428571429,26.106082056523107,0.03064099928621988,1.0,597.2972781488237,0.008142807246814895,True,3.176179765780529,5.69391321880431,180.52442399979464,0.012569274830038417,False,False,False,False,VALID_TARGET,,True,1,VALID_TARGET,,NOT_REVIEWED,False
40,40,40,1333.3333333333333,17,1.0,0.9809187054634094,4,6,0.9994260370731354,0.9991811513900757,False,,,,,False,,,,980.5791854858398,657.79150390625,990.0297241210938,465.61541748046875,192.4083181009225,1,0,False,0,0.0,,844.4616279602051,383.84339904785156,265.1387138366699,542.3526458740234,977.03098487854,655.0197219848633,993.9285714285716,632.5,28.15433020853703,0.03301121016086222,1.0,603.6927447481189,0.035427154163375114,True,5.061590573320826,3.773650470394396,180.52442399979464,0.00703774427618502,False,False,False,False,VALID_TARGET,,True,1,VALID_TARGET,,NOT_REVIEWED,False
41,41,41,1366.6666666666667,17,1.0,0.9823616147041321,4,6,0.9995045363903046,0.9992315769195557,False,,,,,False,,,,980.4349060058594,657.2888336181641,989.9270858764648,467.1049575805664,190.42060860994076,1,0,False,0,0.0,,843.7598304748535,388.70884704589844,267.01321029663086,527.6584014892578,977.266435623169,652.5380477905273,993.6250000000001,632.6428571428571,25.756964871235795,0.03016936102869541,1.0,591.3708169457735,0.06825629202594438,True,0.5229665255710292,1.4930721077896536,180.52442399979464,0.011010751049309483,False,False,False,False,VALID_TARGET,,True,1,VALID_TARGET,,NOT_REVIEWED,False
42,42,42,1400.0,17,1.0,0.982725977897644,4,6,0.9995290040969849,0.9992377161979675,False,,,,,False,,,,982.2460327148438,657.0030517578125,991.1319427490234,468.67615509033203,188.53641400413716,1,0,False,0,0.0,,847.7360191345215,385.9276657104492,264.5074806213379,535.5722122192383,979.9897594451904,653.7137718200684,993.3214285714287,632.7857142857142,24.81364531568731,0.02903469978753176,1.0,597.3288891440428,0.03300424433580284,True,1.833535172202206,1.9799852772294486,180.52442399979464,0.01043733897085163,False,False,False,False,VALID_TARGET,,True,1,VALID_TARGET,,NOT_REVIEWED,False
43,43,43,1433.3333333333333,17,1.0,0.9868597388267517,4,6,0.9995231032371521,0.9993338286876678,False,,,,,False,,,,980.7558822631836,654.0484161376953,989.5663909912109,471.8808288574219,182.3805223140966,1,0,False,0,0.0,,849.3124885559082,389.59263610839844,267.8266716003418,530.6735992431641,983.2258243560791,654.9294357299805,993.0178571428572,632.9285714285714,24.081568389669965,0.028149264018585966,1.0,594.4287972114167,0.016064817537539307,True,3.309141885179335,3.566635145324458,180.52442399979464,0.034100048922175566,False,False,False,False,VALID_TARGET,,True,1,VALID_TARGET,,NOT_REVIEWED,False
44,44,44,1466.6666666666665,17,1.0,0.9820820689201355,4,6,0.9995593726634979,0.9990227520465851,False,,,,,False,,,,984.8704071044922,655.3036956787109,988.8418502807617,467.40550231933594,187.9401591694,1,0,False,0,0.0,,845.280689239502,383.97537994384766,275.60017013549805,540.6934432983398,983.080774307251,654.3221015930176,992.7142857142857,633.0714285714286,23.332287626805027,0.027245530465562075,1.0,606.8812514854372,0.06897933253638121,True,4.301748643963046,4.53359756303915,180.52442399979464,0.030797144963108893,False,False,False,False,VALID_TARGET,,True,1,VALID_TARGET,,NOT_REVIEWED,False
45,45,45,1500.0,17,1.0,0.9852441549301147,4,6,0.9996650815010071,0.9992209374904633,False,,,,,False,,,,987.4072875976562,655.9476776123047,988.3276748657227,467.1164779663086,188.83344267493842,1,0,False,0,0.0,,854.750617980957,385.4937210083008,271.2254867553711,540.7022018432617,990.3633613586426,655.8448219299316,992.4107142857142,633.2142857142856,22.72295806922281,0.026506882241495555,1.0,604.9149822444798,0.010891984571349092,True,2.617341278357005,0.5898401767203272,180.52442399979464,0.004948269523571151,False,False,False,False,VALID_TARGET,,True,1,VALID_TARGET,,NOT_REVIEWED,False
46,46,46,1533.3333333333335,17,1.0,0.9812352061271667,4,6,0.9995877146720886,0.9988415241241455,False,,,,,False,,,,990.8944702148438,651.7904968261719,992.4395141601562,463.70548248291016,188.09136019843632,1,0,False,0,0.0,,864.7487182617188,387.0082550048828,262.292236328125,547.5063323974609,995.8948364257812,660.7614212036133,992.1071428571429,633.3571428571429,27.66479882921129,0.03223868352870111,1.0,607.091756864914,0.012058061575295244,True,5.426103085475477,5.342481873718683,180.52442399979464,0.004110704025860509,False,False,False,False,VALID_TARGET,,True,1,VALID_TARGET,,NOT_REVIEWED,False
47,47,47,1566.6666666666667,17,1.0,0.9775062799453735,4,6,0.9994986653327942,0.9989264607429504,False,,,,,False,,,,991.5321960449219,649.0278472900391,994.2178192138672,457.4613494873047,191.58532212100855,1,0,False,0,0.0,,876.3322296142578,384.83882904052734,254.7815399169922,549.1067276000977,1003.7229995727539,659.3921928405762,991.8035714285716,633.5,28.50400704072868,0.03318271114652391,1.0,605.3361309042784,0.009725143677165784,True,2.8353001064867325,6.492423717754625,180.52442399979464,0.019354510847663473,False,False,False,False,VALID_TARGET,,True,1,VALID_TARGET,,NOT_REVIEWED,False
48,48,48,1600.0,17,1.0,0.9773634672164917,4,6,0.9995898604393005,0.9989826381206512,False,,,,,False,,,,996.7426986694336,646.3804168701172,1002.0698852539062,457.70264434814453,188.75296225691147,1,0,False,0,0.0,,885.1626815795898,379.9628372192383,250.3249282836914,550.2624435424805,1010.3251457214355,655.0940589904785,991.5000000000001,633.6428571428571,28.540150177262117,0.033190862543646144,1.0,604.525703749292,0.004489293675781787,True,5.844503865031764,7.855772674091483,180.52442399979464,0.015689621389404315,False,False,False,False,VALID_TARGET,,True,1,VALID_TARGET,,NOT_REVIEWED,False
49,49,49,1633.3333333333333,17,1.0,0.9830875992774963,4,6,0.9995411038398743,0.9992079138755798,False,,,,,False,,,,1000.1663513183594,645.7583160400391,1006.7782516479492,456.1960983276367,189.67749368339054,1,0,False,0,0.0,,892.7722930908203,380.1774444580078,251.65159606933594,533.6883392333984,1018.5980911254883,647.021614074707,991.1964285714287,633.7857142857142,30.430907872602365,0.035353604315296216,1.0,590.0438706045062,0.08022090764185064,True,3.4797136237455533,4.943520507943819,180.52442399979464,0.005121364777101382,False,False,False,False,VALID_TARGET,,True,1,VALID_TARGET,,NOT_REVIEWED,False
50,50,50,1666.6666666666667,17,1.0,0.9825797080993652,4,6,0.9993374943733215,0.9991855919361115,False,,,,,False,,,,1005.6587295532227,639.3697814941406,1012.4673843383789,454.6953430175781,184.79990802653853,1,0,False,0,0.0,,899.7050476074219,384.7747116088867,251.61688232421875,520.8255081176758,1025.5134887695312,645.1874656677246,990.8928571428572,633.9285714285714,36.40536819918593,0.04225137894047708,1.0,578.420491836687,0.06438673787338833,True,8.424938713067155,5.8837485729749535,180.52442399979464,0.027018979198391205,False,False,False,False,VALID_TARGET,,True,1,VALID_TARGET,,NOT_REVIEWED,False
51,51,51,1700.0,17,1.0,0.980506420135498,4,6,0.9990578293800354,0.9990826845169067,False,,,,,False,,,,1016.0028915405273,635.5773468017578,1019.5508422851562,451.7873001098633,183.82428897589972,1,0,False,0,0.0,,893.6077346801758,382.4338150024414,259.54598236083984,522.7350692749023,1023.3807258605957,643.8013496398926,990.5892857142857,634.0714285714286,34.20453056054963,0.039656641903877014,1.0,583.6232257282863,0.028820110743603623,True,11.017451979273066,7.657159397379273,180.52442399979464,0.005404360412970614,False,False,False,False,VALID_TARGET,,True,1,VALID_TARGET,,NOT_REVIEWED,False
52,52,52,1733.3333333333335,17,1.0,0.9845625758171082,4,6,0.9989524781703949,0.9992374181747437,False,,,,,False,,,,1022.0655746459961,629.52197265625,1023.9468688964844,448.50865173339844,181.02309692295117,1,0,False,0,0.0,,899.0053939819336,380.76234436035156,260.70914459228516,522.5311126708984,1029.3599662780762,642.0279006958008,990.2857142857142,634.2142857142856,39.847832410834606,0.04615237087549217,1.0,583.9589213147858,0.001859557721119502,True,8.568762015566815,5.484030009400076,180.52442399979464,0.01551696989739038,False,False,False,False,VALID_TARGET,,True,1,VALID_TARGET,,NOT_REVIEWED,False
53,53,53,1766.6666666666665,17,1.0,0.9897668957710266,4,6,0.9991827011108398,0.9994839131832123,False,,,,,False,,,,1026.850730895996,634.2501678466797,1024.473258972168,452.2006301879883,182.06506126792118,1,0,False,0,0.0,,899.8787307739258,382.99134063720703,264.04064178466797,520.984245300293,1031.8990516662598,643.4834632873535,989.9821428571429,634.3571428571429,42.89891570548957,0.049635547050851596,1.0,584.0736634750579,0.0006356046330449708,True,6.727075894897908,3.729315141005623,180.52442399979464,0.005771874641024736,False,False,False,False,VALID_TARGET,,True,1,VALID_TARGET,,NOT_REVIEWED,False
54,54,54,1800.0,17,1.0,0.9920963048934937,4,6,0.999291867017746,0.9995864033699036,False,,,,,False,,,,1027.8549346923828,638.6400146484375,1028.960319519043,455.9280700683594,182.71528827070972,1,0,False,0,0.0,,900.9370498657227,384.1416931152344,264.42443084716797,524.8987731933594,1033.1492652893066,646.5910797119141,989.6785714285716,634.5,45.12089796683584,0.052153275253460266,1.0,587.740590506341,0.020312636650691464,True,4.503241078110387,5.833311273462359,180.52442399979464,0.0036018782853963287,False,False,False,False,VALID_TARGET,,True,1,VALID_TARGET,,NOT_REVIEWED,False
55,55,55,1833.3333333333333,17,1.0,0.989284336566925,4,6,0.9988674521446228,0.9995476305484772,False,,,,,False,,,,1033.1718292236328,640.8171997070312,1034.7103652954102,458.57733154296875,182.24636249236647,1,0,False,0,0.0,,899.4661483764648,387.5782165527344,267.54785919189453,525.8805236816406,1033.240077972412,650.5184783935547,989.3750000000001,634.6428571428571,46.64954893266798,0.05386526876963337,1.0,590.0272723746272,0.012666883613979628,True,5.7453896504762865,6.331004090282012,180.52442399979464,0.0025975752640749685,False,False,False,False,VALID_TARGET,,True,1,VALID_TARGET,,NOT_REVIEWED,False
56,56,56,1866.6666666666667,17,1.0,0.9883735775947571,4,6,0.9984542727470398,0.9996323585510254,False,,,,,False,,,,1038.4983673095703,647.5370330810547,1036.0931854248047,466.34668731689453,181.20630865959032,1,0,False,0,0.0,,900.9703903198242,396.39479064941406,266.60977935791016,517.3806610107422,1034.2752799987793,655.0851211547852,989.0714285714287,634.7857142857142,49.55253881590805,0.05715904913165053,1.0,582.0339533370765,0.04427832456377085,True,8.574856765893058,7.89145618071168,180.52442399979464,0.005761291517968425,False,False,False,False,VALID_TARGET,,True,1,VALID_TARGET,,NOT_REVIEWED,False
57,57,57,1900.0,17,1.0,0.9889286160469055,4,6,0.9983858168125153,0.9994771778583527,False,,,,,False,,,,1039.458023071289,653.8482055664062,1038.5910110473633,473.81803131103516,180.032261976205,1,0,False,0,0.0,,894.7348403930664,402.3634338378906,269.6788558959961,512.6226501464844,1029.5742683410645,658.6747589111328,988.7678571428572,634.9285714285713,47.21275902586219,0.05440469035550429,1.0,579.2310996144616,0.01552617457800622,True,6.383716575855996,7.87782418688634,180.52442399979464,0.0065035337455869625,False,False,False,False,VALID_TARGET,,True,1,VALID_TARGET,,NOT_REVIEWED,False
58,58,58,1933.3333333333333,17,1.0,0.9909031987190247,4,6,0.9982454776763916,0.9994511306285858,False,,,,,False,,,,1042.1923904418945,656.7485198974609,1039.0382080078125,472.3551330566406,184.42036215520204,1,0,False,0,0.0,,893.1833343505859,402.4813537597656,259.89271545410156,521.4138488769531,1023.1296920776367,663.1882781982422,988.4642857142857,635.0714285714286,44.63460127830324,0.051381487668785385,1.0,582.5947350833036,0.0186325783199606,True,3.9860491889028493,1.5297242967755944,180.52442399979464,0.024307515192526122,False,False,False,False,VALID_TARGET,,True,1,VALID_TARGET,,NOT_REVIEWED,False
59,59,59,1966.6666666666665,17,1.0,0.9899660348892212,4,6,0.9983757138252258,0.9993763267993927,False,,,,,False,,,,1042.7653427124023,657.7371673583984,1035.6359176635742,470.77945709228516,187.093597243398,1,0,False,0,0.0,,882.8178558349609,400.4803161621094,256.7142791748047,530.6844177246094,1011.1749954223633,665.8225250244141,988.1607142857142,635.2142857142856,38.29518833878242,0.04403900044254728,1.0,589.5152011169408,0.03833534477110484,True,1.1426714778527656,3.7494445363472946,180.52442399979464,0.014808162956381973,False,False,False,False,VALID_TARGET,,True,1,VALID_TARGET,,NOT_REVIEWED,False
60,60,60,2000.0,17,1.0,0.9834352135658264,4,6,0.9985900223255157,0.998795747756958,False,,,,,False,,,,1037.536117553711,650.0397033691406,1036.8362655639648,461.4165267944336,188.62447490699785,1,0,False,0,0.0,,882.1387557983398,388.5433044433594,257.35779571533203,544.2776184082031,1010.8176536560059,660.6821136474609,987.8571428571429,635.3571428571429,34.183902668875675,0.03927112042278485,1.0,602.0557789072041,0.06946748540949503,True,9.305683619498998,9.439560309908451,180.52442399979464,0.008480169218551803,False,False,False,False,VALID_TARGET,,True,1,VALID_TARGET,,NOT_REVIEWED,False
61,61,61,2033.3333333333333,17,1.0,0.9914973378181458,4,6,0.9984818994998932,0.9991229176521301,False,,,,,False,,,,1035.9572219848633,652.3009185791016,1034.5625305175781,460.9888610839844,191.3171411748146,1,0,False,0,0.0,,860.6401901245117,385.3248977661133,273.35352325439453,536.676139831543,997.316951751709,653.6629676818848,989.7077922077922,634.9675324675325,20.18461312036533,0.023350623554085476,1.0,602.2818507477016,0.0012523061173028986,True,2.7578987369164683,2.3136051999123035,180.52442399979464,0.01491580035629866,False,False,False,False,VALID_TARGET,,True,1,VALID_TARGET,,NOT_REVIEWED,False
62,62,62,2066.666666666667,17,1.0,0.9873577356338501,4,6,0.998253345489502,0.9987854659557343,False,,,,,False,,,,1038.0619812011719,644.9791107177734,1028.5130004882812,450.09046173095703,195.12244498407068,1,0,False,0,0.0,,853.7461395263672,381.78519439697266,276.27870178222656,544.4008407592773,991.8854904174805,653.9856147766113,991.5584415584415,634.577922077922,19.41044813606724,0.02261141069899574,1.0,610.4934041231572,0.045487215488719646,True,7.618325387960421,12.464827396856784,180.52442399979464,0.02107916327854018,False,False,False,False,VALID_TARGET,,True,1,VALID_TARGET,,NOT_REVIEWED,False
63,63,63,2100.0,17,1.0,0.9855747222900391,4,6,0.9985248148441315,0.9986159205436707,False,,,,,False,,,,1034.2997512817383,633.0458374023438,1023.3351058959961,447.1361618041992,186.2327332383929,1,0,False,0,0.0,,850.4448890686035,376.17675018310547,273.02172470092773,538.5751419067383,986.9557514190674,645.4643211364746,993.409090909091,634.1883116883116,12.99207372395028,0.015239514682511354,1.0,603.824515599137,0.036941752125616956,True,12.512289398324654,5.9614159782770635,180.52442399979464,0.04924381725592923,False,False,False,False,VALID_TARGET,,True,1,VALID_TARGET,,NOT_REVIEWED,False
64,64,64,2133.3333333333335,17,1.0,0.9806290864944458,4,6,0.9979342818260193,0.9994832575321198,False,,,,,False,,,,1036.195701599121,623.2540130615234,1014.6065139770508,436.71414947509766,187.78501998035756,1,0,False,0,0.0,,842.4238166809082,359.8641815185547,270.4083671569824,539.6371002197266,977.6280002593994,629.682731628418,995.2597402597403,633.7987012987012,18.10578531205735,0.021384345208530886,1.0,603.5966243792792,0.0012623844176237198,True,9.973687960201339,13.594361252939484,180.52442399979464,0.008598763023702632,False,False,False,False,VALID_TARGET,,True,1,VALID_TARGET,,NOT_REVIEWED,False
65,65,65,2166.6666666666665,17,1.0,0.9828587174415588,4,6,0.9981997311115265,0.9995988309383392,False,,,,,False,,,,1036.5878982543945,614.7958221435547,1009.0694808959961,430.10367584228516,186.73096207988795,1,0,False,0,0.0,,833.9042625427246,362.4139709472656,275.59189224243164,530.9971618652344,971.7002086639404,627.9125518798828,997.1103896103897,633.4090909090909,25.99786985564203,0.030916224927920632,1.0,598.2548595529316,0.029590261018385234,True,8.467278891191475,8.623056128241497,180.52442399979464,0.0058388658837145195,False,False,False,False,VALID_TARGET,,True,1,VALID_TARGET,,NOT_REVIEWED,False
66,66,66,2200.0,17,1.0,0.9911290407180786,4,6,0.9989095032215118,0.9995852112770081,False,,,,,False,,,,1035.9131469726562,603.0453643798828,1007.3291473388672,420.19490814208984,185.0711603179531,1,0,False,0,0.0,,838.8320655822754,354.1477279663086,266.1034812927246,529.5033340454102,971.8838062286377,618.8993949890137,998.961038961039,633.0194805194806,30.537736455610528,0.036562727131274786,1.0,592.6085078036871,0.03127749489039213,True,11.769815077053849,10.060439266080923,180.52442399979464,0.009194333515429172,False,False,False,False,VALID_TARGET,,True,1,VALID_TARGET,,NOT_REVIEWED,False
67,67,67,2233.3333333333335,17,1.0,0.9792923927307129,4,6,0.9986567199230194,0.9989900588989258,False,,,,,False,,,,1033.4842071533203,595.1046295166016,998.1851997375488,415.06919860839844,183.46328326627395,1,0,False,0,0.0,,830.8511953353882,346.88148498535156,278.3623971939087,516.2609100341797,970.0323939323425,605.0119400024414,1000.8116883116884,632.6298701298701,41.353537055661484,0.04984815871242112,1.0,586.5244678620481,0.03370203215076236,True,8.303915872339145,10.482589182040416,180.52442399979464,0.008906700910902607,False,False,False,False,VALID_TARGET,,True,1,VALID_TARGET,,NOT_REVIEWED,False
68,68,68,2266.6666666666665,17,1.0,0.9784389138221741,4,6,0.998887449502945,0.9984768033027649,False,,,,,False,,,,1024.7654342651367,585.5745849609375,997.8796768188477,412.15406036376953,175.4922286171602,1,0,False,0,0.0,,857.774284362793,344.91644287109375,262.1941909790039,494.68463134765625,988.8713798522949,592.2587585449219,1002.6623376623378,632.2402597402597,42.29315494440186,0.051324134421790325,1.0,559.8738056693677,0.14762912187832689,True,12.916607523210866,2.931104781332422,180.52442399979464,0.04415499283976559,False,False,False,False,VALID_TARGET,,True,1,VALID_TARGET,,NOT_REVIEWED,False
69,69,69,2300.0,17,1.0,0.9701307415962219,4,6,0.9980129897594452,0.9982574582099915,False,,,,,False,,,,1026.5112533569336,583.9231719970703,996.7153739929199,410.2245788574219,176.23562547274028,1,0,False,0,0.0,,862.7493019104004,340.21141052246094,266.12890243530273,499.2843780517578,995.8137531280518,589.8535995483398,1004.5129870129872,631.8506493506493,42.88856330401462,0.052394676949643476,1.0,565.7821867803452,0.03272898469951219,True,2.4031331795202435,2.2535527404081157,180.52442399979464,0.004117984919209153,False,False,False,False,VALID_TARGET,,True,1,VALID_TARGET,,NOT_REVIEWED,False
70,70,70,2333.3333333333335,17,1.0,0.9809058904647827,4,6,0.9987260103225708,0.9995685517787933,False,,,,,False,,,,1028.9121170043945,577.0041198730469,994.1008415222168,406.91854095458984,173.61143123862192,1,0,False,0,0.0,,870.6671676635742,338.31431579589844,257.4261245727539,494.2615509033203,999.3802299499512,585.4450912475586,1006.3636363636365,631.4610389610389,46.542834132747565,0.05723612976865471,1.0,557.2815180085398,0.047088746128972986,True,7.323757816084082,4.214933766421841,180.52442399979464,0.01453650523278417,False,False,False,False,VALID_TARGET,,True,1,VALID_TARGET,,NOT_REVIEWED,False
71,71,71,2366.6666666666665,17,1.0,0.9810340404510498,4,6,0.9978863298892975,0.9992330372333527,False,,,,,False,,,,1027.7419052124023,571.7949981689453,995.4463920593262,399.0583190917969,175.7297939121943,1,0,False,0,0.0,,884.2953681945801,339.89029693603516,245.78464889526367,492.67049407958984,1007.1876926422119,586.2255439758301,1008.2142857142858,631.0714285714286,44.85763322442867,0.055526690109814446,1.0,550.5763429073168,0.0371427585955388,True,5.338946016421175,7.974559171530668,180.52442399979464,0.011734493464301549,False,False,False,False,VALID_TARGET,,True,1,VALID_TARGET,,NOT_REVIEWED,False
72,72,72,2400.0,17,1.0,0.9793562293052673,4,6,0.9981505870819092,0.9993274211883545,False,,,,,False,,,,1020.3163452148438,568.9087371826172,995.0399017333984,405.5196228027344,165.33269880127503,1,0,False,0,0.0,,889.1285247802734,340.3493118286133,239.8363800048828,471.2933883666992,1009.0467147827148,575.9960060119629,1012.9285714285714,629.1428571428571,53.288428351269786,0.06606276230614717,1.0,528.8089892314719,0.12057844137405842,True,7.966771225442725,6.474077542789208,180.52442399979464,0.05759384176697946,False,False,False,False,VALID_TARGET,,True,1,VALID_TARGET,,NOT_REVIEWED,False
73,73,73,2433.333333333333,17,1.0,0.9804547429084778,4,6,0.9971345663070679,0.9991531372070312,False,,,,,False,,,,1016.2861480712891,572.1204528808594,996.6563758850098,401.71683502197266,171.53052479218596,1,0,False,0,0.0,,902.6530113220215,342.7363586425781,219.85858535766602,470.6943664550781,1012.5823040008545,578.0835418701172,1017.6428571428572,627.2142857142858,49.39067916909367,0.06131248519888215,1.0,519.5103311465725,0.051509141416287846,True,5.15340729442683,4.132091914313887,180.52442399979464,0.03433234048661459,False,False,False,False,VALID_TARGET,,True,1,VALID_TARGET,,NOT_REVIEWED,False
74,74,74,2466.666666666667,17,1.0,0.9708221554756165,4,6,0.9943811297416687,0.9991544187068939,False,,,,,False,,,,1012.6938629150391,567.2936096191406,992.4330139160156,403.14366912841797,165.3956014084686,1,0,False,0,0.0,,902.8095016479492,347.51334381103516,220.23160552978516,452.4768295288086,1012.9253044128418,573.7517585754395,1022.3571428571429,625.2857142857142,52.38996246980864,0.0651108248462118,1.0,503.22682890985595,0.09020110340712177,True,6.016886945673301,4.457874144529168,180.52442399979464,0.03398389673701074,False,False,False,False,VALID_TARGET,,True,1,VALID_TARGET,,NOT_REVIEWED,False
75,75,75,2500.0,17,1.0,0.9762504696846008,4,6,0.9949201345443726,0.9991057813167572,False,,,,,False,,,,1014.5522842407227,567.4389038085938,997.3503227233887,407.56307220458984,160.79859766526465,1,0,False,0,0.0,,903.3483619689941,353.82910919189453,223.25002670288086,452.90526580810547,1014.9733753204346,580.2817420959473,1027.0714285714284,623.3571428571429,44.74207240619835,0.05565996477180762,1.0,504.9393569722484,0.009486406462066235,True,1.8640923328109062,6.611433237713738,180.52442399979464,0.025464719074296403,False,False,False,False,VALID_TARGET,,True,1,VALID_TARGET,,NOT_REVIEWED,False
76,76,76,2533.333333333333,17,1.0,0.976416289806366,4,6,0.9959664940834045,0.9991046488285065,False,,,,,True,,76.0,90.0,1016.2886962890625,565.1336517333984,1002.0441970825195,414.10569763183594,151.6982158027868,1,0,False,0,0.0,,887.9226226806641,358.65704345703125,259.60313415527344,444.76312255859375,1017.7241897583008,581.0386047363281,1031.7857142857142,621.4285714285713,42.7676967048211,0.05324569257942951,1.0,514.9835166792346,0.05563878551412897,True,2.8860550812158916,8.052229752096823,180.52442399979464,0.05041080680854693,False,False,False,False,VALID_TARGET,,True,1,VALID_TARGET,,ACCEPTED,False
77,77,77,2566.666666666667,17,1.0,0.9744203090667725,4,6,0.9958092570304871,0.9989824891090393,False,,,,,True,,76.0,90.0,1017.1074447631836,574.9018096923828,1004.6293678283691,423.34803771972656,152.06659134448643,2,0,True,1,0.05478859694268418,0.280946245623063,876.7803230285645,366.2349166870117,279.0632743835449,435.94373321533203,1016.3119602203369,584.2067832946777,1028.1122448979593,621.5816326530612,39.19344438850439,0.04844488722198366,1.0,517.6130307859205,0.01456597422345938,True,9.802410875674688,9.59708070641415,180.52442399979464,0.0020405856090700164,False,True,True,False,VALID_TARGET,HUMAN_ACCEPTED_TARGET: operator reviewed the raw skeleton and confirmed that it belongs to the documented athlete.,True,1,TARGET_IDENTITY_UNCERTAIN,TARGET_OVERLAP_AMBIGUOUS: another detected person overlaps or is too close to the selected pose for automated identity acceptance.,ACCEPTED,True
78,78,78,2600.0,17,1.0,0.9692275524139404,4,6,0.9950369000434875,0.998114675283432,False,,,,,True,,76.0,90.0,1023.6095733642578,584.0971527099609,1009.8491821289062,428.945556640625,155.76060519210986,2,0,True,1,0.12286735692504896,0.26245232602327223,870.5556106567383,371.5255584716797,293.26375579833984,437.51271057128906,1017.1874885559082,590.2819137573242,1024.438775510204,621.7346938775509,32.277833567091605,0.03960788563916962,1.0,526.7077010794363,0.05037916804834219,True,11.26197183249142,7.6536709755455075,180.52442399979464,0.020462681812116683,False,True,True,False,VALID_TARGET,HUMAN_ACCEPTED_TARGET: operator reviewed the raw skeleton and confirmed that it belongs to the documented athlete.,True,1,TARGET_IDENTITY_UNCERTAIN,TARGET_OVERLAP_AMBIGUOUS: another detected person overlaps or is too close to the selected pose for automated identity acceptance.,ACCEPTED,True
79,79,79,2633.3333333333335,17,1.0,0.956446647644043,4,6,0.992870569229126,0.9974265992641449,False,,,,,True,,76.0,90.0,1027.8781127929688,580.6320190429688,1005.454761505127,421.7200393676758,160.4862111438197,2,0,True,1,0.04320034964876123,0.2753711979646969,866.5241432189941,365.2607650756836,308.83474349975586,449.32621002197266,1020.9415149688721,589.9238700866699,1020.7653061224489,621.8877551020407,31.96437070917249,0.03893719927509355,1.0,545.227422095835,0.10258845094788789,True,5.49796145717507,8.456892601918529,180.52442399979464,0.026177100289295003,False,True,True,False,VALID_TARGET,HUMAN_ACCEPTED_TARGET: operator reviewed the raw skeleton and confirmed that it belongs to the documented athlete.,True,1,TARGET_IDENTITY_UNCERTAIN,TARGET_OVERLAP_AMBIGUOUS: another detected person overlaps or is too close to the selected pose for automated identity acceptance.,ACCEPTED,True
80,80,80,2666.6666666666665,17,1.0,0.9246628284454346,4,6,0.988784670829773,0.9955002665519714,False,,,,,True,,76.0,90.0,1035.7384185791016,577.8973236083984,1008.9155197143555,416.10094451904297,164.00468343902506,4,0,True,3,0.081995226289724,0.2459189244275979,867.9989318847656,360.2941665649414,318.136962890625,456.68721771240234,1027.0674133300781,588.6377754211426,1017.091836734694,622.0408163265306,34.86079847245903,0.04215385004542635,1.0,556.5737525064994,0.06285205159096564,True,8.32243751381605,6.59932377601481,180.52442399979464,0.019490284013920237,False,True,True,False,VALID_TARGET,HUMAN_ACCEPTED_TARGET: operator reviewed the raw skeleton and confirmed that it belongs to the documented athlete.,True,1,TARGET_IDENTITY_UNCERTAIN,TARGET_OVERLAP_AMBIGUOUS: another detected person overlaps or is too close to the selected pose for automated identity acceptance.,ACCEPTED,True
81,81,81,2700.0,17,1.0,0.9541807770729065,4,6,0.9952187240123749,0.9984306693077087,False,,,,,True,,76.0,90.0,1032.3875885009766,583.8811798095703,1012.6034393310547,416.5720748901367,168.47477302943537,3,0,True,2,0.0924478556536223,0.25069592980273603,854.67919921875,354.92357635498047,337.50555419921875,455.83728790283203,1023.4319763183594,582.8422203063965,1013.4183673469389,622.1938775510205,40.605729799264545,0.04873828420754495,1.0,567.1839491363725,0.05877429986916951,True,6.85817739991977,3.7178911933785592,180.52442399979464,0.024761688703216114,False,True,True,False,VALID_TARGET,HUMAN_ACCEPTED_TARGET: operator reviewed the raw skeleton and confirmed that it belongs to the documented athlete.,True,1,TARGET_IDENTITY_UNCERTAIN,TARGET_OVERLAP_AMBIGUOUS: another detected person overlaps or is too close to the selected pose for automated identity acceptance.,ACCEPTED,True
82,82,82,2733.3333333333335,17,1.0,0.9625358581542969,4,6,0.9948959052562714,0.998342752456665,False,,,,,True,,76.0,90.0,1045.8050689697266,574.2721099853516,1008.0976028442383,406.2300033569336,172.22079607794595,3,0,True,2,0.10317395030022407,0.253212535157638,828.2093849182129,351.9469680786133,378.9375877380371,456.58226776123047,1017.6781787872314,580.2381019592285,1009.7448979591836,622.3469387755101,42.84963340236302,0.05105004739731562,1.0,593.347337260993,0.1449299077926999,True,16.50342403915015,11.281001996445903,180.52442399979464,0.020750782445453704,False,True,True,False,VALID_TARGET,HUMAN_ACCEPTED_TARGET: operator reviewed the raw skeleton and confirmed that it belongs to the documented athlete.,True,1,TARGET_IDENTITY_UNCERTAIN,TARGET_OVERLAP_AMBIGUOUS: another detected person overlaps or is too close to the selected pose for automated identity acceptance.,ACCEPTED,True
83,83,83,2766.6666666666665,17,1.0,0.9457849264144897,4,6,0.9941231608390808,0.9976651668548584,False,,,,,True,,76.0,90.0,1051.4833908081055,561.7163391113281,1004.310676574707,396.3264923095703,171.9856575219422,3,0,True,2,0.1758394325184169,0.2534155060786821,832.5613555908203,345.8510513305664,395.4386444091797,464.84066009521484,1030.2806777954102,578.2713813781738,1006.0714285714286,622.5,50.42081369021926,0.059622416558179264,0.9996387375263472,610.2856386725192,0.09382830885833776,True,13.780084221120932,10.602845921549196,180.52442399979464,0.001302530432137143,False,True,True,False,VALID_TARGET,HUMAN_ACCEPTED_TARGET: operator reviewed the raw skeleton and confirmed that it belongs to the documented athlete.,True,1,TARGET_IDENTITY_UNCERTAIN,TARGET_OVERLAP_AMBIGUOUS: another detected person overlaps or is too close to the selected pose for automated identity acceptance.,ACCEPTED,True
84,84,84,2800.0,17,1.0,0.9749624133110046,4,6,0.99720498919487,0.9976026117801666,False,,,,,True,,76.0,90.0,1047.575050354004,553.7781829833984,995.6243057250977,397.0801544189453,165.08528711997323,3,0,True,2,0.21322963572020823,0.24108404967802763,808.0046463012695,337.48465728759766,420.99535369873047,462.6001205444336,1018.5023231506348,568.7847175598145,1002.3979591836735,622.6530612244899,56.22409615063578,0.0659870698104368,1.0,625.4885765252981,0.08421540706755644,True,8.848132447955019,8.719004823490527,180.52442399979464,0.0382240266944533,False,True,True,False,VALID_TARGET,HUMAN_ACCEPTED_TARGET: operator reviewed the raw skeleton and confirmed that it belongs to the documented athlete.,True,1,TARGET_IDENTITY_UNCERTAIN,TARGET_OVERLAP_AMBIGUOUS: another detected person overlaps or is too close to the selected pose for automated identity acceptance.,ACCEPTED,True
85,85,85,2833.3333333333335,17,1.0,0.9850693345069885,4,6,0.9985952079296112,0.9988839626312256,False,,,,,True,,76.0,90.0,1050.3700637817383,540.1400146484375,983.4680023193359,388.8089370727539,165.45990713201982,2,0,True,1,0.21795951389102014,0.26630314282332784,786.8402042388916,331.8200912475586,444.1597957611084,449.17264556884766,1008.9201021194458,556.4064140319824,998.7244897959184,622.8061224489795,67.1779114628752,0.07825043974448262,0.9991269918940405,631.6913721888777,0.034359869574139765,True,13.92162833845045,14.703358421832462,180.52442399979464,0.0020751763320791296,False,True,True,False,VALID_TARGET,HUMAN_ACCEPTED_TARGET: operator reviewed the raw skeleton and confirmed that it belongs to the documented athlete.,True,1,TARGET_IDENTITY_UNCERTAIN,TARGET_OVERLAP_AMBIGUOUS: another detected person overlaps or is too close to the selected pose for automated identity acceptance.,ACCEPTED,True
86,86,86,2866.6666666666665,17,1.0,0.9063169956207275,4,6,0.9871018528938293,0.9967459738254547,False,,,,,True,,76.0,90.0,1044.4361572265625,530.2621002197266,964.9061813354492,380.6274948120117,169.45657910144294,2,0,True,1,0.1934492656340538,0.2809733197590501,819.2298736572266,333.3470764160156,399.7599334716797,457.8313903808594,1019.1098403930664,562.2627716064453,995.0510204081631,622.9591836734694,65.29074403677728,0.07547870102476252,1.0,607.7973234782731,0.13235909125865297,True,11.523213113819159,20.28490068261897,180.52442399979464,0.022139231251211002,False,True,True,False,VALID_TARGET,HUMAN_ACCEPTED_TARGET: operator reviewed the raw skeleton and confirmed that it belongs to the documented athlete.,True,1,TARGET_IDENTITY_UNCERTAIN,TARGET_OVERLAP_AMBIGUOUS: another detected person overlaps or is too close to the selected pose for automated identity acceptance.,ACCEPTED,True
87,87,87,2900.0,17,1.0,0.9313105940818787,4,6,0.9900555610656738,0.9961624145507812,False,,,,,True,,76.0,90.0,1038.7044296264648,523.7127685546875,959.9797897338867,372.20615005493164,170.7390534571592,3,0,True,2,0.2294188175581049,0.2645912337914623,829.8917236328125,317.01683044433594,394.6700134277344,459.7240753173828,1027.2267303466797,546.8788681030273,991.3775510204081,623.1122448979593,84.24186249083792,0.096650275491584,1.0,605.8965628929336,0.010529104833713184,True,8.70324344945059,9.756453337639947,180.52442399979464,0.00710415979899606,False,True,True,False,VALID_TARGET,HUMAN_ACCEPTED_TARGET: operator reviewed the raw skeleton and confirmed that it belongs to the documented athlete.,True,1,TARGET_IDENTITY_UNCERTAIN,TARGET_OVERLAP_AMBIGUOUS: another detected person overlaps or is too close to the selected pose for automated identity acceptance.,ACCEPTED,True
88,88,88,2933.333333333333,17,1.0,0.9262142181396484,4,6,0.987366795539856,0.9951334595680237,False,,,,,True,,76.0,90.0,1035.0030212402344,515.0489883422852,951.7312545776367,366.6739311218262,170.14506965611608,3,0,True,2,0.2186189141461439,0.2805250740700074,862.0635299682617,323.45019149780273,357.3361587524414,440.28793716430664,1040.7316093444824,543.594160079956,987.704081632653,623.2653061224491,95.70480764806489,0.10896882050924456,1.0,567.0472625490316,0.21520246115808778,True,9.421332793743762,9.931957437872095,180.52442399979464,0.0032903237572097102,False,True,True,False,VALID_TARGET,HUMAN_ACCEPTED_TARGET: operator reviewed the raw skeleton and confirmed that it belongs to the documented athlete.,True,1,TARGET_IDENTITY_UNCERTAIN,TARGET_OVERLAP_AMBIGUOUS: another detected person overlaps or is too close to the selected pose for automated identity acceptance.,ACCEPTED,True
89,89,89,2966.666666666667,17,1.0,0.9551416635513306,4,6,0.9964301884174347,0.9968941807746887,False,,,,,True,,76.0,90.0,1041.279769897461,507.23854064941406,949.357177734375,364.3314437866211,169.91821939901772,3,0,True,2,0.31196770983533734,0.2286789145400178,804.0424041748047,307.3257255554199,381.9745635986328,436.9096260070801,995.0296859741211,525.78053855896,984.030612244898,623.4183673469388,98.25540816327391,0.11102236932880101,1.0,580.3400628373097,0.07363435923935238,True,10.020013316811053,3.3351893159620962,180.52442399979464,0.00125661809118206,False,True,True,False,VALID_TARGET,HUMAN_ACCEPTED_TARGET: operator reviewed the raw skeleton and confirmed that it belongs to the documented athlete.,True,1,TARGET_IDENTITY_UNCERTAIN,TARGET_OVERLAP_AMBIGUOUS: another detected person overlaps or is too close to the selected pose for automated identity acceptance.,ACCEPTED,True
90,90,90,3000.0,17,1.0,0.9610530138015747,4,6,0.9990347027778625,0.9957197606563568,False,,,,,True,,76.0,90.0,1037.0535583496094,497.9458541870117,944.8627853393555,354.6756248474121,170.36870969532413,4,0,True,3,0.23154739580650088,0.28084512966604663,784.5588035583496,305.1582221984863,381.72031021118164,419.81330490112305,975.4189586639404,515.0648746490479,980.3571428571429,623.5714285714287,108.61886533764073,0.1217974227992052,1.0,567.409557726801,0.07162745529947437,True,10.208569230588079,10.650558782861879,180.52442399979464,0.0024954534479330348,False,True,True,False,VALID_TARGET,HUMAN_ACCEPTED_TARGET: operator reviewed the raw skeleton and confirmed that it belongs to the documented athlete.,True,1,TARGET_IDENTITY_UNCERTAIN,TARGET_OVERLAP_AMBIGUOUS: another detected person overlaps or is too close to the selected pose for automated identity acceptance.,ACCEPTED,True
91,91,91,3033.333333333333,17,1.0,0.9676960706710815,4,6,0.9987119138240814,0.9957600235939026,False,,,,,False,,,,1035.1607208251953,503.65203857421875,943.8157424926758,349.33658599853516,179.3241867964456,4,0,True,3,0.22064821906965618,0.27751760532579384,778.7522773742676,299.58342361450195,376.8636589050293,434.2474174499512,967.1841068267822,516.7071323394775,984.4211822660097,622.9433497536945,107.62551119589816,0.12117800641939322,1.0,574.9756838034443,0.041911924763443055,True,6.0119359739301315,5.440738419791972,180.52442399979464,0.049608118960854,False,True,True,False,TARGET_IDENTITY_UNCERTAIN,TARGET_OVERLAP_AMBIGUOUS: another detected person overlaps or is too close to the selected pose for automated identity acceptance.,False,,TARGET_IDENTITY_UNCERTAIN,TARGET_OVERLAP_AMBIGUOUS: another detected person overlaps or is too close to the selected pose for automated identity acceptance.,NOT_REVIEWED,False
92,92,92,3066.666666666667,17,1.0,0.9649370908737183,4,6,0.9981785416603088,0.9932850003242493,False,,,,,False,,,,1024.8946533203125,496.41844940185547,939.0290908813477,346.53462982177734,172.73695083818396,5,0,True,4,0.37187124764538076,0.19851935693424783,793.7271614074707,302.48519134521484,338.0236930847168,415.9685745239258,962.7390079498291,510.46947860717773,988.4852216748768,622.3152709359606,114.770853368044,0.12975238495139005,1.0,535.9942836244595,0.21593421718398148,True,12.558541090801198,5.546439584517386,180.52442399979464,0.03648944454335511,False,True,True,False,TARGET_IDENTITY_UNCERTAIN,TARGET_OVERLAP_AMBIGUOUS: another detected person overlaps or is too close to the selected pose for automated identity acceptance.,False,,TARGET_IDENTITY_UNCERTAIN,TARGET_OVERLAP_AMBIGUOUS: another detected person overlaps or is too close to the selected pose for automated identity acceptance.,NOT_REVIEWED,False
93,93,93,3100.0,17,1.0,0.936846911907196,4,6,0.9924579858779907,0.9932202994823456,False,,,,,False,,,,1016.5996551513672,493.3013381958008,936.1325607299805,339.01612091064453,174.00828014019402,4,0,True,3,0.24753025648812746,0.22799076032938986,818.5105438232422,278.91797828674316,314.0475616455078,433.59569358825684,975.5343246459961,495.7158250808716,992.5492610837437,621.6871921182267,127.11527593189035,0.14429654559003846,1.0,535.3793948909228,0.0034061248883279,True,8.861341709567338,8.057162227767462,180.52442399979464,0.007042422702933015,False,True,True,False,TARGET_IDENTITY_UNCERTAIN,TARGET_OVERLAP_AMBIGUOUS: another detected person overlaps or is too close to the selected pose for automated identity acceptance.,False,,TARGET_IDENTITY_UNCERTAIN,TARGET_OVERLAP_AMBIGUOUS: another detected person overlaps or is too close to the selected pose for automated identity acceptance.,NOT_REVIEWED,False
94,94,94,3133.3333333333335,17,1.0,0.9601191282272339,4,6,0.9925409555435181,0.9970159828662872,False,,,,,True,,94.0,100.0,1009.8541412353516,486.62213134765625,931.729736328125,331.7452964782715,173.4654335055459,4,0,True,3,0.38495214350774193,0.21332312354193075,810.5733871459961,284.6009864807129,316.5755081176758,410.66543197631836,968.861141204834,489.93370246887207,996.6133004926108,621.0591133004925,134.03005525215374,0.15276856148964452,1.0,518.5230461226007,0.09337433902207729,True,9.492826876724406,8.499985331750096,180.52442399979464,0.00300705368625769,False,True,True,False,VALID_TARGET,HUMAN_ACCEPTED_TARGET: operator reviewed the raw skeleton and confirmed that it belongs to the documented athlete.,True,2,TARGET_IDENTITY_UNCERTAIN,TARGET_OVERLAP_AMBIGUOUS: another detected person overlaps or is too close to the selected pose for automated identity acceptance.,ACCEPTED,True
95,95,95,3166.6666666666665,17,1.0,0.857089102268219,4,6,0.9700572192668915,0.9960995316505432,False,,,,,True,,94.0,100.0,1012.6094284057617,483.51318359375,939.4865798950195,332.1365852355957,168.11253821417043,3,0,True,2,0.3031958865274395,0.24050611402594477,830.6097259521484,277.9422950744629,301.3889617919922,409.86095809936523,981.3042068481445,482.8727741241455,1000.6773399014778,620.4310344827586,138.91577763951128,0.15898493744283088,1.0,508.7448390541024,0.05416556304043071,True,4.154174229368037,7.7667064456487225,180.52442399979464,0.029651917301680743,False,True,True,False,VALID_TARGET,HUMAN_ACCEPTED_TARGET: operator reviewed the raw skeleton and confirmed that it belongs to the documented athlete.,True,2,TARGET_IDENTITY_UNCERTAIN,TARGET_OVERLAP_AMBIGUOUS: another detected person overlaps or is too close to the selected pose for automated identity acceptance.,ACCEPTED,True
96,96,96,3200.0,17,1.0,0.8819587826728821,4,6,0.9788909256458282,0.9934946596622467,False,,,,,True,,94.0,100.0,1022.4983291625977,478.84789276123047,948.3053894042969,319.05601501464844,176.17615191551172,3,0,True,2,0.2645133593591193,0.24530207211431304,855.5183639526367,270.82360649108887,283.2111282348633,481.93176460266113,997.1239280700684,511.78948879241943,1004.7413793103449,619.8029556650247,108.28173709927904,0.12443171874744888,1.0,558.9872707755508,0.2783137628042261,True,10.934134475601677,15.775700252795529,180.52442399979464,0.044667715994764615,False,True,True,False,VALID_TARGET,HUMAN_ACCEPTED_TARGET: operator reviewed the raw skeleton and confirmed that it belongs to the documented athlete.,True,2,TARGET_IDENTITY_UNCERTAIN,TARGET_OVERLAP_AMBIGUOUS: another detected person overlaps or is too close to the selected pose for automated identity acceptance.,ACCEPTED,True
97,97,97,3233.3333333333335,17,1.0,0.9045725464820862,4,6,0.9718013107776642,0.9950548410415649,False,,,,,True,,94.0,100.0,1014.4273529052734,478.19063568115234,945.7772827148438,320.5725269317627,171.91945888376145,3,0,True,2,0.2313890792668041,0.25855950309407216,848.9221725463867,278.1689281463623,285.3972854614258,491.9069995880127,991.6208152770996,524.1224279403687,1008.8054187192118,619.1748768472905,96.59336746726272,0.1114534178932461,1.0,568.703883222571,0.05382436476867683,True,8.097693783763626,2.9480725615234102,180.52442399979464,0.023579596253164702,False,True,True,False,VALID_TARGET,HUMAN_ACCEPTED_TARGET: operator reviewed the raw skeleton and confirmed that it belongs to the documented athlete.,True,2,TARGET_IDENTITY_UNCERTAIN,TARGET_OVERLAP_AMBIGUOUS: another detected person overlaps or is too close to the selected pose for automated identity acceptance.,ACCEPTED,True
98,98,98,3266.6666666666665,17,1.0,0.9206316471099854,4,6,0.9812785387039185,0.9967374503612518,False,,,,,True,,94.0,100.0,1005.6863403320312,489.61192321777344,948.5693740844727,325.07798767089844,174.16590877628138,3,0,True,2,0.19201113286842886,0.2658626622052308,881.7411422729492,276.776424407959,273.41239166259766,505.431827545166,1018.447338104248,529.492338180542,1012.8694581280788,618.5467980295566,89.22897267159533,0.10337624294634509,1.0,574.6439490765636,0.03290449969251431,True,14.382319347023078,5.300467025484624,180.52442399979464,0.012444021937566128,False,True,True,False,VALID_TARGET,HUMAN_ACCEPTED_TARGET: operator reviewed the raw skeleton and confirmed that it belongs to the documented athlete.,True,2,TARGET_IDENTITY_UNCERTAIN,TARGET_OVERLAP_AMBIGUOUS: another detected person overlaps or is too close to the selected pose for automated identity acceptance.,ACCEPTED,True
99,99,99,3300.0,17,1.0,0.9431086182594299,4,6,0.9875167310237885,0.9974886178970337,False,,,,,True,,94.0,100.0,1015.3740234375,483.9447937011719,970.724494934082,312.30763053894043,177.34964385066013,3,0,True,2,0.2361266039953052,0.24625037630695115,869.6592559814453,265.7248258590698,287.3278350830078,521.5829133987427,1013.3231735229492,526.5162825584412,1016.9334975369458,617.9187192118227,91.47371133643514,0.10640899281312279,1.0,595.4880522420315,0.11546417212493987,True,11.22352711539119,25.572082456040743,180.52442399979464,0.01763603507956556,False,True,True,False,VALID_TARGET,HUMAN_ACCEPTED_TARGET: operator reviewed the raw skeleton and confirmed that it belongs to the documented athlete.,True,2,TARGET_IDENTITY_UNCERTAIN,TARGET_OVERLAP_AMBIGUOUS: another detected person overlaps or is too close to the selected pose for automated identity acceptance.,ACCEPTED,True
100,100,100,3333.3333333333335,17,1.0,0.9315656423568726,4,6,0.9819537997245789,0.9954400360584259,False,,,,,True,,94.0,100.0,1009.3240966796875,472.7914047241211,959.6022720336914,307.76145935058594,172.35760127165608,4,0,True,3,0.4856945457788139,0.1680214541961136,825.6730155944824,263.2449994087219,298.0653266906738,451.0489459037781,974.7056789398193,488.76947236061096,1020.9975369458127,617.2906403940888,136.603904594036,0.15955506052016938,1.0,540.6367454919499,0.30384424187468373,True,12.68856569704762,12.015469808534252,180.52442399979464,0.027653003778645092,False,True,True,False,VALID_TARGET,HUMAN_ACCEPTED_TARGET: operator reviewed the raw skeleton and confirmed that it belongs to the documented athlete.,True,2,TARGET_IDENTITY_UNCERTAIN,TARGET_OVERLAP_AMBIGUOUS: another detected person overlaps or is too close to the selected pose for automated identity acceptance.,ACCEPTED,True
101,101,101,3366.6666666666665,17,1.0,0.9126831889152527,4,6,0.9739349186420441,0.9940758347511292,False,,,,,False,,,,1023.3169326782227,465.79808044433594,964.2606582641602,295.4162540435791,180.3263993854663,3,0,True,2,0.40923197676308193,0.1862579574139775,866.3861389160156,257.0,292.97308349609375,497.6457214355469,1012.8726806640625,505.82286071777344,1025.0615763546798,616.6625615763546,111.50788521255576,0.13077254681757286,1.0,577.4811613518791,0.2040965706666435,True,15.643082936689108,13.194872350438658,180.52442399979464,0.04414249295053435,False,True,True,False,TARGET_IDENTITY_UNCERTAIN,TARGET_OVERLAP_AMBIGUOUS: another detected person overlaps or is too close to the selected pose for automated identity acceptance.,False,,TARGET_IDENTITY_UNCERTAIN,TARGET_OVERLAP_AMBIGUOUS: another detected person overlaps or is too close to the selected pose for automated identity acceptance.,NOT_REVIEWED,False
102,102,102,3400.0,17,1.0,0.9019145369529724,4,6,0.9763338565826416,0.9949702322483063,False,,,,,False,,,,1035.1409301757812,461.58885192871094,975.5120468139648,299.20623207092285,172.98473621350533,3,0,True,2,0.4241576958489468,0.17969856383537555,858.9267234802246,258.63672959804535,302.4358558654785,479.8844190835953,1010.1446514129639,498.578939139843,1029.1256157635469,616.0344827586207,118.97933322413895,0.14010189067644313,1.0,567.2358438888398,0.05675308213724578,True,12.550877320690475,11.872559864933276,180.52442399979464,0.04066853121198333,False,True,True,False,TARGET_IDENTITY_UNCERTAIN,TARGET_OVERLAP_AMBIGUOUS: another detected person overlaps or is too close to the selected pose for automated identity acceptance.,False,,TARGET_IDENTITY_UNCERTAIN,TARGET_OVERLAP_AMBIGUOUS: another detected person overlaps or is too close to the selected pose for automated identity acceptance.,NOT_REVIEWED,False
103,103,103,3433.333333333333,17,1.0,0.9121047258377075,4,6,0.9826362431049347,0.9930959939956665,False,,,,,False,,,,1020.1317901611328,465.42830657958984,973.1547317504883,307.40476417541504,164.85837549509318,2,0,True,1,0.4293948328798115,0.17959916621938768,845.5964279174805,266.2080078125,313.78443145751953,458.2073974609375,1002.4886436462402,495.31170654296875,1033.1896551724137,615.4064039408868,123.95680074859844,0.14655547563587756,1.0,555.3509597660243,0.06583532499086668,True,15.49243996262295,8.530701200773745,180.52442399979464,0.04501529786585215,False,True,True,False,TARGET_IDENTITY_UNCERTAIN,TARGET_OVERLAP_AMBIGUOUS: another detected person overlaps or is too close to the selected pose for automated identity acceptance.,False,,TARGET_IDENTITY_UNCERTAIN,TARGET_OVERLAP_AMBIGUOUS: another detected person overlaps or is too close to the selected pose for automated identity acceptance.,NOT_REVIEWED,False
104,104,104,3466.666666666667,17,1.0,0.9275553822517395,4,6,0.9799563586711884,0.9916425347328186,False,,,,,False,,,,1038.9892349243164,470.05426025390625,979.533935546875,299.1930847167969,180.91012666510431,3,0,True,2,0.398711116641824,0.18913084495744753,879.3118362426758,257.51198422908783,292.88668060302734,480.4011627435684,1025.7551765441895,497.71256560087204,1037.2536945812808,614.7783251231527,117.62911191358101,0.13963790481644206,1.0,562.6436570690478,0.04039728886231917,True,19.41655660495552,10.398361438559743,180.52442399979464,0.08891733768960476,False,True,True,False,TARGET_IDENTITY_UNCERTAIN,TARGET_OVERLAP_AMBIGUOUS: another detected person overlaps or is too close to the selected pose for automated identity acceptance.,False,,TARGET_IDENTITY_UNCERTAIN,TARGET_OVERLAP_AMBIGUOUS: another detected person overlaps or is too close to the selected pose for automated identity acceptance.,NOT_REVIEWED,False
105,105,105,3500.0,17,1.0,0.9248484969139099,4,6,0.9860905706882477,0.9936235249042511,False,,,,,False,,,,1046.1783828735352,481.4219284057617,998.0202178955078,306.0231533050537,181.88990945316246,5,0,True,4,0.32221836835942447,0.21009914391187492,892.9476852416992,261.7811870574951,298.8156204223633,475.6008014678955,1042.3554954528809,499.58158779144287,1041.3177339901479,614.1502463054187,114.57335843268949,0.1365609027564595,1.0,561.6822031765885,0.005325893699903993,True,13.450194327461045,19.707675458908536,180.52442399979464,0.005427425089356661,False,True,True,False,TARGET_IDENTITY_UNCERTAIN,TARGET_OVERLAP_AMBIGUOUS: another detected person overlaps or is too close to the selected pose for automated identity acceptance.,False,,TARGET_IDENTITY_UNCERTAIN,TARGET_OVERLAP_AMBIGUOUS: another detected person overlaps or is too close to the selected pose for automated identity acceptance.,NOT_REVIEWED,False
106,106,106,3533.333333333333,17,1.0,0.9291053414344788,4,6,0.9865173101425171,0.9956528842449188,False,,,,,True,,106.0,117.0,1051.448631286621,495.8067932128906,1010.8209838867188,319.6405830383301,180.79031871347047,4,0,True,3,0.28522619710747354,0.22318770000057148,902.1702346801758,266.1872959136963,295.87691497802734,478.89317893981934,1050.1086921691895,505.63388538360596,1045.3817733990147,613.5221674876848,107.99178291161381,0.1292364178943858,1.0,562.9225751841905,0.006870937350856202,True,15.319916901047819,18.689408832343034,180.52442399979464,0.006091091251415605,False,True,True,False,VALID_TARGET,HUMAN_ACCEPTED_TARGET: operator reviewed the raw skeleton and confirmed that it belongs to the documented athlete.,True,3,TARGET_IDENTITY_UNCERTAIN,TARGET_OVERLAP_AMBIGUOUS: another detected person overlaps or is too close to the selected pose for automated identity acceptance.,ACCEPTED,True
107,107,107,3566.666666666667,17,1.0,0.9107392430305481,4,6,0.9899240136146545,0.9883286952972412,False,,,,,True,,106.0,117.0,1060.8872909545898,496.9000473022461,1024.0465621948242,321.30431365966797,179.41878655543812,3,0,True,2,0.3411696389737449,0.2020646392495876,895.9760093688965,266.56316566467285,326.1587257385254,483.0687313079834,1059.0553722381592,508.09753131866455,1049.4458128078818,612.8940886699507,105.23622030995531,0.1264468338913326,1.0,582.8678353991437,0.1104851065193036,True,9.501763038069956,13.329813245661294,180.52442399979464,0.0075974880719404045,False,True,True,False,VALID_TARGET,HUMAN_ACCEPTED_TARGET: operator reviewed the raw skeleton and confirmed that it belongs to the documented athlete.,True,3,TARGET_IDENTITY_UNCERTAIN,TARGET_OVERLAP_AMBIGUOUS: another detected person overlaps or is too close to the selected pose for automated identity acceptance.,ACCEPTED,True
108,108,108,3600.0,17,1.0,0.832268238067627,4,6,0.9762521088123322,0.9719900488853455,False,,,,,True,,106.0,117.0,1071.1262969970703,495.50233459472656,1026.8330001831055,326.253454208374,174.948791521073,2,0,True,1,0.2882776182145917,0.21011198351010446,915.2999420166016,274.01849937438965,306.6673126220703,468.816125869751,1068.6335983276367,508.42656230926514,1053.5098522167486,612.2660098522168,104.93502066732545,0.12659266807951103,1.0,560.208354548881,0.1255203054977676,True,10.333965625582133,5.679632807971245,180.52442399979464,0.024761164917885083,False,True,True,False,VALID_TARGET,HUMAN_ACCEPTED_TARGET: operator reviewed the raw skeleton and confirmed that it belongs to the documented athlete.,True,3,TARGET_IDENTITY_UNCERTAIN,TARGET_OVERLAP_AMBIGUOUS: another detected person overlaps or is too close to the selected pose for automated identity acceptance.,ACCEPTED,True
109,109,109,3633.3333333333335,17,1.0,0.9141702651977539,4,6,0.9909594655036926,0.985702246427536,False,,,,,True,,106.0,117.0,1078.5231094360352,500.9367446899414,1048.7499465942383,347.7278938293457,156.07496021985207,3,0,True,2,0.3004130718428804,0.20718309133878943,910.6321067810059,290.7004203796387,308.90658950805664,437.5727424621582,1065.0854015350342,509.4867916107178,1057.573891625616,611.6379310344828,102.42694014121855,0.12406359378496117,1.0,535.6241088555977,0.13618237991614493,True,9.178542767792612,30.68393874689535,180.52442399979464,0.10455001535549777,False,True,True,False,VALID_TARGET,HUMAN_ACCEPTED_TARGET: operator reviewed the raw skeleton and confirmed that it belongs to the documented athlete.,True,3,TARGET_IDENTITY_UNCERTAIN,TARGET_OVERLAP_AMBIGUOUS: another detected person overlaps or is too close to the selected pose for automated identity acceptance.,ACCEPTED,True
110,110,110,3666.6666666666665,17,1.0,0.9544185400009155,4,6,0.9969143271446228,0.9937512576580048,False,,,,,True,,106.0,117.0,1083.1289520263672,507.76619720458984,1051.1725463867188,359.1196479797363,152.04278495825625,3,0,True,2,0.22887692069188348,0.2295024083652813,910.3532028198242,296.55150604248047,315.6763381958008,429.01016998291016,1068.1913719177246,511.05659103393555,1061.6379310344828,611.0098522167488,100.16786914220457,0.12181397954408921,1.0,532.6361576587484,0.01655150660861646,True,8.237427245005223,11.646503869293499,180.52442399979464,0.022335898778995198,False,True,True,False,VALID_TARGET,HUMAN_ACCEPTED_TARGET: operator reviewed the raw skeleton and confirmed that it belongs to the documented athlete.,True,3,TARGET_IDENTITY_UNCERTAIN,TARGET_OVERLAP_AMBIGUOUS: another detected person overlaps or is too close to the selected pose for automated identity acceptance.,ACCEPTED,True
111,111,111,3700.0,17,1.0,0.9483834505081177,4,6,0.9968179762363434,0.992042601108551,False,,,,,True,,106.0,117.0,1093.650749206543,513.2651519775391,1060.167709350586,365.6961860656738,151.3199050300153,3,0,True,2,0.20930442830610196,0.23893886427606542,915.7305603027344,298.2062225341797,311.2733154296875,418.03001403808594,1071.3672180175781,507.22122955322266,1065.7019704433496,610.3817733990148,103.31598538772649,0.12614528962581406,1.0,521.1911065389279,0.06339890673094475,True,11.87209836110264,11.142881581633828,180.52442399979464,0.004004333110304117,False,True,True,False,VALID_TARGET,HUMAN_ACCEPTED_TARGET: operator reviewed the raw skeleton and confirmed that it belongs to the documented athlete.,True,3,TARGET_IDENTITY_UNCERTAIN,TARGET_OVERLAP_AMBIGUOUS: another detected person overlaps or is too close to the selected pose for automated identity acceptance.,ACCEPTED,True
112,112,112,3733.3333333333335,17,1.0,0.947218656539917,4,6,0.9953216910362244,0.994886964559555,False,,,,,True,,106.0,117.0,1109.5028991699219,519.1741638183594,1075.1258087158203,367.25902557373047,155.75619915744667,2,0,True,1,0.09248448570189238,0.31915849069995744,937.5156097412109,308.40995025634766,294.35633850097656,417.16951751708984,1084.6937789916992,516.9947090148926,1069.7660098522167,609.7536945812808,93.95247572462955,0.11517086911619756,1.0,510.56445270028644,0.058865463205430575,True,16.917655848148954,15.039521400236369,180.52442399979464,0.024574481552902934,False,True,True,False,VALID_TARGET,HUMAN_ACCEPTED_TARGET: operator reviewed the raw skeleton and confirmed that it belongs to the documented athlete.,True,3,TARGET_IDENTITY_UNCERTAIN,TARGET_OVERLAP_AMBIGUOUS: another detected person overlaps or is too close to the selected pose for automated identity acceptance.,ACCEPTED,True
113,113,113,3766.6666666666665,17,1.0,0.9533990025520325,4,6,0.9974884688854218,0.9945516288280487,False,,,,,True,,106.0,117.0,1122.0889358520508,521.9708251953125,1082.7601852416992,378.9043426513672,148.3737478534132,2,0,True,1,0.07617612421102975,0.3205953132539166,951.8900985717773,317.1056251525879,282.66663360595703,411.5906639099121,1093.2234153747559,522.900957107544,1073.8300492610838,609.1256157635468,88.37869884515797,0.10876991571781314,1.0,499.30681987323845,0.062360718719483586,True,12.893007183013424,13.924694423131456,180.52442399979464,0.04089447366990009,False,True,True,False,VALID_TARGET,HUMAN_ACCEPTED_TARGET: operator reviewed the raw skeleton and confirmed that it belongs to the documented athlete.,True,3,TARGET_IDENTITY_UNCERTAIN,TARGET_OVERLAP_AMBIGUOUS: another detected person overlaps or is too close to the selected pose for automated identity acceptance.,ACCEPTED,True
114,114,114,3800.0,17,1.0,0.9402721524238586,4,6,0.9957501888275146,0.9911523163318634,False,,,,,True,,106.0,117.0,1140.940200805664,536.6557922363281,1092.3778839111328,389.8042678833008,154.67277985144204,3,0,True,2,0.15004159711372667,0.24763965857801495,969.6291961669922,321.79039764404297,258.16456604003906,412.4351272583008,1098.7114791870117,528.0079612731934,1077.8940886699506,608.4975369458127,83.13805109514021,0.10272673021218595,1.0,486.57134867890903,0.07054708117691548,True,23.895992286302814,14.536454098498965,180.52442399979464,0.034892962727503384,False,True,True,False,VALID_TARGET,HUMAN_ACCEPTED_TARGET: operator reviewed the raw skeleton and confirmed that it belongs to the documented athlete.,True,3,TARGET_IDENTITY_UNCERTAIN,TARGET_OVERLAP_AMBIGUOUS: another detected person overlaps or is too close to the selected pose for automated identity acceptance.,ACCEPTED,True
115,115,115,3833.3333333333335,17,1.0,0.9472068548202515,4,6,0.9962544441223145,0.9863366186618805,False,,,,,True,,106.0,117.0,1157.650894165039,532.0667724609375,1104.0413818359375,393.5759963989258,148.50479745254822,1,0,False,0,0.0,,990.8370742797852,326.9026412963867,233.1601791381836,416.68619537353516,1107.417163848877,535.2457389831543,1081.9581280788177,607.8694581280788,76.95691706911101,0.09546609806075236,1.0,477.4840882695692,0.0503381216125645,True,17.32935010466307,12.258185829783379,180.52442399979464,0.03416702439610522,False,False,False,False,VALID_TARGET,,True,3,VALID_TARGET,,ACCEPTED,False
116,116,116,3866.6666666666665,17,1.0,0.9407474994659424,4,6,0.9962220191955566,0.9870584011077881,False,,,,,True,,106.0,117.0,1162.6495666503906,538.9954071044922,1110.6610641479492,400.32006072998047,148.10015558579659,1,0,False,0,0.0,,1001.0931549072266,337.10977935791016,219.3922576904297,409.15013885498047,1110.7892837524414,541.6848487854004,1086.0221674876848,607.2413793103449,70.07901784799749,0.08727756767821625,1.0,464.2594090156426,0.0732570084474646,True,8.543576805979855,9.45000516472689,180.52442399979464,0.0022414798938901054,False,False,False,False,VALID_TARGET,,True,3,VALID_TARGET,,ACCEPTED,False
117,117,117,3900.0,17,1.0,0.9602402448654175,4,6,0.9970928728580475,0.9938505589962006,False,,,,,True,,106.0,117.0,1175.5897216796875,552.4280242919922,1127.0533294677734,409.81571197509766,150.64545460557454,1,0,False,0,0.0,,999.3204879760742,346.5764465332031,228.1949234008789,410.12451171875,1113.4179496765137,551.6387023925781,1090.0862068965516,606.6133004926108,59.72082264512464,0.07467040990745281,1.0,469.3346760878383,0.028114018921902316,True,18.651616999288766,18.94396354737855,180.52442399979464,0.014099471768877393,False,False,False,False,VALID_TARGET,,True,3,VALID_TARGET,,ACCEPTED,False
118,118,118,3933.333333333333,17,1.0,0.9645152688026428,4,6,0.9967360198497772,0.994447648525238,False,,,,,False,,,,1179.5255889892578,558.9251708984375,1136.9466857910156,409.8119583129883,155.0732509658537,1,0,False,0,0.0,,1012.5243530273438,355.42700958251953,211.31704711914062,412.27001190185547,1118.182876586914,561.5620155334473,1094.1502463054187,605.9852216748768,50.50731196699139,0.06339863665362148,1.0,463.2725516547566,0.03358063301777154,True,7.596312625490613,9.893357035335145,180.52442399979464,0.024527408880053798,False,False,False,False,VALID_TARGET,,True,3,VALID_TARGET,,NOT_REVIEWED,False
119,119,119,3966.666666666667,17,1.0,0.976479709148407,4,6,0.9966653883457184,0.9959815144538879,False,,,,,False,,,,1194.733169555664,559.8132629394531,1144.0265884399414,414.0485305786133,154.3324806016952,1,0,False,0,0.0,,1013.4727401733398,360.1691589355469,221.68048858642578,435.0568542480469,1124.3129844665527,577.6975860595703,1098.2142857142858,605.3571428571429,38.02884640374625,0.04792214803552631,1.0,488.27933137510826,0.13852297194079444,True,15.233489887647293,8.250670644264577,180.52442399979464,0.004103435688897895,False,False,False,False,VALID_TARGET,,True,3,VALID_TARGET,,NOT_REVIEWED,False
120,120,120,4000.0,17,1.0,0.9516246914863586,4,6,0.9947749376296997,0.9871509373188019,False,,,,,False,,,,1203.8162689208984,564.9865112304688,1137.1960830688477,412.3798294067383,166.51440928703767,1,0,False,0,0.0,,1029.3595428466797,365.4185791015625,220.2145233154297,410.70166015625,1139.4668045043945,570.7694091796875,1107.0,607.9285714285714,49.34467280026745,0.06135275903132722,1.0,466.0153322951315,0.12332956719475309,True,10.452999184885513,7.031384445865378,180.52442399979464,0.06748077858626107,False,False,False,False,VALID_TARGET,,True,3,VALID_TARGET,,NOT_REVIEWED,False
121,121,121,4033.333333333333,17,1.0,0.948542594909668,4,6,0.990705281496048,0.9892114996910095,False,,,,,False,,,,1218.9114227294922,569.997802734375,1149.7642211914062,420.7744827270508,164.46560343900777,1,0,False,0,0.0,,1009.5803070068359,371.1520233154297,267.48753356933594,447.86024475097656,1143.324073791504,595.082145690918,1115.7857142857142,610.5,31.560600053962798,0.03871947612861475,1.0,521.6592560699094,0.30823487781820136,True,15.905241621623526,15.11384465435398,180.52442399979464,0.011349189226784243,False,False,False,False,VALID_TARGET,,True,3,VALID_TARGET,,NOT_REVIEWED,False
122,122,122,4066.6666666666665,17,1.0,0.9724012613296509,4,6,0.9966217875480652,0.9982248246669769,False,,,,,False,,,,1218.8903045654297,586.8628692626953,1153.0110244750977,426.15897369384766,173.68310682453694,1,0,False,0,0.0,,1016.2722015380859,371.6586227416992,269.94895935058594,457.30286407470703,1151.246681213379,600.3100547790527,1124.5714285714284,613.0714285714286,29.57062333770835,0.03579787696958524,1.0,531.0351684638168,0.051937085221876324,True,16.8650797502272,6.287644593526772,180.52442399979464,0.05105959172338728,False,False,False,False,VALID_TARGET,,True,3,VALID_TARGET,,NOT_REVIEWED,False
123,123,123,4100.0,17,1.0,0.9712560176849365,4,6,0.9961976110935211,0.9985548555850983,False,,,,,False,,,,1223.7951202392578,586.7857818603516,1153.5863342285156,423.72564697265625,177.53276098426335,1,0,False,0,0.0,,1005.1454849243164,369.06040954589844,297.41918182373047,474.82423400878906,1153.8550758361816,606.472526550293,1133.357142857143,615.6428571428571,22.455739123664628,0.02682632226336639,1.0,560.2822707517439,0.16201188537214414,True,4.905421415314912,2.500412014937131,180.52442399979464,0.021324838348359954,False,False,False,False,VALID_TARGET,,True,3,VALID_TARGET,,NOT_REVIEWED,False
124,124,124,4133.333333333334,17,1.0,0.9833734035491943,4,6,0.9971906840801239,0.9972143769264221,False,,,,,False,,,,1222.3288269042969,578.9453735351562,1153.8050537109375,421.2305679321289,171.95774887761138,1,0,False,0,0.0,,998.8171844482422,366.28709411621094,322.7610321044922,471.11720275878906,1160.1977005004883,601.8456954956055,1142.142857142857,618.2142857142857,24.370230085406895,0.028731404546059137,1.0,571.0745157861827,0.0597827418324906,True,7.976341194428861,2.504647206787763,180.52442399979464,0.030882314886423956,False,False,False,False,VALID_TARGET,,True,3,VALID_TARGET,,NOT_REVIEWED,False
125,125,125,4166.666666666667,17,1.0,0.9803126454353333,4,6,0.9979712069034576,0.9983606338500977,False,,,,,False,,,,1229.3590698242188,583.0623779296875,1154.4696350097656,419.8917541503906,179.53573435768453,1,0,False,0,0.0,,985.2091102600098,365.9328918457031,345.82653427124023,492.5423889160156,1158.1223773956299,612.2040863037109,1146.642857142857,615.4285714285714,11.923786712041899,0.014026114475217084,1.0,601.8255533667151,0.17034280957222375,True,8.147026494230964,1.4946874739973022,180.52442399979464,0.04197761894025915,False,False,False,False,VALID_TARGET,,True,3,VALID_TARGET,,NOT_REVIEWED,False
126,126,126,4200.0,17,1.0,0.9840161800384521,4,6,0.9976138174533844,0.9982951283454895,False,,,,,False,,,,1225.5106506347656,578.0308380126953,1149.5746459960938,416.4346466064453,178.5486092846701,1,0,False,0,0.0,,984.5483322143555,364.1872024536133,356.6653518676758,497.9413375854492,1162.8810081481934,613.1578712463379,1151.142857142857,612.6428571428571,11.749443754955402,0.013787242266332923,1.0,612.4995909380506,0.05912794144324547,True,6.334565825219341,5.992704732787353,180.52442399979464,0.005468097064891055,False,False,False,False,VALID_TARGET,,True,3,VALID_TARGET,,NOT_REVIEWED,False
127,127,127,4233.333333333333,17,1.0,0.9839283227920532,4,6,0.9977724254131317,0.9981056749820709,False,,,,,False,,,,1217.099624633789,573.6732177734375,1144.7960739135742,411.7931671142578,177.29341287303728,1,0,False,0,0.0,,976.1785926818848,360.5266418457031,379.4810447692871,496.5680236816406,1165.9191150665283,608.8106536865234,1155.642857142857,609.8571428571429,10.329405428098905,0.012088840154684321,1.0,624.9685315936156,0.06907065747280375,True,9.472814393763509,6.661687700893234,180.52442399979464,0.006953055901367958,False,False,False,False,VALID_TARGET,,True,3,VALID_TARGET,,NOT_REVIEWED,False
128,128,128,4266.666666666667,17,1.0,0.9870774745941162,4,6,0.9983369708061218,0.9990094006061554,False,,,,,False,,,,1224.8735961914062,566.1435241699219,1140.6371231079102,405.19500732421875,181.6595950462792,1,0,False,0,0.0,,957.5425033569336,358.43519592285156,400.58817291259766,502.9744110107422,1157.8365898132324,609.9224014282227,1160.142857142857,607.0714285714286,3.667003575928296,0.0042794066957190435,1.0,643.0039987504404,0.09990596705543454,True,10.822703892348951,7.799524627746365,180.52442399979464,0.02418610222651585,False,False,False,False,VALID_TARGET,,True,3,VALID_TARGET,,NOT_REVIEWED,False
129,129,129,4300.0,17,1.0,0.9894144535064697,4,6,0.9987509846687317,0.9987121224403381,False,,,,,False,,,,1211.9331359863281,559.1759185791016,1138.1140518188477,400.4762649536133,175.02810416666097,1,0,False,0,0.0,,966.4049987792969,356.73111724853516,380.4082946777344,483.02901458740234,1156.609146118164,598.2456245422363,1164.642857142857,604.2857142857142,10.051029645640364,0.011693941238343874,1.0,614.83940959644,0.15601539409444362,True,14.697041810801283,5.35092686268826,180.52442399979464,0.036734590991553503,False,False,False,False,VALID_TARGET,,True,3,VALID_TARGET,,NOT_REVIEWED,False
130,130,130,4333.333333333333,17,1.0,0.9827942848205566,4,6,0.9985546469688416,0.9983998835086823,False,,,,,False,,,,1208.8445892333984,559.6157989501953,1135.8180465698242,394.6843948364258,180.37528654539784,1,0,False,0,0.0,,958.2617607116699,353.7884826660156,381.84587478637695,478.7121276855469,1149.1846981048584,593.1445465087891,1156.9419642857142,605.0223214285714,14.18649765254486,0.016473397452635027,1.0,612.349224939982,0.0137941703470593,True,3.119714055150903,6.230361109752205,180.52442399979464,0.029620271098291708,False,False,False,False,VALID_TARGET,,True,3,VALID_TARGET,,NOT_REVIEWED,False
131,131,131,4366.666666666666,17,1.0,0.9884157180786133,4,6,0.9991746842861176,0.9986069798469543,False,,,,,False,,,,1201.3096771240234,560.8014373779297,1133.8567581176758,393.7406005859375,180.16442343625323,1,0,False,0,0.0,,954.0393333435059,347.9227828979492,381.01404190063477,485.2710647583008,1144.5463542938232,590.5583152770996,1149.2410714285716,605.7589285714286,15.909085878799866,0.018437094616817307,1.0,616.9762608213655,0.025631079600557057,True,7.62762341606653,2.1765569093836143,180.52442399979464,0.0011680586176242348,False,False,False,False,VALID_TARGET,,True,3,VALID_TARGET,,NOT_REVIEWED,False
132,132,132,4400.0,17,1.0,0.9853496551513672,4,6,0.9989321827888489,0.9980774223804474,False,,,,,False,,,,1189.5450592041016,565.7779235839844,1131.9985427856445,391.24581146240234,183.77448058291506,1,0,False,0,0.0,,959.6297073364258,336.28160095214844,361.59053802490234,509.0357208251953,1140.424976348877,590.7994613647461,1141.5401785714284,606.4955357142857,15.735641899314368,0.018199223705556992,1.0,624.3917698570061,0.041077594218769393,True,12.773865889416543,3.1107775541020803,180.52442399979464,0.019997610664947683,False,False,False,False,VALID_TARGET,,True,3,VALID_TARGET,,NOT_REVIEWED,False
133,133,133,4433.333333333334,17,1.0,0.986339807510376,4,6,0.9985438883304596,0.9973970353603363,False,,,,,False,,,,1178.0986633300781,567.1574096679688,1124.4607849121094,390.62137603759766,184.50472398051036,1,0,False,0,0.0,,982.0700073242188,328.82198333740234,324.9017028808594,525.1102066040039,1144.5208587646484,591.3770866394043,1133.8392857142856,607.2321428571429,19.117500111099513,0.022064939716263745,1.0,617.4964336857192,0.03819613999319411,True,11.529222018886067,7.563578079176036,180.52442399979464,0.004045122435045869,False,False,False,False,VALID_TARGET,,True,3,VALID_TARGET,,NOT_REVIEWED,False
134,134,134,4466.666666666667,17,1.0,0.9706748723983765,4,6,0.9989090263843536,0.9969687163829803,False,,,,,False,,,,1174.6155853271484,568.2962646484375,1127.751564025879,385.54046630859375,188.6688058990131,1,0,False,0,0.0,,976.2642593383789,305.59653091430664,298.63045501708984,547.7358665466309,1125.5794868469238,579.4644641876221,1126.1383928571427,607.96875,28.50976474125994,0.032836046328173975,1.0,623.8547332234506,0.03522127032372403,True,3.6645358561530186,6.053500710325252,180.52442399979464,0.02306658471048484,False,False,False,False,VALID_TARGET,,True,3,VALID_TARGET,,NOT_REVIEWED,False
135,135,135,4500.0,17,1.0,0.955673336982727,4,6,0.9989844858646393,0.9971895813941956,False,,,,,False,,,,1163.591079711914,569.1661834716797,1118.6545639038086,381.49007415771484,192.98086034682143,1,0,False,0,0.0,,970.9280014038086,301.58398818969727,286.7156753540039,547.1174278259277,1114.2858390808105,575.1427021026611,1118.4375,608.7053571428571,33.81845800350923,0.0388668358304464,1.0,617.6919607090267,0.03413816467532878,True,11.058774019725936,9.957966047182966,180.52442399979464,0.023886266203033153,False,False,False,False,VALID_TARGET,,True,3,VALID_TARGET,,NOT_REVIEWED,False
136,136,136,4533.333333333333,17,1.0,0.9717365503311157,4,6,0.9993117153644562,0.9981364607810974,False,,,,,False,,,,1157.1606521606445,566.6393585205078,1117.8705368041992,380.8680191040039,189.88076183048318,1,0,False,0,0.0,,964.3476409912109,302.83792877197266,272.16944885253906,542.0002059936523,1100.4323654174805,573.8380317687988,1110.736607142857,609.4419642857142,37.06504294080958,0.04250508277105091,1.0,606.4985013879725,0.062005234931905615,True,6.909069606393541,1.0008251509475599,180.52442399979464,0.017172737337424082,False,False,False,False,VALID_TARGET,,True,3,VALID_TARGET,,NOT_REVIEWED,False
137,137,137,4566.666666666666,17,1.0,0.9825958013534546,4,6,0.9984105825424194,0.99819615483284,False,,,,,False,,,,1155.5451583862305,567.6355133056641,1119.0311889648438,378.3821487426758,192.7436275504778,1,0,False,0,0.0,,953.5988693237305,316.64488983154297,266.0335159301758,522.995979309082,1086.6156272888184,578.142879486084,1103.0357142857142,610.1785714285714,35.99867796488622,0.04119048848407582,1.0,586.7696532470275,0.1092863098733249,True,1.8979316350069853,2.7434767889192067,180.52442399979464,0.015858606035479648,False,False,False,False,VALID_TARGET,,True,3,VALID_TARGET,,NOT_REVIEWED,False
138,138,138,4600.0,17,1.0,0.9867362380027771,4,6,0.9986332952976227,0.99900022149086,False,,,,,False,,,,1147.5456085205078,556.8032684326172,1111.697883605957,375.1384506225586,185.16793840055325,1,0,False,0,0.0,,956.9738082885742,315.2782669067383,253.21173858642578,522.2592086791992,1083.579677581787,576.4078712463379,1095.3348214285713,610.9151785714286,36.45459731895066,0.04161788723612764,1.0,580.4057766840228,0.03525216379037921,True,13.465894958889056,8.018662293745038,180.52442399979464,0.04196489861080058,False,False,False,False,VALID_TARGET,,True,3,VALID_TARGET,,NOT_REVIEWED,False
139,139,139,4633.333333333334,17,1.0,0.9837921857833862,4,6,0.9984039664268494,0.9985620677471161,False,,,,,False,,,,1142.7237930297852,547.26220703125,1112.291618347168,369.1700439453125,180.67356145419143,1,0,False,0,0.0,,965.0184783935547,309.6292266845703,242.4357147216797,518.3582000732422,1086.2363357543945,568.8083267211914,1087.6339285714284,611.6517857142857,42.86624831000695,0.04882520538903956,1.0,572.2502069512802,0.04517709876615855,True,10.690264603424547,5.997866221242066,180.52442399979464,0.02489622648715355,False,False,False,False,VALID_TARGET,,True,3,VALID_TARGET,,NOT_REVIEWED,False
140,140,140,4666.666666666667,17,1.0,0.9846828579902649,4,6,0.9990229606628418,0.9987933337688446,False,,,,,False,,,,1135.3346328735352,546.6988830566406,1106.0912170410156,373.2279052734375,175.9186104498731,1,0,False,0,0.0,,937.3272171020508,306.26342010498047,255.99983978271484,521.8584060668945,1065.3271369934082,567.1926231384277,1079.9330357142858,612.3883928571429,47.49726179383042,0.053973657598073786,1.0,581.2676783990793,0.049951531477033254,True,7.410601980614141,7.410210180259941,180.52442399979464,0.026339654762303655,False,False,False,False,VALID_TARGET,,True,3,VALID_TARGET,,NOT_REVIEWED,False
141,141,141,4700.0,17,1.0,0.9832804203033447,4,6,0.9988206624984741,0.9987518787384033,False,,,,,False,,,,1124.9180908203125,542.2436676025391,1102.243522644043,372.52491760253906,171.2267214646791,1,0,False,0,0.0,,916.3506393432617,311.82366943359375,267.13990020751953,512.9564208984375,1049.9205894470215,568.3018798828125,1072.232142857143,613.125,50.06912734023351,0.05676125796292463,1.0,578.3493892309548,0.016165619606839505,True,11.329311236303003,3.9113864342365843,180.52442399979464,0.02599032796359657,False,False,False,False,VALID_TARGET,,True,3,VALID_TARGET,,NOT_REVIEWED,False
142,142,142,4733.333333333333,17,1.0,0.9857403635978699,4,6,0.9987290501594543,0.9990178644657135,False,,,,,False,,,,1113.6626815795898,535.8329010009766,1097.8337783813477,369.2483673095703,167.33487694333954,1,0,False,0,0.0,,919.3093490600586,309.98426055908203,259.4695510864258,516.6325607299805,1049.0441246032715,568.3005409240723,1064.53125,613.8616071428571,48.12132383929697,0.054421757076926223,1.0,578.1294411698891,0.0012183839515584297,True,12.95307552652474,5.493780691357076,180.52442399979464,0.021558548339940847,False,False,False,False,VALID_TARGET,,True,3,VALID_TARGET,,NOT_REVIEWED,False
143,143,143,4766.666666666667,17,1.0,0.9869368672370911,4,6,0.9990750551223755,0.9991132318973541,False,,,,,False,,,,1108.9085006713867,533.4873504638672,1094.033950805664,366.19493865966797,167.95238396930733,1,0,False,0,0.0,,921.7053527832031,308.5893249511719,248.72503662109375,523.8412170410156,1046.06787109375,570.5099334716797,1056.830357142857,614.5982142857142,45.382899985505446,0.0511993891587255,1.0,579.8911660934118,0.009758928373729145,True,5.301305823102188,4.87464010209676,180.52442399979464,0.003420628701014435,False,False,False,False,VALID_TARGET,,True,3,VALID_TARGET,,NOT_REVIEWED,False
144,144,144,4800.0,17,1.0,0.9903961420059204,4,6,0.9993418157100677,0.9994072616100311,False,,,,,False,,,,1102.577651977539,537.9883270263672,1090.8124618530273,369.3401412963867,169.05806768291154,1,0,False,0,0.0,,921.8100128173828,309.9116516113281,245.2893524169922,533.4834899902344,1044.454689025879,576.6533966064453,1049.1294642857142,615.3348214285714,38.96288169527203,0.04384761117792129,1.0,587.172462315211,0.04033413352315937,True,7.767781871330251,4.502253957517612,180.52442399979464,0.006124842772551738,False,False,False,False,VALID_TARGET,,True,3,VALID_TARGET,,NOT_REVIEWED,False
145,145,145,4833.333333333333,17,1.0,0.9875373244285583,4,6,0.9990820586681366,0.9990352690219879,False,,,,,False,,,,1098.3859634399414,543.7818908691406,1090.5650787353516,371.2837677001953,172.67532752067135,1,0,False,0,0.0,,917.8393936157227,306.00768280029297,240.76534271240234,533.180549621582,1038.2220649719238,572.597957611084,1041.4285714285713,616.0714285714286,43.591562956568154,0.04893331999330793,1.0,585.0208959910688,0.011918422319102132,True,7.150918458248514,1.9593065111137962,180.52442399979464,0.02003750937193916,False,False,False,False,VALID_TARGET,,True,3,VALID_TARGET,,NOT_REVIEWED,False
146,146,146,4866.666666666666,17,1.0,0.987478494644165,4,6,0.9992460608482361,0.9991923868656158,False,,,,,False,,,,1090.9547882080078,546.6858673095703,1084.1848754882812,373.0603561401367,173.7574454435833,1,0,False,0,0.0,,920.2538986206055,313.02233123779297,237.57428741455078,523.6776809692383,1039.0410423278809,574.8611717224121,1039.8214285714284,614.6785714285714,39.825046416158465,0.04443835880397638,1.0,575.0476985310444,0.05524569606180118,True,7.978436218600358,6.62293439185834,180.52442399979464,0.005994302039225335,False,False,False,False,VALID_TARGET,,True,3,VALID_TARGET,,NOT_REVIEWED,False
147,147,147,4900.0,17,1.0,0.9865025281906128,4,6,0.999220609664917,0.9992391765117645,False,,,,,False,,,,1081.8901824951172,551.6135101318359,1082.0761413574219,378.4018859863281,173.21172396758578,1,0,False,0,0.0,,920.8539352416992,317.01124572753906,224.7475357055664,516.2911834716797,1033.2277030944824,575.1568374633789,1038.2142857142858,613.2857142857143,38.45357270731749,0.042647025076660586,1.0,563.0879513329268,0.06625002275665046,True,10.317399891154519,5.742708484017348,180.52442399979464,0.0030229786302939875,False,False,False,False,VALID_TARGET,,True,3,VALID_TARGET,,NOT_REVIEWED,False
148,148,148,4933.333333333334,17,1.0,0.9880998134613037,4,6,0.9989224672317505,0.9992305636405945,False,,,,,False,,,,1075.119529724121,551.2807159423828,1074.9745788574219,374.9685287475586,176.31224677876602,1,0,False,0,0.0,,924.349723815918,313.8475875854492,203.05200958251953,519.0634231567383,1025.8757286071777,573.3792991638184,1036.607142857143,611.8928571428571,39.98071285018734,0.044066230654331066,1.0,557.3660878226184,0.0316957859968847,True,6.778826662331088,7.887973876124172,180.52442399979464,0.017175087683336233,False,False,False,False,VALID_TARGET,,True,3,VALID_TARGET,,NOT_REVIEWED,False
149,149,149,4966.666666666667,17,1.0,0.9699658751487732,4,6,0.998003363609314,0.9975319504737854,False,,,,,False,,,,1068.0027923583984,549.2526702880859,1066.8317947387695,359.6808547973633,189.5754321210261,1,0,False,0,0.0,,912.5676574707031,300.8997344970703,200.27703857421875,533.2901458740234,1012.7061767578125,567.544807434082,1035.0,610.5,48.39589985865532,0.05300567761756987,1.0,569.6571529142738,0.06808533061249007,True,7.40006215572447,17.32102502770714,180.52442399979464,0.07347030971429751,False,False,False,False,VALID_TARGET,,True,3,VALID_TARGET,,NOT_REVIEWED,False
150,150,150,5000.0,17,1.0,0.9813678860664368,4,6,0.9986929297447205,0.9985121786594391,False,,,,,False,,,,1060.7840118408203,553.4083557128906,1063.7564086914062,357.5931625366211,195.83775177860147,1,0,False,0,0.0,,905.7236557006836,294.38037872314453,217.27970123291016,548.504264831543,1014.3635063171387,568.632511138916,1033.392857142857,609.1071428571429,44.7248477423274,0.048671907455818696,1.0,589.9723697820552,0.11253445056168465,True,8.32949659408656,3.7170496789630847,180.52442399979464,0.034689597777542276,False,False,False,False,VALID_TARGET,,True,3,VALID_TARGET,,NOT_REVIEWED,False
151,151,151,5033.333333333333,17,1.0,0.9832015633583069,4,6,0.9988341331481934,0.9987374544143677,False,,,,,False,,,,1047.676254272461,548.2695617675781,1053.5848541259766,354.9221725463867,193.43765008622248,1,0,False,0,0.0,,893.1800765991211,293.5568618774414,234.4908218383789,552.0487899780273,1010.4254875183105,569.5812568664551,1031.7857142857142,607.7142857142858,43.70797612180638,0.04725689178818617,1.0,599.7864720403775,0.05436440145258905,True,14.079080640555437,10.516401941987846,180.52442399979464,0.013295163275977141,False,False,False,False,VALID_TARGET,,True,3,VALID_TARGET,,NOT_REVIEWED,False
152,152,152,5066.666666666666,17,1.0,0.9927303194999695,4,6,0.9994530975818634,0.9995936751365662,False,,,,,False,,,,1039.9924392700195,539.7365112304688,1050.534568786621,347.85619735717773,192.1696941425923,1,0,False,0,0.0,,885.3591842651367,285.6771697998047,249.84589385986328,559.9336700439453,1010.2821311950684,565.6440048217773,1030.1785714285713,606.3214285714287,45.28268031901439,0.04863768048084815,1.0,613.1465449038393,0.07400701006240032,True,11.482768153220121,7.696248828228194,180.52442399979464,0.007023736265357715,False,False,False,False,VALID_TARGET,,True,3,VALID_TARGET,,NOT_REVIEWED,False
153,153,153,5100.0,17,1.0,0.9921139478683472,4,6,0.999417781829834,0.9996248483657837,False,,,,,False,,,,1034.2017211914062,537.0595855712891,1040.1351013183594,346.2149124145508,190.93688557225704,1,0,False,0,0.0,,863.5930023193359,284.6980895996094,270.94068908691406,546.6052551269531,999.063346862793,558.0007171630859,1028.5714285714284,604.9285714285714,55.4341987593052,0.05914500606852753,1.0,610.0706204492176,0.01703882713745821,True,6.379525597625054,10.52818787286434,180.52442399979464,0.006829040320531187,False,False,False,False,VALID_TARGET,,True,3,VALID_TARGET,,NOT_REVIEWED,False
154,154,154,5133.333333333334,17,1.0,0.9847460985183716,4,6,0.9993990659713745,0.9993265867233276,False,,,,,False,,,,1032.276008605957,533.2893524169922,1029.7369995117188,336.40425872802734,196.9014644031199,1,0,False,0,0.0,,847.4059448242188,271.66987228393555,280.0152282714844,544.1003303527832,987.4135589599609,543.7200374603271,1026.9642857142858,603.5357142857143,71.70896164967408,0.07599387083250504,1.0,611.9262190443708,0.010278933753336932,True,4.233559613317956,14.295784236555857,180.52442399979464,0.03304028728472572,False,False,False,False,VALID_TARGET,,True,3,VALID_TARGET,,NOT_REVIEWED,False
155,155,155,5166.666666666667,17,1.0,0.9780902862548828,4,6,0.9988967776298523,0.998988538980484,False,,,,,False,,,,1023.8522262573242,529.8614044189453,1011.952751159668,338.17483139038086,192.05556432198188,1,0,False,0,0.0,,822.8076019287109,276.20743560791016,299.0034942626953,542.9814071655273,972.3093490600586,547.6981391906738,1025.357142857143,602.1428571428571,76.01510204972932,0.08000866030292761,1.0,619.8644191343442,0.043972997747841795,True,9.094555323623652,17.872168782777724,180.52442399979464,0.026843459592722618,False,False,False,False,VALID_TARGET,,True,3,VALID_TARGET,,NOT_REVIEWED,False
156,156,156,5200.0,17,1.0,0.9721428751945496,4,6,0.9993456304073334,0.9988175928592682,False,,,,,False,,,,1016.9489669799805,533.6392211914062,1002.9967346191406,342.8829574584961,191.2658279494548,1,0,False,0,0.0,,808.5365982055664,271.76372146606445,293.0184555053711,552.644847869873,955.045825958252,548.086145401001,1020.5042016806723,603.4663865546219,85.742463589815,0.08999740784146021,1.0,625.5206976142902,0.03133248318771759,True,7.869363901645401,10.118136357425985,180.52442399979464,0.004374678810929052,False,False,False,False,VALID_TARGET,,True,3,VALID_TARGET,,NOT_REVIEWED,False
157,157,157,5233.333333333333,17,1.0,0.984586238861084,4,6,0.9994478225708008,0.999218612909317,False,,,,,False,,,,1007.6641387939453,536.4568481445312,998.44775390625,339.5988883972168,197.0735854097992,1,0,False,0,0.0,,807.9161834716797,275.4812126159668,290.17527770996094,548.2018928527832,953.0038223266602,549.5821590423584,1015.6512605042017,604.7899159663866,83.50208341587336,0.08740404031523125,1.0,620.2636593590079,0.02912092523994572,True,9.702940589902083,5.610555687764161,180.52442399979464,0.03217158837383133,False,False,False,False,VALID_TARGET,,True,3,VALID_TARGET,,NOT_REVIEWED,False
158,158,158,5266.666666666667,17,1.0,0.9792661070823669,4,6,0.9991651475429535,0.9989788234233856,False,,,,,False,,,,997.8304901123047,537.2572021484375,985.8610076904297,334.3299865722656,203.27991374197725,1,0,False,0,0.0,,793.7538757324219,273.40575790405273,303.7994689941406,565.879337310791,945.6536102294922,556.3454265594482,1010.798319327731,606.1134453781513,81.97980739568085,0.085574516648179,1.0,642.2721710898128,0.12191431631893726,True,9.866165056672282,13.64505429606056,180.52442399979464,0.03437943849739202,False,False,False,False,VALID_TARGET,,True,3,VALID_TARGET,,NOT_REVIEWED,False
159,159,159,5300.0,17,1.0,0.9875941872596741,4,6,0.9992391765117645,0.9992457330226898,False,,,,,False,,,,994.7622451782227,538.3482971191406,978.594856262207,342.5291557312012,196.48542082880226,1,0,False,0,0.0,,779.8889923095703,275.1554870605469,322.39781188964844,575.0375671386719,941.0878982543945,562.6742706298828,1005.9453781512605,607.436974789916,78.80477385470388,0.08203452077723598,1.0,659.2484757145788,0.09403882449050416,True,3.2564728174228175,10.955516029594499,180.52442399979464,0.03763752717018901,False,False,False,False,VALID_TARGET,,True,3,VALID_TARGET,,NOT_REVIEWED,False
160,160,160,5333.333333333333,17,1.0,0.9832271337509155,4,6,0.9986764490604401,0.9990029633045197,False,,,,,False,,,,986.8982467651367,537.81689453125,967.1302947998047,345.8355255126953,192.9964195915099,1,0,False,0,0.0,,771.8094291687012,282.0885772705078,331.89360427856445,575.2910614013672,937.7562313079834,569.7341079711914,1001.09243697479,608.7605042016808,74.39445242091088,0.07723148825712173,1.0,664.1635114106525,0.02722643056919145,True,7.88193248838348,11.931816737495534,180.52442399979464,0.01932703154502983,False,False,False,False,VALID_TARGET,,True,3,VALID_TARGET,,NOT_REVIEWED,False
161,161,161,5366.666666666666,17,1.0,0.9880750775337219,4,6,0.9987756013870239,0.9993851482868195,False,,,,,False,,,,977.7448959350586,533.5028533935547,956.6254272460938,346.5146598815918,188.1770880595495,1,0,False,0,0.0,,777.7022399902344,278.9887046813965,330.7004089355469,580.549991607666,943.0524444580078,569.2637004852295,996.2394957983194,610.0840336134454,67.04596950582084,0.06941277737374424,1.0,668.1325117263783,0.02198594643199254,True,10.119030702405214,10.526797509785455,180.52442399979464,0.02669628532904705,False,False,False,False,VALID_TARGET,,True,3,VALID_TARGET,,NOT_REVIEWED,False
162,162,162,5400.0,17,1.0,0.988751232624054,4,6,0.998589277267456,0.9994462728500366,False,,,,,False,,,,971.7179489135742,533.6353912353516,947.9075698852539,348.4211082458496,186.73849301305714,1,0,False,0,0.0,,787.3016128540039,282.3051300048828,320.1746139526367,571.3806610107422,947.3889198303223,567.9954605102539,991.3865546218487,611.4075630252102,61.80940472143063,0.06381714135407206,1.0,654.9714827355407,0.07290442312034516,True,6.028404156929722,8.923877090678173,180.52442399979464,0.007968977352859485,False,False,False,False,VALID_TARGET,,True,3,VALID_TARGET,,NOT_REVIEWED,False
163,163,163,5433.333333333334,17,1.0,0.9843670725822449,4,6,0.9976102113723755,0.999332994222641,False,,,,,False,,,,963.4075622558594,537.6368560791016,945.4781036376953,352.8789367675781,185.6258447379132,1,0,False,0,0.0,,791.847785949707,285.47570037841797,311.8649215698242,561.5501174926758,947.7802467346191,566.2507591247559,986.5336134453783,612.7310924369749,60.5164838389802,0.06231256642902087,1.0,642.3381226128421,0.06998144540659483,True,9.223570203369848,5.076863340406424,180.52442399979464,0.006163422380703407,False,False,False,False,VALID_TARGET,,True,3,VALID_TARGET,,NOT_REVIEWED,False
164,164,164,5466.666666666667,17,1.0,0.9904166460037231,4,6,0.9987277984619141,0.9994134604930878,False,,,,,False,,,,952.5415725708008,543.3627166748047,941.740608215332,355.9871368408203,187.68662378851073,1,0,False,0,0.0,,787.6608657836914,290.2405014038086,309.6289291381836,537.6833267211914,942.4753303527832,559.0821647644043,981.6806722689076,614.0546218487395,67.52058850935249,0.06933626605676091,1.0,620.4622741095753,0.12117943942749618,True,12.282312949816314,4.861047184248392,180.52442399979464,0.01141551378443873,False,False,False,False,VALID_TARGET,,True,3,VALID_TARGET,,NOT_REVIEWED,False
165,165,165,5500.0,17,1.0,0.9893577694892883,4,6,0.9990186095237732,0.9992899596691132,False,,,,,False,,,,945.050537109375,548.5388793945312,937.0313873291016,360.41907501220703,188.2906465123597,1,0,False,0,0.0,,799.3059387207031,293.1384506225586,292.0450439453125,528.6870498657227,945.3284606933594,557.4819755554199,976.827731092437,615.3781512605042,65.9103269370453,0.06749989110126199,1.0,603.9870068045675,0.0912633700192644,True,9.105398002582076,6.466748588765759,180.52442399979464,0.003345933533346478,False,False,False,False,VALID_TARGET,,True,3,VALID_TARGET,,NOT_REVIEWED,False
166,166,166,5533.333333333333,17,1.0,0.9770768284797668,4,6,0.9979374408721924,0.997984766960144,False,,,,,False,,,,933.5257339477539,549.7817840576172,933.3884124755859,373.2035217285156,176.5783157252094,1,0,False,0,0.0,,802.0115585327148,310.3985137939453,285.0086441040039,488.9944305419922,944.5158805847168,554.8957290649414,971.9747899159663,616.701680672269,67.63111233558936,0.06907558830003267,1.0,565.9907069158379,0.210477336234419,True,11.591630597790473,13.29335712397289,180.52442399979464,0.06487948017030444,False,False,False,False,VALID_TARGET,,True,3,VALID_TARGET,,NOT_REVIEWED,False
167,167,167,5566.666666666666,17,1.0,0.9562636613845825,4,6,0.9980148673057556,0.9958765506744385,False,,,,,False,,,,927.239875793457,570.9139099121094,934.1380310058594,387.41200256347656,183.63151838919325,1,0,False,0,0.0,,808.9629364013672,317.8178939819336,278.87705993652344,443.4173355102539,948.4014663696289,539.5265617370605,967.1218487394958,618.0252100840337,80.70000314978788,0.08220214198265309,1.0,523.8237757011917,0.2335802008413784,True,22.04719383200587,14.228241478776694,180.52442399979464,0.039070628271285206,False,False,False,False,VALID_TARGET,,True,3,VALID_TARGET,,NOT_REVIEWED,False
168,168,168,5600.0,17,1.0,0.9744934439659119,4,6,0.9990430176258087,0.996759831905365,False,,,,,False,,,,937.5022354125977,579.6860504150391,934.716926574707,398.7240905761719,180.9833938626586,1,0,False,0,0.0,,813.6052093505859,329.66516876220703,288.02635192871094,439.89708709716797,957.6183853149414,549.613712310791,962.2689075630251,619.3487394957983,69.88992326275391,0.07100006009085512,1.0,525.8028400854593,0.010962862201237558,True,13.50061013272021,11.326890804037816,180.52442399979464,0.014669065093029501,False,False,False,False,VALID_TARGET,,True,3,VALID_TARGET,,NOT_REVIEWED,False
169,169,169,5633.333333333334,17,1.0,0.9803085327148438,4,6,0.9989850223064423,0.9959638714790344,False,,,,,False,,,,937.7745895385742,592.3340148925781,935.3019638061523,410.59693145751953,181.7539033239564,1,0,False,0,0.0,,806.9654998779297,336.56590270996094,297.7946014404297,444.6626739501953,955.8628005981445,558.8972396850586,957.4159663865546,620.6722689075631,61.794551211312886,0.06260830397172369,1.0,535.1696163382242,0.0518864763295163,True,12.650896497680566,11.887246071146057,180.52442399979464,0.004268172938741342,False,False,False,False,VALID_TARGET,,True,3,VALID_TARGET,,NOT_REVIEWED,False
170,170,170,5666.666666666667,17,1.0,0.9826830625534058,4,6,0.9992743134498596,0.998459130525589,False,,,,,False,,,,947.7684020996094,594.2973937988281,932.2961807250977,416.69686126708984,178.27321388761388,1,0,False,0,0.0,,802.8049621582031,343.11060333251953,309.3886413574219,454.30358123779297,957.4992828369141,570.262393951416,952.563025210084,621.9957983193278,51.96837275547807,0.052512355275240286,1.0,549.6481377449353,0.08020256254482003,True,10.184848856738695,6.800284965502484,180.52442399979464,0.019280989016458378,False,False,False,False,VALID_TARGET,,True,3,VALID_TARGET,,NOT_REVIEWED,False
171,171,171,5700.0,17,1.0,0.9874979257583618,4,6,0.999402791261673,0.998975396156311,False,,,,,False,,,,957.3560485839844,594.7536468505859,932.3023376464844,419.51810455322266,177.01746726238855,1,0,False,0,0.0,,798.4036712646484,347.32860565185547,315.77610778808594,457.55493927001953,956.2917251586914,576.1060752868652,947.7100840336134,623.3193277310925,47.9868291384413,0.048360196758561576,1.0,555.941609074356,0.03486215986723167,True,9.598496338311882,2.8212500043828856,180.52442399979464,0.006956103763703222,False,False,False,False,VALID_TARGET,,True,3,VALID_TARGET,,NOT_REVIEWED,False
172,172,172,5733.333333333333,17,1.0,0.9833256006240845,4,6,0.9993017017841339,0.9988523423671722,False,,,,,False,,,,958.5043640136719,598.5958862304688,934.3078231811523,418.51793670654297,181.69628640399162,1,0,False,0,0.0,,793.8379974365234,355.393798828125,328.50914001464844,461.152587890625,958.0925674438477,585.9700927734375,942.8571428571429,624.6428571428571,41.56562120683172,0.04177792785635877,1.0,566.1978138348686,0.056813391414140324,True,4.01016605371656,2.2410506355935715,180.52442399979464,0.025917928654398553,False,False,False,False,VALID_TARGET,,True,3,VALID_TARGET,,NOT_REVIEWED,False
173,173,173,5766.666666666667,17,1.0,0.9696156978607178,4,6,0.9991359412670135,0.9975127279758453,False,,,,,False,,,,965.5796813964844,600.6901702880859,935.7273941040039,413.5499725341797,189.50623386042986,1,0,False,0,0.0,,772.0541458129883,354.33518981933594,342.2556381225586,463.73011779785156,943.1819648742676,586.2002487182617,942.8571428571429,624.6428571428571,38.44398069697754,0.038640342798620234,1.0,576.3545297640065,0.05626228132515457,True,7.378762889639308,5.166802649888112,180.52442399979464,0.043262552974256394,False,False,False,False,VALID_TARGET,,True,3,VALID_TARGET,,NOT_REVIEWED,False
174,174,174,5800.0,17,1.0,0.975807249546051,4,6,0.9993920922279358,0.9987643361091614,False,,,,,False,,,,964.9650115966797,585.7140808105469,938.0469436645508,410.27503967285156,177.49208302488495,1,0,False,0,0.0,,780.5053405761719,355.8286895751953,333.8020935058594,474.95567321777344,947.4063873291016,593.306526184082,942.8571428571429,624.6428571428571,31.664826909735858,0.03182656281344358,1.0,580.5228067446127,0.02308982290734739,True,14.988698242410786,4.013165260743697,180.52442399979464,0.06655138717162493,False,False,False,False,VALID_TARGET,,True,3,VALID_TARGET,,NOT_REVIEWED,False
175,175,175,5833.333333333333,17,1.0,0.9841832518577576,4,6,0.999642014503479,0.999255359172821,False,,,,,False,,,,953.9436492919922,587.4088592529297,930.0578155517578,418.58912658691406,170.50112958831417,1,0,False,0,0.0,,765.6460266113281,356.89207458496094,349.34149169921875,469.59266662597656,940.3167724609375,591.6884078979492,942.8571428571429,624.6428571428571,33.05221939272955,0.03322104174531235,1.0,585.2834786422139,0.026371345173806827,True,11.150905838538502,11.53040368838855,180.52442399979464,0.03872580386451603,False,False,False,False,VALID_TARGET,,True,3,VALID_TARGET,,NOT_REVIEWED,False
176,176,176,5866.666666666666,17,1.0,0.9880378246307373,4,6,0.9991633594036102,0.9994993507862091,False,,,,,False,,,,952.2455902099609,580.1484222412109,923.7136001586914,415.0008010864258,167.59418614429973,1,0,False,0,0.0,,757.1696243286133,357.9253692626953,352.7177963256836,465.2957000732422,933.5285224914551,590.5732192993164,942.8571428571429,624.6428571428571,35.32369432430796,0.03550411879465555,1.0,583.8749286889231,0.007802545063334182,True,7.456363071042364,7.288700079648991,180.52442399979464,0.016102770913800295,False,False,False,False,VALID_TARGET,,True,3,VALID_TARGET,,NOT_REVIEWED,False
177,177,177,5900.0,17,1.0,0.9844675660133362,4,6,0.9987520277500153,0.9989359080791473,False,,,,,False,,,,940.7718353271484,582.9755249023438,928.5451736450195,412.36556243896484,171.04750962128855,1,0,False,0,0.0,,757.3470840454102,356.5862121582031,327.1428451538086,449.9934997558594,920.9185066223145,581.5829620361328,942.8571428571429,624.6428571428571,48.326579916710706,0.048573419828332944,1.0,556.3421527781761,0.15251551729520155,True,11.816918404027673,5.503506616954382,180.52442399979464,0.019129397565576814,False,False,False,False,VALID_TARGET,,True,3,VALID_TARGET,,NOT_REVIEWED,False
178,178,178,5933.333333333334,17,1.0,0.9864223003387451,4,6,0.9989719092845917,0.9989629983901978,False,,,,,False,,,,936.2876892089844,579.8006134033203,907.3577728271484,412.9570617675781,169.33313551779696,1,0,False,0,0.0,,790.2137603759766,335.4551315307617,266.35923767089844,483.8172073364258,923.3933792114258,577.3637351989746,942.8571428571429,624.6428571428571,51.12879293549624,0.051389945840404905,1.0,552.2918916727278,0.022436083803557123,True,5.494327023000823,21.195655801906074,180.52442399979464,0.009496632452867118,False,False,False,False,VALID_TARGET,,True,3,VALID_TARGET,,NOT_REVIEWED,False
179,179,179,5966.666666666667,17,1.0,0.9687427282333374,4,6,0.9969162046909332,0.9987821877002716,False,,,,,False,,,,931.8488922119141,579.7660217285156,921.0984954833984,414.3273162841797,165.7876240523346,1,0,False,0,0.0,,817.4056091308594,279.0073051452637,242.9708251953125,545.7486152648926,938.8910217285156,551.88161277771,942.8571428571429,624.6428571428571,72.86925825320031,0.07324145594023296,1.0,597.3913063977737,0.24982444882415028,True,4.438931781990597,13.80887600625949,180.52442399979464,0.019640065243838704,False,False,False,False,VALID_TARGET,,True,3,VALID_TARGET,,NOT_REVIEWED,False
180,180,180,6000.0,17,1.0,0.9733231663703918,4,6,0.9953949153423309,0.9980427920818329,False,,,,,False,,,,926.0288238525391,575.9169006347656,932.7196960449219,414.3719940185547,161.6834086241848,1,0,False,0,0.0,,849.7520446777344,224.66555738449097,203.7718505859375,585.7508244514465,951.6379699707031,517.5409696102142,942.8571428571429,624.6428571428571,107.4612359776916,0.1080101207122883,1.0,620.1830338188614,0.1262528743540741,True,6.977745259190049,11.621286443036396,180.52442399979464,0.02273495927705857,False,False,False,False,VALID_TARGET,,True,3,VALID_TARGET,,NOT_REVIEWED,False
181,181,181,6033.333333333333,17,1.0,0.9524843692779541,4,6,0.9892279803752899,0.9983958303928375,False,,,,,False,,,,916.5132827758789,573.6603851318359,933.2911376953125,416.69622802734375,157.8583004824937,1,0,False,0,0.0,,854.4886016845703,221.0,195.7003936767578,580.8826293945312,952.3387985229492,511.4413146972656,942.8571428571429,624.6428571428571,113.59793574808465,0.1141781651884641,1.0,612.9627013265508,0.0399964300249966,True,9.779436803649213,2.3934513338300483,180.52442399979464,0.021188867727368953,False,False,False,False,VALID_TARGET,,True,3,VALID_TARGET,,NOT_REVIEWED,False
182,182,182,6066.666666666666,17,1.0,0.9524480104446411,4,6,0.9963675439357758,0.9980362057685852,False,,,,,False,,,,902.5141525268555,572.9547271728516,919.5533676147461,415.83264923095703,158.04329225750197,1,0,False,0,0.0,,862.5083923339844,280.15530014038086,239.60012817382812,556.3537330627441,982.3084564208984,558.3321666717529,942.8571428571429,624.6428571428571,77.15901640547493,0.07755312508900294,1.0,605.7538260001054,0.0399329640096435,True,14.01690411197141,13.764886309885537,180.52442399979464,0.0010247465185569333,False,False,False,False,VALID_TARGET,,True,3,VALID_TARGET,,NOT_REVIEWED,False
183,183,183,6100.0,17,1.0,0.9065902829170227,4,6,0.9951920509338379,0.9979574978351593,False,,,,,False,,,,899.821533203125,575.3565063476562,922.487434387207,420.74088287353516,156.2681480621619,1,0,False,0,0.0,,851.7310638427734,296.19688415527344,253.22840881347656,537.2143707275391,978.3452682495117,564.804069519043,942.8571428571429,624.6428571428571,69.57073772896494,0.06992608740986743,1.0,593.9056382510533,0.06563204848705416,True,3.608149390900024,5.718348128209323,180.52442399979464,0.009833263311462392,False,False,False,False,VALID_TARGET,,True,3,VALID_TARGET,,NOT_REVIEWED,False
184,184,184,6133.333333333334,17,1.0,0.946264922618866,4,6,0.995608925819397,0.9989558756351471,False,,,,,False,,,,896.7742156982422,581.8700866699219,930.1526565551758,431.6802978515625,153.85412889923754,1,0,False,0,0.0,,831.0359649658203,284.9115982055664,277.79676818847656,550.0169296264648,969.9343490600586,559.9200630187988,942.8571428571429,624.6428571428571,70.15850037579516,0.07051685219920491,1.0,616.1896358197578,0.12344034715618188,True,7.191166288591244,13.357635679483423,180.52442399979464,0.013372257944039317,False,False,False,False,VALID_TARGET,,True,3,VALID_TARGET,,NOT_REVIEWED,False
185,185,185,6166.666666666667,17,1.0,0.9602563977241516,4,6,0.9977709650993347,0.9983652234077454,False,,,,,False,,,,894.5971908569336,583.0395965576172,928.4868774414062,434.25115966796875,152.5991802365225,1,0,False,0,0.0,,828.9864654541016,326.9093704223633,287.5824432373047,510.66039276123047,972.7776870727539,582.2395668029785,942.8571428571429,624.6428571428571,51.89680142172902,0.05216187711917119,1.0,586.0697043811357,0.16684684970193472,True,2.4712730600020327,3.0633560901283494,180.52442399979464,0.006951683516887803,False,False,False,False,VALID_TARGET,,True,3,VALID_TARGET,,NOT_REVIEWED,False
186,186,186,6200.0,17,1.0,0.966239333152771,4,6,0.997137576341629,0.9975487291812897,False,,,,,False,,,,890.6308517456055,587.0736999511719,927.3331451416016,438.08726501464844,153.44059480991564,1,0,False,0,0.0,,821.1723022460938,306.2231216430664,289.7550048828125,531.9408187866211,966.0498046875,572.193531036377,942.8571428571429,624.6428571428571,57.34833364450274,0.057641254385695034,1.0,605.7383903518247,0.10895304654572052,True,5.657370072387048,4.005846034290022,180.52442399979464,0.004660945897238231,False,False,False,False,VALID_TARGET,,True,3,VALID_TARGET,,NOT_REVIEWED,False
187,187,187,6233.333333333333,17,1.0,0.9380881786346436,4,6,0.9964606463909149,0.9978082776069641,False,,,,,False,,,,886.2853012084961,580.8867340087891,918.4149398803711,432.57198333740234,151.75499645119055,1,0,False,0,0.0,,823.0914001464844,320.5199508666992,280.8737487792969,517.1059036254883,963.5282745361328,579.0729026794434,942.8571428571429,624.6428571428571,50.03914902041944,0.05029473630061059,1.0,588.4628945971601,0.09569616881693653,True,7.560579147312487,10.485834113736747,180.52442399979464,0.009337231613197144,False,False,False,False,VALID_TARGET,,True,3,VALID_TARGET,,NOT_REVIEWED,False
188,188,188,6266.666666666667,17,1.0,0.9635729789733887,4,6,0.9976871311664581,0.99795001745224,False,,,,,False,,,,883.9059066772461,586.5269622802734,921.3447494506836,440.9418029785156,150.32200623039986,1,0,False,0,0.0,,819.1373443603516,322.0816421508789,283.7832794189453,512.2441024780273,961.0289840698242,578.2036933898926,942.8571428571429,624.6428571428571,49.8679430409312,0.05012265584440749,1.0,585.5996671799694,0.0158606096269499,True,6.1215760462313975,8.867788052443538,180.52442399979464,0.007937929888048366,False,False,False,False,VALID_TARGET,,True,3,VALID_TARGET,,NOT_REVIEWED,False
189,189,189,6300.0,17,1.0,0.9859218001365662,4,6,0.9982956647872925,0.9979054629802704,False,,,,,False,,,,883.6258850097656,602.1804962158203,927.3436126708984,449.40904235839844,158.90360859830514,1,0,False,0,0.0,,824.1470184326172,313.0038375854492,275.4143524169922,526.808967590332,961.8541946411133,576.4083213806152,942.8571428571429,624.6428571428571,51.84070231663382,0.052105491474077344,1.0,594.4583701579638,0.04907204677193432,True,15.656038349645678,10.376921636549284,180.52442399979464,0.04753707103873678,False,False,False,False,VALID_TARGET,,True,3,VALID_TARGET,,NOT_REVIEWED,False
190,190,190,6333.333333333333,17,1.0,0.985572874546051,4,6,0.9981300234794617,0.9974705576896667,False,,,,,False,,,,877.9431838989258,604.3226318359375,922.7624359130859,455.0403747558594,155.86519056553755,1,0,False,0,0.0,,816.704345703125,320.86217498779297,289.41253662109375,526.5020217895508,961.4106140136719,584.1131858825684,942.8571428571429,624.6428571428571,44.574494326051855,0.044802169536236634,1.0,600.8027923553124,0.03514439795335258,True,6.073041818571253,7.259413547733357,180.52442399979464,0.01683106343976509,False,False,False,False,VALID_TARGET,,True,3,VALID_TARGET,,NOT_REVIEWED,False
191,191,191,6366.666666666666,17,1.0,0.9907552599906921,4,6,0.9986386895179749,0.9980597198009491,False,,,,,False,,,,876.6149749755859,609.8839721679688,926.9203109741211,456.3468551635742,161.56816867176113,1,0,False,0,0.0,,818.1243743896484,308.2863998413086,278.29331970214844,542.0564956665039,957.2710342407227,579.3146476745605,942.8571428571429,624.6428571428571,47.56476467322639,0.047807713425828104,1.0,609.3212750963918,0.047187425126968496,True,5.717748265944999,4.358304266445936,180.52442399979464,0.03159117187505925,False,False,False,False,VALID_TARGET,,True,3,VALID_TARGET,,NOT_REVIEWED,False
192,192,192,6400.0,17,1.0,0.9893636703491211,4,6,0.9985623955726624,0.9977822005748749,False,,,,,False,,,,870.1882629394531,611.8470458984375,918.6681213378906,458.3339385986328,160.98624408058566,1,0,False,0,0.0,,808.8768920898438,325.71984100341797,283.0620422363281,528.723274230957,950.4079132080078,590.0814781188965,942.8571428571429,624.6428571428571,35.37658905165062,0.035557283694848126,1.0,599.7269549290781,0.05314693687832819,True,6.7198427114502355,8.488058339231289,180.52442399979464,0.003223522769285373,False,False,False,False,VALID_TARGET,,True,3,VALID_TARGET,,NOT_REVIEWED,False
193,193,193,6433.333333333334,17,1.0,0.9875360131263733,4,6,0.9982373714447021,0.9973089098930359,False,,,,,False,,,,863.1958389282227,616.4853363037109,916.9559936523438,459.54815673828125,165.88982056145989,1,0,False,0,0.0,,796.0931243896484,322.5335998535156,295.03919982910156,537.9319152832031,943.6127243041992,591.4995574951172,942.8571428571429,624.6428571428571,33.151911179644124,0.03332124273258653,1.0,613.5298484312331,0.07645997808125186,True,8.390931499928005,2.098977584984511,180.52442399979464,0.02716295320172189,False,False,False,False,VALID_TARGET,,True,3,VALID_TARGET,,NOT_REVIEWED,False
194,194,194,6466.666666666667,17,1.0,0.9857499599456787,4,6,0.9981778562068939,0.9970683753490448,False,,,,,False,,,,860.0297546386719,622.7389068603516,908.9679336547852,463.1890640258789,166.88648151937915,1,0,False,0,0.0,,787.1177062988281,344.8874969482422,297.2089538574219,510.3426055908203,935.7221832275391,600.0587997436523,942.8571428571429,624.6428571428571,25.598506345556004,0.025729257022613816,1.0,590.5783075378325,0.1271381477634663,True,7.0093676202224415,8.778684890202946,180.52442399979464,0.005520920304503476,False,False,False,False,VALID_TARGET,,True,3,VALID_TARGET,,NOT_REVIEWED,False
195,195,195,6500.0,17,1.0,0.967620313167572,4,6,0.9968418478965759,0.9953401982784271,False,,,,,False,,,,851.2920837402344,626.1297302246094,904.4238967895508,467.46197509765625,167.32736200315318,1,0,False,0,0.0,,784.4013214111328,360.2255096435547,300.59010314941406,500.73316955566406,934.6963729858398,610.5920944213867,942.8571428571429,624.6428571428571,16.248756812366587,0.016331751340480274,1.0,584.0274969593785,0.0362876691879737,True,9.3725437217971,6.2374706460172185,180.52442399979464,0.002442220692389741,False,False,False,False,VALID_TARGET,,True,3,VALID_TARGET,,NOT_REVIEWED,False
196,196,196,6533.333333333333,17,1.0,0.984167754650116,4,6,0.9985005557537079,0.997399628162384,False,,,,,False,,,,848.5767822265625,630.4698333740234,898.8739395141602,469.65220642089844,168.49959397591383,1,0,False,0,0.0,,776.8568954467773,384.72267150878906,296.2415542602539,470.89671325683594,924.9776725769043,620.171028137207,942.8571428571429,624.6428571428571,18.430211940119097,0.018524348787674186,1.0,556.329734084582,0.15342944883085724,True,5.119507560078668,5.966501404338438,180.52442399979464,0.006493481307338089,False,False,False,False,VALID_TARGET,,True,3,VALID_TARGET,,NOT_REVIEWED,False
197,197,197,6566.666666666666,17,1.0,0.9767434597015381,4,6,0.9979824423789978,0.9966318607330322,False,,,,,False,,,,846.7387847900391,637.6082916259766,891.3494415283203,476.60526275634766,167.06910546182775,1,0,False,0,0.0,,770.5712966918945,393.8540954589844,295.0947799682617,465.9314270019531,918.1186866760254,626.8198089599609,942.8571428571429,624.6428571428571,24.834055920027687,0.024960901978223534,1.0,551.5188336154924,0.026649582159004963,True,7.371283524023777,10.24514823430283,180.52442399979464,0.007924071892275952,False,False,False,False,VALID_TARGET,,True,3,VALID_TARGET,,NOT_REVIEWED,False
198,198,198,6600.0,17,1.0,0.9782199859619141,4,6,0.998538076877594,0.998200386762619,False,,,,,False,,,,837.6706085205078,633.4987945556641,887.3042755126953,480.734375,160.62524328781674,1,0,False,0,0.0,,760.9383316040039,401.1374206542969,293.68379974365234,461.6144104003906,907.7802314758301,631.9446258544922,942.8571428571429,624.6428571428571,35.828836687376345,0.036011841296779326,1.0,547.1179380363707,0.024378394245017906,True,9.955892075861245,5.780392375492093,180.52442399979464,0.03569523741573236,False,False,False,False,VALID_TARGET,,True,3,VALID_TARGET,,NOT_REVIEWED,False
199,199,199,6633.333333333334,17,1.0,0.989582896232605,4,6,0.9980157613754272,0.9977993071079254,False,,,,,False,,,,839.674690246582,645.3969421386719,878.6917495727539,484.5401611328125,165.5211011141148,1,0,False,0,0.0,,749.3959121704102,376.9444274902344,320.2422409057617,488.9491882324219,909.517032623291,621.4190216064453,942.8571428571429,624.6428571428571,33.495612637645934,0.033666699730451985,1.0,584.4881534586378,0.20700919351671593,True,12.065747364826567,9.415923276815265,180.52442399979464,0.027120196358048618,False,False,False,False,VALID_TARGET,,True,3,VALID_TARGET,,NOT_REVIEWED,False
200,200,200,6666.666666666667,17,1.0,0.9769805669784546,4,6,0.9973904192447662,0.9957515299320221,False,,,,,False,,,,836.688606262207,656.7447204589844,879.2286682128906,493.84056854248047,168.36691950143705,1,0,False,0,0.0,,726.4272155761719,427.89122009277344,328.3397521972656,434.8357696533203,890.5970916748047,645.3091049194336,942.8571428571429,624.6428571428571,56.19792475477596,0.05648496949917397,1.0,544.8753430308232,0.21943186162920394,True,11.734085834384171,9.315892851033288,180.52442399979464,0.015764173757039607,False,False,False,False,VALID_TARGET,,True,3,VALID_TARGET,,NOT_REVIEWED,False
201,201,201,6700.0,17,1.0,0.9729250073432922,4,6,0.9973236620426178,0.995897501707077,False,,,,,False,,,,829.9144058227539,658.4920806884766,872.5516128540039,494.44576263427734,169.49668401052912,1,0,False,0,0.0,,714.362735748291,447.14955139160156,333.347225189209,419.8713836669922,881.0363483428955,657.0852432250977,942.8571428571429,624.6428571428571,69.81632365773748,0.07017292772926845,1.0,536.1085257331576,0.048563053704442145,True,6.99593162956142,6.70442601229842,180.52442399979464,0.006258236332017626,False,False,False,False,VALID_TARGET,,True,3,VALID_TARGET,,NOT_REVIEWED,False
