source_frame_index,analysis_frame_index,timestamp_ms,frame_status,frame_rejection_reason,valid_segment_id,raw_pelvis_mid_x,raw_pelvis_mid_y,path_input_center_x,path_input_center_y,center_status,roi_center_x,roi_center_y,roi_x,roi_y,roi_width,roi_height,translation_camera_motion_status,translation_camera_motion_method,translation_background_dx_px,translation_background_dy_px,translation_background_feature_count,translation_camera_motion_residual_px,translation_affine_scale,translation_affine_inlier_fraction,affine_camera_motion_status,affine_camera_motion_method,affine_background_dx_px,affine_background_dy_px,affine_background_feature_count,affine_camera_motion_residual_px,affine_affine_scale,affine_affine_inlier_fraction,translation_raw_dx,translation_raw_dy,translation_compensated_dx,translation_compensated_dy,translation_compensated_x,translation_compensated_y,translation_projected_heading_deg,translation_normalized_projected_speed_per_s,translation_path_segment_id,translation_path_status,translation_path_rejection_reason,affine_raw_dx,affine_raw_dy,affine_compensated_dx,affine_compensated_dy,affine_compensated_x,affine_compensated_y,affine_projected_heading_deg,affine_normalized_projected_speed_per_s,affine_path_segment_id,affine_path_status,affine_path_rejection_reason,chosen_raw_dx,chosen_raw_dy,chosen_compensated_dx,chosen_compensated_dy,chosen_compensated_x,chosen_compensated_y,chosen_projected_heading_deg,chosen_normalized_projected_speed_per_s,chosen_path_segment_id,chosen_path_status,chosen_path_rejection_reason,chosen_path_validation_status,chosen_path_validation_reason
9,0,180.0,TARGET_IDENTITY_UNCERTAIN,TARGET_OVERLAP_AMBIGUOUS: another detected person overlaps or is too close to the selected pose for automated identity acceptance.,,488.8286247253418,377.1695785522461,,,,485.0,365.71428571428567,343.57142857142856,144.28571428571428,282.8571428571429,442.85714285714283,,,,,,,,,,,,,,,,,,,,,,,,,,,,,,,,,,,,,,,,,,,,,,,,,,,
10,1,200.0,INVALID_TRACK_SEGMENT,Valid-looking pose segment is too short to establish target identity continuity.,,494.8234100341797,369.7140350341797,,,,494.71428571428567,364.42857142857144,352.1428571428571,142.0,285.14285714285717,444.85714285714283,,,,,,,,,,,,,,,,,,,,,,,,,,,,,,,,,,,,,,,,,,,,,,,,,,,
11,2,220.0,INVALID_TRACK_SEGMENT,Valid-looking pose segment is too short to establish target identity continuity.,,524.0509414672852,373.60984802246094,,,,504.42857142857144,363.1428571428571,360.7142857142857,139.71428571428572,287.42857142857144,446.85714285714283,,,,,,,,,,,,,,,,,,,,,,,,,,,,,,,,,,,,,,,,,,,,,,,,,,,
12,3,240.0,TARGET_IDENTITY_UNCERTAIN,TARGET_OVERLAP_AMBIGUOUS: another detected person overlaps or is too close to the selected pose for automated identity acceptance.,,529.2802734375,373.3621673583984,,,,514.1428571428571,361.8571428571428,369.2857142857143,137.42857142857142,289.71428571428567,448.8571428571428,,,,,,,,,,,,,,,,,,,,,,,,,,,,,,,,,,,,,,,,,,,,,,,,,,,
13,4,260.0,INVALID_TRACK_SEGMENT,Valid-looking pose segment is too short to establish target identity continuity.,,528.3252258300781,379.27074432373047,,,,523.8571428571429,360.57142857142856,377.8571428571429,135.14285714285714,291.99999999999994,450.8571428571428,,,,,,,,,,,,,,,,,,,,,,,,,,,,,,,,,,,,,,,,,,,,,,,,,,,
14,5,280.0,TARGET_IDENTITY_UNCERTAIN,TARGET_OVERLAP_AMBIGUOUS: another detected person overlaps or is too close to the selected pose for automated identity acceptance.,,563.5634078979492,379.14251708984375,,,,533.5714285714286,359.2857142857142,386.42857142857144,132.85714285714286,294.2857142857142,452.8571428571428,,,,,,,,,,,,,,,,,,,,,,,,,,,,,,,,,,,,,,,,,,,,,,,,,,,
15,6,300.0,TARGET_IDENTITY_UNCERTAIN,TARGET_OVERLAP_AMBIGUOUS: another detected person overlaps or is too close to the selected pose for automated identity acceptance.,,573.3891754150391,347.32281494140625,,,,551.6071428571429,364.2857142857142,397.14285714285717,132.5,308.9285714285714,463.5714285714285,,,,,,,,,,,,,,,,,,,,,,,,,,,,,,,,,,,,,,,,,,,,,,,,,,,
16,7,320.0,TARGET_IDENTITY_UNCERTAIN,TARGET_OVERLAP_AMBIGUOUS: another detected person overlaps or is too close to the selected pose for automated identity acceptance.,,596.8399505615234,369.7891311645508,,,,569.6428571428571,369.2857142857142,407.8571428571429,132.14285714285714,323.57142857142856,474.2857142857142,,,,,,,,,,,,,,,,,,,,,,,,,,,,,,,,,,,,,,,,,,,,,,,,,,,
17,8,340.0,TARGET_IDENTITY_UNCERTAIN,TARGET_OVERLAP_AMBIGUOUS: another detected person overlaps or is too close to the selected pose for automated identity acceptance.,,600.4737930297852,351.7781753540039,,,,587.6785714285713,374.2857142857142,418.57142857142856,131.78571428571428,338.21428571428567,484.99999999999994,,,,,,,,,,,,,,,,,,,,,,,,,,,,,,,,,,,,,,,,,,,,,,,,,,,
18,9,360.0,INVALID_TRACK_SEGMENT,Valid-looking pose segment is too short to establish target identity continuity.,,622.9235687255859,346.54061126708984,,,,605.7142857142857,379.2857142857142,429.2857142857143,131.42857142857142,352.85714285714283,495.71428571428567,,,,,,,,,,,,,,,,,,,,,,,,,,,,,,,,,,,,,,,,,,,,,,,,,,,
19,10,380.0,INVALID_TRACK_SEGMENT,Valid-looking pose segment is too short to establish target identity continuity.,,642.1644668579102,359.7107238769531,,,,627.1428571428571,374.04761904761904,459.2857142857143,128.09523809523807,335.71428571428567,491.90476190476187,,,,,,,,,,,,,,,,,,,,,,,,,,,,,,,,,,,,,,,,,,,,,,,,,,,
20,11,400.0,INVALID_TRACK_SEGMENT,Valid-looking pose segment is too short to establish target identity continuity.,,664.3364562988281,321.19664764404297,,,,648.5714285714286,368.80952380952374,489.28571428571433,124.76190476190476,318.5714285714285,488.095238095238,,,,,,,,,,,,,,,,,,,,,,,,,,,,,,,,,,,,,,,,,,,,,,,,,,,
21,12,420.0,TARGET_IDENTITY_UNCERTAIN,TARGET_OVERLAP_AMBIGUOUS: another detected person overlaps or is too close to the selected pose for automated identity acceptance.,,657.430534362793,386.1861724853515,,,,670.0,363.57142857142856,519.2857142857143,121.42857142857143,301.42857142857133,484.2857142857142,,,,,,,,,,,,,,,,,,,,,,,,,,,,,,,,,,,,,,,,,,,,,,,,,,,
22,13,440.0,TARGET_IDENTITY_UNCERTAIN,TARGET_OVERLAP_AMBIGUOUS: another detected person overlaps or is too close to the selected pose for automated identity acceptance.,,657.9258651733398,359.4735412597656,,,,681.25,367.1428571428571,530.3571428571429,122.85714285714286,301.7857142857142,488.57142857142856,,,,,,,,,,,,,,,,,,,,,,,,,,,,,,,,,,,,,,,,,,,,,,,,,,,
23,14,460.0,VALID_TARGET,HUMAN_ACCEPTED_TARGET: operator reviewed the raw skeleton and confirmed that it belongs to the documented athlete.,1.0,677.2990074157715,396.90440368652344,679.359935760498,395.6321716308594,SUPPORTED,692.5,370.71428571428567,541.4285714285714,124.28571428571428,302.1428571428571,492.85714285714283,INSUFFICIENT_EVIDENCE,translation_median_sparse_flow,0.0,0.0,0.0,,,,INSUFFICIENT_EVIDENCE,partial_affine_ransac_sparse_flow,0.0,0.0,0.0,,,,,,,,0.0,0.0,,,path_segment_001,SUPPORTED,,,,,,0.0,0.0,,,path_segment_001,SUPPORTED,,,,,,0.0,0.0,,,path_segment_001,QA_REQUIRED,Projected path contains a large step relative to the median supported step.,QA_REQUIRED,Projected path contains a large step relative to the median supported step.
24,15,480.0,VALID_TARGET,HUMAN_ACCEPTED_TARGET: operator reviewed the raw skeleton and confirmed that it belongs to the documented athlete.,1.0,669.5487861633301,395.6321716308594,682.4540863037109,393.34165954589844,SUPPORTED,703.75,374.2857142857143,552.5,125.71428571428571,302.5,497.1428571428571,SUPPORTED,translation_median_sparse_flow,0.0,-0.714202880859375,350.0,0.08282580971717834,,,SUPPORTED,partial_affine_ransac_sparse_flow,0.09289379838478272,-0.6929692481001456,350.0,0.11177316039450763,0.9999614513929719,1.0,3.0941505432128906,-2.2905120849609375,3.0941505432128906,-1.5763092041015625,3.0941505432128906,-1.5763092041015625,26.996482821661626,1.2865220072816947,path_segment_001,SUPPORTED,,3.0941505432128906,-2.2905120849609375,3.0997304239326695,-1.7063904306108952,3.0997304239326695,-1.7063904306108952,28.832625222226405,1.3109136731129223,path_segment_001,SUPPORTED,,3.0941505432128906,-2.2905120849609375,3.0997304239326695,-1.7063904306108952,3.0997304239326695,-1.7063904306108952,,,path_segment_001,QA_REQUIRED,Projected path contains a large step relative to the median supported step.,QA_REQUIRED,Projected path contains a large step relative to the median supported step.
25,16,500.0,VALID_TARGET,,1.0,689.0909004211426,382.9669189453125,685.5482368469238,395.3275604248047,SUPPORTED,715.0,377.8571428571429,563.5714285714286,127.14285714285714,302.8571428571429,501.42857142857144,SUPPORTED,translation_median_sparse_flow,-0.0001220703125,1.7078399658203125,347.0,4.380717754364014,,,SUPPORTED,partial_affine_ransac_sparse_flow,-1.5819719303463036,1.7747931930420455,130.0,0.8262614444940481,1.0016166162859437,0.3746397694524496,3.0941505432128906,1.98590087890625,3.0942726135253906,0.2780609130859375,6.188423156738281,-1.298248291015625,-5.134983397077979,1.1509999987215402,path_segment_001,SUPPORTED,,3.0941505432128906,1.98590087890625,2.9704253421060685,0.6223041541666703,6.070155766038738,-1.084086276444225,-11.832339315610483,1.1243882791440367,path_segment_001,SUPPORTED,,3.0941505432128906,1.98590087890625,2.9704253421060685,0.6223041541666703,6.070155766038738,-1.084086276444225,,,path_segment_001,QA_REQUIRED,Projected path contains a large step relative to the median supported step.,QA_REQUIRED,Projected path contains a large step relative to the median supported step.
26,17,520.0,VALID_TARGET,,1.0,685.5482368469238,391.0511474609375,689.0909004211426,395.3275604248047,SUPPORTED,715.0751879699249,378.23308270676694,565.2255639097745,126.9172932330827,299.6992481203008,502.63157894736844,SUPPORTED,translation_median_sparse_flow,0.0001220703125,0.688690185546875,349.0,0.12674148380756378,,,SUPPORTED,partial_affine_ransac_sparse_flow,-0.10967671013718922,0.6749377749292502,349.0,0.15752635179051677,1.0000838317831098,1.0,3.54266357421875,0.0,3.54254150390625,-0.688690185546875,9.730964660644531,-1.9869384765625,11.001400642998455,1.3370285495547591,path_segment_001,SUPPORTED,,3.54266357421875,0.0,3.528160596784346,-0.5923744212257702,9.598316362823084,-1.6764606976699952,9.531004244503395,1.3254254060367223,path_segment_001,SUPPORTED,,3.54266357421875,0.0,3.528160596784346,-0.5923744212257702,9.598316362823084,-1.6764606976699952,,,path_segment_001,QA_REQUIRED,Projected path contains a large step relative to the median supported step.,QA_REQUIRED,Projected path contains a large step relative to the median supported step.
27,18,540.0,VALID_TARGET,,1.0,708.8700180053711,396.72412109375,708.3948097229004,396.09173583984375,SUPPORTED,715.1503759398496,378.609022556391,566.8796992481202,126.69172932330827,296.54135338345867,503.83458646616543,SUPPORTED,translation_median_sparse_flow,-1.24945068359375,0.000514984130859375,347.0,7.067652225494385,,,SUPPORTED,partial_affine_ransac_sparse_flow,-10.779226097729634,-2.6554331825675366,111.0,1.0845438916667867,1.0094058926450695,0.31988472622478387,19.303909301757812,0.7641754150390625,20.553359985351562,0.7636604309082031,30.284324645996094,-1.2232780456542969,-2.127846836810228,7.619959082233596,path_segment_001,SUPPORTED,,19.303909301757812,0.7641754150390625,24.21883948092477,-1.372745014857344,33.817155843747855,-3.049205712527339,3.2441037576915526,8.987110686770102,path_segment_001,SUPPORTED,,19.303909301757812,0.7641754150390625,24.21883948092477,-1.372745014857344,33.817155843747855,-3.049205712527339,,,path_segment_001,QA_REQUIRED,Projected path contains a large step relative to the median supported step.,QA_REQUIRED,Projected path contains a large step relative to the median supported step.
28,19,560.0,VALID_TARGET,,1.0,708.3948097229004,397.6660919189453,708.8700180053711,396.7947082519531,SUPPORTED,715.2255639097745,378.98496240601503,568.5338345864661,126.46616541353383,293.3834586466166,505.0375939849624,SUPPORTED,translation_median_sparse_flow,-0.001983642578125,-0.6230621337890625,350.0,0.13268211483955383,,,SUPPORTED,partial_affine_ransac_sparse_flow,-0.03052232582107417,-0.627209649914281,350.0,0.16448599010646095,1.0000262021784425,1.0,0.4752082824707031,0.702972412109375,0.4771919250488281,1.3260345458984375,30.761516571044922,0.10275650024414062,-70.20802869446082,0.5221179066886908,path_segment_001,SUPPORTED,,0.4752082824707031,0.702972412109375,0.5083312911747271,1.2819582430218475,34.32548713492258,-1.7672474695054916,-68.37032819569704,0.5109220921751728,path_segment_001,SUPPORTED,,0.4752082824707031,0.702972412109375,0.5083312911747271,1.2819582430218475,34.32548713492258,-1.7672474695054916,,,path_segment_001,QA_REQUIRED,Projected path contains a large step relative to the median supported step.,QA_REQUIRED,Projected path contains a large step relative to the median supported step.
29,20,580.0,VALID_TARGET,,1.0,719.8310699462891,396.1623229980469,718.3054962158203,397.4435272216797,SUPPORTED,715.3007518796992,379.3609022556391,570.187969924812,126.2406015037594,290.22556390977445,506.2406015037594,SUPPORTED,translation_median_sparse_flow,0.0,9.5367431640625e-05,341.0,6.854763507843018,,,SUPPORTED,partial_affine_ransac_sparse_flow,-7.836247357029233,-0.7796711287668696,93.0,1.6943221664458696,1.0081623300540907,0.2727272727272727,9.435478210449219,0.6488189697265625,9.435478210449219,0.6487236022949219,40.19699478149414,0.7514801025390625,-3.9331046345158156,3.5039525234559776,path_segment_001,SUPPORTED,,9.435478210449219,0.6488189697265625,11.207639347383747,-1.3131307743229286,45.53312648230633,-3.08037824382842,6.68253043642244,4.18066127911994,path_segment_001,SUPPORTED,,9.435478210449219,0.6488189697265625,11.207639347383747,-1.3131307743229286,45.53312648230633,-3.08037824382842,,,path_segment_001,QA_REQUIRED,Projected path contains a large step relative to the median supported step.,QA_REQUIRED,Projected path contains a large step relative to the median supported step.
30,21,600.0,VALID_TARGET,,1.0,720.08935546875,400.3471374511719,721.6149291992188,398.0154266357422,SUPPORTED,715.375939849624,379.7368421052631,571.8421052631579,126.01503759398496,287.06766917293237,507.44360902255636,SUPPORTED,translation_median_sparse_flow,0.0030517578125,0.64349365234375,349.0,0.16992641985416412,,,SUPPORTED,partial_affine_ransac_sparse_flow,-0.15121763718476994,0.6302829123954924,349.0,0.19054056412173476,1.0001565112830966,1.0,3.3094329833984375,0.5718994140625,3.3063812255859375,-0.07159423828125,43.50337600708008,0.6798858642578125,1.240451867338121,1.22525070800304,path_segment_001,SUPPORTED,,3.3094329833984375,0.5718994140625,3.303916661838798,-0.04049335846872282,48.83704314414513,-3.120871602297143,0.7021915551531176,1.2241424167503567,path_segment_001,SUPPORTED,,3.3094329833984375,0.5718994140625,3.303916661838798,-0.04049335846872282,48.83704314414513,-3.120871602297143,,,path_segment_001,QA_REQUIRED,Projected path contains a large step relative to the median supported step.,QA_REQUIRED,Projected path contains a large step relative to the median supported step.
31,22,620.0,VALID_TARGET,,1.0,728.2115707397461,397.4098815917969,727.8305740356445,397.79286193847656,SUPPORTED,715.4511278195489,380.11278195488717,573.4962406015037,125.78947368421052,283.9097744360903,508.64661654135335,SUPPORTED,translation_median_sparse_flow,-0.7247314453125,0.000423431396484375,343.0,4.436131000518799,,,SUPPORTED,partial_affine_ransac_sparse_flow,-0.13823326324377488,-1.6022457657080362,142.0,1.505615146416587,1.0005904405767676,0.4139941690962099,6.215644836425781,-0.222564697265625,6.940376281738281,-0.22298812866210938,50.44375228881836,0.4568977355957031,1.8402294954315266,2.572629850377975,path_segment_001,SUPPORTED,,6.215644836425781,-0.222564697265625,6.425891349649987,0.24296641482470704,55.262934493795115,-2.877905187472436,-2.1653528036323357,2.382395414793028,path_segment_001,SUPPORTED,,6.215644836425781,-0.222564697265625,6.425891349649987,0.24296641482470704,55.262934493795115,-2.877905187472436,,,path_segment_001,QA_REQUIRED,Projected path contains a large step relative to the median supported step.,QA_REQUIRED,Projected path contains a large step relative to the median supported step.
32,23,640.0,VALID_TARGET,,1.0,728.763557434082,400.1285095214844,728.763557434082,397.4098815917969,SUPPORTED,715.5263157894736,380.4887218045113,575.1503759398496,125.56390977443608,280.75187969924815,509.84962406015035,SUPPORTED,translation_median_sparse_flow,-0.00213623046875,-0.7065887451171875,350.0,0.11865024268627167,,,SUPPORTED,partial_affine_ransac_sparse_flow,0.0341823585944406,-0.7027215299044256,350.0,0.15934947074192443,0.9999543164984771,1.0,0.9329833984375,-0.3829803466796875,0.93511962890625,0.3236083984375,51.37887191772461,0.7805061340332031,-19.088739445163682,0.36660597881231705,path_segment_001,SUPPORTED,,0.9329833984375,-0.3829803466796875,0.975105271122743,0.25914847276163755,56.23803976491786,-2.6187567147107984,-14.883153653188847,0.37380200179541423,path_segment_001,SUPPORTED,,0.9329833984375,-0.3829803466796875,0.975105271122743,0.25914847276163755,56.23803976491786,-2.6187567147107984,,,path_segment_001,QA_REQUIRED,Projected path contains a large step relative to the median supported step.,QA_REQUIRED,Projected path contains a large step relative to the median supported step.
33,24,660.0,VALID_TARGET,,1.0,730.4459457397461,389.2308654785156,730.0096969604492,397.4098815917969,SUPPORTED,715.6015037593985,380.8646616541353,576.8045112781955,125.33834586466165,277.59398496240607,511.05263157894734,SUPPORTED,translation_median_sparse_flow,-4.1112060546875,0.0478515625,345.0,4.9825239181518555,,,SUPPORTED,partial_affine_ransac_sparse_flow,-4.8840800240114195,-10.867271304276064,128.0,1.0014205851675497,1.0045018476618421,0.3710144927536232,1.2461395263671875,0.0,5.3573455810546875,-0.0478515625,56.7362174987793,0.7326545715332031,0.511749639034536,1.9848936007574816,path_segment_001,SUPPORTED,,1.2461395263671875,0.0,6.571513141198238,2.3271491028585274,62.809552906116096,-0.291607611852271,-19.500420289378283,2.5827965856691217,path_segment_001,SUPPORTED,,1.2461395263671875,0.0,6.571513141198238,2.3271491028585274,62.809552906116096,-0.291607611852271,,,path_segment_001,QA_REQUIRED,Projected path contains a large step relative to the median supported step.,QA_REQUIRED,Projected path contains a large step relative to the median supported step.
34,25,680.0,VALID_TARGET,,1.0,729.0940093994141,391.6129150390625,730.0271377563477,400.1285095214844,SUPPORTED,715.6766917293234,381.2406015037594,578.4586466165414,125.11278195488721,274.43609022556393,512.2556390977444,SUPPORTED,translation_median_sparse_flow,-0.028778076171875,0.650665283203125,349.0,0.20726840198040009,,,SUPPORTED,partial_affine_ransac_sparse_flow,-0.19302605241016985,0.6331995645509195,349.0,0.20767935867733917,1.0000929897154018,1.0,0.0174407958984375,2.7186279296875,0.0462188720703125,2.067962646484375,56.78243637084961,2.800617218017578,-88.71965506454052,0.7663397953793161,path_segment_001,SUPPORTED,,0.0174407958984375,2.7186279296875,0.10835390640340847,2.111356683336453,62.917906812519504,1.819749071484182,-87.0621828216244,0.7832546865753985,path_segment_001,SUPPORTED,,0.0174407958984375,2.7186279296875,0.10835390640340847,2.111356683336453,62.917906812519504,1.819749071484182,,,path_segment_001,QA_REQUIRED,Projected path contains a large step relative to the median supported step.,QA_REQUIRED,Projected path contains a large step relative to the median supported step.
35,26,700.0,VALID_TARGET,,1.0,733.8757247924805,406.6549377441406,732.5410003662109,406.6549377441406,SUPPORTED,715.7518796992481,381.6165413533834,580.1127819548872,124.88721804511279,271.27819548872185,513.4586466165413,UNSTABLE_TRANSFORM,translation_median_sparse_flow,-8.19342041015625,0.7093276977539062,344.0,8.224058151245117,,,SUPPORTED,partial_affine_ransac_sparse_flow,-22.15375380128228,-7.063609926633575,98.0,1.5698669164563226,1.015317718568492,0.28488372093023256,,,,,,,,,,UNSTABLE_TRANSFORM,Camera compensation was not supported.,2.5138626098632812,6.52642822265625,14.521776793247227,5.57558481557885,77.43968360576673,7.395333887063032,-21.004116055377565,5.763021547939162,path_segment_001,SUPPORTED,,2.5138626098632812,6.52642822265625,14.521776793247227,5.57558481557885,77.43968360576673,7.395333887063032,,,path_segment_001,QA_REQUIRED,Projected path contains a large step relative to the median supported step.,QA_REQUIRED,Projected path contains a large step relative to the median supported step.
36,27,720.0,VALID_TARGET,,1.0,730.5768814086914,413.70799255371094,729.1186676025391,406.6549377441406,SUPPORTED,715.827067669173,381.9924812030075,581.7669172932331,124.66165413533835,268.1203007518797,514.6616541353383,UNSTABLE_TRANSFORM,translation_median_sparse_flow,-11.37200927734375,0.863037109375,345.0,11.404216766357422,,,SUPPORTED,partial_affine_ransac_sparse_flow,-34.80328082313124,-5.923117973432471,78.0,1.5434772669781698,1.0244443993429566,0.22608695652173913,,,,,0.0,0.0,,,path_segment_002,INSUFFICIENT_EVIDENCE,Continuous path run is shorter than the configured minimum sample count.,-3.422332763671875,0.0,13.48706585771447,-4.040090964201454,90.9267494634812,3.355242922861578,16.675744527031913,5.216120023237819,path_segment_001,SUPPORTED,,-3.422332763671875,0.0,13.48706585771447,-4.040090964201454,90.9267494634812,3.355242922861578,,,path_segment_001,QA_REQUIRED,Projected path contains a large step relative to the median supported step.,QA_REQUIRED,Projected path contains a large step relative to the median supported step.
37,28,740.0,VALID_TARGET,,1.0,730.064338684082,411.5416259765625,729.2033538818359,406.6549377441406,SUPPORTED,715.9022556390978,382.36842105263156,583.421052631579,124.43609022556392,264.96240601503763,515.8646616541353,SUPPORTED,translation_median_sparse_flow,-0.007598876953125,-0.5960235595703125,350.0,0.16851718723773956,,,SUPPORTED,partial_affine_ransac_sparse_flow,0.08756637652920264,-0.6050329575146046,350.0,0.19037349364465528,0.9999114604660542,1.0,0.084686279296875,0.0,0.09228515625,0.5960235595703125,0.09228515625,0.5960235595703125,,,path_segment_002,INSUFFICIENT_EVIDENCE,Continuous path run is shorter than the configured minimum sample count.,0.084686279296875,0.0,0.10330061256638601,0.566414955080063,91.03005007604759,3.921657877941641,-79.66420706139564,0.21330939987729908,path_segment_001,SUPPORTED,,0.084686279296875,0.0,0.10330061256638601,0.566414955080063,91.03005007604759,3.921657877941641,,,path_segment_001,QA_REQUIRED,Projected path contains a large step relative to the median supported step.,QA_REQUIRED,Projected path contains a large step relative to the median supported step.
38,29,760.0,VALID_TARGET,,1.0,726.6696014404297,399.0612335205078,727.1249160766602,404.6285095214844,SUPPORTED,715.9774436090227,382.7443609022556,585.0751879699249,124.21052631578948,261.8045112781955,517.0676691729323,UNSTABLE_TRANSFORM,translation_median_sparse_flow,-14.003173828125,0.61456298828125,341.0,12.909333229064941,,,SUPPORTED,partial_affine_ransac_sparse_flow,-36.34973113805459,-4.486385284947466,78.0,1.6895381593543504,1.0189235081349777,0.2287390029325513,,,,,,,,,,UNSTABLE_TRANSFORM,Camera compensation was not supported.,-2.0784378051757812,-2.02642822265625,20.555061469094653,-5.383917276662089,111.58511154514224,-1.4622593987204482,14.677563817916528,7.872229330471231,path_segment_001,SUPPORTED,,-2.0784378051757812,-2.02642822265625,20.555061469094653,-5.383917276662089,111.58511154514224,-1.4622593987204482,,,path_segment_001,QA_REQUIRED,Projected path contains a large step relative to the median supported step.,QA_REQUIRED,Projected path contains a large step relative to the median supported step.
39,30,780.0,VALID_TARGET,,1.0,726.6732864379883,404.6285095214844,726.2179718017578,402.2124938964844,SUPPORTED,716.0526315789473,383.12030075187965,586.7293233082706,123.98496240601504,258.6466165413534,518.2706766917292,SUPPORTED,translation_median_sparse_flow,0.0,0.5535888671875,350.0,0.19441360235214233,,,SUPPORTED,partial_affine_ransac_sparse_flow,-0.10237972737034653,0.6046594572498418,347.0,0.1986880138460307,1.0000663931977674,0.9914285714285714,,,,,0.0,0.0,,,path_segment_003,INSUFFICIENT_EVIDENCE,Continuous path run is shorter than the configured minimum sample count.,-0.9069442749023438,-2.416015625,-0.9043475341867406,-2.954967054837425,110.6807640109555,-4.417226453557873,107.01637324174732,1.1448920422622073,path_segment_001,SUPPORTED,,-0.9069442749023438,-2.416015625,-0.9043475341867406,-2.954967054837425,110.6807640109555,-4.417226453557873,,,path_segment_001,QA_REQUIRED,Projected path contains a large step relative to the median supported step.,QA_REQUIRED,Projected path contains a large step relative to the median supported step.
40,31,800.0,VALID_TARGET,,1.0,708.8495635986328,402.2124938964844,709.7367858886719,402.2124938964844,SUPPORTED,716.1278195488721,383.4962406015037,588.3834586466165,123.7593984962406,255.4887218045113,519.4736842105262,UNSTABLE_TRANSFORM,translation_median_sparse_flow,-15.2659912109375,0.510498046875,337.0,12.802444458007812,,,SUPPORTED,partial_affine_ransac_sparse_flow,-30.998283664760397,-7.466009978560849,79.0,2.0175592829602382,1.0155983683467642,0.2344213649851632,,,,,,,,,,UNSTABLE_TRANSFORM,Camera compensation was not supported.,-16.481185913085938,0.0,5.1897887336813255,-2.3991930727291333,115.87055274463683,-6.816419526287007,24.8106799389415,2.1182535157111775,path_segment_001,SUPPORTED,,-16.481185913085938,0.0,5.1897887336813255,-2.3991930727291333,115.87055274463683,-6.816419526287007,,,path_segment_001,QA_REQUIRED,Projected path contains a large step relative to the median supported step.,QA_REQUIRED,Projected path contains a large step relative to the median supported step.
41,32,820.0,VALID_TARGET,,1.0,708.4049606323242,398.0479736328125,708.9140167236328,403.1754150390625,SUPPORTED,716.203007518797,383.8721804511278,590.0375939849624,123.53383458646617,252.3308270676692,520.6766917293232,SUPPORTED,translation_median_sparse_flow,-0.0001220703125,-0.7186431884765625,350.0,0.110005222260952,,,SUPPORTED,partial_affine_ransac_sparse_flow,0.04797083574828662,-0.6464197750883244,349.0,0.15048993880455597,0.9999324022151888,0.9971428571428571,,,,,0.0,0.0,,,path_segment_004,INSUFFICIENT_EVIDENCE,Continuous path run is shorter than the configured minimum sample count.,-0.8227691650390625,0.962921142578125,-0.7936597100703011,1.5851781449596842,115.07689303456652,-5.231241381327322,-116.59600110732804,0.65678119021822,path_segment_001,SUPPORTED,,-0.8227691650390625,0.962921142578125,-0.7936597100703011,1.5851781449596842,115.07689303456652,-5.231241381327322,,,path_segment_001,QA_REQUIRED,Projected path contains a large step relative to the median supported step.,QA_REQUIRED,Projected path contains a large step relative to the median supported step.
42,33,840.0,VALID_TARGET,,1.0,708.3230819702148,404.6374206542969,708.5404891967773,403.6104736328125,SUPPORTED,716.2781954887218,384.24812030075185,591.6917293233083,123.30827067669173,249.1729323308271,521.8796992481202,UNSTABLE_TRANSFORM,translation_median_sparse_flow,-14.87518310546875,0.2771453857421875,330.0,13.98526668548584,,,SUPPORTED,partial_affine_ransac_sparse_flow,-40.90744984504613,-5.284574165579605,68.0,1.3933445338181476,1.0259862616179718,0.20606060606060606,,,,,,,,,,UNSTABLE_TRANSFORM,Camera compensation was not supported.,-0.37352752685546875,0.43505859375,22.25972050855694,-5.017202661223337,137.33661354312346,-10.248444042550659,12.701856731094143,8.453770876091134,path_segment_001,SUPPORTED,,-0.37352752685546875,0.43505859375,22.25972050855694,-5.017202661223337,137.33661354312346,-10.248444042550659,,,path_segment_001,QA_REQUIRED,Projected path contains a large step relative to the median supported step.,QA_REQUIRED,Projected path contains a large step relative to the median supported step.
43,34,860.0,VALID_TARGET,,1.0,708.9283103942871,406.5156555175781,707.3003311157227,402.53785705566406,SUPPORTED,716.3533834586466,384.6240601503759,593.3458646616541,123.0827067669173,246.015037593985,523.0827067669172,SUPPORTED,translation_median_sparse_flow,-0.0001220703125,0.564788818359375,350.0,0.1781156361103058,,,SUPPORTED,partial_affine_ransac_sparse_flow,-0.19859548968666746,0.5974830795702777,350.0,0.1851510870524684,1.0001922844858142,1.0,,,,,0.0,0.0,,,path_segment_005,INSUFFICIENT_EVIDENCE,Continuous path run is shorter than the configured minimum sample count.,-1.2401580810546875,-1.0726165771484375,-1.248587546603062,-1.6234213169626628,136.0880259965204,-11.871865359513322,127.56419968771431,0.7587674118781903,path_segment_001,SUPPORTED,,-1.2401580810546875,-1.0726165771484375,-1.248587546603062,-1.6234213169626628,136.0880259965204,-11.871865359513322,,,path_segment_001,QA_REQUIRED,Projected path contains a large step relative to the median supported step.,QA_REQUIRED,Projected path contains a large step relative to the median supported step.
44,35,880.0,VALID_TARGET,,1.0,689.4184188842773,402.4249267578125,692.9340858459473,402.53785705566406,SUPPORTED,716.4285714285714,385.0,595.0,122.85714285714286,242.8571428571429,524.2857142857142,UNSTABLE_TRANSFORM,translation_median_sparse_flow,-14.0421142578125,0.162139892578125,331.0,14.043048858642578,,,SUPPORTED,partial_affine_ransac_sparse_flow,4.640011256687314,-4.429839044266231,73.0,0.9645219358036532,0.9962189458445704,0.22054380664652568,,,,,,,,,,UNSTABLE_TRANSFORM,Camera compensation was not supported.,-14.36624526977539,0.0,-14.70412069726683,3.1050620296455236,121.38390529925357,-8.766803329867798,-168.07605800004745,5.567789021088341,path_segment_001,SUPPORTED,,-14.36624526977539,0.0,-14.70412069726683,3.1050620296455236,121.38390529925357,-8.766803329867798,,,path_segment_001,QA_REQUIRED,Projected path contains a large step relative to the median supported step.,QA_REQUIRED,Projected path contains a large step relative to the median supported step.
45,36,900.0,VALID_TARGET,,1.0,692.9340858459473,402.0123291015625,689.4184188842773,402.53785705566406,SUPPORTED,704.5238095238095,389.2857142857142,581.1904761904761,134.76190476190476,246.6666666666667,509.047619047619,SUPPORTED,translation_median_sparse_flow,-0.0023193359375,-0.584503173828125,350.0,0.17932718992233276,,,SUPPORTED,partial_affine_ransac_sparse_flow,0.08192484335369915,-0.6036378579205854,350.0,0.1981867166574553,0.9998808428860403,1.0,,,,,0.0,0.0,,,path_segment_006,INSUFFICIENT_EVIDENCE,Continuous path run is shorter than the configured minimum sample count.,-3.515666961669922,0.0,-3.4544134230152395,0.5472857063225547,117.92949187623833,-8.219517623545244,-170.99740517967788,1.2957694829741861,path_segment_001,SUPPORTED,,-3.515666961669922,0.0,-3.4544134230152395,0.5472857063225547,117.92949187623833,-8.219517623545244,,,path_segment_001,QA_REQUIRED,Projected path contains a large step relative to the median supported step.,QA_REQUIRED,Projected path contains a large step relative to the median supported step.
46,37,920.0,VALID_TARGET,,1.0,675.1365661621094,397.013916015625,689.4184188842773,402.53785705566406,SUPPORTED,692.6190476190477,393.57142857142856,567.3809523809524,146.66666666666669,250.4761904761905,493.8095238095238,UNSTABLE_TRANSFORM,translation_median_sparse_flow,-12.0411376953125,0.57177734375,329.0,12.054811477661133,,,SUPPORTED,partial_affine_ransac_sparse_flow,2.217169560588853,-0.3519080395703551,77.0,0.9237099525475153,0.9981276259096423,0.23404255319148937,,,,,,,,,,UNSTABLE_TRANSFORM,Camera compensation was not supported.,0.0,0.0,-0.7827802912837569,0.8598720926610213,117.14671158495457,-7.359645530884222,-132.3130065325918,0.4308029492682357,path_segment_001,SUPPORTED,,0.0,0.0,-0.7827802912837569,0.8598720926610213,117.14671158495457,-7.359645530884222,,,path_segment_001,QA_REQUIRED,Projected path contains a large step relative to the median supported step.,QA_REQUIRED,Projected path contains a large step relative to the median supported step.
47,38,940.0,VALID_TARGET,HUMAN_ACCEPTED_TARGET: operator reviewed the raw skeleton and confirmed that it belongs to the documented athlete.,1.0,682.3536071777344,406.8085479736328,692.9340858459473,402.21978759765625,SUPPORTED,680.7142857142858,397.8571428571429,553.5714285714286,158.57142857142858,254.28571428571433,478.57142857142856,SUPPORTED,translation_median_sparse_flow,-0.0007781982421875,0.5533905029296875,350.0,0.20274965465068817,,,SUPPORTED,partial_affine_ransac_sparse_flow,-0.1456984875196929,0.5354933701979167,347.0,0.20273315737805467,1.0001415248623509,0.9914285714285714,,,,,0.0,0.0,,,path_segment_007,INSUFFICIENT_EVIDENCE,Continuous path run is shorter than the configured minimum sample count.,3.515666961669922,-0.3180694580078125,3.530616271144936,-0.8537009973868521,120.67732785609951,-8.213346528271074,13.593177956435635,1.3457345998537384,path_segment_001,SUPPORTED,,3.515666961669922,-0.3180694580078125,3.530616271144936,-0.8537009973868521,120.67732785609951,-8.213346528271074,,,path_segment_001,QA_REQUIRED,Projected path contains a large step relative to the median supported step.,QA_REQUIRED,Projected path contains a large step relative to the median supported step.
48,39,960.0,VALID_TARGET,HUMAN_ACCEPTED_TARGET: operator reviewed the raw skeleton and confirmed that it belongs to the documented athlete.,1.0,715.8967132568359,415.74048614501953,693.8475952148438,400.1991195678711,SUPPORTED,667.5,396.9642857142857,537.8571428571429,162.5,259.28571428571433,468.92857142857144,UNSTABLE_TRANSFORM,translation_median_sparse_flow,-12.5142822265625,8.392333984375e-05,325.0,12.51416015625,,,SUPPORTED,partial_affine_ransac_sparse_flow,1.364329459389019,-0.7482420868386624,87.0,0.8379930087360841,0.9987855154283141,0.2676923076923077,,,,,,,,,,UNSTABLE_TRANSFORM,Camera compensation was not supported.,0.9135093688964844,-2.0206680297851562,0.6332847394374994,-1.2014999559050352,121.31061259553701,-9.41484648417611,62.207251530973,0.5031847091764757,path_segment_001,SUPPORTED,,0.9135093688964844,-2.0206680297851562,0.6332847394374994,-1.2014999559050352,121.31061259553701,-9.41484648417611,,,path_segment_001,QA_REQUIRED,Projected path contains a large step relative to the median supported step.,QA_REQUIRED,Projected path contains a large step relative to the median supported step.
49,40,980.0,VALID_TARGET,HUMAN_ACCEPTED_TARGET: operator reviewed the raw skeleton and confirmed that it belongs to the documented athlete.,1.0,704.8911209106445,399.5821533203125,693.8475952148438,404.4292907714844,SUPPORTED,654.2857142857142,396.0714285714286,522.1428571428571,166.42857142857144,264.28571428571433,459.28571428571433,UNSTABLE_TRANSFORM,translation_median_sparse_flow,-9.96209716796875,-0.7541046142578125,332.0,10.35316276550293,,,SUPPORTED,partial_affine_ransac_sparse_flow,1.7984458348326589,-0.5766570928568404,85.0,1.0988921934859022,0.9984183230110061,0.2560240963855422,,,,,0.0,0.0,,,path_segment_008,INSUFFICIENT_EVIDENCE,Continuous path run is shorter than the configured minimum sample count.,0.0,4.230171203613281,-0.5154488111580804,5.118280711641717,120.79516378437893,-4.296565772534393,-95.75072081351583,1.9058361402732888,path_segment_001,SUPPORTED,,0.0,4.230171203613281,-0.5154488111580804,5.118280711641717,120.79516378437893,-4.296565772534393,,,path_segment_001,QA_REQUIRED,Projected path contains a large step relative to the median supported step.,QA_REQUIRED,Projected path contains a large step relative to the median supported step.
50,41,1000.0,VALID_TARGET,HUMAN_ACCEPTED_TARGET: operator reviewed the raw skeleton and confirmed that it belongs to the documented athlete.,1.0,691.7846145629883,394.8257369995117,691.7846145629883,401.82450103759766,SUPPORTED,641.0714285714286,395.17857142857144,506.42857142857144,170.35714285714286,269.2857142857143,449.64285714285717,SUPPORTED,translation_median_sparse_flow,-0.00030517578125,-0.5761566162109375,350.0,0.19538648426532745,,,SUPPORTED,partial_affine_ransac_sparse_flow,0.13501609535487974,-0.6110875376093078,348.0,0.21043745465321442,0.9998614664773199,0.9942857142857143,-2.0629806518554688,-2.6047897338867188,-2.0626754760742188,-2.0286331176757812,-2.0626754760742188,-2.0286331176757812,,,path_segment_008,INSUFFICIENT_EVIDENCE,Continuous path run is shorter than the configured minimum sample count.,-2.0629806518554688,-2.6047897338867188,-2.043701924840434,-2.0374626867794063,118.7514618595385,-6.334028459313799,135.08759306810492,1.0691530230597897,path_segment_001,SUPPORTED,,-2.0629806518554688,-2.6047897338867188,-2.043701924840434,-2.0374626867794063,118.7514618595385,-6.334028459313799,,,path_segment_001,QA_REQUIRED,Projected path contains a large step relative to the median supported step.,QA_REQUIRED,Projected path contains a large step relative to the median supported step.
51,42,1020.0,VALID_TARGET,HUMAN_ACCEPTED_TARGET: operator reviewed the raw skeleton and confirmed that it belongs to the documented athlete.,1.0,670.3270416259766,404.4292907714844,677.4870910644531,399.60302734375,SUPPORTED,627.8571428571429,394.28571428571433,490.7142857142857,174.28571428571428,274.2857142857143,440.00000000000006,UNSTABLE_TRANSFORM,translation_median_sparse_flow,-14.77789306640625,-0.6027069091796875,340.0,13.992574691772461,,,SUPPORTED,partial_affine_ransac_sparse_flow,-34.329538961859896,-6.771938658340175,93.0,1.2736898060466388,1.0156230114215534,0.2735294117647059,,,,,,,,,,UNSTABLE_TRANSFORM,Camera compensation was not supported.,-14.297523498535156,-2.2214736938476562,8.694085026669882,-0.8131277080872792,127.44554688620838,-7.147156167401079,5.343133124890567,3.235082078358056,path_segment_001,SUPPORTED,,-14.297523498535156,-2.2214736938476562,8.694085026669882,-0.8131277080872792,127.44554688620838,-7.147156167401079,,,path_segment_001,QA_REQUIRED,Projected path contains a large step relative to the median supported step.,QA_REQUIRED,Projected path contains a large step relative to the median supported step.
52,43,1040.0,VALID_TARGET,HUMAN_ACCEPTED_TARGET: operator reviewed the raw skeleton and confirmed that it belongs to the documented athlete.,1.0,677.4870910644531,401.818359375,672.6170425415039,397.58397674560547,SUPPORTED,626.0,401.57142857142856,492.2857142857143,187.28571428571428,267.42857142857144,428.5714285714286,SUPPORTED,translation_median_sparse_flow,-0.01788330078125,0.6407470703125,349.0,0.23217183351516724,,,SUPPORTED,partial_affine_ransac_sparse_flow,-0.1526765359337783,0.694860171143243,348.0,0.2353106000336599,1.0000485343954102,0.997134670487106,,,,,0.0,0.0,,,path_segment_009,INSUFFICIENT_EVIDENCE,Continuous path run is shorter than the configured minimum sample count.,-4.870048522949219,-2.0190505981445312,-4.817440708054733,-2.6193740125658564,122.62810617815364,-9.766530179966935,151.46586738319013,2.031555508972102,path_segment_001,SUPPORTED,,-4.870048522949219,-2.0190505981445312,-4.817440708054733,-2.6193740125658564,122.62810617815364,-9.766530179966935,,,path_segment_001,QA_REQUIRED,Projected path contains a large step relative to the median supported step.,QA_REQUIRED,Projected path contains a large step relative to the median supported step.
53,44,1060.0,VALID_TARGET,HUMAN_ACCEPTED_TARGET: operator reviewed the raw skeleton and confirmed that it belongs to the documented athlete.,1.0,664.5912933349609,392.77498626708984,670.3270416259766,401.818359375,SUPPORTED,624.1428571428571,408.8571428571429,493.8571428571429,200.28571428571428,260.57142857142856,417.14285714285717,UNSTABLE_TRANSFORM,translation_median_sparse_flow,-15.35589599609375,-1.34735107421875,338.0,15.257604598999023,,,SUPPORTED,partial_affine_ransac_sparse_flow,-34.90836334178162,-7.3127414662058765,103.0,1.3745993866484307,1.016790636394675,0.3047337278106509,,,,,,,,,,UNSTABLE_TRANSFORM,Camera compensation was not supported.,-2.2900009155273438,4.234382629394531,20.68977440765832,5.947499398750324,143.31788058581196,-3.819030781216611,-16.0378695185219,7.9756626566590105,path_segment_001,SUPPORTED,,-2.2900009155273438,4.234382629394531,20.68977440765832,5.947499398750324,143.31788058581196,-3.819030781216611,,,path_segment_001,QA_REQUIRED,Projected path contains a large step relative to the median supported step.,QA_REQUIRED,Projected path contains a large step relative to the median supported step.
54,45,1080.0,VALID_TARGET,HUMAN_ACCEPTED_TARGET: operator reviewed the raw skeleton and confirmed that it belongs to the documented athlete.,1.0,672.6170425415039,390.051025390625,664.8736724853516,401.818359375,SUPPORTED,622.2857142857143,416.14285714285717,495.42857142857144,213.28571428571428,253.7142857142857,405.7142857142858,SUPPORTED,translation_median_sparse_flow,-0.0276641845703125,-0.599365234375,350.0,0.255209356546402,,,SUPPORTED,partial_affine_ransac_sparse_flow,-0.3071424543704021,-0.6148942984213243,347.0,0.30237217431896557,1.0001350847629693,0.9914285714285714,,,,,0.0,0.0,,,path_segment_010,INSUFFICIENT_EVIDENCE,Continuous path run is shorter than the configured minimum sample count.,-5.453369140625,0.0,-5.232544690013356,0.553553267578593,138.0853358957986,-3.265477513638018,-173.96111504920586,1.9493953398728874,path_segment_001,SUPPORTED,,-5.453369140625,0.0,-5.232544690013356,0.553553267578593,138.0853358957986,-3.265477513638018,,,path_segment_001,QA_REQUIRED,Projected path contains a large step relative to the median supported step.,QA_REQUIRED,Projected path contains a large step relative to the median supported step.
55,46,1100.0,VALID_TARGET,HUMAN_ACCEPTED_TARGET: operator reviewed the raw skeleton and confirmed that it belongs to the documented athlete.,1.0,662.8799819946289,410.0676574707031,663.7356376647949,401.4213218688965,SUPPORTED,620.4285714285714,423.42857142857144,497.0,226.28571428571428,246.85714285714283,394.28571428571433,UNSTABLE_TRANSFORM,translation_median_sparse_flow,-14.484619140625,-0.305328369140625,335.0,13.126808166503906,,,SUPPORTED,partial_affine_ransac_sparse_flow,-33.466092762654235,-19.211088791297755,78.0,1.1718880477488016,1.0189761037030998,0.23283582089552238,,,,,,,,,,UNSTABLE_TRANSFORM,Camera compensation was not supported.,-1.1380348205566406,-0.3970375061035156,23.412015320946807,5.127342606767627,161.49735121674541,1.8618650931296088,-12.353016190137012,8.879367636616033,path_segment_001,SUPPORTED,,-1.1380348205566406,-0.3970375061035156,23.412015320946807,5.127342606767627,161.49735121674541,1.8618650931296088,,,path_segment_001,QA_REQUIRED,Projected path contains a large step relative to the median supported step.,QA_REQUIRED,Projected path contains a large step relative to the median supported step.
56,47,1120.0,VALID_TARGET,HUMAN_ACCEPTED_TARGET: operator reviewed the raw skeleton and confirmed that it belongs to the documented athlete.,1.0,661.0958480834961,413.967887878418,662.8799819946289,410.0676574707031,SUPPORTED,618.5714285714286,430.7142857142857,498.57142857142856,239.28571428571428,239.99999999999997,382.8571428571429,SUPPORTED,translation_median_sparse_flow,-0.0322265625,0.70367431640625,349.0,0.23327413201332092,,,SUPPORTED,partial_affine_ransac_sparse_flow,-0.31113693148621824,0.722895715574464,347.0,0.23844279937809346,1.0000973723322921,0.994269340974212,,,,,0.0,0.0,,,path_segment_011,INSUFFICIENT_EVIDENCE,Continuous path run is shorter than the configured minimum sample count.,-0.8556556701660156,8.64633560180664,-0.6799214696575291,8.001396855277449,160.81742974708789,9.863261948407057,-94.8570605027305,2.975078315670286,path_segment_001,SUPPORTED,,-0.8556556701660156,8.64633560180664,-0.6799214696575291,8.001396855277449,160.81742974708789,9.863261948407057,,,path_segment_001,QA_REQUIRED,Projected path contains a large step relative to the median supported step.,QA_REQUIRED,Projected path contains a large step relative to the median supported step.
57,48,1140.0,INVALID_TRACK_SEGMENT,Valid-looking pose segment is too short to establish target identity continuity.,,656.1999740600586,385.8958358764648,,,,616.7142857142858,438.0,500.14285714285717,252.28571428571428,233.1428571428571,371.42857142857144,,,,,,,,,,,,,,,,,,,,,,,,,,,,,,,,,,,,,,,,,,,,,,,,,,,
58,49,1160.0,LOW_POSE_CONFIDENCE,Frame/core landmark confidence below threshold.,,659.6487808227539,401.58570098876953,,,,614.8571428571429,445.2857142857143,501.7142857142857,265.2857142857143,226.28571428571425,360.0,,,,,,,,,,,,,,,,,,,,,,,,,,,,,,,,,,,,,,,,,,,,,,,,,,,
59,50,1180.0,LOW_POSE_CONFIDENCE,Frame/core landmark confidence below threshold.,,657.9149169921875,396.34653091430664,,,,613.0,452.57142857142856,503.2857142857143,278.2857142857143,219.4285714285714,348.57142857142856,,,,,,,,,,,,,,,,,,,,,,,,,,,,,,,,,,,,,,,,,,,,,,,,,,,
60,51,1200.0,INVALID_TRACK_SEGMENT,Valid-looking pose segment is too short to establish target identity continuity.,,663.5906524658203,412.01072692871094,,,,611.1428571428571,459.8571428571429,504.8571428571429,291.2857142857143,212.57142857142853,337.14285714285717,,,,,,,,,,,,,,,,,,,,,,,,,,,,,,,,,,,,,,,,,,,,,,,,,,,
61,52,1220.0,LOW_POSE_CONFIDENCE,Frame/core landmark confidence below threshold.,,644.1974029541016,396.05424880981445,,,,609.2857142857142,467.1428571428571,506.42857142857144,304.2857142857143,205.71428571428567,325.7142857142857,,,,,,,,,,,,,,,,,,,,,,,,,,,,,,,,,,,,,,,,,,,,,,,,,,,
62,53,1240.0,TARGET_IDENTITY_UNCERTAIN,TARGET_OVERLAP_AMBIGUOUS: another detected person overlaps or is too close to the selected pose for automated identity acceptance.,,659.0342864990234,409.45314025878906,,,,612.3979591836735,461.8163252849968,510.6122448979592,293.1428558972417,203.57142857142853,337.34693877551024,,,,,,,,,,,,,,,,,,,,,,,,,,,,,,,,,,,,,,,,,,,,,,,,,,,
63,54,1260.0,TARGET_IDENTITY_UNCERTAIN,Temporal/body-scale discontinuity suggests target identity uncertainty.,,518.5456457138062,406.81172943115234,,,,615.5102040816327,456.4897934271365,514.795918367347,281.9999975087691,201.4285714285714,348.9795918367347,,,,,,,,,,,,,,,,,,,,,,,,,,,,,,,,,,,,,,,,,,,,,,,,,,,
64,55,1280.0,TARGET_IDENTITY_UNCERTAIN,TARGET_OVERLAP_AMBIGUOUS: another detected person overlaps or is too close to the selected pose for automated identity acceptance.,,536.3994355201721,405.8236999511719,,,,618.6224489795918,451.1632615692762,518.9795918367347,270.85713912029655,199.28571428571425,360.6122448979592,,,,,,,,,,,,,,,,,,,,,,,,,,,,,,,,,,,,,,,,,,,,,,,,,,,
65,56,1300.0,TARGET_IDENTITY_UNCERTAIN,Temporal/body-scale discontinuity suggests target identity uncertainty.,,582.0925045013428,331.8979721069336,,,,621.734693877551,445.83672971141584,523.1632653061224,259.714280731824,197.14285714285708,372.2448979591837,,,,,,,,,,,,,,,,,,,,,,,,,,,,,,,,,,,,,,,,,,,,,,,,,,,
66,57,1320.0,TARGET_IDENTITY_UNCERTAIN,TARGET_OVERLAP_AMBIGUOUS: another detected person overlaps or is too close to the selected pose for automated identity acceptance.,,635.4006156921387,346.1654739379883,,,,624.8469387755102,440.5101978535555,527.3469387755102,248.5714223433514,194.99999999999994,383.8775510204082,,,,,,,,,,,,,,,,,,,,,,,,,,,,,,,,,,,,,,,,,,,,,,,,,,,
67,58,1340.0,TARGET_IDENTITY_UNCERTAIN,Temporal/body-scale discontinuity suggests target identity uncertainty.,,643.886962890625,320.02137756347656,,,,627.9591836734694,435.18366599569515,531.530612244898,237.42856395487883,192.8571428571428,395.51020408163265,,,,,,,,,,,,,,,,,,,,,,,,,,,,,,,,,,,,,,,,,,,,,,,,,,,
68,59,1360.0,TARGET_IDENTITY_UNCERTAIN,TARGET_OVERLAP_AMBIGUOUS: another detected person overlaps or is too close to the selected pose for automated identity acceptance.,,633.7626914978027,354.1711311340332,,,,631.0714285714287,429.8571341378348,535.7142857142858,226.28570556640625,190.71428571428567,407.14285714285717,,,,,,,,,,,,,,,,,,,,,,,,,,,,,,,,,,,,,,,,,,,,,,,,,,,
69,60,1380.0,TARGET_IDENTITY_UNCERTAIN,TARGET_OVERLAP_AMBIGUOUS: another detected person overlaps or is too close to the selected pose for automated identity acceptance.,,634.0420608520508,357.79150390625,,,,634.1836734693877,424.5306022799745,539.8979591836735,215.14284717793367,188.57142857142853,418.7755102040817,,,,,,,,,,,,,,,,,,,,,,,,,,,,,,,,,,,,,,,,,,,,,,,,,,,
70,61,1400.0,VALID_TARGET,,2.0,594.4888439178467,378.1160659790039,596.7181720733643,378.1160659790039,SUPPORTED,637.2959183673469,419.20407042211417,544.0816326530612,203.9999887894611,186.4285714285714,430.40816326530614,UNSTABLE_TRANSFORM,translation_median_sparse_flow,-0.04974365234375,-0.036334991455078125,292.0,120.37754821777344,,,SUPPORTED,partial_affine_ransac_sparse_flow,-6.8263121828451006,-14.775191071837954,32.0,0.6254748297527171,1.0067717551918658,0.1095890410958904,,,,,0.0,0.0,,,path_segment_012,INSUFFICIENT_EVIDENCE,Continuous path run is shorter than the configured minimum sample count.,,,,,0.0,0.0,,,path_segment_002,SUPPORTED,,,,,,0.0,0.0,,,path_segment_002,QA_REQUIRED,Projected path contains a large step relative to the median supported step.,QA_REQUIRED,Projected path contains a large step relative to the median supported step.
71,62,1420.0,VALID_TARGET,,2.0,596.7181720733643,367.7467498779297,594.9564189910889,376.4493713378906,SUPPORTED,640.4081632653061,413.8775385642539,548.265306122449,192.85713040098852,184.28571428571422,442.04081632653066,SUPPORTED,translation_median_sparse_flow,-0.00384521484375,-0.5467681884765625,350.0,0.2091640681028366,,,SUPPORTED,partial_affine_ransac_sparse_flow,0.02783527101699697,-0.5745352515236375,347.0,0.2094636398650895,0.9999335157367824,0.9914285714285714,-1.7617530822753906,-1.6666946411132812,-1.7579078674316406,-1.1199264526367188,-1.7579078674316406,-1.1199264526367188,,,path_segment_012,INSUFFICIENT_EVIDENCE,Continuous path run is shorter than the configured minimum sample count.,-1.7617530822753906,-1.6666946411132812,-1.7160169505688145,-1.1205125686990982,-1.7160169505688145,-1.1205125686990982,146.85655182247845,0.7592913767197313,path_segment_002,SUPPORTED,,-1.7617530822753906,-1.6666946411132812,-1.7160169505688145,-1.1205125686990982,-1.7160169505688145,-1.1205125686990982,,,path_segment_002,QA_REQUIRED,Projected path contains a large step relative to the median supported step.,QA_REQUIRED,Projected path contains a large step relative to the median supported step.
72,63,1440.0,VALID_TARGET,,2.0,594.2359924316406,385.22459411621094,598.7170925140381,378.1160659790039,SUPPORTED,643.5204081632653,408.55100670639354,552.4489795918367,181.71427201251595,182.1428571428571,453.6734693877551,UNSTABLE_TRANSFORM,translation_median_sparse_flow,-12.99072265625,-1.1444091796875e-05,343.0,13.000553131103516,,,SUPPORTED,partial_affine_ransac_sparse_flow,-31.647833521035878,-2.40230935445992,91.0,0.6427002873205306,1.0047057424927257,0.2653061224489796,,,,,,,,,,UNSTABLE_TRANSFORM,Camera compensation was not supported.,3.7606735229492188,1.6666946411132812,32.63976905076379,2.2485824757838486,30.923752100194974,1.1280699070847504,-3.9409301614818344,12.121195516125132,path_segment_002,SUPPORTED,,3.7606735229492188,1.6666946411132812,32.63976905076379,2.2485824757838486,30.923752100194974,1.1280699070847504,,,path_segment_002,QA_REQUIRED,Projected path contains a large step relative to the median supported step.,QA_REQUIRED,Projected path contains a large step relative to the median supported step.
73,64,1460.0,VALID_TARGET,,2.0,593.1946659088135,374.78267669677734,600.7726211547852,384.70545959472656,SUPPORTED,646.6326530612245,403.2244748485332,556.6326530612245,170.57141362404337,179.99999999999994,465.30612244897964,SUPPORTED,translation_median_sparse_flow,-0.00341796875,0.7020111083984375,350.0,0.1827288717031479,,,SUPPORTED,partial_affine_ransac_sparse_flow,-0.09810133691085163,0.5935433290336217,348.0,0.17295050896745195,1.0000940320753275,0.9942857142857143,,,,,0.0,0.0,,,path_segment_013,INSUFFICIENT_EVIDENCE,Continuous path run is shorter than the configured minimum sample count.,2.0555286407470703,6.589393615722656,2.0871912913927417,5.976351738293374,33.010943391587716,7.104421645378125,-70.74866841213466,2.345292281997047,path_segment_002,SUPPORTED,,2.0555286407470703,6.589393615722656,2.0871912913927417,5.976351738293374,33.010943391587716,7.104421645378125,,,path_segment_002,QA_REQUIRED,Projected path contains a large step relative to the median supported step.,QA_REQUIRED,Projected path contains a large step relative to the median supported step.
74,65,1480.0,VALID_TARGET,,2.0,617.6668014526367,387.3214721679687,614.1992149353027,387.8406066894531,SUPPORTED,649.7448979591837,397.89794299067285,560.8163265306123,159.4285552355708,177.8571428571428,476.9387755102041,UNSTABLE_TRANSFORM,translation_median_sparse_flow,-14.233062744140625,-0.0002536773681640625,338.0,14.231025695800781,,,SUPPORTED,partial_affine_ransac_sparse_flow,-32.11427736458115,-2.3892437341620494,71.0,0.49491493965522776,1.0043912126154084,0.21005917159763313,,,,,,,,,,UNSTABLE_TRANSFORM,Camera compensation was not supported.,13.426593780517578,3.1351470947265625,42.93728473175247,3.7811430418603322,75.94822812334019,10.885564687238457,-5.032598436023806,15.969167860787438,path_segment_002,SUPPORTED,,13.426593780517578,3.1351470947265625,42.93728473175247,3.7811430418603322,75.94822812334019,10.885564687238457,,,path_segment_002,QA_REQUIRED,Projected path contains a large step relative to the median supported step.,QA_REQUIRED,Projected path contains a large step relative to the median supported step.
75,66,1500.0,VALID_TARGET,,2.0,621.7342300415039,398.5419692993164,614.1992149353027,390.68074798583984,SUPPORTED,652.8571428571429,392.5714111328125,565.0,148.28569684709822,175.71428571428567,488.5714285714286,SUPPORTED,translation_median_sparse_flow,0.0001220703125,-0.638427734375,255.0,0.19563782215118408,,,SUPPORTED,partial_affine_ransac_sparse_flow,0.18494708214160407,-0.5749762269629718,253.0,0.2244755328954406,0.999793616663732,0.9921568627450981,,,,,0.0,0.0,,,path_segment_014,INSUFFICIENT_EVIDENCE,Continuous path run is shorter than the configured minimum sample count.,0.0,2.8401412963867188,-0.00569648352313834,3.4120484676378737,75.94253163981705,14.29761315487633,-90.09565636707518,1.2641134241409149,path_segment_002,SUPPORTED,,0.0,2.8401412963867188,-0.00569648352313834,3.4120484676378737,75.94253163981705,14.29761315487633,,,path_segment_002,QA_REQUIRED,Projected path contains a large step relative to the median supported step.,QA_REQUIRED,Projected path contains a large step relative to the median supported step.
76,67,1520.0,VALID_TARGET,,2.0,615.8082523345947,395.46617889404297,614.1992149353027,390.68074798583984,SUPPORTED,653.5714285714286,395.6666564941406,558.8095238095239,151.6190374465216,189.5238095238095,488.09523809523813,UNSTABLE_TRANSFORM,translation_median_sparse_flow,-15.52294921875,-0.714447021484375,291.0,13.612372398376465,,,SUPPORTED,partial_affine_ransac_sparse_flow,-32.90112653488725,-2.3637470209529905,71.0,0.34451062184230924,1.0043280570250375,0.24398625429553264,,,,,,,,,,UNSTABLE_TRANSFORM,Camera compensation was not supported.,0.0,0.0,30.232489044604336,0.6891277087581784,106.17502068442138,14.986740863634509,-1.3057897071727422,11.203583271798625,path_segment_002,SUPPORTED,,0.0,0.0,30.232489044604336,0.6891277087581784,106.17502068442138,14.986740863634509,,,path_segment_002,QA_REQUIRED,Projected path contains a large step relative to the median supported step.,QA_REQUIRED,Projected path contains a large step relative to the median supported step.
77,68,1540.0,VALID_TARGET,,2.0,588.5798721313477,389.74906158447266,588.5798721313477,389.74906158447266,SUPPORTED,654.2857142857142,398.76190185546875,552.6190476190476,154.95237804594493,203.3333333333333,487.6190476190476,UNSTABLE_TRANSFORM,translation_median_sparse_flow,-17.946380615234375,-0.8701324462890625,336.0,10.676937103271484,,,SUPPORTED,partial_affine_ransac_sparse_flow,-32.85457616364881,-2.4919348060150925,113.0,0.6090936392620845,1.0044841648825156,0.33630952380952384,,,,,0.0,0.0,,,path_segment_015,INSUFFICIENT_EVIDENCE,Continuous path run is shorter than the configured minimum sample count.,-25.619342803955078,-0.9316864013671875,4.466509631831286,-0.1687481258096568,110.64153031625267,14.817992737824852,2.1636489986974725,1.6559539413727866,path_segment_002,SUPPORTED,,-25.619342803955078,-0.9316864013671875,4.466509631831286,-0.1687481258096568,110.64153031625267,14.817992737824852,,,path_segment_002,QA_REQUIRED,Projected path contains a large step relative to the median supported step.,QA_REQUIRED,Projected path contains a large step relative to the median supported step.
78,69,1560.0,VALID_TARGET,,2.0,585.0380973815918,382.02467346191406,585.0380973815918,386.7392044067383,SUPPORTED,655.0,401.8571472167969,546.4285714285714,158.2857186453683,217.1428571428571,487.1428571428571,SUPPORTED,translation_median_sparse_flow,-0.110595703125,0.60589599609375,349.0,0.2014298141002655,,,SUPPORTED,partial_affine_ransac_sparse_flow,-0.31747503458746196,0.6130578979548124,348.0,0.23194724327020871,1.0001307208815238,0.997134670487106,-3.5417747497558594,-3.009857177734375,-3.4311790466308594,-3.615753173828125,-3.4311790466308594,-3.615753173828125,,,path_segment_015,INSUFFICIENT_EVIDENCE,Continuous path run is shorter than the configured minimum sample count.,-3.5417747497558594,-3.009857177734375,-3.3476747401418834,-3.603729965951061,107.29385557611079,11.214262771873791,132.89046178008843,1.8223099737200699,path_segment_002,SUPPORTED,,-3.5417747497558594,-3.009857177734375,-3.3476747401418834,-3.603729965951061,107.29385557611079,11.214262771873791,,,path_segment_002,QA_REQUIRED,Projected path contains a large step relative to the median supported step.,QA_REQUIRED,Projected path contains a large step relative to the median supported step.
79,70,1580.0,VALID_TARGET,,2.0,583.8556308746338,382.4541473388672,583.8556308746338,382.65101623535156,SUPPORTED,636.4285714285714,397.000002179827,523.5714285714286,154.85714503696985,225.7142857142857,484.2857142857143,UNSTABLE_TRANSFORM,translation_median_sparse_flow,-19.966552734375,-0.758544921875,339.0,9.963924407958984,,,SUPPORTED,partial_affine_ransac_sparse_flow,-33.165254817318775,-2.2397594023604555,109.0,0.3352943036102811,1.0042411319445723,0.3215339233038348,,,,,,,,,,UNSTABLE_TRANSFORM,Camera compensation was not supported.,-1.1824665069580078,-4.088188171386719,29.404055985766036,-3.341094832441172,136.69791156187682,7.873167939432619,6.4825443485438345,10.96385168228677,path_segment_002,SUPPORTED,,-1.1824665069580078,-4.088188171386719,29.404055985766036,-3.341094832441172,136.69791156187682,7.873167939432619,,,path_segment_002,QA_REQUIRED,Projected path contains a large step relative to the median supported step.,QA_REQUIRED,Projected path contains a large step relative to the median supported step.
80,71,1600.0,VALID_TARGET,,2.0,578.0984191894531,386.7392044067383,578.0984191894531,381.8278045654297,SUPPORTED,617.8571428571429,392.1428571428571,500.7142857142857,151.42857142857142,234.28571428571428,481.42857142857144,SUPPORTED,translation_median_sparse_flow,-0.02459716796875,-0.722564697265625,350.0,0.1375492513179779,,,SUPPORTED,partial_affine_ransac_sparse_flow,-0.04186284805932337,-0.7154588979175346,350.0,0.19331967749852164,0.9999396575195723,1.0,,,,,0.0,0.0,,,path_segment_016,INSUFFICIENT_EVIDENCE,Continuous path run is shorter than the configured minimum sample count.,-5.757211685180664,-0.823211669921875,-5.639855125204804,-0.1460887104021822,131.05805643667202,7.727079229030437,178.51620386221623,2.09018074694399,path_segment_002,SUPPORTED,,-5.757211685180664,-0.823211669921875,-5.639855125204804,-0.1460887104021822,131.05805643667202,7.727079229030437,,,path_segment_002,QA_REQUIRED,Projected path contains a large step relative to the median supported step.,QA_REQUIRED,Projected path contains a large step relative to the median supported step.
81,72,1620.0,VALID_TARGET,,2.0,556.9139137268066,350.3403091430664,561.8607635498047,382.4541473388672,SUPPORTED,623.5714285714286,395.5714307512556,516.4285714285714,154.14285932268416,214.2857142857143,482.8571428571429,UNSTABLE_TRANSFORM,translation_median_sparse_flow,-18.5205078125,-0.47412109375,335.0,9.738384246826172,,,SUPPORTED,partial_affine_ransac_sparse_flow,-32.30639224123932,-2.435505118895428,95.0,0.7711951502729407,1.0036455999969658,0.2835820895522388,,,,,,,,,,UNSTABLE_TRANSFORM,Camera compensation was not supported.,-16.237655639648438,0.6263427734375,14.118993358643024,1.4310913705872963,145.17704979531504,9.158170599617733,-5.78769410676341,5.257672203591523,path_segment_002,SUPPORTED,,-16.237655639648438,0.6263427734375,14.118993358643024,1.4310913705872963,145.17704979531504,9.158170599617733,,,path_segment_002,QA_REQUIRED,Projected path contains a large step relative to the median supported step.,QA_REQUIRED,Projected path contains a large step relative to the median supported step.
82,73,1640.0,VALID_TARGET,,2.0,561.8607635498047,370.0887451171875,559.5165348052979,386.7392044067383,SUPPORTED,629.2857142857142,399.00000435965404,532.1428571428571,156.85714721679688,194.28571428571433,484.28571428571433,SUPPORTED,translation_median_sparse_flow,-0.031005859375,0.5986328125,349.0,0.22697532176971436,,,SUPPORTED,partial_affine_ransac_sparse_flow,-0.3086135000580722,0.6002543316962141,345.0,0.27201962370621274,1.0001115254259978,0.9885386819484241,,,,,0.0,0.0,,,path_segment_017,INSUFFICIENT_EVIDENCE,Continuous path run is shorter than the configured minimum sample count.,-2.344228744506836,4.285057067871094,-2.138428091416131,3.701141715880965,143.0386217038989,12.859312315498698,-120.01825897488253,1.583635629657565,path_segment_002,SUPPORTED,,-2.344228744506836,4.285057067871094,-2.138428091416131,3.701141715880965,143.0386217038989,12.859312315498698,,,path_segment_002,QA_REQUIRED,Projected path contains a large step relative to the median supported step.,QA_REQUIRED,Projected path contains a large step relative to the median supported step.
83,74,1660.0,VALID_TARGET,,2.0,555.205584526062,390.05611419677734,555.5173692703247,390.05611419677734,SUPPORTED,627.1428571428571,397.4285743350074,529.7619047619047,155.52381243024553,194.7619047619048,483.8095238095238,UNSTABLE_TRANSFORM,translation_median_sparse_flow,-16.247268676757812,-0.330322265625,340.0,12.055688858032227,,,SUPPORTED,partial_affine_ransac_sparse_flow,-32.58368948377597,-2.814815764444945,82.0,0.7642778444248934,1.004009889458092,0.2411764705882353,,,,,,,,,,UNSTABLE_TRANSFORM,Camera compensation was not supported.,-3.9991655349731445,3.3169097900390625,26.540981021678476,4.291670782046765,169.5796027255774,17.150983097545463,-9.185210901307954,9.960748378883235,path_segment_002,SUPPORTED,,-3.9991655349731445,3.3169097900390625,26.540981021678476,4.291670782046765,169.5796027255774,17.150983097545463,,,path_segment_002,QA_REQUIRED,Projected path contains a large step relative to the median supported step.,QA_REQUIRED,Projected path contains a large step relative to the median supported step.
84,75,1680.0,VALID_TARGET,,2.0,557.679051399231,401.8851547241211,556.5900115966797,401.8851547241211,SUPPORTED,625.0,395.85714431036087,527.3809523809524,154.1904776436942,195.2380952380952,483.3333333333333,SUPPORTED,translation_median_sparse_flow,-0.014984130859375,-0.6329421997070312,350.0,0.2001769244670868,,,SUPPORTED,partial_affine_ransac_sparse_flow,0.04723661036230292,-0.7559963575841757,349.0,0.21790724419249152,0.9999620162536602,0.9971428571428571,,,,,0.0,0.0,,,path_segment_018,INSUFFICIENT_EVIDENCE,Continuous path run is shorter than the configured minimum sample count.,1.0726423263549805,11.82904052734375,1.1399232884971298,12.46684226677013,170.71952601407452,29.617825364315593,-84.77560706669102,4.638041697714442,path_segment_002,SUPPORTED,,1.0726423263549805,11.82904052734375,1.1399232884971298,12.46684226677013,170.71952601407452,29.617825364315593,,,path_segment_002,QA_REQUIRED,Projected path contains a large step relative to the median supported step.,QA_REQUIRED,Projected path contains a large step relative to the median supported step.
85,76,1700.0,VALID_TARGET,,2.0,550.1395597457886,406.4845657348633,555.8977980613708,404.14817810058594,SUPPORTED,622.8571428571429,394.2857142857142,525.0,152.85714285714286,195.71428571428567,482.8571428571428,UNSTABLE_TRANSFORM,translation_median_sparse_flow,-14.2042236328125,-0.44757080078125,339.0,13.897951126098633,,,SUPPORTED,partial_affine_ransac_sparse_flow,-30.780181815204838,-2.7211731917043434,65.0,0.4476536174515001,1.0028050290348784,0.19174041297935104,,,,,,,,,,UNSTABLE_TRANSFORM,Camera compensation was not supported.,-0.6922135353088379,2.2630233764648438,28.78731379534463,3.4962298780544643,199.50683980941915,33.11405524237006,-6.924679663367061,10.743627924907972,path_segment_002,SUPPORTED,,-0.6922135353088379,2.2630233764648438,28.78731379534463,3.4962298780544643,199.50683980941915,33.11405524237006,,,path_segment_002,QA_REQUIRED,Projected path contains a large step relative to the median supported step.,QA_REQUIRED,Projected path contains a large step relative to the median supported step.
86,77,1720.0,VALID_TARGET,,2.0,558.8485794067383,406.4112014770508,556.5900115966797,406.4112014770508,SUPPORTED,627.8571428571428,398.4285736083984,537.1428571428571,152.71428789411272,181.4285714285714,491.42857142857133,SUPPORTED,translation_median_sparse_flow,-0.006072998046875,0.663665771484375,349.0,0.1662236899137497,,,SUPPORTED,partial_affine_ransac_sparse_flow,-0.032534408388410804,0.726874661937924,349.0,0.1905836281703057,0.9998673756547066,1.0,,,,,0.0,0.0,,,path_segment_019,INSUFFICIENT_EVIDENCE,Continuous path run is shorter than the configured minimum sample count.,0.6922135353088379,2.2630233764648438,0.7514684867879851,1.6544110069527846,200.25830829620713,34.76846624932284,-65.5714461785682,0.6732003863232868,path_segment_002,SUPPORTED,,0.6922135353088379,2.2630233764648438,0.7514684867879851,1.6544110069527846,200.25830829620713,34.76846624932284,,,path_segment_002,QA_REQUIRED,Projected path contains a large step relative to the median supported step.,QA_REQUIRED,Projected path contains a large step relative to the median supported step.
87,78,1740.0,TARGET_IDENTITY_UNCERTAIN,TARGET_OVERLAP_AMBIGUOUS: another detected person overlaps or is too close to the selected pose for automated identity acceptance.,,563.0895104408264,408.524169921875,,,,632.8571428571429,402.57143293108254,549.2857142857143,152.5714329310826,167.1428571428571,499.99999999999994,,,,,,,,,,,,,,,,,,,,,,,,,,,,,,,,,,,,,,,,,,,,,,,,,,,
88,79,1760.0,INVALID_TRACK_SEGMENT,Valid-looking pose segment is too short to establish target identity continuity.,,551.2747719287872,402.2473831176758,,,,631.9047619047619,404.95238531203495,539.2857142857143,159.71429007393974,185.23809523809518,490.4761904761904,,,,,,,,,,,,,,,,,,,,,,,,,,,,,,,,,,,,,,,,,,,,,,,,,,,
89,80,1780.0,TARGET_IDENTITY_UNCERTAIN,TARGET_OVERLAP_AMBIGUOUS: another detected person overlaps or is too close to the selected pose for automated identity acceptance.,,548.4314002990723,398.29193115234375,,,,630.952380952381,407.33333769298736,529.2857142857143,166.85714721679688,203.33333333333326,480.95238095238096,,,,,,,,,,,,,,,,,,,,,,,,,,,,,,,,,,,,,,,,,,,,,,,,,,,
90,81,1800.0,TARGET_IDENTITY_UNCERTAIN,TARGET_OVERLAP_AMBIGUOUS: another detected person overlaps or is too close to the selected pose for automated identity acceptance.,,553.9211235046387,412.821403503418,,,,630.0,409.71429007393976,519.2857142857143,174.000004359654,221.42857142857133,471.42857142857144,,,,,,,,,,,,,,,,,,,,,,,,,,,,,,,,,,,,,,,,,,,,,,,,,,,
91,82,1820.0,INVALID_TRACK_SEGMENT,Valid-looking pose segment is too short to establish target identity continuity.,,532.4560222625732,371.2356414794922,,,,626.2857142857142,410.71429007393976,507.8571428571429,173.14286150251115,236.85714285714278,475.14285714285717,,,,,,,,,,,,,,,,,,,,,,,,,,,,,,,,,,,,,,,,,,,,,,,,,,,
92,83,1840.0,TARGET_IDENTITY_UNCERTAIN,TARGET_OVERLAP_AMBIGUOUS: another detected person overlaps or is too close to the selected pose for automated identity acceptance.,,531.0303010940552,387.91282653808594,,,,622.5714285714286,411.71429007393976,496.42857142857144,172.2857186453683,252.2857142857142,478.8571428571429,,,,,,,,,,,,,,,,,,,,,,,,,,,,,,,,,,,,,,,,,,,,,,,,,,,
93,84,1860.0,TARGET_IDENTITY_UNCERTAIN,TARGET_OVERLAP_AMBIGUOUS: another detected person overlaps or is too close to the selected pose for automated identity acceptance.,,531.8016872406006,387.7079544067383,,,,618.8571428571429,412.71429007393976,485.00000000000006,171.42857578822546,267.7142857142856,482.57142857142856,,,,,,,,,,,,,,,,,,,,,,,,,,,,,,,,,,,,,,,,,,,,,,,,,,,
94,85,1880.0,TARGET_IDENTITY_UNCERTAIN,TARGET_OVERLAP_AMBIGUOUS: another detected person overlaps or is too close to the selected pose for automated identity acceptance.,,519.9266681671143,402.9191665649414,,,,615.1428571428571,413.71429007393976,473.5714285714286,170.5714329310826,283.14285714285705,486.2857142857143,,,,,,,,,,,,,,,,,,,,,,,,,,,,,,,,,,,,,,,,,,,,,,,,,,,
95,86,1900.0,TARGET_IDENTITY_UNCERTAIN,TARGET_OVERLAP_AMBIGUOUS: another detected person overlaps or is too close to the selected pose for automated identity acceptance.,,525.1730365753174,355.50682830810547,,,,611.4285714285714,414.71429007393976,462.14285714285717,169.71429007393974,298.5714285714285,490.0,,,,,,,,,,,,,,,,,,,,,,,,,,,,,,,,,,,,,,,,,,,,,,,,,,,
96,87,1920.0,TARGET_IDENTITY_UNCERTAIN,TARGET_OVERLAP_AMBIGUOUS: another detected person overlaps or is too close to the selected pose for automated identity acceptance.,,530.2125434875488,441.4208908081054,,,,608.0952380952381,415.19048055013025,453.09523809523813,180.6666710263207,309.99999999999994,469.04761904761904,,,,,,,,,,,,,,,,,,,,,,,,,,,,,,,,,,,,,,,,,,,,,,,,,,,
97,88,1940.0,TARGET_IDENTITY_UNCERTAIN,TARGET_OVERLAP_AMBIGUOUS: another detected person overlaps or is too close to the selected pose for automated identity acceptance.,,531.103874206543,436.018440246582,,,,604.7619047619048,415.6666710263207,444.04761904761904,191.61905197870163,321.42857142857144,448.09523809523813,,,,,,,,,,,,,,,,,,,,,,,,,,,,,,,,,,,,,,,,,,,,,,,,,,,
98,89,1960.0,TARGET_IDENTITY_UNCERTAIN,TARGET_OVERLAP_AMBIGUOUS: another detected person overlaps or is too close to the selected pose for automated identity acceptance.,,520.5277137756348,433.23819732666016,,,,601.4285714285714,416.1428615025112,435.0,202.5714329310826,332.8571428571429,427.14285714285717,,,,,,,,,,,,,,,,,,,,,,,,,,,,,,,,,,,,,,,,,,,,,,,,,,,
99,90,1980.0,TARGET_IDENTITY_UNCERTAIN,TARGET_OVERLAP_AMBIGUOUS: another detected person overlaps or is too close to the selected pose for automated identity acceptance.,,507.5594940185547,423.46666717529297,,,,598.8775510204082,414.5510241450096,429.0816326530612,196.08163638990754,339.5918367346939,436.9387755102041,,,,,,,,,,,,,,,,,,,,,,,,,,,,,,,,,,,,,,,,,,,,,,,,,,,
100,91,2000.0,TARGET_IDENTITY_UNCERTAIN,TARGET_OVERLAP_AMBIGUOUS: another detected person overlaps or is too close to the selected pose for automated identity acceptance.,,506.5544776916504,422.0698776245117,,,,596.3265306122449,412.959186787508,423.16326530612247,189.59183984873246,346.32653061224494,446.7346938775511,,,,,,,,,,,,,,,,,,,,,,,,,,,,,,,,,,,,,,,,,,,,,,,,,,,
101,92,2020.0,TARGET_IDENTITY_UNCERTAIN,TARGET_OVERLAP_AMBIGUOUS: another detected person overlaps or is too close to the selected pose for automated identity acceptance.,,548.9568023681641,420.0721435546875,,,,593.7755102040817,411.3673494300064,417.2448979591837,183.1020433075574,353.06122448979596,456.530612244898,,,,,,,,,,,,,,,,,,,,,,,,,,,,,,,,,,,,,,,,,,,,,,,,,,,
102,93,2040.0,TARGET_IDENTITY_UNCERTAIN,TARGET_OVERLAP_AMBIGUOUS: another detected person overlaps or is too close to the selected pose for automated identity acceptance.,,511.37674713134766,418.25524139404297,,,,591.2244897959183,409.7755120725048,411.3265306122449,176.61224676638233,359.7959183673469,466.32653061224494,,,,,,,,,,,,,,,,,,,,,,,,,,,,,,,,,,,,,,,,,,,,,,,,,,,
103,94,2060.0,INVALID_TRACK_SEGMENT,Valid-looking pose segment is too short to establish target identity continuity.,,524.8038177490234,423.42452239990234,,,,588.6734693877551,408.18367471500324,405.4081632653061,170.12245022520727,366.53061224489795,476.1224489795919,,,,,,,,,,,,,,,,,,,,,,,,,,,,,,,,,,,,,,,,,,,,,,,,,,,
104,95,2080.0,TARGET_IDENTITY_UNCERTAIN,TARGET_OVERLAP_AMBIGUOUS: another detected person overlaps or is too close to the selected pose for automated identity acceptance.,,523.6353225708008,419.2267837524414,,,,586.1224489795918,406.5918373575016,399.48979591836735,163.63265368403222,373.265306122449,485.91836734693885,,,,,,,,,,,,,,,,,,,,,,,,,,,,,,,,,,,,,,,,,,,,,,,,,,,
105,96,2100.0,TARGET_IDENTITY_UNCERTAIN,TARGET_OVERLAP_AMBIGUOUS: another detected person overlaps or is too close to the selected pose for automated identity acceptance.,,540.0533752441406,421.10986328125,,,,583.5714285714286,405.0,393.57142857142856,157.14285714285714,380.0,495.7142857142858,,,,,,,,,,,,,,,,,,,,,,,,,,,,,,,,,,,,,,,,,,,,,,,,,,,
106,97,2120.0,TARGET_IDENTITY_UNCERTAIN,TARGET_OVERLAP_AMBIGUOUS: another detected person overlaps or is too close to the selected pose for automated identity acceptance.,,535.255989074707,425.8174591064453,,,,570.4761904761905,409.1904776436942,397.85714285714283,167.52381097702752,345.23809523809524,483.33333333333337,,,,,,,,,,,,,,,,,,,,,,,,,,,,,,,,,,,,,,,,,,,,,,,,,,,
107,98,2140.0,INVALID_TRACK_SEGMENT,Valid-looking pose segment is too short to establish target identity continuity.,,528.6118812561035,425.17923736572266,,,,557.3809523809524,413.38095528738836,402.14285714285717,177.9047648111979,310.4761904761905,470.95238095238096,,,,,,,,,,,,,,,,,,,,,,,,,,,,,,,,,,,,,,,,,,,,,,,,,,,
108,99,2160.0,TARGET_IDENTITY_UNCERTAIN,TARGET_OVERLAP_AMBIGUOUS: another detected person overlaps or is too close to the selected pose for automated identity acceptance.,,527.9929847717285,426.4568405151367,,,,544.2857142857142,417.57143293108254,406.42857142857144,188.2857186453683,275.71428571428567,458.57142857142856,,,,,,,,,,,,,,,,,,,,,,,,,,,,,,,,,,,,,,,,,,,,,,,,,,,
109,100,2180.0,TARGET_IDENTITY_UNCERTAIN,TARGET_OVERLAP_AMBIGUOUS: another detected person overlaps or is too close to the selected pose for automated identity acceptance.,,530.6877670288086,432.8637466430664,,,,545.2380952380953,426.3809567406064,403.09523809523813,192.09524245489212,284.2857142857143,468.57142857142856,,,,,,,,,,,,,,,,,,,,,,,,,,,,,,,,,,,,,,,,,,,,,,,,,,,
110,101,2200.0,TARGET_IDENTITY_UNCERTAIN,TARGET_OVERLAP_AMBIGUOUS: another detected person overlaps or is too close to the selected pose for automated identity acceptance.,,557.8191986083984,432.3167724609375,,,,546.1904761904761,435.1904805501302,399.76190476190476,195.9047662644159,292.85714285714283,478.57142857142856,,,,,,,,,,,,,,,,,,,,,,,,,,,,,,,,,,,,,,,,,,,,,,,,,,,
111,102,2220.0,TARGET_IDENTITY_UNCERTAIN,TARGET_OVERLAP_AMBIGUOUS: another detected person overlaps or is too close to the selected pose for automated identity acceptance.,,570.0735778808594,428.31800079345703,,,,547.1428571428571,444.000004359654,396.42857142857144,199.71429007393974,301.42857142857144,488.57142857142856,,,,,,,,,,,,,,,,,,,,,,,,,,,,,,,,,,,,,,,,,,,,,,,,,,,
112,103,2240.0,TARGET_IDENTITY_UNCERTAIN,TARGET_OVERLAP_AMBIGUOUS: another detected person overlaps or is too close to the selected pose for automated identity acceptance.,,521.4268836975098,425.8741912841797,,,,543.3928571428571,438.3571461268834,386.7857142857143,190.85714612688338,313.2142857142857,495.0,,,,,,,,,,,,,,,,,,,,,,,,,,,,,,,,,,,,,,,,,,,,,,,,,,,
113,104,2260.0,TARGET_IDENTITY_UNCERTAIN,TARGET_OVERLAP_AMBIGUOUS: another detected person overlaps or is too close to the selected pose for automated identity acceptance.,,566.9668502807617,428.2321243286133,,,,539.6428571428571,432.71428789411266,377.1428571428571,182.000002179827,325.0,501.4285714285714,,,,,,,,,,,,,,,,,,,,,,,,,,,,,,,,,,,,,,,,,,,,,,,,,,,
114,105,2280.0,TARGET_IDENTITY_UNCERTAIN,TARGET_OVERLAP_AMBIGUOUS: another detected person overlaps or is too close to the selected pose for automated identity acceptance.,,571.113166809082,430.60499572753906,,,,535.8928571428571,427.071429661342,367.5,173.14285823277064,336.78571428571433,507.8571428571428,,,,,,,,,,,,,,,,,,,,,,,,,,,,,,,,,,,,,,,,,,,,,,,,,,,
115,106,2300.0,TARGET_IDENTITY_UNCERTAIN,TARGET_OVERLAP_AMBIGUOUS: another detected person overlaps or is too close to the selected pose for automated identity acceptance.,,564.4757308959961,431.9565124511719,,,,532.1428571428571,421.4285714285714,357.85714285714283,164.28571428571428,348.5714285714286,514.2857142857142,,,,,,,,,,,,,,,,,,,,,,,,,,,,,,,,,,,,,,,,,,,,,,,,,,,
116,107,2320.0,TARGET_IDENTITY_UNCERTAIN,TARGET_OVERLAP_AMBIGUOUS: another detected person overlaps or is too close to the selected pose for automated identity acceptance.,,523.4033813476562,422.0880813598633,,,,511.7857142857143,429.14285932268416,360.71428571428567,179.14285932268416,302.1428571428572,500.0,,,,,,,,,,,,,,,,,,,,,,,,,,,,,,,,,,,,,,,,,,,,,,,,,,,
117,108,2340.0,TARGET_IDENTITY_UNCERTAIN,TARGET_OVERLAP_AMBIGUOUS: another detected person overlaps or is too close to the selected pose for automated identity acceptance.,,496.9804458618164,410.5761642456054,,,,491.42857142857144,436.8571472167969,363.57142857142856,194.000004359654,255.71428571428578,485.7142857142858,,,,,,,,,,,,,,,,,,,,,,,,,,,,,,,,,,,,,,,,,,,,,,,,,,,
118,109,2360.0,INVALID_TRACK_SEGMENT,Valid-looking pose segment is too short to establish target identity continuity.,,499.60374450683594,403.8550033569336,,,,482.14285714285717,428.8571457635789,345.95238095238096,183.61905052548363,272.3809523809524,490.47619047619054,,,,,,,,,,,,,,,,,,,,,,,,,,,,,,,,,,,,,,,,,,,,,,,,,,,
119,110,2380.0,INVALID_TRACK_SEGMENT,Valid-looking pose segment is too short to establish target identity continuity.,,493.25086975097656,398.4707794189453,,,,472.8571428571429,420.85714431036087,328.3333333333333,173.23809669131325,289.0476190476191,495.23809523809524,,,,,,,,,,,,,,,,,,,,,,,,,,,,,,,,,,,,,,,,,,,,,,,,,,,
120,111,2400.0,TARGET_IDENTITY_UNCERTAIN,TARGET_OVERLAP_AMBIGUOUS: another detected person overlaps or is too close to the selected pose for automated identity acceptance.,,476.1877212524414,407.9255599975586,,,,463.57142857142856,412.8571428571429,310.7142857142857,162.85714285714286,305.7142857142857,500.0,,,,,,,,,,,,,,,,,,,,,,,,,,,,,,,,,,,,,,,,,,,,,,,,,,,
121,112,2420.0,TARGET_IDENTITY_UNCERTAIN,TARGET_OVERLAP_AMBIGUOUS: another detected person overlaps or is too close to the selected pose for automated identity acceptance.,,477.684944152832,404.5926742553711,,,,459.69387755102036,415.0,309.2857142857143,162.6530612244898,300.81632653061223,504.6938775510204,,,,,,,,,,,,,,,,,,,,,,,,,,,,,,,,,,,,,,,,,,,,,,,,,,,
122,113,2440.0,TARGET_IDENTITY_UNCERTAIN,TARGET_OVERLAP_AMBIGUOUS: another detected person overlaps or is too close to the selected pose for automated identity acceptance.,,471.990837097168,397.0696487426758,,,,455.8163265306123,417.14285714285717,307.8571428571429,162.44897959183675,295.9183673469388,509.38775510204084,,,,,,,,,,,,,,,,,,,,,,,,,,,,,,,,,,,,,,,,,,,,,,,,,,,
123,114,2460.0,VALID_TARGET,,3.0,467.25235748291016,399.5501403808594,464.0894775390625,399.7817687988281,SUPPORTED,451.9387755102041,419.2857142857143,306.42857142857144,162.24489795918367,291.0204081632653,514.0816326530612,UNSTABLE_TRANSFORM,translation_median_sparse_flow,-59.8909912109375,9.2041015625,309.0,88.95391845703125,,,LOW_BACKGROUND_FEATURE_COUNT,partial_affine_ransac_sparse_flow,0.0,0.0,9.0,,,,,,,,0.0,0.0,,,path_segment_020,INSUFFICIENT_EVIDENCE,Continuous path run is shorter than the configured minimum sample count.,,,,,0.0,0.0,,,path_segment_003,SUPPORTED,,,,,,0.0,0.0,,,path_segment_003,QA_REQUIRED,Projected path contains a large step relative to the median supported step.,QA_REQUIRED,Projected path contains a large step relative to the median supported step.
124,115,2480.0,VALID_TARGET,,3.0,467.3351745605469,399.64820861816406,462.1619873046875,400.382999420166,SUPPORTED,448.0612244897959,421.42857142857144,305.0,162.0408163265306,286.1224489795918,518.7755102040817,SUPPORTED,translation_median_sparse_flow,-0.0155029296875,0.6515350341796875,350.0,0.14241352677345276,,,SUPPORTED,partial_affine_ransac_sparse_flow,-0.1840041877528233,0.5962662577976073,349.0,0.15468433966141193,1.0001377965360811,0.9971428571428571,-1.927490234375,0.6012306213378906,-1.9119873046875,-0.050304412841796875,-1.9119873046875,-0.050304412841796875,,,path_segment_020,INSUFFICIENT_EVIDENCE,Continuous path run is shorter than the configured minimum sample count.,-1.927490234375,0.6012306213378906,-1.8207476598317385,-0.034670689321671944,-1.8207476598317385,-0.034670689321671944,178.909105216186,0.6746813880478976,path_segment_003,SUPPORTED,,-1.927490234375,0.6012306213378906,-1.8207476598317385,-0.034670689321671944,-1.8207476598317385,-0.034670689321671944,,,path_segment_003,QA_REQUIRED,Projected path contains a large step relative to the median supported step.,QA_REQUIRED,Projected path contains a large step relative to the median supported step.
125,116,2500.0,VALID_TARGET,,3.0,460.2344970703125,404.51795959472656,460.2344970703125,400.3688049316406,SUPPORTED,444.1836734693877,423.57142857142856,303.57142857142856,161.83673469387753,281.2244897959183,523.469387755102,UNSTABLE_TRANSFORM,translation_median_sparse_flow,-4.36248779296875,0.607208251953125,345.0,9.048587799072266,,,SUPPORTED,partial_affine_ransac_sparse_flow,2.9239528379524744,-2.692550960740987,87.0,1.5806010207163144,0.9955250959409432,0.25217391304347825,,,,,,,,,,UNSTABLE_TRANSFORM,Camera compensation was not supported.,-1.927490234375,-0.014194488525390625,-0.260910269698968,1.576904708271229,-2.0816579295307065,1.5422340189495571,-99.39488570990666,0.5921618489499608,path_segment_003,SUPPORTED,,-1.927490234375,-0.014194488525390625,-0.260910269698968,1.576904708271229,-2.0816579295307065,1.5422340189495571,,,path_segment_003,QA_REQUIRED,Projected path contains a large step relative to the median supported step.,QA_REQUIRED,Projected path contains a large step relative to the median supported step.
126,117,2520.0,VALID_TARGET,,3.0,453.2014617919922,400.9842300415039,453.2014617919922,400.50846099853516,SUPPORTED,440.30612244897964,425.7142857142858,302.14285714285717,161.6326530612245,276.3265306122449,528.1632653061225,SUPPORTED,translation_median_sparse_flow,0.0,-0.58038330078125,349.0,0.1374215930700302,,,SUPPORTED,partial_affine_ransac_sparse_flow,0.19279881650153827,-0.6919364821750775,349.0,0.1357995939868961,0.9998555221978639,1.0,,,,,0.0,0.0,,,path_segment_021,INSUFFICIENT_EVIDENCE,Continuous path run is shorter than the configured minimum sample count.,-7.0330352783203125,0.13965606689453125,-7.085168093707921,0.8041898506180587,-9.166826023238627,2.346423869567616,-173.52445407989788,2.6418006625160753,path_segment_003,SUPPORTED,,-7.0330352783203125,0.13965606689453125,-7.085168093707921,0.8041898506180587,-9.166826023238627,2.346423869567616,,,path_segment_003,QA_REQUIRED,Projected path contains a large step relative to the median supported step.,QA_REQUIRED,Projected path contains a large step relative to the median supported step.
127,118,2540.0,VALID_TARGET,,3.0,445.6760940551758,400.2104568481446,449.438777923584,400.74634552001953,SUPPORTED,436.42857142857144,427.8571428571429,300.7142857142857,161.42857142857142,271.4285714285714,532.8571428571429,UNSTABLE_TRANSFORM,translation_median_sparse_flow,-4.56561279296875,0.56085205078125,347.0,9.350420951843262,,,SUPPORTED,partial_affine_ransac_sparse_flow,1.7853284647257497,-0.4372152220817275,102.0,1.3960033801639744,0.9951567030065549,0.29394812680115273,,,,,,,,,,UNSTABLE_TRANSFORM,Camera compensation was not supported.,-3.762683868408203,0.237884521484375,-2.017637706453513,1.108887768816146,-11.18446372969214,3.455311638383762,-151.20693385837882,0.8529595184115378,path_segment_003,SUPPORTED,,-3.762683868408203,0.237884521484375,-2.017637706453513,1.108887768816146,-11.18446372969214,3.455311638383762,,,path_segment_003,QA_REQUIRED,Projected path contains a large step relative to the median supported step.,QA_REQUIRED,Projected path contains a large step relative to the median supported step.
128,119,2560.0,VALID_TARGET,,3.0,443.0923767089844,400.47142028808594,445.6760940551758,400.50846099853516,SUPPORTED,432.92857142857144,426.5,296.8571428571429,160.0,272.1428571428571,533.0,SUPPORTED,translation_median_sparse_flow,-0.001922607421875,0.7249908447265625,350.0,0.050895627588033676,,,SUPPORTED,partial_affine_ransac_sparse_flow,-0.1819180870992388,0.8285084985200719,350.0,0.10250644206134812,1.0001039426780074,1.0,,,,,0.0,0.0,,,path_segment_022,INSUFFICIENT_EVIDENCE,Continuous path run is shorter than the configured minimum sample count.,-3.762683868408203,-0.237884521484375,-3.7097120535136696,-1.0158068628787191,-14.89417578320581,2.4395047755050427,164.68642917937822,1.4249857316784864,path_segment_003,SUPPORTED,,-3.762683868408203,-0.237884521484375,-3.7097120535136696,-1.0158068628787191,-14.89417578320581,2.4395047755050427,,,path_segment_003,QA_REQUIRED,Projected path contains a large step relative to the median supported step.,QA_REQUIRED,Projected path contains a large step relative to the median supported step.
129,120,2580.0,TARGET_IDENTITY_UNCERTAIN,TARGET_OVERLAP_AMBIGUOUS: another detected person overlaps or is too close to the selected pose for automated identity acceptance.,,426.573127746582,404.6440658569336,,,,429.42857142857144,425.14285714285717,293.0,158.57142857142856,272.85714285714283,533.1428571428572,,,,,,,,,,,,,,,,,,,,,,,,,,,,,,,,,,,,,,,,,,,,,,,,,,,
130,121,2600.0,TARGET_IDENTITY_UNCERTAIN,TARGET_OVERLAP_AMBIGUOUS: another detected person overlaps or is too close to the selected pose for automated identity acceptance.,,426.54512786865234,401.01116943359375,,,,425.92857142857144,423.78571428571433,289.14285714285717,157.14285714285714,273.5714285714285,533.2857142857143,,,,,,,,,,,,,,,,,,,,,,,,,,,,,,,,,,,,,,,,,,,,,,,,,,,
131,122,2620.0,INVALID_TRACK_SEGMENT,Valid-looking pose segment is too short to establish target identity continuity.,,427.5058288574219,400.6177749633789,,,,422.4285714285714,422.42857142857144,285.2857142857143,155.7142857142857,274.2857142857142,533.4285714285714,,,,,,,,,,,,,,,,,,,,,,,,,,,,,,,,,,,,,,,,,,,,,,,,,,,
132,123,2640.0,INVALID_TRACK_SEGMENT,Valid-looking pose segment is too short to establish target identity continuity.,,396.9893379211426,395.19246673583984,,,,418.92857142857144,421.0714285714286,281.42857142857144,154.28571428571428,274.99999999999994,533.5714285714287,,,,,,,,,,,,,,,,,,,,,,,,,,,,,,,,,,,,,,,,,,,,,,,,,,,
133,124,2660.0,INVALID_TRACK_SEGMENT,Valid-looking pose segment is too short to establish target identity continuity.,,397.20080947875977,391.1259689331054,,,,415.42857142857144,419.7142857142858,277.5714285714286,152.85714285714286,275.71428571428567,533.7142857142858,,,,,,,,,,,,,,,,,,,,,,,,,,,,,,,,,,,,,,,,,,,,,,,,,,,
134,125,2680.0,TARGET_IDENTITY_UNCERTAIN,TARGET_OVERLAP_AMBIGUOUS: another detected person overlaps or is too close to the selected pose for automated identity acceptance.,,392.8493957519531,396.4841613769531,,,,411.92857142857144,418.3571428571429,273.7142857142857,151.42857142857142,276.4285714285714,533.8571428571429,,,,,,,,,,,,,,,,,,,,,,,,,,,,,,,,,,,,,,,,,,,,,,,,,,,
135,126,2700.0,TARGET_IDENTITY_UNCERTAIN,TARGET_OVERLAP_AMBIGUOUS: another detected person overlaps or is too close to the selected pose for automated identity acceptance.,,390.27022552490234,396.5648651123047,,,,408.42857142857144,417.0,269.8571428571429,150.0,277.14285714285705,534.0,,,,,,,,,,,,,,,,,,,,,,,,,,,,,,,,,,,,,,,,,,,,,,,,,,,
136,127,2720.0,INVALID_TRACK_SEGMENT,Valid-looking pose segment is too short to establish target identity continuity.,,388.2491264343262,395.80738067626953,,,,404.9285714285714,415.64285714285717,266.0,148.57142857142856,277.8571428571428,534.1428571428572,,,,,,,,,,,,,,,,,,,,,,,,,,,,,,,,,,,,,,,,,,,,,,,,,,,
137,128,2740.0,TARGET_IDENTITY_UNCERTAIN,TARGET_OVERLAP_AMBIGUOUS: another detected person overlaps or is too close to the selected pose for automated identity acceptance.,,372.447998046875,399.6170349121094,,,,401.42857142857144,414.28571428571433,262.14285714285717,147.14285714285714,278.5714285714285,534.2857142857143,,,,,,,,,,,,,,,,,,,,,,,,,,,,,,,,,,,,,,,,,,,,,,,,,,,
138,129,2760.0,INVALID_TRACK_SEGMENT,Valid-looking pose segment is too short to establish target identity continuity.,,376.251895904541,400.5147705078125,,,,394.0,414.2857142857143,254.42857142857144,146.57142857142856,279.1428571428571,535.4285714285714,,,,,,,,,,,,,,,,,,,,,,,,,,,,,,,,,,,,,,,,,,,,,,,,,,,
139,130,2780.0,TARGET_IDENTITY_UNCERTAIN,TARGET_OVERLAP_AMBIGUOUS: another detected person overlaps or is too close to the selected pose for automated identity acceptance.,,444.30879974365234,413.6730346679687,,,,386.57142857142856,414.2857142857143,246.71428571428572,146.0,279.71428571428567,536.5714285714286,,,,,,,,,,,,,,,,,,,,,,,,,,,,,,,,,,,,,,,,,,,,,,,,,,,
140,131,2800.0,TARGET_IDENTITY_UNCERTAIN,TARGET_OVERLAP_AMBIGUOUS: another detected person overlaps or is too close to the selected pose for automated identity acceptance.,,451.02819061279297,413.6998901367187,,,,379.14285714285717,414.28571428571433,239.00000000000003,145.42857142857142,280.2857142857143,537.7142857142858,,,,,,,,,,,,,,,,,,,,,,,,,,,,,,,,,,,,,,,,,,,,,,,,,,,
141,132,2820.0,TARGET_IDENTITY_UNCERTAIN,TARGET_OVERLAP_AMBIGUOUS: another detected person overlaps or is too close to the selected pose for automated identity acceptance.,,366.00809478759766,396.76573181152344,,,,371.7142857142857,414.28571428571433,231.2857142857143,144.85714285714286,280.85714285714283,538.8571428571429,,,,,,,,,,,,,,,,,,,,,,,,,,,,,,,,,,,,,,,,,,,,,,,,,,,
142,133,2840.0,TARGET_IDENTITY_UNCERTAIN,TARGET_OVERLAP_AMBIGUOUS: another detected person overlaps or is too close to the selected pose for automated identity acceptance.,,358.07861328125,401.34153747558594,,,,364.28571428571433,414.2857142857143,223.57142857142858,144.28571428571428,281.42857142857144,540.0,,,,,,,,,,,,,,,,,,,,,,,,,,,,,,,,,,,,,,,,,,,,,,,,,,,
143,134,2860.0,TARGET_IDENTITY_UNCERTAIN,TARGET_OVERLAP_AMBIGUOUS: another detected person overlaps or is too close to the selected pose for automated identity acceptance.,,368.07294845581055,403.01116943359375,,,,356.3571428571429,412.57142857142856,215.14285714285717,140.85714285714286,282.42857142857144,543.4285714285714,,,,,,,,,,,,,,,,,,,,,,,,,,,,,,,,,,,,,,,,,,,,,,,,,,,
144,135,2880.0,INVALID_TRACK_SEGMENT,Valid-looking pose segment is too short to establish target identity continuity.,,328.717586517334,403.2664642333984,,,,348.42857142857144,410.8571428571429,206.71428571428572,137.42857142857142,283.42857142857144,546.8571428571429,,,,,,,,,,,,,,,,,,,,,,,,,,,,,,,,,,,,,,,,,,,,,,,,,,,
145,136,2900.0,TARGET_IDENTITY_UNCERTAIN,TARGET_OVERLAP_AMBIGUOUS: another detected person overlaps or is too close to the selected pose for automated identity acceptance.,,328.1377067565918,401.7587432861328,,,,340.5,409.14285714285717,198.28571428571428,134.0,284.42857142857144,550.2857142857143,,,,,,,,,,,,,,,,,,,,,,,,,,,,,,,,,,,,,,,,,,,,,,,,,,,
146,137,2920.0,INVALID_TRACK_SEGMENT,Valid-looking pose segment is too short to establish target identity continuity.,,308.51792907714844,402.5049591064453,,,,332.57142857142856,407.42857142857144,189.85714285714286,130.57142857142856,285.42857142857144,553.7142857142858,,,,,,,,,,,,,,,,,,,,,,,,,,,,,,,,,,,,,,,,,,,,,,,,,,,
147,138,2940.0,INVALID_TRACK_SEGMENT,Valid-looking pose segment is too short to establish target identity continuity.,,304.21990966796875,404.451171875,,,,324.64285714285717,405.71428571428567,181.42857142857144,127.14285714285714,286.42857142857144,557.1428571428571,,,,,,,,,,,,,,,,,,,,,,,,,,,,,,,,,,,,,,,,,,,,,,,,,,,
148,139,2960.0,INVALID_TRACK_SEGMENT,Valid-looking pose segment is too short to establish target identity continuity.,,293.31170654296875,396.0084533691406,,,,316.7142857142857,404.0,173.0,123.71428571428571,287.42857142857144,560.5714285714286,,,,,,,,,,,,,,,,,,,,,,,,,,,,,,,,,,,,,,,,,,,,,,,,,,,
149,140,2980.0,INVALID_TRACK_SEGMENT,Valid-looking pose segment is too short to establish target identity continuity.,,289.5925407409668,401.1151428222656,,,,308.78571428571433,402.2857142857143,164.57142857142858,120.28571428571428,288.42857142857144,564.0,,,,,,,,,,,,,,,,,,,,,,,,,,,,,,,,,,,,,,,,,,,,,,,,,,,
150,141,3000.0,TARGET_IDENTITY_UNCERTAIN,TARGET_OVERLAP_AMBIGUOUS: another detected person overlaps or is too close to the selected pose for automated identity acceptance.,,291.3817939758301,394.5924377441406,,,,300.8571428571429,400.57142857142856,156.14285714285714,116.85714285714286,289.42857142857144,567.4285714285714,,,,,,,,,,,,,,,,,,,,,,,,,,,,,,,,,,,,,,,,,,,,,,,,,,,
151,142,3020.0,TARGET_IDENTITY_UNCERTAIN,TARGET_OVERLAP_AMBIGUOUS: another detected person overlaps or is too close to the selected pose for automated identity acceptance.,,280.4427070617676,400.34706115722656,,,,292.92857142857144,398.8571428571429,147.71428571428572,113.42857142857143,290.42857142857144,570.8571428571429,,,,,,,,,,,,,,,,,,,,,,,,,,,,,,,,,,,,,,,,,,,,,,,,,,,
152,143,3040.0,TARGET_IDENTITY_UNCERTAIN,TARGET_OVERLAP_AMBIGUOUS: another detected person overlaps or is too close to the selected pose for automated identity acceptance.,,280.4523735046387,398.6085357666016,,,,285.0,397.14285714285717,139.28571428571428,110.0,291.42857142857144,574.2857142857143,,,,,,,,,,,,,,,,,,,,,,,,,,,,,,,,,,,,,,,,,,,,,,,,,,,
153,144,3060.0,TARGET_IDENTITY_UNCERTAIN,TARGET_OVERLAP_AMBIGUOUS: another detected person overlaps or is too close to the selected pose for automated identity acceptance.,,255.4173812866211,395.35699462890625,,,,279.5238095238095,396.42857142857144,135.23809523809524,108.80952380952381,288.57142857142856,575.2380952380953,,,,,,,,,,,,,,,,,,,,,,,,,,,,,,,,,,,,,,,,,,,,,,,,,,,
154,145,3080.0,VALID_TARGET,,4.0,271.8938293457031,399.4375,229.27451705932617,394.30450439453125,SUPPORTED,274.04761904761904,395.7142857142858,131.19047619047618,107.61904761904762,285.7142857142857,576.1904761904763,UNSTABLE_TRANSFORM,translation_median_sparse_flow,0.039216041564941406,-28.63812255859375,269.0,107.63500213623047,,,LOW_BACKGROUND_FEATURE_COUNT,partial_affine_ransac_sparse_flow,0.0,0.0,6.0,,,,,,,,0.0,0.0,,,path_segment_023,INSUFFICIENT_EVIDENCE,Continuous path run is shorter than the configured minimum sample count.,,,,,0.0,0.0,,,path_segment_004,SUPPORTED,,,,,,0.0,0.0,,,path_segment_004,QA_REQUIRED,Projected path contains a large step relative to the median supported step.,QA_REQUIRED,Projected path contains a large step relative to the median supported step.
155,146,3100.0,VALID_TARGET,,4.0,229.27451705932617,394.17213439941406,229.39157485961914,395.3781967163086,SUPPORTED,268.57142857142856,395.00000000000006,127.14285714285714,106.42857142857143,282.8571428571429,577.1428571428572,UNSTABLE_TRANSFORM,translation_median_sparse_flow,-13.3956298828125,-1.21600341796875,347.0,11.459818840026855,,,SUPPORTED,partial_affine_ransac_sparse_flow,-25.77108183295183,-2.039378531742684,105.0,1.1839770047591271,1.0021173106138608,0.3025936599423631,,,,,,,,,,UNSTABLE_TRANSFORM,Camera compensation was not supported.,0.11705780029296875,1.0736923217773438,25.126101514557547,2.4391645078387114,25.126101514557547,2.4391645078387114,-5.544723580263598,9.352595557494206,path_segment_004,SUPPORTED,,0.11705780029296875,1.0736923217773438,25.126101514557547,2.4391645078387114,25.126101514557547,2.4391645078387114,,,path_segment_004,QA_REQUIRED,Projected path contains a large step relative to the median supported step.,QA_REQUIRED,Projected path contains a large step relative to the median supported step.
156,147,3120.0,VALID_TARGET,,4.0,228.2091941833496,393.7571716308594,228.2389678955078,395.2178497314453,SUPPORTED,263.0952380952381,394.28571428571433,123.09523809523809,105.23809523809524,280.0,578.0952380952382,SUPPORTED,translation_median_sparse_flow,-0.0003662109375,0.5902099609375,349.0,0.16568516194820404,,,SUPPORTED,partial_affine_ransac_sparse_flow,-0.29541795230817297,0.6742637320616424,349.0,0.1857946628119976,1.0002217250128063,1.0,,,,,0.0,0.0,,,path_segment_024,INSUFFICIENT_EVIDENCE,Continuous path run is shorter than the configured minimum sample count.,-1.1526069641113281,-0.16034698486328125,-1.002610433754711,-0.8673990158188758,24.123491080802836,1.5717654920198356,139.1355861372705,0.49116945112581695,path_segment_004,SUPPORTED,,-1.1526069641113281,-0.16034698486328125,-1.002610433754711,-0.8673990158188758,24.123491080802836,1.5717654920198356,,,path_segment_004,QA_REQUIRED,Projected path contains a large step relative to the median supported step.,QA_REQUIRED,Projected path contains a large step relative to the median supported step.
157,148,3140.0,VALID_TARGET,,4.0,229.15524291992188,397.9702453613281,227.85580444335938,394.67051696777344,SUPPORTED,257.6190476190476,393.5714285714286,119.04761904761904,104.04761904761905,277.1428571428571,579.0476190476192,SUPPORTED,translation_median_sparse_flow,-0.0013427734375,-0.5979080200195312,350.0,0.14748515188694,,,SUPPORTED,partial_affine_ransac_sparse_flow,0.2744237798750658,-0.6203212533243271,349.0,0.17526721134011922,0.9997150489679987,0.9971428571428571,-0.3831634521484375,-0.547332763671875,-0.3818206787109375,0.05057525634765625,-0.3818206787109375,0.05057525634765625,,,path_segment_024,INSUFFICIENT_EVIDENCE,Continuous path run is shorter than the configured minimum sample count.,-0.3831634521484375,-0.547332763671875,-0.517184594162984,0.1420919855212901,23.606306486639852,1.7138574775411257,-164.63752811498028,0.19870901056440038,path_segment_004,SUPPORTED,,-0.3831634521484375,-0.547332763671875,-0.517184594162984,0.1420919855212901,23.606306486639852,1.7138574775411257,,,path_segment_004,QA_REQUIRED,Projected path contains a large step relative to the median supported step.,QA_REQUIRED,Projected path contains a large step relative to the median supported step.
158,149,3160.0,VALID_TARGET,,4.0,208.33221435546875,390.4753875732422,208.33221435546875,393.7976837158203,SUPPORTED,252.14285714285714,392.8571428571429,115.0,102.85714285714286,274.2857142857143,580.0,UNSTABLE_TRANSFORM,translation_median_sparse_flow,-18.93243408203125,-1.118316650390625,347.0,10.156721115112305,,,SUPPORTED,partial_affine_ransac_sparse_flow,-27.31612220107524,-1.5308462544394899,93.0,1.2427231350027408,1.0033929947059093,0.2680115273775216,,,,,,,,,,UNSTABLE_TRANSFORM,Camera compensation was not supported.,-19.523590087890625,-0.872833251953125,6.319456692113761,-0.2761661453351394,29.925763178753613,1.4376913322059863,2.502286826131165,2.3434964202450046,path_segment_004,SUPPORTED,,-19.523590087890625,-0.872833251953125,6.319456692113761,-0.2761661453351394,29.925763178753613,1.4376913322059863,,,path_segment_004,QA_REQUIRED,Projected path contains a large step relative to the median supported step.,QA_REQUIRED,Projected path contains a large step relative to the median supported step.
159,150,3180.0,VALID_TARGET,,4.0,202.5254249572754,390.9200592041016,204.24909210205078,392.85369873046875,SUPPORTED,246.66666666666666,392.1428571428571,110.95238095238093,101.66666666666666,271.42857142857144,580.952380952381,SUPPORTED,translation_median_sparse_flow,-0.0001220703125,0.6142807006835938,350.0,0.15133626759052277,,,SUPPORTED,partial_affine_ransac_sparse_flow,-0.33125174058951007,0.616393467401839,350.0,0.18556787637525812,1.0003025757086925,1.0,,,,,0.0,0.0,,,path_segment_025,INSUFFICIENT_EVIDENCE,Continuous path run is shorter than the configured minimum sample count.,-4.083122253417969,-0.9439849853515625,-3.8911312396325854,-1.6391973243727307,26.034631939121027,-0.20150599216674436,157.15601208914845,1.5642997577614233,path_segment_004,SUPPORTED,,-4.083122253417969,-0.9439849853515625,-3.8911312396325854,-1.6391973243727307,26.034631939121027,-0.20150599216674436,,,path_segment_004,QA_REQUIRED,Projected path contains a large step relative to the median supported step.,QA_REQUIRED,Projected path contains a large step relative to the median supported step.
160,151,3200.0,VALID_TARGET,,4.0,203.74348068237305,397.3382110595703,202.01981353759766,394.5398406982422,SUPPORTED,241.19047619047618,391.42857142857144,106.9047619047619,100.47619047619047,268.57142857142856,581.9047619047619,UNSTABLE_TRANSFORM,translation_median_sparse_flow,-20.342864990234375,-0.7651691436767578,348.0,9.834367752075195,,,SUPPORTED,partial_affine_ransac_sparse_flow,-28.349586192698897,0.9454272853520576,87.0,1.195841898471335,1.004097734624426,0.25,,,,,,,,,,UNSTABLE_TRANSFORM,Camera compensation was not supported.,-2.229278564453125,1.6861419677734375,23.271714625876882,0.18330923813653044,49.30634656499791,-0.018196754030213924,-0.4513044547417987,8.622081063613027,path_segment_004,SUPPORTED,,-2.229278564453125,1.6861419677734375,23.271714625876882,0.18330923813653044,49.30634656499791,-0.018196754030213924,,,path_segment_004,QA_REQUIRED,Projected path contains a large step relative to the median supported step.,QA_REQUIRED,Projected path contains a large step relative to the median supported step.
161,152,3220.0,VALID_TARGET,,4.0,199.83359146118164,394.5398406982422,200.50614547729492,397.3382110595703,SUPPORTED,235.71428571428567,390.7142857142857,102.85714285714285,99.28571428571428,265.71428571428567,582.8571428571429,SUPPORTED,translation_median_sparse_flow,-0.00274658203125,-0.7127838134765625,350.0,0.13670895993709564,,,SUPPORTED,partial_affine_ransac_sparse_flow,0.23303317070582974,-0.6623096072552889,350.0,0.18064370831329435,0.9997345292590512,1.0,,,,,0.0,0.0,,,path_segment_026,SUPPORTED,,-1.5136680603027344,2.798370361328125,-1.624500654390971,3.5303156393566155,47.68184591060694,3.5121188853264016,-114.7098702956958,1.439757539336954,path_segment_004,SUPPORTED,,-1.5136680603027344,2.798370361328125,-1.624500654390971,3.5303156393566155,47.68184591060694,3.5121188853264016,,,path_segment_004,QA_REQUIRED,Projected path contains a large step relative to the median supported step.,QA_REQUIRED,Projected path contains a large step relative to the median supported step.
162,153,3240.0,VALID_TARGET,,4.0,187.34025955200195,402.52040100097656,198.18339157104492,402.52040100097656,SUPPORTED,230.2380952380952,390.0,98.8095238095238,98.09523809523809,262.85714285714283,583.8095238095239,SUPPORTED,translation_median_sparse_flow,-23.034149169921875,-0.4164581298828125,342.0,6.019159317016602,,,SUPPORTED,partial_affine_ransac_sparse_flow,-24.663920474276512,-2.0466877074635423,117.0,0.9858114781152377,1.0005390659079327,0.34210526315789475,-2.32275390625,5.18218994140625,20.711395263671875,5.5986480712890625,20.711395263671875,5.5986480712890625,-15.126517483990028,7.948659989116703,path_segment_026,SUPPORTED,,-2.32275390625,5.18218994140625,22.726802406713546,6.765926980681229,70.40864831732048,10.27804586600763,-16.57863415933001,8.785138594176516,path_segment_004,SUPPORTED,,-2.32275390625,5.18218994140625,22.726802406713546,6.765926980681229,70.40864831732048,10.27804586600763,,,path_segment_004,QA_REQUIRED,Projected path contains a large step relative to the median supported step.,QA_REQUIRED,Projected path contains a large step relative to the median supported step.
163,154,3260.0,VALID_TARGET,,4.0,196.91361618041992,409.90614318847656,194.51272583007812,406.38275146484375,SUPPORTED,224.76190476190476,389.28571428571433,94.76190476190476,96.9047619047619,260.0,584.7619047619048,SUPPORTED,translation_median_sparse_flow,-0.00140380859375,0.5524215698242188,350.0,0.14461277425289154,,,SUPPORTED,partial_affine_ransac_sparse_flow,-0.29843123985097864,0.5316389876523702,350.0,0.16417949034478965,1.0002629020164446,1.0,-3.670665740966797,3.8623504638671875,-3.669261932373047,3.3099288940429688,17.042133331298828,8.908576965332031,-137.9473478851585,1.830775885942984,path_segment_026,SUPPORTED,,-3.670665740966797,3.8623504638671875,-3.4865185184247878,3.255509314869755,66.9221297988957,13.533555180877386,-136.96241792869654,1.7672605238832766,path_segment_004,SUPPORTED,,-3.670665740966797,3.8623504638671875,-3.4865185184247878,3.255509314869755,66.9221297988957,13.533555180877386,,,path_segment_004,QA_REQUIRED,Projected path contains a large step relative to the median supported step.,QA_REQUIRED,Projected path contains a large step relative to the median supported step.
164,155,3280.0,VALID_TARGET,,4.0,200.47105407714844,407.56060791015625,187.34025955200195,406.38275146484375,SUPPORTED,219.28571428571428,388.5714285714286,90.71428571428571,95.71428571428571,257.1428571428571,585.7142857142858,SUPPORTED,translation_median_sparse_flow,-0.0003662109375,-0.577392578125,349.0,0.13165469467639923,,,SUPPORTED,partial_affine_ransac_sparse_flow,0.2913280864373792,-0.5269570557292536,348.0,0.1521322466146544,0.999700883811676,0.997134670487106,-7.172466278076172,0.0,-7.172100067138672,0.577392578125,9.870033264160156,9.485969543457031,-175.3973083995486,2.665749902165612,path_segment_026,SUPPORTED,,-7.172466278076172,0.0,-7.34511155562771,0.6195598484382003,59.577018243267986,14.153115029315586,-175.178516626655,2.7309148340760516,path_segment_004,SUPPORTED,,-7.172466278076172,0.0,-7.34511155562771,0.6195598484382003,59.577018243267986,14.153115029315586,,,path_segment_004,QA_REQUIRED,Projected path contains a large step relative to the median supported step.,QA_REQUIRED,Projected path contains a large step relative to the median supported step.
165,156,3300.0,VALID_TARGET,,4.0,172.94461059570312,406.38275146484375,175.4086456298828,406.38275146484375,SUPPORTED,209.57142857142856,391.8571428571429,82.42857142857142,102.57142857142857,254.28571428571428,578.5714285714287,SUPPORTED,translation_median_sparse_flow,-22.8974609375,-0.286163330078125,349.0,7.659133434295654,,,SUPPORTED,partial_affine_ransac_sparse_flow,-23.725727505504896,-0.8245845341322442,122.0,0.9851239783371273,0.9994950131382803,0.3495702005730659,-11.93161392211914,0.0,10.96584701538086,0.286163330078125,20.835880279541016,9.772132873535156,-1.4948440107840613,4.064061346190324,path_segment_026,SUPPORTED,,-11.93161392211914,0.0,12.109126322796982,0.9282679050550655,71.68614456606497,15.081382934370652,-4.3836371733169335,4.499408184248202,path_segment_004,SUPPORTED,,-11.93161392211914,0.0,12.109126322796982,0.9282679050550655,71.68614456606497,15.081382934370652,,,path_segment_004,QA_REQUIRED,Projected path contains a large step relative to the median supported step.,QA_REQUIRED,Projected path contains a large step relative to the median supported step.
166,157,3320.0,VALID_TARGET,,4.0,175.4086456298828,400.3360137939453,172.94461059570312,401.92723083496094,SUPPORTED,199.85714285714283,395.14285714285717,74.14285714285714,109.42857142857143,251.42857142857142,571.4285714285714,SUPPORTED,translation_median_sparse_flow,-0.0048828125,0.619476318359375,349.0,0.16586384177207947,,,SUPPORTED,partial_affine_ransac_sparse_flow,-0.3077150235741729,0.6227094771542642,349.0,0.19904490299887828,1.000236664425525,1.0,-2.4640350341796875,-4.4555206298828125,-2.4591522216796875,-5.0749969482421875,18.376728057861328,4.697135925292969,115.85307932516992,2.089317551848275,path_segment_026,SUPPORTED,,-2.4640350341796875,-4.4555206298828125,-2.266989610924867,-5.144549116340158,69.4191549551401,9.936833818030493,113.78109939198481,2.0828234329777517,path_segment_004,SUPPORTED,,-2.4640350341796875,-4.4555206298828125,-2.266989610924867,-5.144549116340158,69.4191549551401,9.936833818030493,,,path_segment_004,QA_REQUIRED,Projected path contains a large step relative to the median supported step.,QA_REQUIRED,Projected path contains a large step relative to the median supported step.
167,158,3340.0,VALID_TARGET,,4.0,141.01005935668945,401.6113586425781,147.7489776611328,401.92723083496094,SUPPORTED,190.14285714285717,398.42857142857144,65.85714285714286,116.28571428571428,248.57142857142858,564.2857142857143,SUPPORTED,translation_median_sparse_flow,-21.9708251953125,-0.741424560546875,349.0,5.909348011016846,,,SUPPORTED,partial_affine_ransac_sparse_flow,-21.365357337386204,-0.0623014458261406,135.0,0.8616306939347013,0.9979167158484369,0.3868194842406877,-25.195632934570312,0.0,-3.2248077392578125,0.741424560546875,15.151920318603516,5.438560485839844,-167.0519810235393,1.2259121942393192,path_segment_026,SUPPORTED,,-25.195632934570312,0.0,-3.5542104103619465,0.9358827054161338,65.86494454477815,10.872716523446627,-165.24793171304583,1.3616654037941371,path_segment_004,SUPPORTED,,-25.195632934570312,0.0,-3.5542104103619465,0.9358827054161338,65.86494454477815,10.872716523446627,,,path_segment_004,QA_REQUIRED,Projected path contains a large step relative to the median supported step.,QA_REQUIRED,Projected path contains a large step relative to the median supported step.
168,159,3360.0,VALID_TARGET,,4.0,147.48643493652344,395.78758239746094,146.1954231262207,400.9736862182617,SUPPORTED,180.42857142857144,401.71428571428567,57.57142857142857,123.14285714285714,245.71428571428572,557.1428571428571,SUPPORTED,translation_median_sparse_flow,-0.002166748046875,-0.7274322509765625,350.0,0.11111313104629517,,,SUPPORTED,partial_affine_ransac_sparse_flow,0.1896502081941481,-0.737782724545123,350.0,0.15779779351712225,0.999811991751449,1.0,-1.5535545349121094,-0.9535446166992188,-1.5513877868652344,-0.22611236572265625,13.600532531738281,5.2124481201171875,171.70761724982756,0.5808380760472794,path_segment_026,SUPPORTED,,-1.5535545349121094,-0.9535446166992188,-1.6298236787092435,-0.17165369762898308,64.23512086606891,10.701062825817644,173.9877497216956,0.6071643867804367,path_segment_004,SUPPORTED,,-1.5535545349121094,-0.9535446166992188,-1.6298236787092435,-0.17165369762898308,64.23512086606891,10.701062825817644,,,path_segment_004,QA_REQUIRED,Projected path contains a large step relative to the median supported step.,QA_REQUIRED,Projected path contains a large step relative to the median supported step.
169,160,3380.0,VALID_TARGET,,4.0,138.91837310791016,406.41217041015625,144.6418685913086,401.6113586425781,SUPPORTED,170.71428571428572,405.0,49.285714285714285,130.0,242.8571428571429,550.0,SUPPORTED,translation_median_sparse_flow,-20.569427490234375,-1.0956268310546875,344.0,6.451868057250977,,,SUPPORTED,partial_affine_ransac_sparse_flow,-20.460041631561655,-1.0272670829449178,119.0,0.8043538775693335,0.9986002435516568,0.34593023255813954,-1.5535545349121094,0.6376724243164062,19.015872955322266,1.7332992553710938,32.61640548706055,6.945747375488281,-5.208125822118442,7.074295464809511,path_segment_026,SUPPORTED,,-1.5535545349121094,0.6376724243164062,19.319353041995598,2.1503462082204123,83.55447390806451,12.851409034038056,-6.35118150866679,7.201724537306767,path_segment_004,SUPPORTED,,-1.5535545349121094,0.6376724243164062,19.319353041995598,2.1503462082204123,83.55447390806451,12.851409034038056,,,path_segment_004,QA_REQUIRED,Projected path contains a large step relative to the median supported step.,QA_REQUIRED,Projected path contains a large step relative to the median supported step.
